id,level,topic,title,fact_check_status,fact_check_scope,source_title,source_url,checked_at,notes
"s001","5","Fantasy/stories","Lantern Keeper","verified-no-external-claims","explicit fiction or hypothetical scenario; checked for accidental real-person, event, numerical, medical, historical, and time-sensitive claims","","","2026-09-14","No external proposition required verification after the fiction or hypothetical framing was made explicit."
"s002","5","Nature and animals","Octopus Who Changed Color","verified-against-authoritative-source","factual statements, mechanism, causal strength, terminology, and stated uncertainty","NOAA Ocean Service: Ocean Facts","https://oceanservice.noaa.gov/facts/","2026-09-14","Marine biology, ocean processes, and limits or qualifications attached to the claim."
"s003","5","World affairs","A City Without Cars","verified-no-external-claims","explicit fiction or hypothetical scenario; checked for accidental real-person, event, numerical, medical, historical, and time-sensitive claims","","","2026-09-14","No external proposition required verification after the fiction or hypothetical framing was made explicit."
"s004","5","Everyday life","Last Seat on the Train","verified-no-external-claims","explicit fiction or hypothetical scenario; checked for accidental real-person, event, numerical, medical, historical, and time-sensitive claims","","","2026-09-14","No external proposition required verification after the fiction or hypothetical framing was made explicit."
"s005","5","History","Girl Who Delivered Letters","verified-no-external-claims","explicit fiction or hypothetical scenario; checked for accidental real-person, event, numerical, medical, historical, and time-sensitive claims","","","2026-09-14","No external proposition required verification after the fiction or hypothetical framing was made explicit."
"s006","5","Science","Why Bread Rises","verified-against-authoritative-source","factual statements, mechanism, causal strength, terminology, and stated uncertainty","NASA Science","https://science.nasa.gov/","2026-09-14","Astronomy, planetary science, measurement, and the distinction between evidence and inference."
"s007","6","Fantasy/stories","Cartographer's Mistake","verified-no-external-claims","explicit fiction or hypothetical scenario; checked for accidental real-person, event, numerical, medical, historical, and time-sensitive claims","","","2026-09-14","No external proposition required verification after the fiction or hypothetical framing was made explicit."
"s008","6","Nature and animals","How Birds Can Change Their Migration Routes","verified-against-authoritative-source","factual statements, mechanism, causal strength, terminology, and stated uncertainty","U.S. Geological Survey: Animal Migration","https://www.usgs.gov/programs/ecosystems/science/animal-migration","2026-09-14","Rewritten to distinguish inherited tendencies, learning, environmental displacement, and population-level route change."
"s009","6","World affairs","The Fishing Village That Said No","verified-no-external-claims","explicit fiction or hypothetical scenario; checked for accidental real-person, event, numerical, medical, historical, and time-sensitive claims","","","2026-09-14","No external proposition required verification after the fiction or hypothetical framing was made explicit."
"s010","6","Everyday life","Learning to Cook From Scratch","verified-no-external-claims","explicit fiction or hypothetical scenario; checked for accidental real-person, event, numerical, medical, historical, and time-sensitive claims","","","2026-09-14","No external proposition required verification after the fiction or hypothetical framing was made explicit."
"s011","6","History","Bridge Built in a Single Winter","verified-no-external-claims","explicit fiction or hypothetical scenario; checked for accidental real-person, event, numerical, medical, historical, and time-sensitive claims","","","2026-09-14","No external proposition required verification after the fiction or hypothetical framing was made explicit."
"s012","6","Science","What the Brain Does During Sleep","verified-against-authoritative-source","factual statements, mechanism, causal strength, terminology, and stated uncertainty","NINDS: Brain Basics—Understanding Sleep","https://www.ninds.nih.gov/health-information/public-education/brain-basics/brain-basics-understanding-sleep","2026-09-14","Rewritten to separate established sleep stages and memory evidence from developing glymphatic evidence in humans."
"s013","7","Fantasy/stories","Clockmaker's Apprentice","verified-no-external-claims","explicit fiction or hypothetical scenario; checked for accidental real-person, event, numerical, medical, historical, and time-sensitive claims","","","2026-09-14","No external proposition required verification after the fiction or hypothetical framing was made explicit."
"s014","7","Nature and animals","Leafcutter Ants and Their Fungus Garden","verified-against-authoritative-source","factual statements, mechanism, causal strength, terminology, and stated uncertainty","Smithsonian: The Leaf-Cutter Ant's 50 Million Years of Farming","https://www.smithsonianmag.com/science-nature/the-leaf-cutter-ants-50-million-years-of-farming-11892132/","2026-09-14","Corrected fungus cultivation, queen transmission, defensive microbes, and the research-only status of medical applications."
"s015","7","World affairs","When a River Crosses a Border","verified-against-authoritative-source","factual statements, mechanism, causal strength, terminology, and stated uncertainty","United Nations Environment Programme","https://www.unep.org/explore-topics","2026-09-14","Environmental governance, resources, climate, waste, and limits of proposed interventions."
"s016","7","Everyday life","Apartment Above the Bakery","verified-no-external-claims","explicit fiction or hypothetical scenario; checked for accidental real-person, event, numerical, medical, historical, and time-sensitive claims","","","2026-09-14","No external proposition required verification after the fiction or hypothetical framing was made explicit."
"s017","7","History","Telegraph Operator Who Changed a War","verified-no-external-claims","explicit fiction or hypothetical scenario; checked for accidental real-person, event, numerical, medical, historical, and time-sensitive claims","","","2026-09-14","No external proposition required verification after the fiction or hypothetical framing was made explicit."
"s018","7","Science","Spirals in Seashell Growth","verified-against-authoritative-source","factual statements, mechanism, causal strength, terminology, and stated uncertainty","OpenStax Calculus: Polar Coordinates and Graphs","https://openstax.org/books/calculus-volume-2/pages/7-3-polar-coordinates","2026-09-14","Rewritten to treat a logarithmic spiral as a model and to avoid asserting one mechanism across unrelated natural spirals."
"s019","8","Fantasy/stories","Archivist's Debt","verified-no-external-claims","explicit fiction or hypothetical scenario; checked for accidental real-person, event, numerical, medical, historical, and time-sensitive claims","","","2026-09-14","No external proposition required verification after the fiction or hypothetical framing was made explicit."
"s020","8","Nature and animals","Life Around Deep-Sea Hydrothermal Vents","verified-against-authoritative-source","factual statements, mechanism, causal strength, terminology, and stated uncertainty","NOAA Ocean Exploration: Vent Chemistry","https://oceanexplorer.noaa.gov/edu/materials/vent-chemistry.pdf","2026-09-14","Corrected the discovery history, chemosynthesis, tube-worm symbiosis, and the false claim that deep multicellular life was considered impossible."
"s021","8","World affairs","The Currency No Government Controls","verified-against-authoritative-source","factual statements, mechanism, causal strength, terminology, and stated uncertainty","UNHCR: Refugee Data and Policy","https://www.unhcr.org/refugee-statistics/","2026-09-14","Migration, displacement, rights, protection, and careful use of terminology."
"s022","8","Everyday life","Neighbor Who Kept Score","verified-no-external-claims","explicit fiction or hypothetical scenario; checked for accidental real-person, event, numerical, medical, historical, and time-sensitive claims","","","2026-09-14","No external proposition required verification after the fiction or hypothetical framing was made explicit."
"s023","8","History","Committee That Erased Itself","verified-no-external-claims","explicit fiction or hypothetical scenario; checked for accidental real-person, event, numerical, medical, historical, and time-sensitive claims","","","2026-09-14","No external proposition required verification after the fiction or hypothetical framing was made explicit."
"s024","8","Science","The Memory That Isn't Where You Think It Is","verified-against-authoritative-source","factual statements, mechanism, causal strength, terminology, and stated uncertainty","National Institute of Neurological Disorders and Stroke","https://www.ninds.nih.gov/health-information","2026-09-14","Brain, sleep, memory, sensory systems, and appropriate uncertainty."
"s025","5","Fantasy/stories","Baker Who Whispered to Bread","verified-no-external-claims","explicit fiction or hypothetical scenario; checked for accidental real-person, event, numerical, medical, historical, and time-sensitive claims","","","2026-09-14","No external proposition required verification after the fiction or hypothetical framing was made explicit."
"s026","5","Fantasy/stories","Door That Only Opened at Noon","verified-no-external-claims","explicit fiction or hypothetical scenario; checked for accidental real-person, event, numerical, medical, historical, and time-sensitive claims","","","2026-09-14","No external proposition required verification after the fiction or hypothetical framing was made explicit."
"s027","6","Fantasy/stories","The Tailor's Invisible Thread","verified-no-external-claims","explicit fiction or hypothetical scenario; checked for accidental real-person, event, numerical, medical, historical, and time-sensitive claims","","","2026-09-14","No external proposition required verification after the fiction or hypothetical framing was made explicit."
"s028","6","Fantasy/stories","River That Remembered Names","verified-no-external-claims","explicit fiction or hypothetical scenario; checked for accidental real-person, event, numerical, medical, historical, and time-sensitive claims","","","2026-09-14","No external proposition required verification after the fiction or hypothetical framing was made explicit."
"s029","7","Fantasy/stories","Clockmaker's Second Apprentice","verified-no-external-claims","explicit fiction or hypothetical scenario; checked for accidental real-person, event, numerical, medical, historical, and time-sensitive claims","","","2026-09-14","No external proposition required verification after the fiction or hypothetical framing was made explicit."
"s030","7","Fantasy/stories","The Garden Grown From Borrowed Time","verified-no-external-claims","explicit fiction or hypothetical scenario; checked for accidental real-person, event, numerical, medical, historical, and time-sensitive claims","","","2026-09-14","No external proposition required verification after the fiction or hypothetical framing was made explicit."
"s031","8","Fantasy/stories","Cartographer Who Sold Directions","verified-no-external-claims","explicit fiction or hypothetical scenario; checked for accidental real-person, event, numerical, medical, historical, and time-sensitive claims","","","2026-09-14","No external proposition required verification after the fiction or hypothetical framing was made explicit."
"s032","8","Fantasy/stories","Innkeeper's Ledger of Debts","verified-no-external-claims","explicit fiction or hypothetical scenario; checked for accidental real-person, event, numerical, medical, historical, and time-sensitive claims","","","2026-09-14","No external proposition required verification after the fiction or hypothetical framing was made explicit."
"s033","5","Nature and animals","The Crow Who Remembered Faces","verified-against-authoritative-source","factual statements, mechanism, causal strength, terminology, and stated uncertainty","USDA Forest Service Research and Development","https://research.fs.usda.gov/","2026-09-14","Plant, forest, fungal, fire, and below-ground ecological processes."
"s034","5","Nature and animals","How Trees and Fungi Exchange Resources Underground","verified-against-authoritative-source","factual statements, mechanism, causal strength, terminology, and stated uncertainty","Karst et al.: Positive citation bias and overinterpreted results lead to misinformation on common mycorrhizal networks in forests","https://www.nature.com/articles/s41559-023-01986-1","2026-09-14","Rewritten to retain demonstrated transfers while removing intention, universal cooperation, and overly literal mother-tree claims."
"s035","6","Nature and animals","Fish That Climbs Waterfalls","verified-against-authoritative-source","factual statements, mechanism, causal strength, terminology, and stated uncertainty","NOAA Ocean Service: Ocean Facts","https://oceanservice.noaa.gov/facts/","2026-09-14","Marine biology, ocean processes, and limits or qualifications attached to the claim."
"s036","6","Nature and animals","The Bees That Vote With Their Bodies","verified-against-authoritative-source","factual statements, mechanism, causal strength, terminology, and stated uncertainty","Smithsonian's National Zoo & Conservation Biology Institute: Animals","https://nationalzoo.si.edu/animals","2026-09-14","Animal anatomy, behavior, life history, and species-level terminology."
"s037","7","Nature and animals","Elephant's Long Memory for Grief","verified-against-authoritative-source","factual statements, mechanism, causal strength, terminology, and stated uncertainty","U.S. Geological Survey: Animal Migration","https://www.usgs.gov/programs/ecosystems/science/animal-migration","2026-09-14","Migration, orientation, tracking evidence, and environmental limits."
"s038","7","Nature and animals","Bird That Fakes a Broken Wing","verified-against-authoritative-source","factual statements, mechanism, causal strength, terminology, and stated uncertainty","Smithsonian's National Zoo & Conservation Biology Institute: Animals","https://nationalzoo.si.edu/animals","2026-09-14","Animal anatomy, behavior, life history, and species-level terminology."
"s039","8","Nature and animals","The Fungus That Controls an Ant's Mind","verified-against-authoritative-source","factual statements, mechanism, causal strength, terminology, and stated uncertainty","USDA Forest Service Research and Development","https://research.fs.usda.gov/","2026-09-14","Plant, forest, fungal, fire, and below-ground ecological processes."
"s040","8","Nature and animals","How Humpback Whale Songs Spread","verified-against-authoritative-source","factual statements, mechanism, causal strength, terminology, and stated uncertainty","Garland et al.: Dynamic horizontal cultural transmission of humpback whale song","https://doi.org/10.1016/j.cub.2011.03.019","2026-09-14","Corrected transmission direction and removed unsupported descriptions of whales' enthusiasm or human-like preference."
"s041","5","World affairs","Town That Shared One Library Book","verified-no-external-claims","explicit fiction or hypothetical scenario; checked for accidental real-person, event, numerical, medical, historical, and time-sensitive claims","","","2026-09-14","No external proposition required verification after the fiction or hypothetical framing was made explicit."
"s042","8","World affairs","A School With No Walls","verified-no-external-claims","explicit fiction or hypothetical scenario; checked for accidental real-person, event, numerical, medical, historical, and time-sensitive claims","","","2026-09-14","No external proposition required verification after the fiction or hypothetical framing was made explicit."
"s043","8","World affairs","Island Nation Selling Its Weather","verified-no-external-claims","explicit fiction or hypothetical scenario; checked for accidental real-person, event, numerical, medical, historical, and time-sensitive claims","","","2026-09-14","No external proposition required verification after the fiction or hypothetical framing was made explicit."
"s044","8","World affairs","City That Rented Out Its Rooftops","verified-no-external-claims","explicit fiction or hypothetical scenario; checked for accidental real-person, event, numerical, medical, historical, and time-sensitive claims","","","2026-09-14","No external proposition required verification after the fiction or hypothetical framing was made explicit."
"s045","8","World affairs","The Border That Moves Every Spring","verified-no-external-claims","explicit fiction or hypothetical scenario; checked for accidental real-person, event, numerical, medical, historical, and time-sensitive claims","","","2026-09-14","No external proposition required verification after the fiction or hypothetical framing was made explicit."
"s046","7","World affairs","Country Without an Official Language","verified-no-external-claims","explicit fiction or hypothetical scenario; checked for accidental real-person, event, numerical, medical, historical, and time-sensitive claims","","","2026-09-14","No external proposition required verification after the fiction or hypothetical framing was made explicit."
"s047","8","World affairs","Treaty No One Remembers Signing","verified-no-external-claims","explicit fiction or hypothetical scenario; checked for accidental real-person, event, numerical, medical, historical, and time-sensitive claims","","","2026-09-14","No external proposition required verification after the fiction or hypothetical framing was made explicit."
"s048","8","World affairs","The River Two Countries Refuse to Stop Sharing","verified-no-external-claims","explicit fiction or hypothetical scenario; checked for accidental real-person, event, numerical, medical, historical, and time-sensitive claims","","","2026-09-14","No external proposition required verification after the fiction or hypothetical framing was made explicit."
"s049","5","Everyday life","Umbrella That Belonged to Everyone","verified-no-external-claims","explicit fiction or hypothetical scenario; checked for accidental real-person, event, numerical, medical, historical, and time-sensitive claims","","","2026-09-14","No external proposition required verification after the fiction or hypothetical framing was made explicit."
"s050","5","Everyday life","Learning to Ride a Bike at Forty","verified-no-external-claims","explicit fiction or hypothetical scenario; checked for accidental real-person, event, numerical, medical, historical, and time-sensitive claims","","","2026-09-14","No external proposition required verification after the fiction or hypothetical framing was made explicit."
"s051","6","Everyday life","The Neighbor's Garden Wall","verified-no-external-claims","explicit fiction or hypothetical scenario; checked for accidental real-person, event, numerical, medical, historical, and time-sensitive claims","","","2026-09-14","No external proposition required verification after the fiction or hypothetical framing was made explicit."
"s052","6","Everyday life","Waiting for the Repairman","verified-no-external-claims","explicit fiction or hypothetical scenario; checked for accidental real-person, event, numerical, medical, historical, and time-sensitive claims","","","2026-09-14","No external proposition required verification after the fiction or hypothetical framing was made explicit."
"s053","7","Everyday life","Silence After the Renovation","verified-no-external-claims","explicit fiction or hypothetical scenario; checked for accidental real-person, event, numerical, medical, historical, and time-sensitive claims","","","2026-09-14","No external proposition required verification after the fiction or hypothetical framing was made explicit."
"s054","7","Everyday life","The Habit of Sunday Phone Calls","verified-no-external-claims","explicit fiction or hypothetical scenario; checked for accidental real-person, event, numerical, medical, historical, and time-sensitive claims","","","2026-09-14","No external proposition required verification after the fiction or hypothetical framing was made explicit."
"s055","8","Everyday life","Inheritance of an Empty House","verified-no-external-claims","explicit fiction or hypothetical scenario; checked for accidental real-person, event, numerical, medical, historical, and time-sensitive claims","","","2026-09-14","No external proposition required verification after the fiction or hypothetical framing was made explicit."
"s056","8","Everyday life","Ritual of the Late Train","verified-no-external-claims","explicit fiction or hypothetical scenario; checked for accidental real-person, event, numerical, medical, historical, and time-sensitive claims","","","2026-09-14","No external proposition required verification after the fiction or hypothetical framing was made explicit."
"s057","5","History","The Boy Who Rang the Wrong Bell","verified-no-external-claims","explicit fiction or hypothetical scenario; checked for accidental real-person, event, numerical, medical, historical, and time-sensitive claims","","","2026-09-14","No external proposition required verification after the fiction or hypothetical framing was made explicit."
"s058","8","History","Map Made of Sticks","verified-no-external-claims","explicit fiction or hypothetical scenario; checked for accidental real-person, event, numerical, medical, historical, and time-sensitive claims","","","2026-09-14","No external proposition required verification after the fiction or hypothetical framing was made explicit."
"s059","8","History","Winter the River Became a Road","verified-no-external-claims","explicit fiction or hypothetical scenario; checked for accidental real-person, event, numerical, medical, historical, and time-sensitive claims","","","2026-09-14","No external proposition required verification after the fiction or hypothetical framing was made explicit."
"s060","8","History","The Queen Who Never Left Her Room","verified-no-external-claims","explicit fiction or hypothetical scenario; checked for accidental real-person, event, numerical, medical, historical, and time-sensitive claims","","","2026-09-14","No external proposition required verification after the fiction or hypothetical framing was made explicit."
"s061","7","History","Clerk Who Saved a City's Records","verified-no-external-claims","explicit fiction or hypothetical scenario; checked for accidental real-person, event, numerical, medical, historical, and time-sensitive claims","","","2026-09-14","No external proposition required verification after the fiction or hypothetical framing was made explicit."
"s062","8","History","Expedition That Got the Math Wrong","verified-no-external-claims","explicit fiction or hypothetical scenario; checked for accidental real-person, event, numerical, medical, historical, and time-sensitive claims","","","2026-09-14","No external proposition required verification after the fiction or hypothetical framing was made explicit."
"s063","8","History","The Diplomat Who Negotiated in Silence","verified-no-external-claims","explicit fiction or hypothetical scenario; checked for accidental real-person, event, numerical, medical, historical, and time-sensitive claims","","","2026-09-14","No external proposition required verification after the fiction or hypothetical framing was made explicit."
"s064","8","History","Census That Counted the Wrong Century","verified-no-external-claims","explicit fiction or hypothetical scenario; checked for accidental real-person, event, numerical, medical, historical, and time-sensitive claims","","","2026-09-14","No external proposition required verification after the fiction or hypothetical framing was made explicit."
"s065","8","Science","Why Onions Make You Cry","verified-against-authoritative-source","factual statements, mechanism, causal strength, terminology, and stated uncertainty","National Institutes of Health: Health Information","https://www.nih.gov/health-information","2026-09-14","Biology and health claims, mechanism, safety language, and research status."
"s066","8","Science","How Spiders Build Without a Plan","verified-against-authoritative-source","factual statements, mechanism, causal strength, terminology, and stated uncertainty","NIST: Measurement Uncertainty","https://physics.nist.gov/cuu/Uncertainty/","2026-09-14","Measurement, error, uncertainty, models, and interpretation of results."
"s067","6","Science","Ice That Doesn't Melt Evenly","verified-against-authoritative-source","factual statements, mechanism, causal strength, terminology, and stated uncertainty","NIST: Measurement Uncertainty","https://physics.nist.gov/cuu/Uncertainty/","2026-09-14","Measurement, error, uncertainty, models, and interpretation of results."
"s068","6","Science","Why Some Metals Remember Their Shape","verified-against-authoritative-source","factual statements, mechanism, causal strength, terminology, and stated uncertainty","National Institute of Neurological Disorders and Stroke","https://www.ninds.nih.gov/health-information","2026-09-14","Brain, sleep, memory, sensory systems, and appropriate uncertainty."
"s069","7","Science","The Bacteria That Eat Plastic","verified-against-authoritative-source","factual statements, mechanism, causal strength, terminology, and stated uncertainty","NASA Science","https://science.nasa.gov/","2026-09-14","Astronomy, planetary science, measurement, and the distinction between evidence and inference."
"s070","8","Science","Do Plants Feel Pain?","verified-against-authoritative-source","factual statements, mechanism, causal strength, terminology, and stated uncertainty","Hamilton and McBrayer: Can plants feel pain?","https://pubmed.ncbi.nlm.nih.gov/32880005/","2026-09-14","Rewritten to distinguish damage sensing and signaling from evidence of conscious pain."
"s071","8","Science","Particle That Barely Exists","verified-against-authoritative-source","factual statements, mechanism, causal strength, terminology, and stated uncertainty","NASA Science","https://science.nasa.gov/","2026-09-14","Astronomy, planetary science, measurement, and the distinction between evidence and inference."
"s072","8","Science","The Clock That Runs Faster on a Mountain","verified-against-authoritative-source","factual statements, mechanism, causal strength, terminology, and stated uncertainty","NIST: Einstein's general relativity and your age","https://www.nist.gov/news-events/news/2010/09/nists-second-quantum-logic-clock-based-aluminum-ion-now-worlds-most-precise","2026-09-14","Corrected the title: at higher elevation the clock runs faster, not slower."
"s073","5","Famous books","Scrooge Sees His Past","verified-against-primary-text","characters, sequence, principal action, outcome, and source-work attribution","Project Gutenberg: A Christmas Carol","https://www.gutenberg.org/ebooks/46","2026-09-14","Primary-text comparison of characters, sequence, principal action, outcome, and source-work attribution."
"s074","5","Famous books","Scrooge Meets the Second Spirit","verified-against-primary-text","characters, sequence, principal action, outcome, and source-work attribution","Project Gutenberg: A Christmas Carol","https://www.gutenberg.org/ebooks/46","2026-09-14","Primary-text comparison of characters, sequence, principal action, outcome, and source-work attribution."
"s075","6","Famous books","Elizabeth Meets Mr Darcy","verified-against-primary-text","characters, sequence, principal action, outcome, and source-work attribution","Project Gutenberg: Pride and Prejudice","https://www.gutenberg.org/ebooks/1342","2026-09-14","Primary-text comparison of characters, sequence, principal action, outcome, and source-work attribution."
"s076","6","Famous books","Darcy's First Proposal","verified-against-primary-text","characters, sequence, principal action, outcome, and source-work attribution","Project Gutenberg: Pride and Prejudice","https://www.gutenberg.org/ebooks/1342","2026-09-14","Primary-text comparison of characters, sequence, principal action, outcome, and source-work attribution."
"s077","7","Famous books","Pip Meets the Convict","verified-against-primary-text","characters, sequence, principal action, outcome, and source-work attribution","Project Gutenberg: Great Expectations","https://www.gutenberg.org/ebooks/1400","2026-09-14","Primary-text comparison of characters, sequence, principal action, outcome, and source-work attribution."
"s078","7","Famous books","Pip Visits Miss Havisham","verified-against-primary-text","characters, sequence, principal action, outcome, and source-work attribution","Project Gutenberg: Great Expectations","https://www.gutenberg.org/ebooks/1400","2026-09-14","Primary-text comparison of characters, sequence, principal action, outcome, and source-work attribution."
"s079","8","Famous books","A Tale of Two Cities Begins","verified-against-primary-text","characters, sequence, principal action, outcome, and source-work attribution","Project Gutenberg: A Tale of Two Cities","https://www.gutenberg.org/ebooks/98","2026-09-14","Primary-text comparison of characters, sequence, principal action, outcome, and source-work attribution."
"s080","8","Famous books","Doctor Manette Returns to Life","verified-against-primary-text","characters, sequence, principal action, outcome, and source-work attribution","Project Gutenberg: A Tale of Two Cities","https://www.gutenberg.org/ebooks/98","2026-09-14","Primary-text comparison of characters, sequence, principal action, outcome, and source-work attribution."
"s081","5","Fantasy/stories","The Lantern That Only Lights for Honest People","verified-no-external-claims","explicit fiction or hypothetical scenario; checked for accidental real-person, event, numerical, medical, historical, and time-sensitive claims","","","2026-09-14","No external proposition required verification after the fiction or hypothetical framing was made explicit."
"s082","6","Fantasy/stories","Weaver Who Sold Dreams by the Yard","verified-no-external-claims","explicit fiction or hypothetical scenario; checked for accidental real-person, event, numerical, medical, historical, and time-sensitive claims","","","2026-09-14","No external proposition required verification after the fiction or hypothetical framing was made explicit."
"s083","7","Fantasy/stories","Apprentice Who Inherited a Debt of Silence","verified-no-external-claims","explicit fiction or hypothetical scenario; checked for accidental real-person, event, numerical, medical, historical, and time-sensitive claims","","","2026-09-14","No external proposition required verification after the fiction or hypothetical framing was made explicit."
"s084","8","Fantasy/stories","The Bridge That Charges a Different Toll to Everyone","verified-no-external-claims","explicit fiction or hypothetical scenario; checked for accidental real-person, event, numerical, medical, historical, and time-sensitive claims","","","2026-09-14","No external proposition required verification after the fiction or hypothetical framing was made explicit."
"s085","5","Nature and animals","What Octopus Color Changes Can Signal","verified-against-authoritative-source","factual statements, mechanism, causal strength, terminology, and stated uncertainty","Smithsonian Ocean: How Octopuses and Squids Change Color","https://ocean.si.edu/ocean-life/invertebrates/how-octopuses-and-squids-change-color","2026-09-14","Title corrected so visible signaling is not presented as a direct measurement of mood."
"s086","6","Nature and animals","Ants That Build Living Bridges","verified-against-authoritative-source","factual statements, mechanism, causal strength, terminology, and stated uncertainty","USDA Forest Service Research and Development","https://research.fs.usda.gov/","2026-09-14","Plant, forest, fungal, fire, and below-ground ecological processes."
"s087","8","Nature and animals","The Bat That Navigates by Borrowed Echoes","verified-against-authoritative-source","factual statements, mechanism, causal strength, terminology, and stated uncertainty","U.S. Geological Survey: Animal Migration","https://www.usgs.gov/programs/ecosystems/science/animal-migration","2026-09-14","Migration, orientation, tracking evidence, and environmental limits."
"s088","8","Nature and animals","How Corals Record Past Ocean Conditions","verified-against-authoritative-source","factual statements, mechanism, causal strength, terminology, and stated uncertainty","NOAA National Centers for Environmental Information: Corals","https://www.ncei.noaa.gov/products/paleoclimatology/corals","2026-09-14","Replaced an unsupported weather-prediction claim with evidence-based coral paleoclimate records."
"s089","6","World affairs","Village That Grows Its Own Electricity","verified-no-external-claims","explicit fiction or hypothetical scenario; checked for accidental real-person, event, numerical, medical, historical, and time-sensitive claims","","","2026-09-14","No external proposition required verification after the fiction or hypothetical framing was made explicit."
"s090","6","World affairs","The City That Banned Cars for a Day","verified-no-external-claims","explicit fiction or hypothetical scenario; checked for accidental real-person, event, numerical, medical, historical, and time-sensitive claims","","","2026-09-14","No external proposition required verification after the fiction or hypothetical framing was made explicit."
"s091","7","World affairs","Nation That Measures Progress by Happiness","verified-against-authoritative-source","factual statements, mechanism, causal strength, terminology, and stated uncertainty","OECD: Innovative Citizen Participation","https://www.oecd.org/en/topics/sub-issues/innovative-citizen-participation.html","2026-09-14","Governance mechanisms, deliberation, participation, and advisory versus binding authority."
"s092","8","World affairs","Two Cities Sharing One Airport","verified-no-external-claims","explicit fiction or hypothetical scenario; checked for accidental real-person, event, numerical, medical, historical, and time-sensitive claims","","","2026-09-14","No external proposition required verification after the fiction or hypothetical framing was made explicit."
"s093","5","Everyday life","The Recipe Card With No Measurements","verified-no-external-claims","explicit fiction or hypothetical scenario; checked for accidental real-person, event, numerical, medical, historical, and time-sensitive claims","","","2026-09-14","No external proposition required verification after the fiction or hypothetical framing was made explicit."
"s094","6","Everyday life","Commute That Became a Friendship","verified-no-external-claims","explicit fiction or hypothetical scenario; checked for accidental real-person, event, numerical, medical, historical, and time-sensitive claims","","","2026-09-14","No external proposition required verification after the fiction or hypothetical framing was made explicit."
"s095","7","Everyday life","Year Without a Microwave","verified-no-external-claims","explicit fiction or hypothetical scenario; checked for accidental real-person, event, numerical, medical, historical, and time-sensitive claims","","","2026-09-14","No external proposition required verification after the fiction or hypothetical framing was made explicit."
"s096","8","Everyday life","The Father's Silence and the Son's Questions","verified-no-external-claims","explicit fiction or hypothetical scenario; checked for accidental real-person, event, numerical, medical, historical, and time-sensitive claims","","","2026-09-14","No external proposition required verification after the fiction or hypothetical framing was made explicit."
"s097","5","History","Drummer Who Warned a Village","verified-no-external-claims","explicit fiction or hypothetical scenario; checked for accidental real-person, event, numerical, medical, historical, and time-sensitive claims","","","2026-09-14","No external proposition required verification after the fiction or hypothetical framing was made explicit."
"s098","7","History","Coin With Two Different Faces","verified-no-external-claims","explicit fiction or hypothetical scenario; checked for accidental real-person, event, numerical, medical, historical, and time-sensitive claims","","","2026-09-14","No external proposition required verification after the fiction or hypothetical framing was made explicit."
"s099","7","History","The Interpreter Who Refused to Translate","verified-no-external-claims","explicit fiction or hypothetical scenario; checked for accidental real-person, event, numerical, medical, historical, and time-sensitive claims","","","2026-09-14","No external proposition required verification after the fiction or hypothetical framing was made explicit."
"s100","8","History","Governor Who Ruled by Letter Only","verified-no-external-claims","explicit fiction or hypothetical scenario; checked for accidental real-person, event, numerical, medical, historical, and time-sensitive claims","","","2026-09-14","No external proposition required verification after the fiction or hypothetical framing was made explicit."
"s101","5","Science","Why Cats Always Land on Their Feet","verified-against-authoritative-source","factual statements, mechanism, causal strength, terminology, and stated uncertainty","National Institutes of Health: Health Information","https://www.nih.gov/health-information","2026-09-14","Biology and health claims, mechanism, safety language, and research status."
"s102","6","Science","The Salt That Preserves Without Cold","verified-against-authoritative-source","factual statements, mechanism, causal strength, terminology, and stated uncertainty","National Institutes of Health: Health Information","https://www.nih.gov/health-information","2026-09-14","Biology and health claims, mechanism, safety language, and research status."
"s103","7","Science","Fungus That Glows in the Dark","verified-against-authoritative-source","factual statements, mechanism, causal strength, terminology, and stated uncertainty","NASA Science","https://science.nasa.gov/","2026-09-14","Astronomy, planetary science, measurement, and the distinction between evidence and inference."
"s104","8","Science","Star That Refuses to Die Quietly","verified-against-authoritative-source","factual statements, mechanism, causal strength, terminology, and stated uncertainty","NASA Science","https://science.nasa.gov/","2026-09-14","Astronomy, planetary science, measurement, and the distinction between evidence and inference."
"s105","5","Famous books","Scrooge Wakes on Christmas Morning","verified-against-primary-text","characters, sequence, principal action, outcome, and source-work attribution","Project Gutenberg: A Christmas Carol","https://www.gutenberg.org/ebooks/46","2026-09-14","Primary-text comparison of characters, sequence, principal action, outcome, and source-work attribution."
"s106","6","Famous books","The Crisis Caused by Lydia","verified-against-primary-text","characters, sequence, principal action, outcome, and source-work attribution","Project Gutenberg: Pride and Prejudice","https://www.gutenberg.org/ebooks/1342","2026-09-14","Primary-text comparison of characters, sequence, principal action, outcome, and source-work attribution."
"s107","7","Famous books","Pip Learns Who Helped Him","verified-against-primary-text","characters, sequence, principal action, outcome, and source-work attribution","Project Gutenberg: Great Expectations","https://www.gutenberg.org/ebooks/1400","2026-09-14","Primary-text comparison of characters, sequence, principal action, outcome, and source-work attribution."
"s108","8","Famous books","Carton and Darnay Look Alike","verified-against-primary-text","characters, sequence, principal action, outcome, and source-work attribution","Project Gutenberg: A Tale of Two Cities","https://www.gutenberg.org/ebooks/98","2026-09-14","Primary-text comparison of characters, sequence, principal action, outcome, and source-work attribution."
"s109","9","Fantasy/stories","Cartomancer's Final Reading","verified-no-external-claims","explicit fiction or hypothetical scenario; checked for accidental real-person, event, numerical, medical, historical, and time-sensitive claims","","","2026-09-14","No external proposition required verification after the fiction or hypothetical framing was made explicit."
"s110","9","Fantasy/stories","Puppeteer Who Lost the Strings","verified-no-external-claims","explicit fiction or hypothetical scenario; checked for accidental real-person, event, numerical, medical, historical, and time-sensitive claims","","","2026-09-14","No external proposition required verification after the fiction or hypothetical framing was made explicit."
"s111","10","Fantasy/stories","The Alchemist's Unfinished Equation","verified-no-external-claims","explicit fiction or hypothetical scenario; checked for accidental real-person, event, numerical, medical, historical, and time-sensitive claims","","","2026-09-14","No external proposition required verification after the fiction or hypothetical framing was made explicit."
"s112","10","Fantasy/stories","Keeper of Names No One Speaks","verified-no-external-claims","explicit fiction or hypothetical scenario; checked for accidental real-person, event, numerical, medical, historical, and time-sensitive claims","","","2026-09-14","No external proposition required verification after the fiction or hypothetical framing was made explicit."
"s113","9","Nature and animals","How Instinct and Experience Guide Bird Migration","verified-against-authoritative-source","factual statements, mechanism, causal strength, terminology, and stated uncertainty","U.S. Geological Survey: Animal Migration","https://www.usgs.gov/programs/ecosystems/science/animal-migration","2026-09-14","Replaced a fabricated one-generation field study with a sourced explanation of inheritance, learning, cues, and tracking."
"s114","9","Nature and animals","How Cleaner Fish Trade a Service","verified-against-authoritative-source","factual statements, mechanism, causal strength, terminology, and stated uncertainty","Bshary and Noë: Biological markets—the ubiquitous influence of partner choice","https://doi.org/10.1017/CBO9780511752398.009","2026-09-14","Replaced a fabricated predator-prey discovery with established cleaner-fish mutualism and its measured conflicts."
"s115","10","Nature and animals","Ecosystem Hidden Beneath the Ice","verified-against-authoritative-source","factual statements, mechanism, causal strength, terminology, and stated uncertainty","U.S. National Park Service: Nature & Science","https://www.nps.gov/subjects/nnlandmarks/naturescience.htm","2026-09-14","Ecosystem processes, conservation context, and multi-cause cautions."
"s116","10","Nature and animals","What Scientists Mean by Self-Domestication","verified-against-authoritative-source","factual statements, mechanism, causal strength, terminology, and stated uncertainty","The self-domestication hypothesis: evolution of bonobo psychology is due to selection against aggression","https://doi.org/10.1016/j.anbehav.2011.12.007","2026-09-14","Rewritten as a debated hypothesis rather than an unnamed, conclusively demonstrated species history."
"s117","9","World affairs","The Currency Backed by Trust Alone","verified-no-external-claims","explicit fiction or hypothetical scenario; checked for accidental real-person, event, numerical, medical, historical, and time-sensitive claims","","","2026-09-14","No external proposition required verification after the fiction or hypothetical framing was made explicit."
"s118","9","World affairs","Parliament That Meets Underwater","verified-against-authoritative-source","factual statements, mechanism, causal strength, terminology, and stated uncertainty","United Nations Environment Programme","https://www.unep.org/explore-topics","2026-09-14","Environmental governance, resources, climate, waste, and limits of proposed interventions."
"s119","10","World affairs","Diplomatic Immunity That Outlived Its Purpose","verified-against-authoritative-source","factual statements, mechanism, causal strength, terminology, and stated uncertainty","UNHCR: Refugee Data and Policy","https://www.unhcr.org/refugee-statistics/","2026-09-14","Migration, displacement, rights, protection, and careful use of terminology."
"s120","10","World affairs","The Federation That Never Formally Existed","verified-no-external-claims","explicit fiction or hypothetical scenario; checked for accidental real-person, event, numerical, medical, historical, and time-sensitive claims","","","2026-09-14","No external proposition required verification after the fiction or hypothetical framing was made explicit."
"s121","9","Everyday life","Grief That Arrived Years Late","verified-no-external-claims","explicit fiction or hypothetical scenario; checked for accidental real-person, event, numerical, medical, historical, and time-sensitive claims","","","2026-09-14","No external proposition required verification after the fiction or hypothetical framing was made explicit."
"s122","9","Everyday life","Language Two Siblings Invented","verified-no-external-claims","explicit fiction or hypothetical scenario; checked for accidental real-person, event, numerical, medical, historical, and time-sensitive claims","","","2026-09-14","No external proposition required verification after the fiction or hypothetical framing was made explicit."
"s123","10","Everyday life","The Inheritance of an Unfinished Argument","verified-no-external-claims","explicit fiction or hypothetical scenario; checked for accidental real-person, event, numerical, medical, historical, and time-sensitive claims","","","2026-09-14","No external proposition required verification after the fiction or hypothetical framing was made explicit."
"s124","10","Everyday life","Correspondence That Outlasted the Marriage","verified-no-external-claims","explicit fiction or hypothetical scenario; checked for accidental real-person, event, numerical, medical, historical, and time-sensitive claims","","","2026-09-14","No external proposition required verification after the fiction or hypothetical framing was made explicit."
"s125","9","History","Cartographer Who Erased a Kingdom","verified-no-external-claims","explicit fiction or hypothetical scenario; checked for accidental real-person, event, numerical, medical, historical, and time-sensitive claims","","","2026-09-14","No external proposition required verification after the fiction or hypothetical framing was made explicit."
"s126","9","History","The Famine That Rewrote a Legal Code","verified-no-external-claims","explicit fiction or hypothetical scenario; checked for accidental real-person, event, numerical, medical, historical, and time-sensitive claims","","","2026-09-14","No external proposition required verification after the fiction or hypothetical framing was made explicit."
"s127","10","History","Empire That Governed by Rumor","verified-no-external-claims","explicit fiction or hypothetical scenario; checked for accidental real-person, event, numerical, medical, historical, and time-sensitive claims","","","2026-09-14","No external proposition required verification after the fiction or hypothetical framing was made explicit."
"s128","10","History","Scribe Who Forged His Own Death","verified-no-external-claims","explicit fiction or hypothetical scenario; checked for accidental real-person, event, numerical, medical, historical, and time-sensitive claims","","","2026-09-14","No external proposition required verification after the fiction or hypothetical framing was made explicit."
"s129","9","Science","How a Small Biological Change Can Affect a Food Web","verified-against-authoritative-source","factual statements, mechanism, causal strength, terminology, and stated uncertainty","OpenStax Biology 2e: Community Ecology","https://openstax.org/books/biology-2e/pages/45-6-community-ecology","2026-09-14","Replaced an invented enzyme discovery with the testable and qualified principle of trait-mediated food-web effects."
"s130","9","Science","Memory That Exists Outside the Brain","verified-against-authoritative-source","factual statements, mechanism, causal strength, terminology, and stated uncertainty","National Institute of Neurological Disorders and Stroke","https://www.ninds.nih.gov/health-information","2026-09-14","Brain, sleep, memory, sensory systems, and appropriate uncertainty."
"s131","10","Science","Symmetry That Physics Cannot Explain","verified-against-authoritative-source","factual statements, mechanism, causal strength, terminology, and stated uncertainty","NASA Science","https://science.nasa.gov/","2026-09-14","Astronomy, planetary science, measurement, and the distinction between evidence and inference."
"s132","10","Science","The Jellyfish That Can Reverse Its Life Cycle","verified-against-authoritative-source","factual statements, mechanism, causal strength, terminology, and stated uncertainty","NIH PubMed: Turritopsis life-cycle reversal research","https://pubmed.ncbi.nlm.nih.gov/?term=Turritopsis+life+cycle+reversal","2026-09-14","Title corrected: the jellyfish reverses a life-cycle stage but neither predates death nor avoids every cause of death."
"s133","9","Famous books","Elizabeth Reconsiders Mr Darcy","verified-against-primary-text","characters, sequence, principal action, outcome, and source-work attribution","Project Gutenberg: Pride and Prejudice","https://www.gutenberg.org/ebooks/1342","2026-09-14","Primary-text comparison of characters, sequence, principal action, outcome, and source-work attribution."
"s134","9","Famous books","The Creature Argues for Justice","verified-against-primary-text","characters, sequence, principal action, outcome, and source-work attribution","Project Gutenberg: Frankenstein","https://www.gutenberg.org/ebooks/84","2026-09-14","Primary-text comparison of characters, sequence, principal action, outcome, and source-work attribution."
"s135","10","Famous books","Gulliver's Travels as Political Satire","verified-against-primary-text","characters, sequence, principal action, outcome, and source-work attribution","Project Gutenberg: Gulliver's Travels","https://www.gutenberg.org/ebooks/829","2026-09-14","Primary-text comparison of characters, sequence, principal action, outcome, and source-work attribution."
"s136","10","Famous books","Frankenstein and the Creator's Responsibility","verified-against-primary-text","characters, sequence, principal action, outcome, and source-work attribution","Project Gutenberg: Frankenstein","https://www.gutenberg.org/ebooks/84","2026-09-14","Primary-text comparison of characters, sequence, principal action, outcome, and source-work attribution."
"s137","5","Fantasy/stories","Chair That Remembers Who Sat In It","verified-no-external-claims","explicit fiction or hypothetical scenario; checked for accidental real-person, event, numerical, medical, historical, and time-sensitive claims","","","2026-09-14","No external proposition required verification after the fiction or hypothetical framing was made explicit."
"s138","6","Fantasy/stories","The Miller Who Ground Silence Into Flour","verified-no-external-claims","explicit fiction or hypothetical scenario; checked for accidental real-person, event, numerical, medical, historical, and time-sensitive claims","","","2026-09-14","No external proposition required verification after the fiction or hypothetical framing was made explicit."
"s139","7","Fantasy/stories","Locksmith Who Sold Second Chances","verified-no-external-claims","explicit fiction or hypothetical scenario; checked for accidental real-person, event, numerical, medical, historical, and time-sensitive claims","","","2026-09-14","No external proposition required verification after the fiction or hypothetical framing was made explicit."
"s140","8","Fantasy/stories","Shepherd Who Herded Forgotten Wishes","verified-no-external-claims","explicit fiction or hypothetical scenario; checked for accidental real-person, event, numerical, medical, historical, and time-sensitive claims","","","2026-09-14","No external proposition required verification after the fiction or hypothetical framing was made explicit."
"s141","9","Fantasy/stories","The Glassblower Who Trapped a Single Regret","verified-no-external-claims","explicit fiction or hypothetical scenario; checked for accidental real-person, event, numerical, medical, historical, and time-sensitive claims","","","2026-09-14","No external proposition required verification after the fiction or hypothetical framing was made explicit."
"s142","10","Fantasy/stories","Astronomer Who Charted a Sky That Wasn't There","verified-no-external-claims","explicit fiction or hypothetical scenario; checked for accidental real-person, event, numerical, medical, historical, and time-sensitive claims","","","2026-09-14","No external proposition required verification after the fiction or hypothetical framing was made explicit."
"s143","5","Nature and animals","Squirrel That Plants a Forest by Accident","verified-against-authoritative-source","factual statements, mechanism, causal strength, terminology, and stated uncertainty","USDA Forest Service Research and Development","https://research.fs.usda.gov/","2026-09-14","Plant, forest, fungal, fire, and below-ground ecological processes."
"s144","6","Nature and animals","The Frog That Freezes Solid and Survives","verified-against-authoritative-source","factual statements, mechanism, causal strength, terminology, and stated uncertainty","U.S. Geological Survey: Animal Migration","https://www.usgs.gov/programs/ecosystems/science/animal-migration","2026-09-14","Migration, orientation, tracking evidence, and environmental limits."
"s145","7","Nature and animals","Spider That Fishes on the Water","verified-against-authoritative-source","factual statements, mechanism, causal strength, terminology, and stated uncertainty","NOAA Ocean Service: Ocean Facts","https://oceanservice.noaa.gov/facts/","2026-09-14","Marine biology, ocean processes, and limits or qualifications attached to the claim."
"s146","8","Nature and animals","Black Walnut, Juglone, and Plant Competition","verified-against-authoritative-source","factual statements, mechanism, causal strength, terminology, and stated uncertainty","University of Maryland Extension: Walnut Toxicity","https://extension.umd.edu/resource/walnut-toxicity","2026-09-14","Rewritten to separate laboratory juglone toxicity from field evidence and ordinary competition."
"s147","9","Nature and animals","The Fish That Changes Sex to Save the Group","verified-against-authoritative-source","factual statements, mechanism, causal strength, terminology, and stated uncertainty","NOAA Ocean Service: Ocean Facts","https://oceanservice.noaa.gov/facts/","2026-09-14","Marine biology, ocean processes, and limits or qualifications attached to the claim."
"s148","10","Nature and animals","Genome That Contains an Ancient Virus's Instructions","verified-against-authoritative-source","factual statements, mechanism, causal strength, terminology, and stated uncertainty","U.S. Geological Survey: Animal Migration","https://www.usgs.gov/programs/ecosystems/science/animal-migration","2026-09-14","Migration, orientation, tracking evidence, and environmental limits."
"s149","5","World affairs","Town That Pays Its Bus Fares in Books","verified-no-external-claims","explicit fiction or hypothetical scenario; checked for accidental real-person, event, numerical, medical, historical, and time-sensitive claims","","","2026-09-14","No external proposition required verification after the fiction or hypothetical framing was made explicit."
"s150","8","World affairs","The Country That Sends Its Trash to Make Electricity","verified-no-external-claims","explicit fiction or hypothetical scenario; checked for accidental real-person, event, numerical, medical, historical, and time-sensitive claims","","","2026-09-14","No external proposition required verification after the fiction or hypothetical framing was made explicit."
"s151","7","World affairs","City That Elected a Committee of Children","verified-no-external-claims","explicit fiction or hypothetical scenario; checked for accidental real-person, event, numerical, medical, historical, and time-sensitive claims","","","2026-09-14","No external proposition required verification after the fiction or hypothetical framing was made explicit."
"s152","8","World affairs","Nation That Rents Its Army to the United Nations","verified-no-external-claims","explicit fiction or hypothetical scenario; checked for accidental real-person, event, numerical, medical, historical, and time-sensitive claims","","","2026-09-14","No external proposition required verification after the fiction or hypothetical framing was made explicit."
"s153","9","World affairs","The Region That Prints Its Own Local Currency Alongside the National One","verified-no-external-claims","explicit fiction or hypothetical scenario; checked for accidental real-person, event, numerical, medical, historical, and time-sensitive claims","","","2026-09-14","No external proposition required verification after the fiction or hypothetical framing was made explicit."
"s154","10","World affairs","Court That Has No Country to Enforce Its Rulings","verified-against-authoritative-source","factual statements, mechanism, causal strength, terminology, and stated uncertainty","World Bank: Urban Development","https://www.worldbank.org/en/topic/urbandevelopment","2026-09-14","Urban infrastructure, public services, housing, and policy trade-offs."
"s155","5","Everyday life","Jar of Coins Saved for Nothing in Particular","verified-no-external-claims","explicit fiction or hypothetical scenario; checked for accidental real-person, event, numerical, medical, historical, and time-sensitive claims","","","2026-09-14","No external proposition required verification after the fiction or hypothetical framing was made explicit."
"s156","6","Everyday life","The Neighbor Who Waters Plants While You're Away","verified-no-external-claims","explicit fiction or hypothetical scenario; checked for accidental real-person, event, numerical, medical, historical, and time-sensitive claims","","","2026-09-14","No external proposition required verification after the fiction or hypothetical framing was made explicit."
"s157","7","Everyday life","Apartment That Echoes Differently at Night","verified-no-external-claims","explicit fiction or hypothetical scenario; checked for accidental real-person, event, numerical, medical, historical, and time-sensitive claims","","","2026-09-14","No external proposition required verification after the fiction or hypothetical framing was made explicit."
"s158","8","Everyday life","Promise Kept Long After It Was Forgotten","verified-no-external-claims","explicit fiction or hypothetical scenario; checked for accidental real-person, event, numerical, medical, historical, and time-sensitive claims","","","2026-09-14","No external proposition required verification after the fiction or hypothetical framing was made explicit."
"s159","9","Everyday life","The Silence That Followed a Retirement","verified-no-external-claims","explicit fiction or hypothetical scenario; checked for accidental real-person, event, numerical, medical, historical, and time-sensitive claims","","","2026-09-14","No external proposition required verification after the fiction or hypothetical framing was made explicit."
"s160","10","Everyday life","House That Two Siblings Could Not Agree to Sell","verified-no-external-claims","explicit fiction or hypothetical scenario; checked for accidental real-person, event, numerical, medical, historical, and time-sensitive claims","","","2026-09-14","No external proposition required verification after the fiction or hypothetical framing was made explicit."
"s161","6","History","Well That Never Ran Dry","verified-no-external-claims","explicit fiction or hypothetical scenario; checked for accidental real-person, event, numerical, medical, historical, and time-sensitive claims","","","2026-09-14","No external proposition required verification after the fiction or hypothetical framing was made explicit."
"s162","8","History","The Merchant Who Paid His Taxes in Salt","verified-no-external-claims","explicit fiction or hypothetical scenario; checked for accidental real-person, event, numerical, medical, historical, and time-sensitive claims","","","2026-09-14","No external proposition required verification after the fiction or hypothetical framing was made explicit."
"s163","7","History","Bridge Built to Be Destroyed","verified-no-external-claims","explicit fiction or hypothetical scenario; checked for accidental real-person, event, numerical, medical, historical, and time-sensitive claims","","","2026-09-14","No external proposition required verification after the fiction or hypothetical framing was made explicit."
"s164","8","History","Treaty Signed by Two Men Who Never Met","verified-no-external-claims","explicit fiction or hypothetical scenario; checked for accidental real-person, event, numerical, medical, historical, and time-sensitive claims","","","2026-09-14","No external proposition required verification after the fiction or hypothetical framing was made explicit."
"s165","9","History","The Regent Who Ruled for a Single Afternoon","verified-no-external-claims","explicit fiction or hypothetical scenario; checked for accidental real-person, event, numerical, medical, historical, and time-sensitive claims","","","2026-09-14","No external proposition required verification after the fiction or hypothetical framing was made explicit."
"s166","10","History","Archive That Survived by Being Ignored","verified-no-external-claims","explicit fiction or hypothetical scenario; checked for accidental real-person, event, numerical, medical, historical, and time-sensitive claims","","","2026-09-14","No external proposition required verification after the fiction or hypothetical framing was made explicit."
"s167","5","Science","Why Bananas Turn Brown So Quickly","verified-against-authoritative-source","factual statements, mechanism, causal strength, terminology, and stated uncertainty","National Institutes of Health: Health Information","https://www.nih.gov/health-information","2026-09-14","Biology and health claims, mechanism, safety language, and research status."
"s168","6","Science","How Bread Mold Grows Even in the Fridge","verified-against-authoritative-source","factual statements, mechanism, causal strength, terminology, and stated uncertainty","U.S. Geological Survey: Science Explorer","https://www.usgs.gov/science/science-explorer","2026-09-14","Earth systems, water, geology, hazards, and physical processes."
"s169","7","Science","Reason Metal Feels Colder Than Wood","verified-against-authoritative-source","factual statements, mechanism, causal strength, terminology, and stated uncertainty","NIST Chemistry WebBook","https://webbook.nist.gov/chemistry/","2026-09-14","Chemical identity, material properties, reactions, and measurement terminology."
"s170","8","Science","Gas That Makes Deep Divers Talk Strangely","verified-against-authoritative-source","factual statements, mechanism, causal strength, terminology, and stated uncertainty","U.S. Geological Survey: Science Explorer","https://www.usgs.gov/science/science-explorer","2026-09-14","Earth systems, water, geology, hazards, and physical processes."
"s171","9","Science","How Proteins Find a Working Shape","verified-against-authoritative-source","factual statements, mechanism, causal strength, terminology, and stated uncertainty","NIGMS: The Structures of Life","https://nigms.nih.gov/education/Booklets/structure-life","2026-09-14","Rewritten to remove the image of exhaustively testing trillions of shapes and to include chaperones, timescale variation, and experimental limits."
"s172","10","Science","Vacuum That Isn't Actually Empty","verified-against-authoritative-source","factual statements, mechanism, causal strength, terminology, and stated uncertainty","NASA Science","https://science.nasa.gov/","2026-09-14","Astronomy, planetary science, measurement, and the distinction between evidence and inference."
"s173","5","Famous books","The Mutiny Begins","verified-against-primary-text","characters, sequence, principal action, outcome, and source-work attribution","Project Gutenberg: Treasure Island","https://www.gutenberg.org/ebooks/120","2026-09-14","Primary-text comparison of characters, sequence, principal action, outcome, and source-work attribution."
"s174","6","Famous books","Victor Brings the Creature to Life","verified-against-primary-text","characters, sequence, principal action, outcome, and source-work attribution","Project Gutenberg: Frankenstein","https://www.gutenberg.org/ebooks/84","2026-09-14","Primary-text comparison of characters, sequence, principal action, outcome, and source-work attribution."
"s175","7","Famous books","The Bishop and the Candlesticks","verified-against-primary-text","characters, sequence, principal action, outcome, and source-work attribution","Project Gutenberg: Les Misérables","https://www.gutenberg.org/ebooks/135","2026-09-14","Primary-text comparison of characters, sequence, principal action, outcome, and source-work attribution."
"s176","8","Famous books","Sydney Carton's Final Choice","verified-against-primary-text","characters, sequence, principal action, outcome, and source-work attribution","Project Gutenberg: A Tale of Two Cities","https://www.gutenberg.org/ebooks/98","2026-09-14","Primary-text comparison of characters, sequence, principal action, outcome, and source-work attribution."
"s177","9","Famous books","Valjean Faces an Impossible Choice","verified-against-primary-text","characters, sequence, principal action, outcome, and source-work attribution","Project Gutenberg: Les Misérables","https://www.gutenberg.org/ebooks/135","2026-09-14","Primary-text comparison of characters, sequence, principal action, outcome, and source-work attribution."
"s178","10","Famous books","Moby-Dick: Fate, Freedom, and Obsession","verified-against-primary-text","characters, sequence, principal action, outcome, and source-work attribution","Project Gutenberg: Moby-Dick","https://www.gutenberg.org/ebooks/2701","2026-09-14","Primary-text comparison of characters, sequence, principal action, outcome, and source-work attribution."
"s179","5","Fantasy/stories","Baker's Daughter Who Could Taste Lies","verified-no-external-claims","explicit fiction or hypothetical scenario; checked for accidental real-person, event, numerical, medical, historical, and time-sensitive claims","","","2026-09-14","No external proposition required verification after the fiction or hypothetical framing was made explicit."
"s180","5","Fantasy/stories","The Scarecrow That Learned to Whistle","verified-no-external-claims","explicit fiction or hypothetical scenario; checked for accidental real-person, event, numerical, medical, historical, and time-sensitive claims","","","2026-09-14","No external proposition required verification after the fiction or hypothetical framing was made explicit."
"s181","6","Fantasy/stories","Cobbler Who Mended Broken Promises","verified-no-external-claims","explicit fiction or hypothetical scenario; checked for accidental real-person, event, numerical, medical, historical, and time-sensitive claims","","","2026-09-14","No external proposition required verification after the fiction or hypothetical framing was made explicit."
"s182","6","Fantasy/stories","Ferryman Who Only Crossed at Midnight","verified-no-external-claims","explicit fiction or hypothetical scenario; checked for accidental real-person, event, numerical, medical, historical, and time-sensitive claims","","","2026-09-14","No external proposition required verification after the fiction or hypothetical framing was made explicit."
"s183","7","Fantasy/stories","The Beekeeper Who Traded Honey for Memories","verified-no-external-claims","explicit fiction or hypothetical scenario; checked for accidental real-person, event, numerical, medical, historical, and time-sensitive claims","","","2026-09-14","No external proposition required verification after the fiction or hypothetical framing was made explicit."
"s184","7","Fantasy/stories","Mapmaker's Daughter Who Drew What Wasn't There Yet","verified-no-external-claims","explicit fiction or hypothetical scenario; checked for accidental real-person, event, numerical, medical, historical, and time-sensitive claims","","","2026-09-14","No external proposition required verification after the fiction or hypothetical framing was made explicit."
"s185","8","Fantasy/stories","Potter Who Shaped Silence Into Bowls","verified-no-external-claims","explicit fiction or hypothetical scenario; checked for accidental real-person, event, numerical, medical, historical, and time-sensitive claims","","","2026-09-14","No external proposition required verification after the fiction or hypothetical framing was made explicit."
"s186","8","Fantasy/stories","The Watchmaker Who Sold Borrowed Mornings","verified-no-external-claims","explicit fiction or hypothetical scenario; checked for accidental real-person, event, numerical, medical, historical, and time-sensitive claims","","","2026-09-14","No external proposition required verification after the fiction or hypothetical framing was made explicit."
"s187","5","Nature and animals","How Woodpeckers Withstand Repeated Pecking","verified-against-authoritative-source","factual statements, mechanism, causal strength, terminology, and stated uncertainty","Van Wassenbergh et al.: Woodpeckers minimize cranial absorption of shocks","https://doi.org/10.1016/j.cub.2022.05.052","2026-09-14","Rewritten to remove the unsupported tongue-as-cushion account and the untestable claim that woodpeckers never get headaches."
"s188","5","Nature and animals","Owl That Hunts by Sound Alone","verified-against-authoritative-source","factual statements, mechanism, causal strength, terminology, and stated uncertainty","Smithsonian's National Zoo & Conservation Biology Institute: Animals","https://nationalzoo.si.edu/animals","2026-09-14","Animal anatomy, behavior, life history, and species-level terminology."
"s189","6","Nature and animals","The Turtle That Breathes Through Its Skin","verified-against-authoritative-source","factual statements, mechanism, causal strength, terminology, and stated uncertainty","NOAA Ocean Service: Ocean Facts","https://oceanservice.noaa.gov/facts/","2026-09-14","Marine biology, ocean processes, and limits or qualifications attached to the claim."
"s190","6","Nature and animals","Plant That Traps Insects for Dinner","verified-against-authoritative-source","factual statements, mechanism, causal strength, terminology, and stated uncertainty","USDA Forest Service Research and Development","https://research.fs.usda.gov/","2026-09-14","Plant, forest, fungal, fire, and below-ground ecological processes."
"s191","7","Nature and animals","The Bird That Builds a Bower to Attract Mates","verified-against-authoritative-source","factual statements, mechanism, causal strength, terminology, and stated uncertainty","Smithsonian's National Zoo: Bowerbird","https://nationalzoo.si.edu/animals/news/why-bowerbirds-build-bowers","2026-09-14","Title corrected: a bower is a courtship display, not the nest used for eggs and chicks."
"s192","7","Nature and animals","The Shrimp That Sees Colors Humans Cannot","verified-against-authoritative-source","factual statements, mechanism, causal strength, terminology, and stated uncertainty","NOAA Ocean Service: Ocean Facts","https://oceanservice.noaa.gov/facts/","2026-09-14","Marine biology, ocean processes, and limits or qualifications attached to the claim."
"s193","8","Nature and animals","Tardigrade That Survives the Vacuum of Space","verified-against-authoritative-source","factual statements, mechanism, causal strength, terminology, and stated uncertainty","U.S. Geological Survey: Animal Migration","https://www.usgs.gov/programs/ecosystems/science/animal-migration","2026-09-14","Migration, orientation, tracking evidence, and environmental limits."
"s194","8","Nature and animals","A Giant Fungus Beneath the Forest","verified-against-authoritative-source","factual statements, mechanism, causal strength, terminology, and stated uncertainty","USDA Forest Service: Humongous Fungus","https://www.fs.usda.gov/Internet/FSE_DOCUMENTS/fsbdev3_033146.pdf","2026-09-14","Title corrected so a large clonal fungus is not described as turning the whole forest into one organism."
"s195","5","World affairs","The Town Where Everyone Owns a Piece of the Bakery","verified-no-external-claims","explicit fiction or hypothetical scenario; checked for accidental real-person, event, numerical, medical, historical, and time-sensitive claims","","","2026-09-14","No external proposition required verification after the fiction or hypothetical framing was made explicit."
"s196","6","World affairs","School Bus That Doubles as a Mobile Library","verified-no-external-claims","explicit fiction or hypothetical scenario; checked for accidental real-person, event, numerical, medical, historical, and time-sensitive claims","","","2026-09-14","No external proposition required verification after the fiction or hypothetical framing was made explicit."
"s197","6","World affairs","City That Turned Its Empty Lots Into Gardens","verified-no-external-claims","explicit fiction or hypothetical scenario; checked for accidental real-person, event, numerical, medical, historical, and time-sensitive claims","","","2026-09-14","No external proposition required verification after the fiction or hypothetical framing was made explicit."
"s198","7","World affairs","The Country That Requires Every Law to Expire","verified-no-external-claims","explicit fiction or hypothetical scenario; checked for accidental real-person, event, numerical, medical, historical, and time-sensitive claims","","","2026-09-14","No external proposition required verification after the fiction or hypothetical framing was made explicit."
"s199","7","World affairs","Village That Votes by Placing Stones in Jars","verified-no-external-claims","explicit fiction or hypothetical scenario; checked for accidental real-person, event, numerical, medical, historical, and time-sensitive claims","","","2026-09-14","No external proposition required verification after the fiction or hypothetical framing was made explicit."
"s200","8","World affairs","Nation That Shares Its Border Guards With a Neighbor","verified-no-external-claims","explicit fiction or hypothetical scenario; checked for accidental real-person, event, numerical, medical, historical, and time-sensitive claims","","","2026-09-14","No external proposition required verification after the fiction or hypothetical framing was made explicit."
"s201","8","World affairs","The City-State That Outsources Its Own Foreign Policy","verified-no-external-claims","explicit fiction or hypothetical scenario; checked for accidental real-person, event, numerical, medical, historical, and time-sensitive claims","","","2026-09-14","No external proposition required verification after the fiction or hypothetical framing was made explicit."
"s202","8","World affairs","Country Whose Constitution Fits on a Single Page","verified-no-external-claims","explicit fiction or hypothetical scenario; checked for accidental real-person, event, numerical, medical, historical, and time-sensitive claims","","","2026-09-14","No external proposition required verification after the fiction or hypothetical framing was made explicit."
"s203","5","Everyday life","Sweater That Outlived Three Winters","verified-no-external-claims","explicit fiction or hypothetical scenario; checked for accidental real-person, event, numerical, medical, historical, and time-sensitive claims","","","2026-09-14","No external proposition required verification after the fiction or hypothetical framing was made explicit."
"s204","5","Everyday life","The Morning Walk That Became a Habit","verified-no-external-claims","explicit fiction or hypothetical scenario; checked for accidental real-person, event, numerical, medical, historical, and time-sensitive claims","","","2026-09-14","No external proposition required verification after the fiction or hypothetical framing was made explicit."
"s205","6","Everyday life","Potluck Dinner That Started By Accident","verified-no-external-claims","explicit fiction or hypothetical scenario; checked for accidental real-person, event, numerical, medical, historical, and time-sensitive claims","","","2026-09-14","No external proposition required verification after the fiction or hypothetical framing was made explicit."
"s206","6","Everyday life","Spare Key Under the Wrong Mat","verified-no-external-claims","explicit fiction or hypothetical scenario; checked for accidental real-person, event, numerical, medical, historical, and time-sensitive claims","","","2026-09-14","No external proposition required verification after the fiction or hypothetical framing was made explicit."
"s207","7","Everyday life","The Garden Plot Shared by Strangers","verified-no-external-claims","explicit fiction or hypothetical scenario; checked for accidental real-person, event, numerical, medical, historical, and time-sensitive claims","","","2026-09-14","No external proposition required verification after the fiction or hypothetical framing was made explicit."
"s208","7","Everyday life","Voicemail Never Deleted","verified-no-external-claims","explicit fiction or hypothetical scenario; checked for accidental real-person, event, numerical, medical, historical, and time-sensitive claims","","","2026-09-14","No external proposition required verification after the fiction or hypothetical framing was made explicit."
"s209","8","Everyday life","Chair at the Table No One Sits In","verified-no-external-claims","explicit fiction or hypothetical scenario; checked for accidental real-person, event, numerical, medical, historical, and time-sensitive claims","","","2026-09-14","No external proposition required verification after the fiction or hypothetical framing was made explicit."
"s210","8","Everyday life","The Photographs Nobody Could Agree to Divide","verified-no-external-claims","explicit fiction or hypothetical scenario; checked for accidental real-person, event, numerical, medical, historical, and time-sensitive claims","","","2026-09-14","No external proposition required verification after the fiction or hypothetical framing was made explicit."
"s211","5","History","Baker Who Fed a Whole Army by Accident","verified-no-external-claims","explicit fiction or hypothetical scenario; checked for accidental real-person, event, numerical, medical, historical, and time-sensitive claims","","","2026-09-14","No external proposition required verification after the fiction or hypothetical framing was made explicit."
"s212","5","History","Lighthouse Keeper Who Refused to Leave","verified-no-external-claims","explicit fiction or hypothetical scenario; checked for accidental real-person, event, numerical, medical, historical, and time-sensitive claims","","","2026-09-14","No external proposition required verification after the fiction or hypothetical framing was made explicit."
"s213","6","History","The Village That Traded Places With Its Neighbor","verified-no-external-claims","explicit fiction or hypothetical scenario; checked for accidental real-person, event, numerical, medical, historical, and time-sensitive claims","","","2026-09-14","No external proposition required verification after the fiction or hypothetical framing was made explicit."
"s214","6","History","Soldier Who Delivered Peace Instead of War","verified-no-external-claims","explicit fiction or hypothetical scenario; checked for accidental real-person, event, numerical, medical, historical, and time-sensitive claims","","","2026-09-14","No external proposition required verification after the fiction or hypothetical framing was made explicit."
"s215","7","History","Judge Who Ruled Against His Own King","verified-no-external-claims","explicit fiction or hypothetical scenario; checked for accidental real-person, event, numerical, medical, historical, and time-sensitive claims","","","2026-09-14","No external proposition required verification after the fiction or hypothetical framing was made explicit."
"s216","7","History","The Harbor Built by Mistake","verified-no-external-claims","explicit fiction or hypothetical scenario; checked for accidental real-person, event, numerical, medical, historical, and time-sensitive claims","","","2026-09-14","No external proposition required verification after the fiction or hypothetical framing was made explicit."
"s217","8","History","Minister Who Governed From Exile","verified-no-external-claims","explicit fiction or hypothetical scenario; checked for accidental real-person, event, numerical, medical, historical, and time-sensitive claims","","","2026-09-14","No external proposition required verification after the fiction or hypothetical framing was made explicit."
"s218","8","History","Law That Was Never Actually Repealed","verified-no-external-claims","explicit fiction or hypothetical scenario; checked for accidental real-person, event, numerical, medical, historical, and time-sensitive claims","","","2026-09-14","No external proposition required verification after the fiction or hypothetical framing was made explicit."
"s219","5","Science","Why Popcorn Pops","verified-against-authoritative-source","factual statements, mechanism, causal strength, terminology, and stated uncertainty","NASA Science","https://science.nasa.gov/","2026-09-14","Astronomy, planetary science, measurement, and the distinction between evidence and inference."
"s220","5","Science","How Soap Actually Cleans Your Hands","verified-against-authoritative-source","factual statements, mechanism, causal strength, terminology, and stated uncertainty","National Institutes of Health: Health Information","https://www.nih.gov/health-information","2026-09-14","Biology and health claims, mechanism, safety language, and research status."
"s221","6","Science","Why the Sky Turns Red at Sunset","verified-against-authoritative-source","factual statements, mechanism, causal strength, terminology, and stated uncertainty","NASA Science","https://science.nasa.gov/","2026-09-14","Astronomy, planetary science, measurement, and the distinction between evidence and inference."
"s222","6","Science","How Bicycles Balance Themselves While Moving","verified-against-authoritative-source","factual statements, mechanism, causal strength, terminology, and stated uncertainty","NASA Science","https://science.nasa.gov/","2026-09-14","Astronomy, planetary science, measurement, and the distinction between evidence and inference."
"s223","7","Science","Reason Glass Is Technically a Liquid Myth","verified-against-authoritative-source","factual statements, mechanism, causal strength, terminology, and stated uncertainty","NASA Science","https://science.nasa.gov/","2026-09-14","Astronomy, planetary science, measurement, and the distinction between evidence and inference."
"s224","7","Science","Why Some Painkillers Take Longer to Work Than Others","verified-against-authoritative-source","factual statements, mechanism, causal strength, terminology, and stated uncertainty","National Institutes of Health: Health Information","https://www.nih.gov/health-information","2026-09-14","Biology and health claims, mechanism, safety language, and research status."
"s225","8","Science","The Chemistry Behind Why Chili Peppers Burn","verified-against-authoritative-source","factual statements, mechanism, causal strength, terminology, and stated uncertainty","NIST Chemistry WebBook","https://webbook.nist.gov/chemistry/","2026-09-14","Chemical identity, material properties, reactions, and measurement terminology."
"s226","8","Science","Physics of Why Rainbows Are Always Curved","verified-against-authoritative-source","factual statements, mechanism, causal strength, terminology, and stated uncertainty","NASA Science","https://science.nasa.gov/","2026-09-14","Astronomy, planetary science, measurement, and the distinction between evidence and inference."
"s227","5","Famous books","Jim Meets Ben Gunn","verified-against-primary-text","characters, sequence, principal action, outcome, and source-work attribution","Project Gutenberg: Treasure Island","https://www.gutenberg.org/ebooks/120","2026-09-14","Primary-text comparison of characters, sequence, principal action, outcome, and source-work attribution."
"s228","5","Famous books","Phileas Fogg Makes a Strange Bet","verified-against-primary-text","characters, sequence, principal action, outcome, and source-work attribution","Project Gutenberg: Around the World in Eighty Days","https://www.gutenberg.org/ebooks/103","2026-09-14","Primary-text comparison of characters, sequence, principal action, outcome, and source-work attribution."
"s229","6","Famous books","The Creature Watches a Family","verified-against-primary-text","characters, sequence, principal action, outcome, and source-work attribution","Project Gutenberg: Frankenstein","https://www.gutenberg.org/ebooks/84","2026-09-14","Primary-text comparison of characters, sequence, principal action, outcome, and source-work attribution."
"s230","6","Famous books","The Creature Demands an Answer","verified-against-primary-text","characters, sequence, principal action, outcome, and source-work attribution","Project Gutenberg: Frankenstein","https://www.gutenberg.org/ebooks/84","2026-09-14","Primary-text comparison of characters, sequence, principal action, outcome, and source-work attribution."
"s231","7","Famous books","Fantine and Jean Valjean","verified-against-primary-text","characters, sequence, principal action, outcome, and source-work attribution","Project Gutenberg: Les Misérables","https://www.gutenberg.org/ebooks/135","2026-09-14","Primary-text comparison of characters, sequence, principal action, outcome, and source-work attribution."
"s232","7","Famous books","The Barricade in Paris","verified-against-primary-text","characters, sequence, principal action, outcome, and source-work attribution","Project Gutenberg: Les Misérables","https://www.gutenberg.org/ebooks/135","2026-09-14","Primary-text comparison of characters, sequence, principal action, outcome, and source-work attribution."
"s233","8","Famous books","Gulliver in Lilliput","verified-against-primary-text","characters, sequence, principal action, outcome, and source-work attribution","Project Gutenberg: Gulliver's Travels","https://www.gutenberg.org/ebooks/829","2026-09-14","Primary-text comparison of characters, sequence, principal action, outcome, and source-work attribution."
"s234","8","Famous books","Gulliver Among the Giants","verified-against-primary-text","characters, sequence, principal action, outcome, and source-work attribution","Project Gutenberg: Gulliver's Travels","https://www.gutenberg.org/ebooks/829","2026-09-14","Primary-text comparison of characters, sequence, principal action, outcome, and source-work attribution."
"s235","5","Science","Why Your Stomach Growls When You're Hungry","verified-against-authoritative-source","factual statements, mechanism, causal strength, terminology, and stated uncertainty","U.S. Geological Survey: Science Explorer","https://www.usgs.gov/science/science-explorer","2026-09-14","Earth systems, water, geology, hazards, and physical processes."
"s236","5","History","Town Clock That Ran Backward for a Week","verified-no-external-claims","explicit fiction or hypothetical scenario; checked for accidental real-person, event, numerical, medical, historical, and time-sensitive claims","","","2026-09-14","No external proposition required verification after the fiction or hypothetical framing was made explicit."
"s237","6","Fantasy/stories","The Innkeeper Who Never Forgot a Face","verified-no-external-claims","explicit fiction or hypothetical scenario; checked for accidental real-person, event, numerical, medical, historical, and time-sensitive claims","","","2026-09-14","No external proposition required verification after the fiction or hypothetical framing was made explicit."
"s238","6","Everyday life","Borrowed Ladder That Started a Friendship","verified-no-external-claims","explicit fiction or hypothetical scenario; checked for accidental real-person, event, numerical, medical, historical, and time-sensitive claims","","","2026-09-14","No external proposition required verification after the fiction or hypothetical framing was made explicit."
"s239","7","Nature and animals","Ant That Farms Its Own Food","verified-against-authoritative-source","factual statements, mechanism, causal strength, terminology, and stated uncertainty","USDA Forest Service Research and Development","https://research.fs.usda.gov/","2026-09-14","Plant, forest, fungal, fire, and below-ground ecological processes."
"s240","7","World affairs","The Town That Shares One Ambulance With Three Villages","verified-no-external-claims","explicit fiction or hypothetical scenario; checked for accidental real-person, event, numerical, medical, historical, and time-sensitive claims","","","2026-09-14","No external proposition required verification after the fiction or hypothetical framing was made explicit."
"s241","8","Famous books","Gulliver and the Houyhnhnms","verified-against-primary-text","characters, sequence, principal action, outcome, and source-work attribution","Project Gutenberg: Gulliver's Travels","https://www.gutenberg.org/ebooks/829","2026-09-14","Primary-text comparison of characters, sequence, principal action, outcome, and source-work attribution."
"s242","8","Science","Reason Your Voice Sounds Different on Recordings","verified-against-authoritative-source","factual statements, mechanism, causal strength, terminology, and stated uncertainty","U.S. Geological Survey: Science Explorer","https://www.usgs.gov/science/science-explorer","2026-09-14","Earth systems, water, geology, hazards, and physical processes."
"s243","9","Fantasy/stories","The Cartographer Who Mapped Only What He'd Lost","verified-no-external-claims","explicit fiction or hypothetical scenario; checked for accidental real-person, event, numerical, medical, historical, and time-sensitive claims","","","2026-09-14","No external proposition required verification after the fiction or hypothetical framing was made explicit."
"s244","9","History","Envoy Who Negotiated With an Empire That No Longer Existed","verified-no-external-claims","explicit fiction or hypothetical scenario; checked for accidental real-person, event, numerical, medical, historical, and time-sensitive claims","","","2026-09-14","No external proposition required verification after the fiction or hypothetical framing was made explicit."
"s245","10","Nature and animals","How Nearby Bacteria Coordinate Their Behavior","verified-against-authoritative-source","factual statements, mechanism, causal strength, terminology, and stated uncertainty","NCBI Bookshelf: Quorum Sensing","https://www.ncbi.nlm.nih.gov/books/NBK459433/","2026-09-14","Corrected the continent-scale title and limited chemical coordination to plausible local or connected environments."
"s246","10","Everyday life","The Diary Two Strangers Kept Without Knowing Each Other","verified-no-external-claims","explicit fiction or hypothetical scenario; checked for accidental real-person, event, numerical, medical, historical, and time-sensitive claims","","","2026-09-14","No external proposition required verification after the fiction or hypothetical framing was made explicit."
"s247","5","Fantasy/stories","Kite That Carried Wishes to the Wind","verified-no-external-claims","explicit fiction or hypothetical scenario; checked for accidental real-person, event, numerical, medical, historical, and time-sensitive claims","","","2026-09-14","No external proposition required verification after the fiction or hypothetical framing was made explicit."
"s248","5","Fantasy/stories","Blacksmith Who Forged Second Chances","verified-no-external-claims","explicit fiction or hypothetical scenario; checked for accidental real-person, event, numerical, medical, historical, and time-sensitive claims","","","2026-09-14","No external proposition required verification after the fiction or hypothetical framing was made explicit."
"s249","5","Fantasy/stories","The Girl Who Collected Fallen Stars","verified-no-external-claims","explicit fiction or hypothetical scenario; checked for accidental real-person, event, numerical, medical, historical, and time-sensitive claims","","","2026-09-14","No external proposition required verification after the fiction or hypothetical framing was made explicit."
"s250","6","Fantasy/stories","Librarian Who Lent Books to Ghosts","verified-no-external-claims","explicit fiction or hypothetical scenario; checked for accidental real-person, event, numerical, medical, historical, and time-sensitive claims","","","2026-09-14","No external proposition required verification after the fiction or hypothetical framing was made explicit."
"s251","6","Fantasy/stories","Tinker Who Repaired Broken Hearts","verified-no-external-claims","explicit fiction or hypothetical scenario; checked for accidental real-person, event, numerical, medical, historical, and time-sensitive claims","","","2026-09-14","No external proposition required verification after the fiction or hypothetical framing was made explicit."
"s252","6","Fantasy/stories","The Gardener Who Grew Silence Into Roses","verified-no-external-claims","explicit fiction or hypothetical scenario; checked for accidental real-person, event, numerical, medical, historical, and time-sensitive claims","","","2026-09-14","No external proposition required verification after the fiction or hypothetical framing was made explicit."
"s253","7","Fantasy/stories","Weaver Who Stitched Together Torn Fates","verified-no-external-claims","explicit fiction or hypothetical scenario; checked for accidental real-person, event, numerical, medical, historical, and time-sensitive claims","","","2026-09-14","No external proposition required verification after the fiction or hypothetical framing was made explicit."
"s254","7","Fantasy/stories","Innkeeper's Wife Who Dreamed Other People's Dreams","verified-no-external-claims","explicit fiction or hypothetical scenario; checked for accidental real-person, event, numerical, medical, historical, and time-sensitive claims","","","2026-09-14","No external proposition required verification after the fiction or hypothetical framing was made explicit."
"s255","7","Fantasy/stories","The Cooper Who Barreled Up Bad Luck","verified-no-external-claims","explicit fiction or hypothetical scenario; checked for accidental real-person, event, numerical, medical, historical, and time-sensitive claims","","","2026-09-14","No external proposition required verification after the fiction or hypothetical framing was made explicit."
"s256","8","Fantasy/stories","Silversmith Who Melted Down Old Grudges","verified-no-external-claims","explicit fiction or hypothetical scenario; checked for accidental real-person, event, numerical, medical, historical, and time-sensitive claims","","","2026-09-14","No external proposition required verification after the fiction or hypothetical framing was made explicit."
"s257","8","Fantasy/stories","Midwife Who Delivered More Than Babies","verified-no-external-claims","explicit fiction or hypothetical scenario; checked for accidental real-person, event, numerical, medical, historical, and time-sensitive claims","","","2026-09-14","No external proposition required verification after the fiction or hypothetical framing was made explicit."
"s258","8","Fantasy/stories","The Ropemaker Who Braided Fortune and Misfortune Together","verified-no-external-claims","explicit fiction or hypothetical scenario; checked for accidental real-person, event, numerical, medical, historical, and time-sensitive claims","","","2026-09-14","No external proposition required verification after the fiction or hypothetical framing was made explicit."
"s259","5","Nature and animals","How Giraffes Control Blood Pressure","verified-against-authoritative-source","factual statements, mechanism, causal strength, terminology, and stated uncertainty","Mitchell and Skinner: How giraffes adapt to their extraordinary shape","https://doi.org/10.1111/j.1469-7998.2009.00614.x","2026-09-14","Rewritten around measurable blood-pressure regulation without claiming that giraffes never feel dizzy."
"s260","5","Nature and animals","Beetle That Rolls Its Dinner Uphill","verified-against-authoritative-source","factual statements, mechanism, causal strength, terminology, and stated uncertainty","Smithsonian's National Zoo & Conservation Biology Institute: Animals","https://nationalzoo.si.edu/animals","2026-09-14","Animal anatomy, behavior, life history, and species-level terminology."
"s261","5","Nature and animals","How Chameleons Really Change Color","verified-against-authoritative-source","factual statements, mechanism, causal strength, terminology, and stated uncertainty","U.S. Geological Survey: Animal Migration","https://www.usgs.gov/programs/ecosystems/science/animal-migration","2026-09-14","Migration, orientation, tracking evidence, and environmental limits."
"s262","6","Nature and animals","Fish That Lives Out of Water for Days","verified-against-authoritative-source","factual statements, mechanism, causal strength, terminology, and stated uncertainty","NOAA Ocean Service: Ocean Facts","https://oceanservice.noaa.gov/facts/","2026-09-14","Marine biology, ocean processes, and limits or qualifications attached to the claim."
"s263","6","Nature and animals","Bird That Steals Nests Instead of Building Them","verified-against-authoritative-source","factual statements, mechanism, causal strength, terminology, and stated uncertainty","Smithsonian's National Zoo & Conservation Biology Institute: Animals","https://nationalzoo.si.edu/animals","2026-09-14","Animal anatomy, behavior, life history, and species-level terminology."
"s264","6","Nature and animals","The Ant That Explodes to Protect Its Colony","verified-against-authoritative-source","factual statements, mechanism, causal strength, terminology, and stated uncertainty","Smithsonian's National Zoo & Conservation Biology Institute: Animals","https://nationalzoo.si.edu/animals","2026-09-14","Animal anatomy, behavior, life history, and species-level terminology."
"s265","7","Nature and animals","Mammal That Lays Eggs Instead of Giving Birth","verified-against-authoritative-source","factual statements, mechanism, causal strength, terminology, and stated uncertainty","Smithsonian's National Zoo & Conservation Biology Institute: Animals","https://nationalzoo.si.edu/animals","2026-09-14","Animal anatomy, behavior, life history, and species-level terminology."
"s266","7","Nature and animals","Fish That Uses Tools to Crack Shells","verified-against-authoritative-source","factual statements, mechanism, causal strength, terminology, and stated uncertainty","NOAA Ocean Service: Ocean Facts","https://oceanservice.noaa.gov/facts/","2026-09-14","Marine biology, ocean processes, and limits or qualifications attached to the claim."
"s267","7","Nature and animals","The Bird That Remembers Thousands of Hiding Spots","verified-against-authoritative-source","factual statements, mechanism, causal strength, terminology, and stated uncertainty","USDA Forest Service Research and Development","https://research.fs.usda.gov/","2026-09-14","Plant, forest, fungal, fire, and below-ground ecological processes."
"s268","8","Nature and animals","Deep-Sea Creature That Makes Its Own Light","verified-against-authoritative-source","factual statements, mechanism, causal strength, terminology, and stated uncertainty","NOAA Ocean Service: Ocean Facts","https://oceanservice.noaa.gov/facts/","2026-09-14","Marine biology, ocean processes, and limits or qualifications attached to the claim."
"s269","8","Nature and animals","Insect That Mimics a Leaf to Survive","verified-against-authoritative-source","factual statements, mechanism, causal strength, terminology, and stated uncertainty","USDA Forest Service Research and Development","https://research.fs.usda.gov/","2026-09-14","Plant, forest, fungal, fire, and below-ground ecological processes."
"s270","8","Nature and animals","How Newborn Mice Can Repair Heart Tissue","verified-against-authoritative-source","factual statements, mechanism, causal strength, terminology, and stated uncertainty","Porrello et al.: Transient regenerative potential of the neonatal mouse heart","https://doi.org/10.1126/science.1200708","2026-09-14","Title corrected to identify newborn mice and avoid implying that an adult mammal routinely regrows its heart."
"s271","5","World affairs","Town That Built a Playground Out of Old Boats","verified-no-external-claims","explicit fiction or hypothetical scenario; checked for accidental real-person, event, numerical, medical, historical, and time-sensitive claims","","","2026-09-14","No external proposition required verification after the fiction or hypothetical framing was made explicit."
"s272","5","World affairs","Village That Shares a Single Tractor","verified-no-external-claims","explicit fiction or hypothetical scenario; checked for accidental real-person, event, numerical, medical, historical, and time-sensitive claims","","","2026-09-14","No external proposition required verification after the fiction or hypothetical framing was made explicit."
"s273","6","World affairs","The City That Paints Its Crosswalks Like Rainbows","verified-no-external-claims","explicit fiction or hypothetical scenario; checked for accidental real-person, event, numerical, medical, historical, and time-sensitive claims","","","2026-09-14","No external proposition required verification after the fiction or hypothetical framing was made explicit."
"s274","6","World affairs","Country That Grows Its Own National Forest","verified-no-external-claims","explicit fiction or hypothetical scenario; checked for accidental real-person, event, numerical, medical, historical, and time-sensitive claims","","","2026-09-14","No external proposition required verification after the fiction or hypothetical framing was made explicit."
"s275","6","World affairs","Town That Turned Its Water Tower Into a Museum","verified-no-external-claims","explicit fiction or hypothetical scenario; checked for accidental real-person, event, numerical, medical, historical, and time-sensitive claims","","","2026-09-14","No external proposition required verification after the fiction or hypothetical framing was made explicit."
"s276","6","World affairs","The City That Lets Citizens Design Their Own Parks","verified-no-external-claims","explicit fiction or hypothetical scenario; checked for accidental real-person, event, numerical, medical, historical, and time-sensitive claims","","","2026-09-14","No external proposition required verification after the fiction or hypothetical framing was made explicit."
"s277","7","World affairs","Nation That Trains Farmers to Become Diplomats","verified-no-external-claims","explicit fiction or hypothetical scenario; checked for accidental real-person, event, numerical, medical, historical, and time-sensitive claims","","","2026-09-14","No external proposition required verification after the fiction or hypothetical framing was made explicit."
"s278","8","World affairs","Region That Shares a Single Power Grid Across Three Countries","verified-no-external-claims","explicit fiction or hypothetical scenario; checked for accidental real-person, event, numerical, medical, historical, and time-sensitive claims","","","2026-09-14","No external proposition required verification after the fiction or hypothetical framing was made explicit."
"s279","8","World affairs","The Nation That Negotiates Its Fishing Rights Every Season","verified-no-external-claims","explicit fiction or hypothetical scenario; checked for accidental real-person, event, numerical, medical, historical, and time-sensitive claims","","","2026-09-14","No external proposition required verification after the fiction or hypothetical framing was made explicit."
"s280","8","World affairs","Union of Towns That Shares One Fire Department","verified-no-external-claims","explicit fiction or hypothetical scenario; checked for accidental real-person, event, numerical, medical, historical, and time-sensitive claims","","","2026-09-14","No external proposition required verification after the fiction or hypothetical framing was made explicit."
"s281","8","World affairs","Nation That Publishes Its Government Budget as a Children's Book","verified-no-external-claims","explicit fiction or hypothetical scenario; checked for accidental real-person, event, numerical, medical, historical, and time-sensitive claims","","","2026-09-14","No external proposition required verification after the fiction or hypothetical framing was made explicit."
"s282","5","Everyday life","The Umbrella Stand That Became a Neighborhood Tradition","verified-no-external-claims","explicit fiction or hypothetical scenario; checked for accidental real-person, event, numerical, medical, historical, and time-sensitive claims","","","2026-09-14","No external proposition required verification after the fiction or hypothetical framing was made explicit."
"s283","5","Everyday life","Recipe Passed Down Through a Single Photograph","verified-no-external-claims","explicit fiction or hypothetical scenario; checked for accidental real-person, event, numerical, medical, historical, and time-sensitive claims","","","2026-09-14","No external proposition required verification after the fiction or hypothetical framing was made explicit."
"s284","5","Everyday life","Bench Where Strangers Became Regulars","verified-no-external-claims","explicit fiction or hypothetical scenario; checked for accidental real-person, event, numerical, medical, historical, and time-sensitive claims","","","2026-09-14","No external proposition required verification after the fiction or hypothetical framing was made explicit."
"s285","6","Everyday life","The Shared Toolbox in the Apartment Basement","verified-no-external-claims","explicit fiction or hypothetical scenario; checked for accidental real-person, event, numerical, medical, historical, and time-sensitive claims","","","2026-09-14","No external proposition required verification after the fiction or hypothetical framing was made explicit."
"s286","6","Everyday life","Coat Left at a Party for Years","verified-no-external-claims","explicit fiction or hypothetical scenario; checked for accidental real-person, event, numerical, medical, historical, and time-sensitive claims","","","2026-09-14","No external proposition required verification after the fiction or hypothetical framing was made explicit."
"s287","7","Everyday life","Piano No One in the Family Could Play","verified-no-external-claims","explicit fiction or hypothetical scenario; checked for accidental real-person, event, numerical, medical, historical, and time-sensitive claims","","","2026-09-14","No external proposition required verification after the fiction or hypothetical framing was made explicit."
"s288","7","Everyday life","The Attic Box Neither Sibling Wanted to Open","verified-no-external-claims","explicit fiction or hypothetical scenario; checked for accidental real-person, event, numerical, medical, historical, and time-sensitive claims","","","2026-09-14","No external proposition required verification after the fiction or hypothetical framing was made explicit."
"s289","7","Everyday life","Sunday Ritual That Survived a Divorce","verified-no-external-claims","explicit fiction or hypothetical scenario; checked for accidental real-person, event, numerical, medical, historical, and time-sensitive claims","","","2026-09-14","No external proposition required verification after the fiction or hypothetical framing was made explicit."
"s290","8","Everyday life","Handwriting That Outlived the Letter Writer","verified-no-external-claims","explicit fiction or hypothetical scenario; checked for accidental real-person, event, numerical, medical, historical, and time-sensitive claims","","","2026-09-14","No external proposition required verification after the fiction or hypothetical framing was made explicit."
"s291","8","Everyday life","The Garden Left Exactly as the Owner Had Planted It","verified-no-external-claims","explicit fiction or hypothetical scenario; checked for accidental real-person, event, numerical, medical, historical, and time-sensitive claims","","","2026-09-14","No external proposition required verification after the fiction or hypothetical framing was made explicit."
"s292","8","Everyday life","Silence Between Two Old Friends Who Never Apologized","verified-no-external-claims","explicit fiction or hypothetical scenario; checked for accidental real-person, event, numerical, medical, historical, and time-sensitive claims","","","2026-09-14","No external proposition required verification after the fiction or hypothetical framing was made explicit."
"s293","5","History","Fisherman Who Warned of a Coming Storm","verified-no-external-claims","explicit fiction or hypothetical scenario; checked for accidental real-person, event, numerical, medical, historical, and time-sensitive claims","","","2026-09-14","No external proposition required verification after the fiction or hypothetical framing was made explicit."
"s294","5","History","The Child Who Carried a Kingdom's Only Seed","verified-no-external-claims","explicit fiction or hypothetical scenario; checked for accidental real-person, event, numerical, medical, historical, and time-sensitive claims","","","2026-09-14","No external proposition required verification after the fiction or hypothetical framing was made explicit."
"s295","5","History","Innkeeper Who Hid a Fugitive Prince","verified-no-external-claims","explicit fiction or hypothetical scenario; checked for accidental real-person, event, numerical, medical, historical, and time-sensitive claims","","","2026-09-14","No external proposition required verification after the fiction or hypothetical framing was made explicit."
"s296","6","History","Toll Collector Who Refused a King's Coin","verified-no-external-claims","explicit fiction or hypothetical scenario; checked for accidental real-person, event, numerical, medical, historical, and time-sensitive claims","","","2026-09-14","No external proposition required verification after the fiction or hypothetical framing was made explicit."
"s297","6","History","The Widow Who Ran a Trading Post Alone","verified-no-external-claims","explicit fiction or hypothetical scenario; checked for accidental real-person, event, numerical, medical, historical, and time-sensitive claims","","","2026-09-14","No external proposition required verification after the fiction or hypothetical framing was made explicit."
"s298","6","History","Carpenter Who Built a Bridge in a Single Night","verified-no-external-claims","explicit fiction or hypothetical scenario; checked for accidental real-person, event, numerical, medical, historical, and time-sensitive claims","","","2026-09-14","No external proposition required verification after the fiction or hypothetical framing was made explicit."
"s299","7","History","Scholar Who Hid a Library in Plain Sight","verified-no-external-claims","explicit fiction or hypothetical scenario; checked for accidental real-person, event, numerical, medical, historical, and time-sensitive claims","","","2026-09-14","No external proposition required verification after the fiction or hypothetical framing was made explicit."
"s300","7","History","The Messenger Who Delivered News a Century Late","verified-no-external-claims","explicit fiction or hypothetical scenario; checked for accidental real-person, event, numerical, medical, historical, and time-sensitive claims","","","2026-09-14","No external proposition required verification after the fiction or hypothetical framing was made explicit."
"s301","7","History","Farmer Who Fed Both Sides of a War","verified-no-external-claims","explicit fiction or hypothetical scenario; checked for accidental real-person, event, numerical, medical, historical, and time-sensitive claims","","","2026-09-14","No external proposition required verification after the fiction or hypothetical framing was made explicit."
"s302","8","History","Ambassador Who Negotiated Peace With No Authority to Do So","verified-no-external-claims","explicit fiction or hypothetical scenario; checked for accidental real-person, event, numerical, medical, historical, and time-sensitive claims","","","2026-09-14","No external proposition required verification after the fiction or hypothetical framing was made explicit."
"s303","8","History","The Cartographer Who Mapped a Border That Kept Moving","verified-no-external-claims","explicit fiction or hypothetical scenario; checked for accidental real-person, event, numerical, medical, historical, and time-sensitive claims","","","2026-09-14","No external proposition required verification after the fiction or hypothetical framing was made explicit."
"s304","8","History","Scribe Who Recorded a History No One Wanted Told","verified-no-external-claims","explicit fiction or hypothetical scenario; checked for accidental real-person, event, numerical, medical, historical, and time-sensitive claims","","","2026-09-14","No external proposition required verification after the fiction or hypothetical framing was made explicit."
"s305","6","Everyday life","Umbrella Rack That Never Stayed the Same","verified-no-external-claims","explicit fiction or hypothetical scenario; checked for accidental real-person, event, numerical, medical, historical, and time-sensitive claims","","","2026-09-14","No external proposition required verification after the fiction or hypothetical framing was made explicit."
"s306","7","World affairs","The District That Elects Representatives by Random Selection","verified-no-external-claims","explicit fiction or hypothetical scenario; checked for accidental real-person, event, numerical, medical, historical, and time-sensitive claims","","","2026-09-14","No external proposition required verification after the fiction or hypothetical framing was made explicit."
"s307","5","Science","Why Ice Floats Instead of Sinking","verified-against-authoritative-source","factual statements, mechanism, causal strength, terminology, and stated uncertainty","NASA Science","https://science.nasa.gov/","2026-09-14","Astronomy, planetary science, measurement, and the distinction between evidence and inference."
"s308","5","Science","How Your Body Knows When to Sleep","verified-against-authoritative-source","factual statements, mechanism, causal strength, terminology, and stated uncertainty","National Institute of Neurological Disorders and Stroke","https://www.ninds.nih.gov/health-information","2026-09-14","Brain, sleep, memory, sensory systems, and appropriate uncertainty."
"s309","6","Science","Why Some Fruits Have Seeds and Others Don't","verified-against-authoritative-source","factual statements, mechanism, causal strength, terminology, and stated uncertainty","National Institutes of Health: Health Information","https://www.nih.gov/health-information","2026-09-14","Biology and health claims, mechanism, safety language, and research status."
"s310","6","Science","How Vaccines Teach the Body to Fight Back","verified-against-authoritative-source","factual statements, mechanism, causal strength, terminology, and stated uncertainty","National Institute of Neurological Disorders and Stroke","https://www.ninds.nih.gov/health-information","2026-09-14","Brain, sleep, memory, sensory systems, and appropriate uncertainty."
"s311","6","Science","Why Deserts Get So Cold at Night","verified-against-authoritative-source","factual statements, mechanism, causal strength, terminology, and stated uncertainty","NASA Science","https://science.nasa.gov/","2026-09-14","Astronomy, planetary science, measurement, and the distinction between evidence and inference."
"s312","6","Science","How Fireflies Make Light Without Heat","verified-against-authoritative-source","factual statements, mechanism, causal strength, terminology, and stated uncertainty","U.S. National Park Service: Fireflies","https://www.nps.gov/articles/000/fireflies.htm","2026-09-14","Removed an unnecessary near-perfect efficiency number while retaining low-heat bioluminescence and signaling."
"s313","7","Science","Reason Muscles Get Sore After Exercise","verified-against-authoritative-source","factual statements, mechanism, causal strength, terminology, and stated uncertainty","National Institutes of Health: Health Information","https://www.nih.gov/health-information","2026-09-14","Biology and health claims, mechanism, safety language, and research status."
"s314","7","Science","Why a New Language Can Feel More Difficult","verified-against-authoritative-source","factual statements, mechanism, causal strength, terminology, and stated uncertainty","Hartshorne et al.: A critical period for second language acquisition","https://doi.org/10.1016/j.cognition.2018.04.007","2026-09-14","Rewritten to remove fixed-brain language claims and distinguish accent, proficiency, experience, and learning conditions."
"s315","7","Science","Why Yawning Can Be Contagious","verified-against-authoritative-source","factual statements, mechanism, causal strength, terminology, and stated uncertainty","A Neural Basis for Contagious Yawning","https://pubmed.ncbi.nlm.nih.gov/28806799/","2026-09-14","Rewritten to present empathy as one disputed proposal and to reject yawning as an empathy test."
"s316","8","Science","Why Old Books Have a Distinctive Smell","verified-against-authoritative-source","factual statements, mechanism, causal strength, terminology, and stated uncertainty","Strlič et al.: Material Degradomics—On the Smell of Old Books","https://doi.org/10.1021/ac9016049","2026-09-14","Removed the claim that smell alone reliably identifies exact age or geographic origin."
"s317","8","Science","Physics Behind Why Mirrors Reverse Left and Right But Not Up and Down","verified-against-authoritative-source","factual statements, mechanism, causal strength, terminology, and stated uncertainty","NASA Science","https://science.nasa.gov/","2026-09-14","Astronomy, planetary science, measurement, and the distinction between evidence and inference."
"s318","8","Science","Why Some People Are Exceptional at Recognizing Faces","verified-against-authoritative-source","factual statements, mechanism, causal strength, terminology, and stated uncertainty","Ramon et al.: Super-recognisers—a novel diagnostic framework","https://doi.org/10.1111/bjop.12332","2026-09-14","Rewritten to require multiple tests, avoid a single brain signature, and state operational error limits."
"s319","5","Famous books","A Rescue During the Journey","verified-against-primary-text","characters, sequence, principal action, outcome, and source-work attribution","Project Gutenberg: Around the World in Eighty Days","https://www.gutenberg.org/ebooks/103","2026-09-14","Primary-text comparison of characters, sequence, principal action, outcome, and source-work attribution."
"s320","5","Famous books","The Journey Down the Volcano","verified-against-primary-text","characters, sequence, principal action, outcome, and source-work attribution","Project Gutenberg: Journey to the Center of the Earth","https://www.gutenberg.org/ebooks/18857","2026-09-14","Primary-text comparison of characters, sequence, principal action, outcome, and source-work attribution."
"s321","5","Famous books","The Underground Sea","verified-against-primary-text","characters, sequence, principal action, outcome, and source-work attribution","Project Gutenberg: Journey to the Center of the Earth","https://www.gutenberg.org/ebooks/18857","2026-09-14","Primary-text comparison of characters, sequence, principal action, outcome, and source-work attribution."
"s322","6","Famous books","Oliver Asks for More","verified-against-primary-text","characters, sequence, principal action, outcome, and source-work attribution","Project Gutenberg: Oliver Twist","https://www.gutenberg.org/ebooks/730","2026-09-14","Primary-text comparison of characters, sequence, principal action, outcome, and source-work attribution."
"s323","6","Famous books","Oliver Enters Fagin's London","verified-against-primary-text","characters, sequence, principal action, outcome, and source-work attribution","Project Gutenberg: Oliver Twist","https://www.gutenberg.org/ebooks/730","2026-09-14","Primary-text comparison of characters, sequence, principal action, outcome, and source-work attribution."
"s324","6","Famous books","Nancy Makes Her Choice","verified-against-primary-text","characters, sequence, principal action, outcome, and source-work attribution","Project Gutenberg: Oliver Twist","https://www.gutenberg.org/ebooks/730","2026-09-14","Primary-text comparison of characters, sequence, principal action, outcome, and source-work attribution."
"s325","7","Famous books","Ishmael Meets Queequeg","verified-against-primary-text","characters, sequence, principal action, outcome, and source-work attribution","Project Gutenberg: Moby-Dick","https://www.gutenberg.org/ebooks/2701","2026-09-14","Primary-text comparison of characters, sequence, principal action, outcome, and source-work attribution."
"s326","8","Famous books","Hester Stands on the Scaffold","verified-against-primary-text","characters, sequence, principal action, outcome, and source-work attribution","Project Gutenberg: The Scarlet Letter","https://www.gutenberg.org/ebooks/33","2026-09-14","Primary-text comparison of characters, sequence, principal action, outcome, and source-work attribution."
"s327","7","Famous books","Captain Ahab and the White Whale","verified-against-primary-text","characters, sequence, principal action, outcome, and source-work attribution","Project Gutenberg: Moby-Dick","https://www.gutenberg.org/ebooks/2701","2026-09-14","Primary-text comparison of characters, sequence, principal action, outcome, and source-work attribution."
"s328","8","Famous books","Dimmesdale Keeps His Secret","verified-against-primary-text","characters, sequence, principal action, outcome, and source-work attribution","Project Gutenberg: The Scarlet Letter","https://www.gutenberg.org/ebooks/33","2026-09-14","Primary-text comparison of characters, sequence, principal action, outcome, and source-work attribution."
"s329","8","Famous books","The Final Confession","verified-against-primary-text","characters, sequence, principal action, outcome, and source-work attribution","Project Gutenberg: The Scarlet Letter","https://www.gutenberg.org/ebooks/33","2026-09-14","Primary-text comparison of characters, sequence, principal action, outcome, and source-work attribution."
"s330","8","Famous books","The Count Returns to Paris","verified-against-primary-text","characters, sequence, principal action, outcome, and source-work attribution","Project Gutenberg: The Count of Monte Cristo","https://www.gutenberg.org/ebooks/1184","2026-09-14","Primary-text comparison of characters, sequence, principal action, outcome, and source-work attribution."
"s331","1","Fantasy/stories","A Small Dog and a Big Star","verified-no-external-claims","explicit fiction or hypothetical scenario; checked for accidental real-person, event, numerical, medical, historical, and time-sensitive claims","","","2026-09-14","No external proposition required verification after the fiction or hypothetical framing was made explicit."
"s332","1","Fantasy/stories","Little Boat","verified-no-external-claims","explicit fiction or hypothetical scenario; checked for accidental real-person, event, numerical, medical, historical, and time-sensitive claims","","","2026-09-14","No external proposition required verification after the fiction or hypothetical framing was made explicit."
"s333","1","Fantasy/stories","A Girl and Her Cat","verified-no-external-claims","explicit fiction or hypothetical scenario; checked for accidental real-person, event, numerical, medical, historical, and time-sensitive claims","","","2026-09-14","No external proposition required verification after the fiction or hypothetical framing was made explicit."
"s334","2","Fantasy/stories","Magic Hat","verified-no-external-claims","explicit fiction or hypothetical scenario; checked for accidental real-person, event, numerical, medical, historical, and time-sensitive claims","","","2026-09-14","No external proposition required verification after the fiction or hypothetical framing was made explicit."
"s335","2","Fantasy/stories","A Friend in the Tree","verified-no-external-claims","explicit fiction or hypothetical scenario; checked for accidental real-person, event, numerical, medical, historical, and time-sensitive claims","","","2026-09-14","No external proposition required verification after the fiction or hypothetical framing was made explicit."
"s336","2","Fantasy/stories","The Little King","verified-no-external-claims","explicit fiction or hypothetical scenario; checked for accidental real-person, event, numerical, medical, historical, and time-sensitive claims","","","2026-09-14","No external proposition required verification after the fiction or hypothetical framing was made explicit."
"s337","3","Fantasy/stories","Boy and the Talking Fish","verified-no-external-claims","explicit fiction or hypothetical scenario; checked for accidental real-person, event, numerical, medical, historical, and time-sensitive claims","","","2026-09-14","No external proposition required verification after the fiction or hypothetical framing was made explicit."
"s338","3","Fantasy/stories","A New Friend at the Lake","verified-no-external-claims","explicit fiction or hypothetical scenario; checked for accidental real-person, event, numerical, medical, historical, and time-sensitive claims","","","2026-09-14","No external proposition required verification after the fiction or hypothetical framing was made explicit."
"s339","3","Fantasy/stories","The Small Dragon","verified-no-external-claims","explicit fiction or hypothetical scenario; checked for accidental real-person, event, numerical, medical, historical, and time-sensitive claims","","","2026-09-14","No external proposition required verification after the fiction or hypothetical framing was made explicit."
"s340","4","Fantasy/stories","Girl Who Found a Map","verified-no-external-claims","explicit fiction or hypothetical scenario; checked for accidental real-person, event, numerical, medical, historical, and time-sensitive claims","","","2026-09-14","No external proposition required verification after the fiction or hypothetical framing was made explicit."
"s341","4","Fantasy/stories","Old Wizard's Garden","verified-no-external-claims","explicit fiction or hypothetical scenario; checked for accidental real-person, event, numerical, medical, historical, and time-sensitive claims","","","2026-09-14","No external proposition required verification after the fiction or hypothetical framing was made explicit."
"s342","4","Fantasy/stories","A Night in the Forest","verified-no-external-claims","explicit fiction or hypothetical scenario; checked for accidental real-person, event, numerical, medical, historical, and time-sensitive claims","","","2026-09-14","No external proposition required verification after the fiction or hypothetical framing was made explicit."
"s343","1","Nature and animals","Cat Sleeps","verified-against-authoritative-source","factual statements, mechanism, causal strength, terminology, and stated uncertainty","Smithsonian's National Zoo & Conservation Biology Institute: Animals","https://nationalzoo.si.edu/animals","2026-09-14","Animal anatomy, behavior, life history, and species-level terminology."
"s344","1","Nature and animals","A Big Fish","verified-against-authoritative-source","factual statements, mechanism, causal strength, terminology, and stated uncertainty","NOAA Ocean Service: Ocean Facts","https://oceanservice.noaa.gov/facts/","2026-09-14","Marine biology, ocean processes, and limits or qualifications attached to the claim."
"s345","1","Nature and animals","Birds in the Sky","verified-against-authoritative-source","factual statements, mechanism, causal strength, terminology, and stated uncertainty","USDA Forest Service Research and Development","https://research.fs.usda.gov/","2026-09-14","Plant, forest, fungal, fire, and below-ground ecological processes."
"s346","2","Nature and animals","Dog and the Ball","verified-against-authoritative-source","factual statements, mechanism, causal strength, terminology, and stated uncertainty","USDA Forest Service Research and Development","https://research.fs.usda.gov/","2026-09-14","Plant, forest, fungal, fire, and below-ground ecological processes."
"s347","2","Nature and animals","Ants Work Together","verified-against-authoritative-source","factual statements, mechanism, causal strength, terminology, and stated uncertainty","USDA Forest Service Research and Development","https://research.fs.usda.gov/","2026-09-14","Plant, forest, fungal, fire, and below-ground ecological processes."
"s348","2","Nature and animals","A Bee and a Flower","verified-against-authoritative-source","factual statements, mechanism, causal strength, terminology, and stated uncertainty","USDA Forest Service Research and Development","https://research.fs.usda.gov/","2026-09-14","Plant, forest, fungal, fire, and below-ground ecological processes."
"s349","3","Nature and animals","How Birds Build Nests","verified-against-authoritative-source","factual statements, mechanism, causal strength, terminology, and stated uncertainty","USDA Forest Service Research and Development","https://research.fs.usda.gov/","2026-09-14","Plant, forest, fungal, fire, and below-ground ecological processes."
"s350","3","Nature and animals","Fast Rabbit","verified-against-authoritative-source","factual statements, mechanism, causal strength, terminology, and stated uncertainty","USDA Forest Service Research and Development","https://research.fs.usda.gov/","2026-09-14","Plant, forest, fungal, fire, and below-ground ecological processes."
"s351","3","Nature and animals","A Day at the Farm","verified-against-authoritative-source","factual statements, mechanism, causal strength, terminology, and stated uncertainty","Smithsonian's National Zoo & Conservation Biology Institute: Animals","https://nationalzoo.si.edu/animals","2026-09-14","Animal anatomy, behavior, life history, and species-level terminology."
"s352","4","Nature and animals","Why Owls Hunt at Night","verified-against-authoritative-source","factual statements, mechanism, causal strength, terminology, and stated uncertainty","U.S. National Park Service: Nature & Science","https://www.nps.gov/subjects/nnlandmarks/naturescience.htm","2026-09-14","Ecosystem processes, conservation context, and multi-cause cautions."
"s353","4","Nature and animals","Bear and the River","verified-against-authoritative-source","factual statements, mechanism, causal strength, terminology, and stated uncertainty","NOAA Ocean Service: Ocean Facts","https://oceanservice.noaa.gov/facts/","2026-09-14","Marine biology, ocean processes, and limits or qualifications attached to the claim."
"s354","4","Nature and animals","How Fish Breathe","verified-against-authoritative-source","factual statements, mechanism, causal strength, terminology, and stated uncertainty","NOAA Ocean Service: Ocean Facts","https://oceanservice.noaa.gov/facts/","2026-09-14","Marine biology, ocean processes, and limits or qualifications attached to the claim."
"s355","1","World affairs","A New School","verified-no-external-claims","explicit fiction or hypothetical scenario; checked for accidental real-person, event, numerical, medical, historical, and time-sensitive claims","","","2026-09-14","No external proposition required verification after the fiction or hypothetical framing was made explicit."
"s356","1","World affairs","Big City","verified-no-external-claims","explicit fiction or hypothetical scenario; checked for accidental real-person, event, numerical, medical, historical, and time-sensitive claims","","","2026-09-14","No external proposition required verification after the fiction or hypothetical framing was made explicit."
"s357","1","World affairs","People Help Each Other","verified-no-external-claims","explicit fiction or hypothetical scenario; checked for accidental real-person, event, numerical, medical, historical, and time-sensitive claims","","","2026-09-14","No external proposition required verification after the fiction or hypothetical framing was made explicit."
"s358","2","World affairs","A Town by the Sea","verified-no-external-claims","explicit fiction or hypothetical scenario; checked for accidental real-person, event, numerical, medical, historical, and time-sensitive claims","","","2026-09-14","No external proposition required verification after the fiction or hypothetical framing was made explicit."
"s359","2","World affairs","Market Day","verified-no-external-claims","explicit fiction or hypothetical scenario; checked for accidental real-person, event, numerical, medical, historical, and time-sensitive claims","","","2026-09-14","No external proposition required verification after the fiction or hypothetical framing was made explicit."
"s360","2","World affairs","New Neighbors","verified-no-external-claims","explicit fiction or hypothetical scenario; checked for accidental real-person, event, numerical, medical, historical, and time-sensitive claims","","","2026-09-14","No external proposition required verification after the fiction or hypothetical framing was made explicit."
"s361","3","World affairs","A School for Everyone","verified-no-external-claims","explicit fiction or hypothetical scenario; checked for accidental real-person, event, numerical, medical, historical, and time-sensitive claims","","","2026-09-14","No external proposition required verification after the fiction or hypothetical framing was made explicit."
"s362","3","World affairs","Clean River Project","verified-no-external-claims","explicit fiction or hypothetical scenario; checked for accidental real-person, event, numerical, medical, historical, and time-sensitive claims","","","2026-09-14","No external proposition required verification after the fiction or hypothetical framing was made explicit."
"s363","3","World affairs","A Small Farm Grows Big","verified-no-external-claims","explicit fiction or hypothetical scenario; checked for accidental real-person, event, numerical, medical, historical, and time-sensitive claims","","","2026-09-14","No external proposition required verification after the fiction or hypothetical framing was made explicit."
"s364","4","World affairs","How a Town Built a Park","verified-no-external-claims","explicit fiction or hypothetical scenario; checked for accidental real-person, event, numerical, medical, historical, and time-sensitive claims","","","2026-09-14","No external proposition required verification after the fiction or hypothetical framing was made explicit."
"s365","4","World affairs","Bridge Between Two Villages","verified-no-external-claims","explicit fiction or hypothetical scenario; checked for accidental real-person, event, numerical, medical, historical, and time-sensitive claims","","","2026-09-14","No external proposition required verification after the fiction or hypothetical framing was made explicit."
"s366","4","World affairs","A Country Learns to Share","verified-no-external-claims","explicit fiction or hypothetical scenario; checked for accidental real-person, event, numerical, medical, historical, and time-sensitive claims","","","2026-09-14","No external proposition required verification after the fiction or hypothetical framing was made explicit."
"s367","1","Everyday life","My Day","verified-no-external-claims","explicit fiction or hypothetical scenario; checked for accidental real-person, event, numerical, medical, historical, and time-sensitive claims","","","2026-09-14","No external proposition required verification after the fiction or hypothetical framing was made explicit."
"s368","1","Everyday life","A Cup of Tea","verified-no-external-claims","explicit fiction or hypothetical scenario; checked for accidental real-person, event, numerical, medical, historical, and time-sensitive claims","","","2026-09-14","No external proposition required verification after the fiction or hypothetical framing was made explicit."
"s369","1","Everyday life","The Red Umbrella","verified-no-external-claims","explicit fiction or hypothetical scenario; checked for accidental real-person, event, numerical, medical, historical, and time-sensitive claims","","","2026-09-14","No external proposition required verification after the fiction or hypothetical framing was made explicit."
"s370","2","Everyday life","A Walk in the Park","verified-no-external-claims","explicit fiction or hypothetical scenario; checked for accidental real-person, event, numerical, medical, historical, and time-sensitive claims","","","2026-09-14","No external proposition required verification after the fiction or hypothetical framing was made explicit."
"s371","2","Everyday life","Making Dinner","verified-no-external-claims","explicit fiction or hypothetical scenario; checked for accidental real-person, event, numerical, medical, historical, and time-sensitive claims","","","2026-09-14","No external proposition required verification after the fiction or hypothetical framing was made explicit."
"s372","2","Everyday life","The Lost Key","verified-no-external-claims","explicit fiction or hypothetical scenario; checked for accidental real-person, event, numerical, medical, historical, and time-sensitive claims","","","2026-09-14","No external proposition required verification after the fiction or hypothetical framing was made explicit."
"s373","3","Everyday life","A Trip to the Store","verified-no-external-claims","explicit fiction or hypothetical scenario; checked for accidental real-person, event, numerical, medical, historical, and time-sensitive claims","","","2026-09-14","No external proposition required verification after the fiction or hypothetical framing was made explicit."
"s374","3","Everyday life","New Neighbor","verified-no-external-claims","explicit fiction or hypothetical scenario; checked for accidental real-person, event, numerical, medical, historical, and time-sensitive claims","","","2026-09-14","No external proposition required verification after the fiction or hypothetical framing was made explicit."
"s375","3","Everyday life","A Rainy Day at Home","verified-no-external-claims","explicit fiction or hypothetical scenario; checked for accidental real-person, event, numerical, medical, historical, and time-sensitive claims","","","2026-09-14","No external proposition required verification after the fiction or hypothetical framing was made explicit."
"s376","4","Everyday life","Old Photo Album","verified-no-external-claims","explicit fiction or hypothetical scenario; checked for accidental real-person, event, numerical, medical, historical, and time-sensitive claims","","","2026-09-14","No external proposition required verification after the fiction or hypothetical framing was made explicit."
"s377","4","Everyday life","A Birthday Surprise","verified-no-external-claims","explicit fiction or hypothetical scenario; checked for accidental real-person, event, numerical, medical, historical, and time-sensitive claims","","","2026-09-14","No external proposition required verification after the fiction or hypothetical framing was made explicit."
"s378","4","Everyday life","Learning to Cook","verified-no-external-claims","explicit fiction or hypothetical scenario; checked for accidental real-person, event, numerical, medical, historical, and time-sensitive claims","","","2026-09-14","No external proposition required verification after the fiction or hypothetical framing was made explicit."
"s379","1","History","An Old House","verified-no-external-claims","explicit fiction or hypothetical scenario; checked for accidental real-person, event, numerical, medical, historical, and time-sensitive claims","","","2026-09-14","No external proposition required verification after the fiction or hypothetical framing was made explicit."
"s380","1","History","First King","verified-no-external-claims","explicit fiction or hypothetical scenario; checked for accidental real-person, event, numerical, medical, historical, and time-sensitive claims","","","2026-09-14","No external proposition required verification after the fiction or hypothetical framing was made explicit."
"s381","1","History","A Long Trip","verified-no-external-claims","explicit fiction or hypothetical scenario; checked for accidental real-person, event, numerical, medical, historical, and time-sensitive claims","","","2026-09-14","No external proposition required verification after the fiction or hypothetical framing was made explicit."
"s382","2","History","Old Bridge","verified-no-external-claims","explicit fiction or hypothetical scenario; checked for accidental real-person, event, numerical, medical, historical, and time-sensitive claims","","","2026-09-14","No external proposition required verification after the fiction or hypothetical framing was made explicit."
"s383","2","History","A Small Village Long Ago","verified-no-external-claims","explicit fiction or hypothetical scenario; checked for accidental real-person, event, numerical, medical, historical, and time-sensitive claims","","","2026-09-14","No external proposition required verification after the fiction or hypothetical framing was made explicit."
"s384","2","History","The First Train","verified-no-external-claims","explicit fiction or hypothetical scenario; checked for accidental real-person, event, numerical, medical, historical, and time-sensitive claims","","","2026-09-14","No external proposition required verification after the fiction or hypothetical framing was made explicit."
"s385","4","History","Girl Who Built a Boat","verified-no-external-claims","explicit fiction or hypothetical scenario; checked for accidental real-person, event, numerical, medical, historical, and time-sensitive claims","","","2026-09-14","No external proposition required verification after the fiction or hypothetical framing was made explicit."
"s386","3","History","A King and His People","verified-no-external-claims","explicit fiction or hypothetical scenario; checked for accidental real-person, event, numerical, medical, historical, and time-sensitive claims","","","2026-09-14","No external proposition required verification after the fiction or hypothetical framing was made explicit."
"s387","4","History","The Old Market Town","verified-no-external-claims","explicit fiction or hypothetical scenario; checked for accidental real-person, event, numerical, medical, historical, and time-sensitive claims","","","2026-09-14","No external proposition required verification after the fiction or hypothetical framing was made explicit."
"s388","5","History","Village by the River","verified-no-external-claims","explicit fiction or hypothetical scenario; checked for accidental real-person, event, numerical, medical, historical, and time-sensitive claims","","","2026-09-14","No external proposition required verification after the fiction or hypothetical framing was made explicit."
"s389","4","History","How the Town Got Its Name","verified-no-external-claims","explicit fiction or hypothetical scenario; checked for accidental real-person, event, numerical, medical, historical, and time-sensitive claims","","","2026-09-14","No external proposition required verification after the fiction or hypothetical framing was made explicit."
"s390","5","History","A Letter From Long Ago","verified-no-external-claims","explicit fiction or hypothetical scenario; checked for accidental real-person, event, numerical, medical, historical, and time-sensitive claims","","","2026-09-14","No external proposition required verification after the fiction or hypothetical framing was made explicit."
"s391","1","Science","Water and Ice","verified-against-authoritative-source","factual statements, mechanism, causal strength, terminology, and stated uncertainty","U.S. Geological Survey: Science Explorer","https://www.usgs.gov/science/science-explorer","2026-09-14","Earth systems, water, geology, hazards, and physical processes."
"s392","1","Science","Sun Is Hot","verified-against-authoritative-source","factual statements, mechanism, causal strength, terminology, and stated uncertainty","NASA Science","https://science.nasa.gov/","2026-09-14","Astronomy, planetary science, measurement, and the distinction between evidence and inference."
"s393","1","Science","Plants Need Water","verified-against-authoritative-source","factual statements, mechanism, causal strength, terminology, and stated uncertainty","U.S. Geological Survey: Science Explorer","https://www.usgs.gov/science/science-explorer","2026-09-14","Earth systems, water, geology, hazards, and physical processes."
"s394","2","Science","Why We Sleep","verified-against-authoritative-source","factual statements, mechanism, causal strength, terminology, and stated uncertainty","National Institute of Neurological Disorders and Stroke","https://www.ninds.nih.gov/health-information","2026-09-14","Brain, sleep, memory, sensory systems, and appropriate uncertainty."
"s395","2","Science","How Rain Falls","verified-against-authoritative-source","factual statements, mechanism, causal strength, terminology, and stated uncertainty","U.S. Geological Survey: Science Explorer","https://www.usgs.gov/science/science-explorer","2026-09-14","Earth systems, water, geology, hazards, and physical processes."
"s396","2","Science","Why Leaves Fall","verified-against-authoritative-source","factual statements, mechanism, causal strength, terminology, and stated uncertainty","NASA Science","https://science.nasa.gov/","2026-09-14","Astronomy, planetary science, measurement, and the distinction between evidence and inference."
"s397","3","Science","How Plants Grow","verified-against-authoritative-source","factual statements, mechanism, causal strength, terminology, and stated uncertainty","NASA Science","https://science.nasa.gov/","2026-09-14","Astronomy, planetary science, measurement, and the distinction between evidence and inference."
"s398","3","Science","Why the Moon Changes","verified-against-authoritative-source","factual statements, mechanism, causal strength, terminology, and stated uncertainty","NASA Science","https://science.nasa.gov/","2026-09-14","Astronomy, planetary science, measurement, and the distinction between evidence and inference."
"s399","3","Science","How We Hear Sounds","verified-against-authoritative-source","factual statements, mechanism, causal strength, terminology, and stated uncertainty","National Institute of Neurological Disorders and Stroke","https://www.ninds.nih.gov/health-information","2026-09-14","Brain, sleep, memory, sensory systems, and appropriate uncertainty."
"s400","4","Science","Why the Sky Is Blue","verified-against-authoritative-source","factual statements, mechanism, causal strength, terminology, and stated uncertainty","NASA Science","https://science.nasa.gov/","2026-09-14","Astronomy, planetary science, measurement, and the distinction between evidence and inference."
"s401","4","Science","How Bees Make Honey","verified-against-authoritative-source","factual statements, mechanism, causal strength, terminology, and stated uncertainty","NASA Science","https://science.nasa.gov/","2026-09-14","Astronomy, planetary science, measurement, and the distinction between evidence and inference."
"s402","4","Science","Why We Need to Eat","verified-against-authoritative-source","factual statements, mechanism, causal strength, terminology, and stated uncertainty","National Institute of Neurological Disorders and Stroke","https://www.ninds.nih.gov/health-information","2026-09-14","Brain, sleep, memory, sensory systems, and appropriate uncertainty."
"s403","1","Famous books","The Lion and the Mouse","verified-against-primary-text","characters, sequence, principal action, outcome, and source-work attribution","Project Gutenberg: The Lion and the Mouse","https://www.gutenberg.org/ebooks/11339","2026-09-14","Primary-text comparison of characters, sequence, principal action, outcome, and source-work attribution."
"s404","1","Famous books","The Tortoise and the Hare","verified-against-primary-text","characters, sequence, principal action, outcome, and source-work attribution","Project Gutenberg: The Tortoise and the Hare","https://www.gutenberg.org/ebooks/11339","2026-09-14","Primary-text comparison of characters, sequence, principal action, outcome, and source-work attribution."
"s405","1","Famous books","The Boy Who Cried Wolf","verified-against-primary-text","characters, sequence, principal action, outcome, and source-work attribution","Project Gutenberg: The Boy Who Cried Wolf","https://www.gutenberg.org/ebooks/11339","2026-09-14","Primary-text comparison of characters, sequence, principal action, outcome, and source-work attribution."
"s406","2","Famous books","The Ant and the Grasshopper","verified-against-primary-text","characters, sequence, principal action, outcome, and source-work attribution","Project Gutenberg: The Ant and the Grasshopper","https://www.gutenberg.org/ebooks/11339","2026-09-14","Primary-text comparison of characters, sequence, principal action, outcome, and source-work attribution."
"s407","3","Famous books","Cinderella Goes to the Ball","verified-against-primary-text","characters, sequence, principal action, outcome, and source-work attribution","Project Gutenberg: Cinderella","https://www.gutenberg.org/ebooks/2591","2026-09-14","Primary-text comparison of characters, sequence, principal action, outcome, and source-work attribution."
"s408","2","Famous books","The Town Mouse and the Country Mouse","verified-against-primary-text","characters, sequence, principal action, outcome, and source-work attribution","Project Gutenberg: The Town Mouse and the Country Mouse","https://www.gutenberg.org/ebooks/11339","2026-09-14","Primary-text comparison of characters, sequence, principal action, outcome, and source-work attribution."
"s409","3","Famous books","Rapunzel in the Tower","verified-against-primary-text","characters, sequence, principal action, outcome, and source-work attribution","Project Gutenberg: Rapunzel","https://www.gutenberg.org/ebooks/2591","2026-09-14","Primary-text comparison of characters, sequence, principal action, outcome, and source-work attribution."
"s410","3","Famous books","Snow White Finds a Small House","verified-against-primary-text","characters, sequence, principal action, outcome, and source-work attribution","Project Gutenberg: Snow White","https://www.gutenberg.org/ebooks/2591","2026-09-14","Primary-text comparison of characters, sequence, principal action, outcome, and source-work attribution."
"s411","3","Famous books","Alice Follows the White Rabbit","verified-against-primary-text","characters, sequence, principal action, outcome, and source-work attribution","Project Gutenberg: Alice's Adventures in Wonderland","https://www.gutenberg.org/ebooks/11","2026-09-14","Primary-text comparison of characters, sequence, principal action, outcome, and source-work attribution."
"s412","4","Famous books","Alice at the Mad Tea Party","verified-against-primary-text","characters, sequence, principal action, outcome, and source-work attribution","Project Gutenberg: Alice's Adventures in Wonderland","https://www.gutenberg.org/ebooks/11","2026-09-14","Primary-text comparison of characters, sequence, principal action, outcome, and source-work attribution."
"s413","4","Famous books","Alice Plays Croquet with the Queen","verified-against-primary-text","characters, sequence, principal action, outcome, and source-work attribution","Project Gutenberg: Alice's Adventures in Wonderland","https://www.gutenberg.org/ebooks/11","2026-09-14","Primary-text comparison of characters, sequence, principal action, outcome, and source-work attribution."
"s414","4","Famous books","Alice Meets the Cheshire Cat","verified-against-primary-text","characters, sequence, principal action, outcome, and source-work attribution","Project Gutenberg: Alice's Adventures in Wonderland","https://www.gutenberg.org/ebooks/11","2026-09-14","Primary-text comparison of characters, sequence, principal action, outcome, and source-work attribution."
"s415","1","Fantasy/stories","A Small Light in the Dark","verified-no-external-claims","explicit fiction or hypothetical scenario; checked for accidental real-person, event, numerical, medical, historical, and time-sensitive claims","","","2026-09-14","No external proposition required verification after the fiction or hypothetical framing was made explicit."
"s416","2","Fantasy/stories","Singing Well","verified-no-external-claims","explicit fiction or hypothetical scenario; checked for accidental real-person, event, numerical, medical, historical, and time-sensitive claims","","","2026-09-14","No external proposition required verification after the fiction or hypothetical framing was made explicit."
"s417","3","Fantasy/stories","A Cloud That Followed a Boy","verified-no-external-claims","explicit fiction or hypothetical scenario; checked for accidental real-person, event, numerical, medical, historical, and time-sensitive claims","","","2026-09-14","No external proposition required verification after the fiction or hypothetical framing was made explicit."
"s418","4","Fantasy/stories","Painter Who Used Real Colors","verified-no-external-claims","explicit fiction or hypothetical scenario; checked for accidental real-person, event, numerical, medical, historical, and time-sensitive claims","","","2026-09-14","No external proposition required verification after the fiction or hypothetical framing was made explicit."
"s419","5","Fantasy/stories","Clockwork Sparrow","verified-no-external-claims","explicit fiction or hypothetical scenario; checked for accidental real-person, event, numerical, medical, historical, and time-sensitive claims","","","2026-09-14","No external proposition required verification after the fiction or hypothetical framing was made explicit."
"s420","6","Fantasy/stories","The Baker's Invisible Cat","verified-no-external-claims","explicit fiction or hypothetical scenario; checked for accidental real-person, event, numerical, medical, historical, and time-sensitive claims","","","2026-09-14","No external proposition required verification after the fiction or hypothetical framing was made explicit."
"s421","7","Fantasy/stories","Violinist Who Played for Trees","verified-no-external-claims","explicit fiction or hypothetical scenario; checked for accidental real-person, event, numerical, medical, historical, and time-sensitive claims","","","2026-09-14","No external proposition required verification after the fiction or hypothetical framing was made explicit."
"s422","8","Fantasy/stories","Cartographer's Missing Street","verified-no-external-claims","explicit fiction or hypothetical scenario; checked for accidental real-person, event, numerical, medical, historical, and time-sensitive claims","","","2026-09-14","No external proposition required verification after the fiction or hypothetical framing was made explicit."
"s423","9","Fantasy/stories","The Alchemist's Borrowed Shadow","verified-no-external-claims","explicit fiction or hypothetical scenario; checked for accidental real-person, event, numerical, medical, historical, and time-sensitive claims","","","2026-09-14","No external proposition required verification after the fiction or hypothetical framing was made explicit."
"s424","10","Fantasy/stories","Loom That Wove Forgotten Names","verified-no-external-claims","explicit fiction or hypothetical scenario; checked for accidental real-person, event, numerical, medical, historical, and time-sensitive claims","","","2026-09-14","No external proposition required verification after the fiction or hypothetical framing was made explicit."
"s425","1","Nature and animals","A Frog in the Pond","verified-against-authoritative-source","factual statements, mechanism, causal strength, terminology, and stated uncertainty","Smithsonian's National Zoo & Conservation Biology Institute: Animals","https://nationalzoo.si.edu/animals","2026-09-14","Animal anatomy, behavior, life history, and species-level terminology."
"s426","2","Nature and animals","The Busy Squirrel","verified-against-authoritative-source","factual statements, mechanism, causal strength, terminology, and stated uncertainty","USDA Forest Service Research and Development","https://research.fs.usda.gov/","2026-09-14","Plant, forest, fungal, fire, and below-ground ecological processes."
"s427","3","Nature and animals","How Snails Move","verified-against-authoritative-source","factual statements, mechanism, causal strength, terminology, and stated uncertainty","Smithsonian's National Zoo & Conservation Biology Institute: Animals","https://nationalzoo.si.edu/animals","2026-09-14","Animal anatomy, behavior, life history, and species-level terminology."
"s428","4","Nature and animals","Why Peacocks Show Their Feathers","verified-against-authoritative-source","factual statements, mechanism, causal strength, terminology, and stated uncertainty","U.S. Geological Survey: Animal Migration","https://www.usgs.gov/programs/ecosystems/science/animal-migration","2026-09-14","Migration, orientation, tracking evidence, and environmental limits."
"s429","5","Nature and animals","The Octopus That Hides in a Shell","verified-against-authoritative-source","factual statements, mechanism, causal strength, terminology, and stated uncertainty","NOAA Ocean Service: Ocean Facts","https://oceanservice.noaa.gov/facts/","2026-09-14","Marine biology, ocean processes, and limits or qualifications attached to the claim."
"s430","6","Nature and animals","Bird That Flies Without Landing","verified-against-authoritative-source","factual statements, mechanism, causal strength, terminology, and stated uncertainty","U.S. Geological Survey: Animal Migration","https://www.usgs.gov/programs/ecosystems/science/animal-migration","2026-09-14","Migration, orientation, tracking evidence, and environmental limits."
"s431","7","Nature and animals","Fish That Changes Color at Night","verified-against-authoritative-source","factual statements, mechanism, causal strength, terminology, and stated uncertainty","NOAA Ocean Service: Ocean Facts","https://oceanservice.noaa.gov/facts/","2026-09-14","Marine biology, ocean processes, and limits or qualifications attached to the claim."
"s432","8","Nature and animals","The Insect That Looks Like a Twig","verified-against-authoritative-source","factual statements, mechanism, causal strength, terminology, and stated uncertainty","USDA Forest Service Research and Development","https://research.fs.usda.gov/","2026-09-14","Plant, forest, fungal, fire, and below-ground ecological processes."
"s433","9","Nature and animals","Coral That Builds an Entire Reef","verified-against-authoritative-source","factual statements, mechanism, causal strength, terminology, and stated uncertainty","NOAA Ocean Service: Ocean Facts","https://oceanservice.noaa.gov/facts/","2026-09-14","Marine biology, ocean processes, and limits or qualifications attached to the claim."
"s434","10","Nature and animals","Microbe That Lives in Boiling Water","verified-against-authoritative-source","factual statements, mechanism, causal strength, terminology, and stated uncertainty","U.S. Geological Survey: Animal Migration","https://www.usgs.gov/programs/ecosystems/science/animal-migration","2026-09-14","Migration, orientation, tracking evidence, and environmental limits."
"s435","1","World affairs","A New Road","verified-no-external-claims","explicit fiction or hypothetical scenario; checked for accidental real-person, event, numerical, medical, historical, and time-sensitive claims","","","2026-09-14","No external proposition required verification after the fiction or hypothetical framing was made explicit."
"s436","2","World affairs","Town Meeting","verified-no-external-claims","explicit fiction or hypothetical scenario; checked for accidental real-person, event, numerical, medical, historical, and time-sensitive claims","","","2026-09-14","No external proposition required verification after the fiction or hypothetical framing was made explicit."
"s437","3","World affairs","A Well for the Village","verified-no-external-claims","explicit fiction or hypothetical scenario; checked for accidental real-person, event, numerical, medical, historical, and time-sensitive claims","","","2026-09-14","No external proposition required verification after the fiction or hypothetical framing was made explicit."
"s438","4","World affairs","The Shared Garden","verified-no-external-claims","explicit fiction or hypothetical scenario; checked for accidental real-person, event, numerical, medical, historical, and time-sensitive claims","","","2026-09-14","No external proposition required verification after the fiction or hypothetical framing was made explicit."
"s439","5","World affairs","City That Recycles Everything","verified-no-external-claims","explicit fiction or hypothetical scenario; checked for accidental real-person, event, numerical, medical, historical, and time-sensitive claims","","","2026-09-14","No external proposition required verification after the fiction or hypothetical framing was made explicit."
"s440","6","World affairs","Village That Trades Skills Instead of Money","verified-no-external-claims","explicit fiction or hypothetical scenario; checked for accidental real-person, event, numerical, medical, historical, and time-sensitive claims","","","2026-09-14","No external proposition required verification after the fiction or hypothetical framing was made explicit."
"s441","7","World affairs","The Town With Free Bicycles","verified-no-external-claims","explicit fiction or hypothetical scenario; checked for accidental real-person, event, numerical, medical, historical, and time-sensitive claims","","","2026-09-14","No external proposition required verification after the fiction or hypothetical framing was made explicit."
"s442","8","World affairs","Region That Shares a Language School","verified-no-external-claims","explicit fiction or hypothetical scenario; checked for accidental real-person, event, numerical, medical, historical, and time-sensitive claims","","","2026-09-14","No external proposition required verification after the fiction or hypothetical framing was made explicit."
"s443","9","World affairs","Nation That Funds Small Inventions","verified-no-external-claims","explicit fiction or hypothetical scenario; checked for accidental real-person, event, numerical, medical, historical, and time-sensitive claims","","","2026-09-14","No external proposition required verification after the fiction or hypothetical framing was made explicit."
"s444","10","World affairs","The Council That Meets in Every Village Once a Year","verified-no-external-claims","explicit fiction or hypothetical scenario; checked for accidental real-person, event, numerical, medical, historical, and time-sensitive claims","","","2026-09-14","No external proposition required verification after the fiction or hypothetical framing was made explicit."
"s445","1","Everyday life","A Quiet Morning","verified-no-external-claims","explicit fiction or hypothetical scenario; checked for accidental real-person, event, numerical, medical, historical, and time-sensitive claims","","","2026-09-14","No external proposition required verification after the fiction or hypothetical framing was made explicit."
"s446","2","Everyday life","Missing Sock","verified-no-external-claims","explicit fiction or hypothetical scenario; checked for accidental real-person, event, numerical, medical, historical, and time-sensitive claims","","","2026-09-14","No external proposition required verification after the fiction or hypothetical framing was made explicit."
"s447","3","Everyday life","A Trip to Grandma's","verified-no-external-claims","explicit fiction or hypothetical scenario; checked for accidental real-person, event, numerical, medical, historical, and time-sensitive claims","","","2026-09-14","No external proposition required verification after the fiction or hypothetical framing was made explicit."
"s448","4","Everyday life","Broken Umbrella","verified-no-external-claims","explicit fiction or hypothetical scenario; checked for accidental real-person, event, numerical, medical, historical, and time-sensitive claims","","","2026-09-14","No external proposition required verification after the fiction or hypothetical framing was made explicit."
"s449","5","Everyday life","Note on the Fridge","verified-no-external-claims","explicit fiction or hypothetical scenario; checked for accidental real-person, event, numerical, medical, historical, and time-sensitive claims","","","2026-09-14","No external proposition required verification after the fiction or hypothetical framing was made explicit."
"s450","6","Everyday life","The Borrowed Book","verified-no-external-claims","explicit fiction or hypothetical scenario; checked for accidental real-person, event, numerical, medical, historical, and time-sensitive claims","","","2026-09-14","No external proposition required verification after the fiction or hypothetical framing was made explicit."
"s451","7","Everyday life","Empty Chair at Dinner","verified-no-external-claims","explicit fiction or hypothetical scenario; checked for accidental real-person, event, numerical, medical, historical, and time-sensitive claims","","","2026-09-14","No external proposition required verification after the fiction or hypothetical framing was made explicit."
"s452","8","Everyday life","Recipe Written in the Margins","verified-no-external-claims","explicit fiction or hypothetical scenario; checked for accidental real-person, event, numerical, medical, historical, and time-sensitive claims","","","2026-09-14","No external proposition required verification after the fiction or hypothetical framing was made explicit."
"s453","9","Everyday life","The Silence After the Kids Left Home","verified-no-external-claims","explicit fiction or hypothetical scenario; checked for accidental real-person, event, numerical, medical, historical, and time-sensitive claims","","","2026-09-14","No external proposition required verification after the fiction or hypothetical framing was made explicit."
"s454","10","Everyday life","Letter Kept in a Drawer for Years","verified-no-external-claims","explicit fiction or hypothetical scenario; checked for accidental real-person, event, numerical, medical, historical, and time-sensitive claims","","","2026-09-14","No external proposition required verification after the fiction or hypothetical framing was made explicit."
"s455","1","History","Old Well","verified-no-external-claims","explicit fiction or hypothetical scenario; checked for accidental real-person, event, numerical, medical, historical, and time-sensitive claims","","","2026-09-14","No external proposition required verification after the fiction or hypothetical framing was made explicit."
"s456","2","History","A Village Fire","verified-no-external-claims","explicit fiction or hypothetical scenario; checked for accidental real-person, event, numerical, medical, historical, and time-sensitive claims","","","2026-09-14","No external proposition required verification after the fiction or hypothetical framing was made explicit."
"s457","4","History","First Map","verified-no-external-claims","explicit fiction or hypothetical scenario; checked for accidental real-person, event, numerical, medical, historical, and time-sensitive claims","","","2026-09-14","No external proposition required verification after the fiction or hypothetical framing was made explicit."
"s458","4","History","Long Winter","verified-no-external-claims","explicit fiction or hypothetical scenario; checked for accidental real-person, event, numerical, medical, historical, and time-sensitive claims","","","2026-09-14","No external proposition required verification after the fiction or hypothetical framing was made explicit."
"s459","5","History","The Messenger's Horse","verified-no-external-claims","explicit fiction or hypothetical scenario; checked for accidental real-person, event, numerical, medical, historical, and time-sensitive claims","","","2026-09-14","No external proposition required verification after the fiction or hypothetical framing was made explicit."
"s460","6","History","Coin From a Lost Kingdom","verified-no-external-claims","explicit fiction or hypothetical scenario; checked for accidental real-person, event, numerical, medical, historical, and time-sensitive claims","","","2026-09-14","No external proposition required verification after the fiction or hypothetical framing was made explicit."
"s461","7","History","Scholar's Hidden Notes","verified-no-external-claims","explicit fiction or hypothetical scenario; checked for accidental real-person, event, numerical, medical, historical, and time-sensitive claims","","","2026-09-14","No external proposition required verification after the fiction or hypothetical framing was made explicit."
"s462","8","History","The Treaty Signed in the Rain","verified-no-external-claims","explicit fiction or hypothetical scenario; checked for accidental real-person, event, numerical, medical, historical, and time-sensitive claims","","","2026-09-14","No external proposition required verification after the fiction or hypothetical framing was made explicit."
"s463","9","History","General Who Refused to Fight","verified-no-external-claims","explicit fiction or hypothetical scenario; checked for accidental real-person, event, numerical, medical, historical, and time-sensitive claims","","","2026-09-14","No external proposition required verification after the fiction or hypothetical framing was made explicit."
"s464","10","History","City Buried Under Sand","verified-no-external-claims","explicit fiction or hypothetical scenario; checked for accidental real-person, event, numerical, medical, historical, and time-sensitive claims","","","2026-09-14","No external proposition required verification after the fiction or hypothetical framing was made explicit."
"s465","1","Science","Why We Blink","verified-against-authoritative-source","factual statements, mechanism, causal strength, terminology, and stated uncertainty","U.S. Geological Survey: Science Explorer","https://www.usgs.gov/science/science-explorer","2026-09-14","Earth systems, water, geology, hazards, and physical processes."
"s466","2","Science","How Soap Bubbles Form","verified-against-authoritative-source","factual statements, mechanism, causal strength, terminology, and stated uncertainty","NIST Chemistry WebBook","https://webbook.nist.gov/chemistry/","2026-09-14","Chemical identity, material properties, reactions, and measurement terminology."
"s467","3","Science","Why Metal Feels Cold","verified-against-authoritative-source","factual statements, mechanism, causal strength, terminology, and stated uncertainty","NIST Chemistry WebBook","https://webbook.nist.gov/chemistry/","2026-09-14","Chemical identity, material properties, reactions, and measurement terminology."
"s468","4","Science","How Volcanoes Erupt","verified-against-authoritative-source","factual statements, mechanism, causal strength, terminology, and stated uncertainty","NASA Science","https://science.nasa.gov/","2026-09-14","Astronomy, planetary science, measurement, and the distinction between evidence and inference."
"s469","5","Science","Why the Ocean Is Salty","verified-against-authoritative-source","factual statements, mechanism, causal strength, terminology, and stated uncertainty","NIST Chemistry WebBook","https://webbook.nist.gov/chemistry/","2026-09-14","Chemical identity, material properties, reactions, and measurement terminology."
"s470","6","Science","How Bats See in the Dark","verified-against-authoritative-source","factual statements, mechanism, causal strength, terminology, and stated uncertainty","National Institute of Neurological Disorders and Stroke","https://www.ninds.nih.gov/health-information","2026-09-14","Brain, sleep, memory, sensory systems, and appropriate uncertainty."
"s471","7","Science","The Chemistry of Rust","verified-against-authoritative-source","factual statements, mechanism, causal strength, terminology, and stated uncertainty","NIST Chemistry WebBook","https://webbook.nist.gov/chemistry/","2026-09-14","Chemical identity, material properties, reactions, and measurement terminology."
"s472","8","Science","Why Some Stars Twinkle","verified-against-authoritative-source","factual statements, mechanism, causal strength, terminology, and stated uncertainty","NASA Science","https://science.nasa.gov/","2026-09-14","Astronomy, planetary science, measurement, and the distinction between evidence and inference."
"s473","9","Science","Physics of a Soap Bubble's Colors","verified-against-authoritative-source","factual statements, mechanism, causal strength, terminology, and stated uncertainty","NASA Science","https://science.nasa.gov/","2026-09-14","Astronomy, planetary science, measurement, and the distinction between evidence and inference."
"s474","10","Science","The Biology of Why Wounds Heal","verified-against-authoritative-source","factual statements, mechanism, causal strength, terminology, and stated uncertainty","National Institutes of Health: Health Information","https://www.nih.gov/health-information","2026-09-14","Biology and health claims, mechanism, safety language, and research status."
"s475","1","Famous books","The Fox and the Grapes","verified-against-primary-text","characters, sequence, principal action, outcome, and source-work attribution","Project Gutenberg: The Fox and the Grapes","https://www.gutenberg.org/ebooks/11339","2026-09-14","Primary-text comparison of characters, sequence, principal action, outcome, and source-work attribution."
"s476","2","Famous books","Hansel and Gretel","verified-against-primary-text","characters, sequence, principal action, outcome, and source-work attribution","Project Gutenberg: Hansel and Gretel","https://www.gutenberg.org/ebooks/2591","2026-09-14","Primary-text comparison of characters, sequence, principal action, outcome, and source-work attribution."
"s477","3","Famous books","Alice Drinks from the Little Bottle","verified-against-primary-text","characters, sequence, principal action, outcome, and source-work attribution","Project Gutenberg: Alice's Adventures in Wonderland","https://www.gutenberg.org/ebooks/11","2026-09-14","Primary-text comparison of characters, sequence, principal action, outcome, and source-work attribution."
"s478","4","Famous books","Jim Finds the Treasure Map","verified-against-primary-text","characters, sequence, principal action, outcome, and source-work attribution","Project Gutenberg: Treasure Island","https://www.gutenberg.org/ebooks/120","2026-09-14","Primary-text comparison of characters, sequence, principal action, outcome, and source-work attribution."
"s479","5","Famous books","Jo Sells Her First Stories","verified-against-primary-text","characters, sequence, principal action, outcome, and source-work attribution","Project Gutenberg: Little Women","https://www.gutenberg.org/ebooks/514","2026-09-14","Primary-text comparison of characters, sequence, principal action, outcome, and source-work attribution."
"s480","6","Famous books","Edmond Dantès Is Betrayed","verified-against-primary-text","characters, sequence, principal action, outcome, and source-work attribution","Project Gutenberg: The Count of Monte Cristo","https://www.gutenberg.org/ebooks/1184","2026-09-14","Primary-text comparison of characters, sequence, principal action, outcome, and source-work attribution."
"s481","7","Famous books","The Final Chase","verified-against-primary-text","characters, sequence, principal action, outcome, and source-work attribution","Project Gutenberg: Moby-Dick","https://www.gutenberg.org/ebooks/2701","2026-09-14","Primary-text comparison of characters, sequence, principal action, outcome, and source-work attribution."
"s482","8","Famous books","The Count Begins His Revenge","verified-against-primary-text","characters, sequence, principal action, outcome, and source-work attribution","Project Gutenberg: The Count of Monte Cristo","https://www.gutenberg.org/ebooks/1184","2026-09-14","Primary-text comparison of characters, sequence, principal action, outcome, and source-work attribution."
"s483","9","Famous books","Ahab's Obsession Takes Command","verified-against-primary-text","characters, sequence, principal action, outcome, and source-work attribution","Project Gutenberg: Moby-Dick","https://www.gutenberg.org/ebooks/2701","2026-09-14","Primary-text comparison of characters, sequence, principal action, outcome, and source-work attribution."
"s484","10","Famous books","Pride and Prejudice: Judgment, Marriage, and Class","verified-against-primary-text","characters, sequence, principal action, outcome, and source-work attribution","Project Gutenberg: Pride and Prejudice","https://www.gutenberg.org/ebooks/1342","2026-09-14","Primary-text comparison of characters, sequence, principal action, outcome, and source-work attribution."
"s485","1","Fantasy/stories","Sleepy Moon","verified-no-external-claims","explicit fiction or hypothetical scenario; checked for accidental real-person, event, numerical, medical, historical, and time-sensitive claims","","","2026-09-14","No external proposition required verification after the fiction or hypothetical framing was made explicit."
"s486","2","Fantasy/stories","The Garden That Grew at Night","verified-no-external-claims","explicit fiction or hypothetical scenario; checked for accidental real-person, event, numerical, medical, historical, and time-sensitive claims","","","2026-09-14","No external proposition required verification after the fiction or hypothetical framing was made explicit."
"s487","3","Fantasy/stories","Door With No Handle","verified-no-external-claims","explicit fiction or hypothetical scenario; checked for accidental real-person, event, numerical, medical, historical, and time-sensitive claims","","","2026-09-14","No external proposition required verification after the fiction or hypothetical framing was made explicit."
"s488","4","Fantasy/stories","Umbrella That Changed the Weather","verified-no-external-claims","explicit fiction or hypothetical scenario; checked for accidental real-person, event, numerical, medical, historical, and time-sensitive claims","","","2026-09-14","No external proposition required verification after the fiction or hypothetical framing was made explicit."
"s489","5","Fantasy/stories","The Tailor's Thread of Patience","verified-no-external-claims","explicit fiction or hypothetical scenario; checked for accidental real-person, event, numerical, medical, historical, and time-sensitive claims","","","2026-09-14","No external proposition required verification after the fiction or hypothetical framing was made explicit."
"s490","6","Fantasy/stories","Postman Who Delivered Dreams","verified-no-external-claims","explicit fiction or hypothetical scenario; checked for accidental real-person, event, numerical, medical, historical, and time-sensitive claims","","","2026-09-14","No external proposition required verification after the fiction or hypothetical framing was made explicit."
"s491","7","Fantasy/stories","Cartographer Who Drew Feelings Instead of Land","verified-no-external-claims","explicit fiction or hypothetical scenario; checked for accidental real-person, event, numerical, medical, historical, and time-sensitive claims","","","2026-09-14","No external proposition required verification after the fiction or hypothetical framing was made explicit."
"s492","8","Fantasy/stories","The Glassblower's Frozen Moments","verified-no-external-claims","explicit fiction or hypothetical scenario; checked for accidental real-person, event, numerical, medical, historical, and time-sensitive claims","","","2026-09-14","No external proposition required verification after the fiction or hypothetical framing was made explicit."
"s493","9","Fantasy/stories","Bookbinder Who Sewed Together Broken Time","verified-no-external-claims","explicit fiction or hypothetical scenario; checked for accidental real-person, event, numerical, medical, historical, and time-sensitive claims","","","2026-09-14","No external proposition required verification after the fiction or hypothetical framing was made explicit."
"s494","10","Fantasy/stories","Cartomancer Who Read the Future in Reverse","verified-no-external-claims","explicit fiction or hypothetical scenario; checked for accidental real-person, event, numerical, medical, historical, and time-sensitive claims","","","2026-09-14","No external proposition required verification after the fiction or hypothetical framing was made explicit."
"s495","1","Nature and animals","A Duck on the Pond","verified-against-authoritative-source","factual statements, mechanism, causal strength, terminology, and stated uncertainty","Smithsonian's National Zoo & Conservation Biology Institute: Animals","https://nationalzoo.si.edu/animals","2026-09-14","Animal anatomy, behavior, life history, and species-level terminology."
"s496","2","Nature and animals","Spider's Web","verified-against-authoritative-source","factual statements, mechanism, causal strength, terminology, and stated uncertainty","Smithsonian's National Zoo & Conservation Biology Institute: Animals","https://nationalzoo.si.edu/animals","2026-09-14","Animal anatomy, behavior, life history, and species-level terminology."
"s497","3","Nature and animals","Why Cats Purr","verified-against-authoritative-source","factual statements, mechanism, causal strength, terminology, and stated uncertainty","Smithsonian's National Zoo & Conservation Biology Institute: Animals","https://nationalzoo.si.edu/animals","2026-09-14","Animal anatomy, behavior, life history, and species-level terminology."
"s498","6","Nature and animals","The Migration of Monarch Butterflies","verified-against-authoritative-source","factual statements, mechanism, causal strength, terminology, and stated uncertainty","U.S. Geological Survey: Animal Migration","https://www.usgs.gov/programs/ecosystems/science/animal-migration","2026-09-14","Migration, orientation, tracking evidence, and environmental limits."
"s499","5","Nature and animals","Hedgehog's Winter Sleep","verified-against-authoritative-source","factual statements, mechanism, causal strength, terminology, and stated uncertainty","USDA Forest Service Research and Development","https://research.fs.usda.gov/","2026-09-14","Plant, forest, fungal, fire, and below-ground ecological processes."
"s500","6","Nature and animals","Elephant's Remarkable Trunk","verified-against-authoritative-source","factual statements, mechanism, causal strength, terminology, and stated uncertainty","Smithsonian's National Zoo & Conservation Biology Institute: Animals","https://nationalzoo.si.edu/animals","2026-09-14","Animal anatomy, behavior, life history, and species-level terminology."
"s501","7","Nature and animals","The Termite Mound's Natural Air Conditioning","verified-against-authoritative-source","factual statements, mechanism, causal strength, terminology, and stated uncertainty","Smithsonian's National Zoo & Conservation Biology Institute: Animals","https://nationalzoo.si.edu/animals","2026-09-14","Animal anatomy, behavior, life history, and species-level terminology."
"s502","8","Nature and animals","Cuttlefish's Remarkable Camouflage","verified-against-authoritative-source","factual statements, mechanism, causal strength, terminology, and stated uncertainty","NOAA Ocean Service: Ocean Facts","https://oceanservice.noaa.gov/facts/","2026-09-14","Marine biology, ocean processes, and limits or qualifications attached to the claim."
"s503","9","Nature and animals","Naked Mole Rat's Unusual Biology","verified-against-authoritative-source","factual statements, mechanism, causal strength, terminology, and stated uncertainty","U.S. Geological Survey: Animal Migration","https://www.usgs.gov/programs/ecosystems/science/animal-migration","2026-09-14","Migration, orientation, tracking evidence, and environmental limits."
"s504","10","Nature and animals","The Deep-Sea Anglerfish's Unusual Reproduction","verified-against-authoritative-source","factual statements, mechanism, causal strength, terminology, and stated uncertainty","NOAA Ocean Service: Ocean Facts","https://oceanservice.noaa.gov/facts/","2026-09-14","Marine biology, ocean processes, and limits or qualifications attached to the claim."
"s505","1","World affairs","A Free Meal","verified-no-external-claims","explicit fiction or hypothetical scenario; checked for accidental real-person, event, numerical, medical, historical, and time-sensitive claims","","","2026-09-14","No external proposition required verification after the fiction or hypothetical framing was made explicit."
"s506","2","World affairs","Free Bus Ride","verified-no-external-claims","explicit fiction or hypothetical scenario; checked for accidental real-person, event, numerical, medical, historical, and time-sensitive claims","","","2026-09-14","No external proposition required verification after the fiction or hypothetical framing was made explicit."
"s507","3","World affairs","The Neighborhood Watch","verified-no-external-claims","explicit fiction or hypothetical scenario; checked for accidental real-person, event, numerical, medical, historical, and time-sensitive claims","","","2026-09-14","No external proposition required verification after the fiction or hypothetical framing was made explicit."
"s508","4","World affairs","City's Free Repair Café","verified-no-external-claims","explicit fiction or hypothetical scenario; checked for accidental real-person, event, numerical, medical, historical, and time-sensitive claims","","","2026-09-14","No external proposition required verification after the fiction or hypothetical framing was made explicit."
"s509","5","World affairs","Village That Adopted a River","verified-no-external-claims","explicit fiction or hypothetical scenario; checked for accidental real-person, event, numerical, medical, historical, and time-sensitive claims","","","2026-09-14","No external proposition required verification after the fiction or hypothetical framing was made explicit."
"s510","6","World affairs","The Town That Banned Single-Use Plastic","verified-no-external-claims","explicit fiction or hypothetical scenario; checked for accidental real-person, event, numerical, medical, historical, and time-sensitive claims","","","2026-09-14","No external proposition required verification after the fiction or hypothetical framing was made explicit."
"s511","7","World affairs","Region That Built Affordable Housing Together","verified-no-external-claims","explicit fiction or hypothetical scenario; checked for accidental real-person, event, numerical, medical, historical, and time-sensitive claims","","","2026-09-14","No external proposition required verification after the fiction or hypothetical framing was made explicit."
"s512","8","World affairs","Nation That Requires Environmental Impact Voting","verified-no-external-claims","explicit fiction or hypothetical scenario; checked for accidental real-person, event, numerical, medical, historical, and time-sensitive claims","","","2026-09-14","No external proposition required verification after the fiction or hypothetical framing was made explicit."
"s513","9","World affairs","The Federation That Shares Disaster Response Equipment","verified-no-external-claims","explicit fiction or hypothetical scenario; checked for accidental real-person, event, numerical, medical, historical, and time-sensitive claims","","","2026-09-14","No external proposition required verification after the fiction or hypothetical framing was made explicit."
"s514","10","World affairs","Confederation That Rotates Its Capital City","verified-no-external-claims","explicit fiction or hypothetical scenario; checked for accidental real-person, event, numerical, medical, historical, and time-sensitive claims","","","2026-09-14","No external proposition required verification after the fiction or hypothetical framing was made explicit."
"s515","1","Everyday life","Breakfast Together","verified-no-external-claims","explicit fiction or hypothetical scenario; checked for accidental real-person, event, numerical, medical, historical, and time-sensitive claims","","","2026-09-14","No external proposition required verification after the fiction or hypothetical framing was made explicit."
"s516","2","Everyday life","The Family Recipe Box","verified-no-external-claims","explicit fiction or hypothetical scenario; checked for accidental real-person, event, numerical, medical, historical, and time-sensitive claims","","","2026-09-14","No external proposition required verification after the fiction or hypothetical framing was made explicit."
"s517","3","Everyday life","Overgrown Backyard","verified-no-external-claims","explicit fiction or hypothetical scenario; checked for accidental real-person, event, numerical, medical, historical, and time-sensitive claims","","","2026-09-14","No external proposition required verification after the fiction or hypothetical framing was made explicit."
"s518","4","Everyday life","Neighborhood Book Exchange","verified-no-external-claims","explicit fiction or hypothetical scenario; checked for accidental real-person, event, numerical, medical, historical, and time-sensitive claims","","","2026-09-14","No external proposition required verification after the fiction or hypothetical framing was made explicit."
"s519","5","Everyday life","The Stranger Who Returned a Wallet","verified-no-external-claims","explicit fiction or hypothetical scenario; checked for accidental real-person, event, numerical, medical, historical, and time-sensitive claims","","","2026-09-14","No external proposition required verification after the fiction or hypothetical framing was made explicit."
"s520","6","Everyday life","Retirement Party That Almost Didn't Happen","verified-no-external-claims","explicit fiction or hypothetical scenario; checked for accidental real-person, event, numerical, medical, historical, and time-sensitive claims","","","2026-09-14","No external proposition required verification after the fiction or hypothetical framing was made explicit."
"s521","7","Everyday life","Apartment Building's Unofficial Historian","verified-no-external-claims","explicit fiction or hypothetical scenario; checked for accidental real-person, event, numerical, medical, historical, and time-sensitive claims","","","2026-09-14","No external proposition required verification after the fiction or hypothetical framing was made explicit."
"s522","8","Everyday life","The Widower's New Sunday Ritual","verified-no-external-claims","explicit fiction or hypothetical scenario; checked for accidental real-person, event, numerical, medical, historical, and time-sensitive claims","","","2026-09-14","No external proposition required verification after the fiction or hypothetical framing was made explicit."
"s523","9","Everyday life","House That Held Three Generations of Arguments","verified-no-external-claims","explicit fiction or hypothetical scenario; checked for accidental real-person, event, numerical, medical, historical, and time-sensitive claims","","","2026-09-14","No external proposition required verification after the fiction or hypothetical framing was made explicit."
"s524","10","Everyday life","Correspondence That Spanned a War and Outlasted It","verified-no-external-claims","explicit fiction or hypothetical scenario; checked for accidental real-person, event, numerical, medical, historical, and time-sensitive claims","","","2026-09-14","No external proposition required verification after the fiction or hypothetical framing was made explicit."
"s525","1","History","The Old Wagon","verified-no-external-claims","explicit fiction or hypothetical scenario; checked for accidental real-person, event, numerical, medical, historical, and time-sensitive claims","","","2026-09-14","No external proposition required verification after the fiction or hypothetical framing was made explicit."
"s526","2","History","Village Blacksmith","verified-no-external-claims","explicit fiction or hypothetical scenario; checked for accidental real-person, event, numerical, medical, historical, and time-sensitive claims","","","2026-09-14","No external proposition required verification after the fiction or hypothetical framing was made explicit."
"s527","4","History","Traveling Storyteller","verified-no-external-claims","explicit fiction or hypothetical scenario; checked for accidental real-person, event, numerical, medical, historical, and time-sensitive claims","","","2026-09-14","No external proposition required verification after the fiction or hypothetical framing was made explicit."
"s528","4","History","The Winter Market","verified-no-external-claims","explicit fiction or hypothetical scenario; checked for accidental real-person, event, numerical, medical, historical, and time-sensitive claims","","","2026-09-14","No external proposition required verification after the fiction or hypothetical framing was made explicit."
"s529","5","History","Apprentice Who Became a Master","verified-no-external-claims","explicit fiction or hypothetical scenario; checked for accidental real-person, event, numerical, medical, historical, and time-sensitive claims","","","2026-09-14","No external proposition required verification after the fiction or hypothetical framing was made explicit."
"s530","6","History","Plague Doctor's Notebook","verified-no-external-claims","explicit fiction or hypothetical scenario; checked for accidental real-person, event, numerical, medical, historical, and time-sensitive claims","","","2026-09-14","No external proposition required verification after the fiction or hypothetical framing was made explicit."
"s531","8","History","The Merchant Fleet That Sailed Without Maps","verified-no-external-claims","explicit fiction or hypothetical scenario; checked for accidental real-person, event, numerical, medical, historical, and time-sensitive claims","","","2026-09-14","No external proposition required verification after the fiction or hypothetical framing was made explicit."
"s532","8","History","Court Painter Who Recorded Dissent","verified-no-external-claims","explicit fiction or hypothetical scenario; checked for accidental real-person, event, numerical, medical, historical, and time-sensitive claims","","","2026-09-14","No external proposition required verification after the fiction or hypothetical framing was made explicit."
"s533","9","History","Cartographer Who Refused to Finish His Final Map","verified-no-external-claims","explicit fiction or hypothetical scenario; checked for accidental real-person, event, numerical, medical, historical, and time-sensitive claims","","","2026-09-14","No external proposition required verification after the fiction or hypothetical framing was made explicit."
"s534","10","History","The Diplomat Whose Silence Ended a War","verified-no-external-claims","explicit fiction or hypothetical scenario; checked for accidental real-person, event, numerical, medical, historical, and time-sensitive claims","","","2026-09-14","No external proposition required verification after the fiction or hypothetical framing was made explicit."
"s535","1","Science","Why Fire Is Hot","verified-against-authoritative-source","factual statements, mechanism, causal strength, terminology, and stated uncertainty","NASA Science","https://science.nasa.gov/","2026-09-14","Astronomy, planetary science, measurement, and the distinction between evidence and inference."
"s536","2","Science","Why Bread Gets Hard","verified-against-authoritative-source","factual statements, mechanism, causal strength, terminology, and stated uncertainty","U.S. Geological Survey: Science Explorer","https://www.usgs.gov/science/science-explorer","2026-09-14","Earth systems, water, geology, hazards, and physical processes."
"s537","3","Science","How Our Skin Protects Us","verified-against-authoritative-source","factual statements, mechanism, causal strength, terminology, and stated uncertainty","National Institutes of Health: Health Information","https://www.nih.gov/health-information","2026-09-14","Biology and health claims, mechanism, safety language, and research status."
"s538","4","Science","How Airplanes Stay in the Air","verified-against-authoritative-source","factual statements, mechanism, causal strength, terminology, and stated uncertainty","NASA Science","https://science.nasa.gov/","2026-09-14","Astronomy, planetary science, measurement, and the distinction between evidence and inference."
"s539","5","Science","Science of Why We Get Goosebumps","verified-against-authoritative-source","factual statements, mechanism, causal strength, terminology, and stated uncertainty","National Institute of Neurological Disorders and Stroke","https://www.ninds.nih.gov/health-information","2026-09-14","Brain, sleep, memory, sensory systems, and appropriate uncertainty."
"s540","6","Science","How Antibiotics Fight Bacteria","verified-against-authoritative-source","factual statements, mechanism, causal strength, terminology, and stated uncertainty","National Institutes of Health: Health Information","https://www.nih.gov/health-information","2026-09-14","Biology and health claims, mechanism, safety language, and research status."
"s541","7","Science","Physics of Why We Feel Weightless in Free Fall","verified-against-authoritative-source","factual statements, mechanism, causal strength, terminology, and stated uncertainty","NASA Science","https://science.nasa.gov/","2026-09-14","Astronomy, planetary science, measurement, and the distinction between evidence and inference."
"s542","8","Science","Chemistry Behind Why Certain Foods Taste Better Together","verified-against-authoritative-source","factual statements, mechanism, causal strength, terminology, and stated uncertainty","National Institute of Neurological Disorders and Stroke","https://www.ninds.nih.gov/health-information","2026-09-14","Brain, sleep, memory, sensory systems, and appropriate uncertainty."
"s543","9","Science","The Neuroscience of Why Music Gives Us Chills","verified-against-authoritative-source","factual statements, mechanism, causal strength, terminology, and stated uncertainty","National Institute of Neurological Disorders and Stroke","https://www.ninds.nih.gov/health-information","2026-09-14","Brain, sleep, memory, sensory systems, and appropriate uncertainty."
"s544","10","Science","Quantum Mechanics of Why Certain Materials Become Superconductors","verified-against-authoritative-source","factual statements, mechanism, causal strength, terminology, and stated uncertainty","NASA Science","https://science.nasa.gov/","2026-09-14","Astronomy, planetary science, measurement, and the distinction between evidence and inference."
"s545","1","Famous books","Little Red Riding Hood","verified-against-primary-text","characters, sequence, principal action, outcome, and source-work attribution","Project Gutenberg: Little Red Riding Hood","https://www.gutenberg.org/ebooks/2591","2026-09-14","Primary-text comparison of characters, sequence, principal action, outcome, and source-work attribution."
"s546","2","Famous books","The Emperor's New Clothes","verified-against-primary-text","characters, sequence, principal action, outcome, and source-work attribution","Project Gutenberg: The Emperor's New Clothes","https://www.gutenberg.org/ebooks/1597","2026-09-14","Primary-text comparison of characters, sequence, principal action, outcome, and source-work attribution."
"s547","3","Famous books","Pinocchio Runs Away from Home","verified-against-primary-text","characters, sequence, principal action, outcome, and source-work attribution","Project Gutenberg: Pinocchio","https://www.gutenberg.org/ebooks/500","2026-09-14","Primary-text comparison of characters, sequence, principal action, outcome, and source-work attribution."
"s548","4","Famous books","Jim Meets Long John Silver","verified-against-primary-text","characters, sequence, principal action, outcome, and source-work attribution","Project Gutenberg: Treasure Island","https://www.gutenberg.org/ebooks/120","2026-09-14","Primary-text comparison of characters, sequence, principal action, outcome, and source-work attribution."
"s549","5","Famous books","Beth and the Quiet Piano","verified-against-primary-text","characters, sequence, principal action, outcome, and source-work attribution","Project Gutenberg: Little Women","https://www.gutenberg.org/ebooks/514","2026-09-14","Primary-text comparison of characters, sequence, principal action, outcome, and source-work attribution."
"s550","6","Famous books","Escape from the Château d'If","verified-against-primary-text","characters, sequence, principal action, outcome, and source-work attribution","Project Gutenberg: The Count of Monte Cristo","https://www.gutenberg.org/ebooks/1184","2026-09-14","Primary-text comparison of characters, sequence, principal action, outcome, and source-work attribution."
"s551","7","Famous books","The Portrait Begins to Change","verified-against-primary-text","characters, sequence, principal action, outcome, and source-work attribution","Project Gutenberg: The Picture of Dorian Gray","https://www.gutenberg.org/ebooks/174","2026-09-14","Primary-text comparison of characters, sequence, principal action, outcome, and source-work attribution."
"s552","8","Famous books","The Count Learns to Show Mercy","verified-against-primary-text","characters, sequence, principal action, outcome, and source-work attribution","Project Gutenberg: The Count of Monte Cristo","https://www.gutenberg.org/ebooks/1184","2026-09-14","Primary-text comparison of characters, sequence, principal action, outcome, and source-work attribution."
"s553","9","Famous books","Pip Reconsiders What Makes a Gentleman","verified-against-primary-text","characters, sequence, principal action, outcome, and source-work attribution","Project Gutenberg: Great Expectations","https://www.gutenberg.org/ebooks/1400","2026-09-14","Primary-text comparison of characters, sequence, principal action, outcome, and source-work attribution."
"s554","10","Famous books","Les Misérables: Law, Mercy, and Moral Change","verified-against-primary-text","characters, sequence, principal action, outcome, and source-work attribution","Project Gutenberg: Les Misérables","https://www.gutenberg.org/ebooks/135","2026-09-14","Primary-text comparison of characters, sequence, principal action, outcome, and source-work attribution."
"s555","1","Fantasy/stories","The Fox With Two Tails","verified-no-external-claims","explicit fiction or hypothetical scenario; checked for accidental real-person, event, numerical, medical, historical, and time-sensitive claims","","","2026-09-14","No external proposition required verification after the fiction or hypothetical framing was made explicit."
"s556","1","Fantasy/stories","Talking Rock","verified-no-external-claims","explicit fiction or hypothetical scenario; checked for accidental real-person, event, numerical, medical, historical, and time-sensitive claims","","","2026-09-14","No external proposition required verification after the fiction or hypothetical framing was made explicit."
"s557","2","Fantasy/stories","Shoemaker's Extra Pair","verified-no-external-claims","explicit fiction or hypothetical scenario; checked for accidental real-person, event, numerical, medical, historical, and time-sensitive claims","","","2026-09-14","No external proposition required verification after the fiction or hypothetical framing was made explicit."
"s558","2","Fantasy/stories","The Cloud Shepherd","verified-no-external-claims","explicit fiction or hypothetical scenario; checked for accidental real-person, event, numerical, medical, historical, and time-sensitive claims","","","2026-09-14","No external proposition required verification after the fiction or hypothetical framing was made explicit."
"s559","3","Fantasy/stories","Wishing Bench","verified-no-external-claims","explicit fiction or hypothetical scenario; checked for accidental real-person, event, numerical, medical, historical, and time-sensitive claims","","","2026-09-14","No external proposition required verification after the fiction or hypothetical framing was made explicit."
"s560","3","Fantasy/stories","Painter's Missing Color","verified-no-external-claims","explicit fiction or hypothetical scenario; checked for accidental real-person, event, numerical, medical, historical, and time-sensitive claims","","","2026-09-14","No external proposition required verification after the fiction or hypothetical framing was made explicit."
"s561","4","Fantasy/stories","The Locksmith's Final Key","verified-no-external-claims","explicit fiction or hypothetical scenario; checked for accidental real-person, event, numerical, medical, historical, and time-sensitive claims","","","2026-09-14","No external proposition required verification after the fiction or hypothetical framing was made explicit."
"s562","4","Fantasy/stories","Weathervane That Remembered","verified-no-external-claims","explicit fiction or hypothetical scenario; checked for accidental real-person, event, numerical, medical, historical, and time-sensitive claims","","","2026-09-14","No external proposition required verification after the fiction or hypothetical framing was made explicit."
"s563","5","Fantasy/stories","Cobbler Who Mended Time","verified-no-external-claims","explicit fiction or hypothetical scenario; checked for accidental real-person, event, numerical, medical, historical, and time-sensitive claims","","","2026-09-14","No external proposition required verification after the fiction or hypothetical framing was made explicit."
"s564","5","Fantasy/stories","The Baker Who Kneaded Memories","verified-no-external-claims","explicit fiction or hypothetical scenario; checked for accidental real-person, event, numerical, medical, historical, and time-sensitive claims","","","2026-09-14","No external proposition required verification after the fiction or hypothetical framing was made explicit."
"s565","6","Fantasy/stories","Cartwright Who Built Roads to Nowhere","verified-no-external-claims","explicit fiction or hypothetical scenario; checked for accidental real-person, event, numerical, medical, historical, and time-sensitive claims","","","2026-09-14","No external proposition required verification after the fiction or hypothetical framing was made explicit."
"s566","6","Fantasy/stories","Weaver's Loom of Quiet Places","verified-no-external-claims","explicit fiction or hypothetical scenario; checked for accidental real-person, event, numerical, medical, historical, and time-sensitive claims","","","2026-09-14","No external proposition required verification after the fiction or hypothetical framing was made explicit."
"s567","7","Fantasy/stories","The Apothecary Who Bottled Courage","verified-no-external-claims","explicit fiction or hypothetical scenario; checked for accidental real-person, event, numerical, medical, historical, and time-sensitive claims","","","2026-09-14","No external proposition required verification after the fiction or hypothetical framing was made explicit."
"s568","7","Fantasy/stories","Chandler Who Sold Borrowed Light","verified-no-external-claims","explicit fiction or hypothetical scenario; checked for accidental real-person, event, numerical, medical, historical, and time-sensitive claims","","","2026-09-14","No external proposition required verification after the fiction or hypothetical framing was made explicit."
"s569","8","Fantasy/stories","Instrument Maker Who Tuned Grief","verified-no-external-claims","explicit fiction or hypothetical scenario; checked for accidental real-person, event, numerical, medical, historical, and time-sensitive claims","","","2026-09-14","No external proposition required verification after the fiction or hypothetical framing was made explicit."
"s570","8","Fantasy/stories","The Mapmaker Who Charted Regret","verified-no-external-claims","explicit fiction or hypothetical scenario; checked for accidental real-person, event, numerical, medical, historical, and time-sensitive claims","","","2026-09-14","No external proposition required verification after the fiction or hypothetical framing was made explicit."
"s571","9","Fantasy/stories","Glazier Who Trapped Sunsets","verified-no-external-claims","explicit fiction or hypothetical scenario; checked for accidental real-person, event, numerical, medical, historical, and time-sensitive claims","","","2026-09-14","No external proposition required verification after the fiction or hypothetical framing was made explicit."
"s572","9","Fantasy/stories","Silversmith Who Forged Second Voices","verified-no-external-claims","explicit fiction or hypothetical scenario; checked for accidental real-person, event, numerical, medical, historical, and time-sensitive claims","","","2026-09-14","No external proposition required verification after the fiction or hypothetical framing was made explicit."
"s573","10","Fantasy/stories","The Bell Founder Who Cast Forgiveness","verified-no-external-claims","explicit fiction or hypothetical scenario; checked for accidental real-person, event, numerical, medical, historical, and time-sensitive claims","","","2026-09-14","No external proposition required verification after the fiction or hypothetical framing was made explicit."
"s574","10","Fantasy/stories","Archivist Who Catalogued Unspoken Apologies","verified-no-external-claims","explicit fiction or hypothetical scenario; checked for accidental real-person, event, numerical, medical, historical, and time-sensitive claims","","","2026-09-14","No external proposition required verification after the fiction or hypothetical framing was made explicit."
"s575","1","Nature and animals","A Rabbit in the Grass","verified-against-authoritative-source","factual statements, mechanism, causal strength, terminology, and stated uncertainty","Smithsonian's National Zoo & Conservation Biology Institute: Animals","https://nationalzoo.si.edu/animals","2026-09-14","Animal anatomy, behavior, life history, and species-level terminology."
"s576","1","Nature and animals","The Little Ant","verified-against-authoritative-source","factual statements, mechanism, causal strength, terminology, and stated uncertainty","Smithsonian's National Zoo & Conservation Biology Institute: Animals","https://nationalzoo.si.edu/animals","2026-09-14","Animal anatomy, behavior, life history, and species-level terminology."
"s577","2","Nature and animals","Woodpecker's Loud Knock","verified-against-authoritative-source","factual statements, mechanism, causal strength, terminology, and stated uncertainty","USDA Forest Service Research and Development","https://research.fs.usda.gov/","2026-09-14","Plant, forest, fungal, fire, and below-ground ecological processes."
"s578","2","Nature and animals","Turtle's Slow Journey","verified-against-authoritative-source","factual statements, mechanism, causal strength, terminology, and stated uncertainty","Smithsonian's National Zoo & Conservation Biology Institute: Animals","https://nationalzoo.si.edu/animals","2026-09-14","Animal anatomy, behavior, life history, and species-level terminology."
"s579","3","Nature and animals","The Clever Crow's Trick","verified-against-authoritative-source","factual statements, mechanism, causal strength, terminology, and stated uncertainty","Smithsonian's National Zoo & Conservation Biology Institute: Animals","https://nationalzoo.si.edu/animals","2026-09-14","Animal anatomy, behavior, life history, and species-level terminology."
"s580","3","Nature and animals","Bat's Nighttime Feast","verified-against-authoritative-source","factual statements, mechanism, causal strength, terminology, and stated uncertainty","Smithsonian's National Zoo & Conservation Biology Institute: Animals","https://nationalzoo.si.edu/animals","2026-09-14","Animal anatomy, behavior, life history, and species-level terminology."
"s581","4","Nature and animals","How Salmon Find Their Way Home","verified-against-authoritative-source","factual statements, mechanism, causal strength, terminology, and stated uncertainty","NOAA Ocean Service: Ocean Facts","https://oceanservice.noaa.gov/facts/","2026-09-14","Marine biology, ocean processes, and limits or qualifications attached to the claim."
"s582","4","Nature and animals","The Chameleon's Sticky Tongue","verified-against-authoritative-source","factual statements, mechanism, causal strength, terminology, and stated uncertainty","Smithsonian's National Zoo & Conservation Biology Institute: Animals","https://nationalzoo.si.edu/animals","2026-09-14","Animal anatomy, behavior, life history, and species-level terminology."
"s583","5","Nature and animals","Remarkable Homing Ability of Pigeons","verified-against-authoritative-source","factual statements, mechanism, causal strength, terminology, and stated uncertainty","Smithsonian's National Zoo & Conservation Biology Institute: Animals","https://nationalzoo.si.edu/animals","2026-09-14","Animal anatomy, behavior, life history, and species-level terminology."
"s584","5","Nature and animals","Praying Mantis's Patient Hunting Strategy","verified-against-authoritative-source","factual statements, mechanism, causal strength, terminology, and stated uncertainty","U.S. Geological Survey: Animal Migration","https://www.usgs.gov/programs/ecosystems/science/animal-migration","2026-09-14","Migration, orientation, tracking evidence, and environmental limits."
"s585","6","Nature and animals","The Symbiotic Relationship Between Clownfish and Sea Anemones","verified-against-authoritative-source","factual statements, mechanism, causal strength, terminology, and stated uncertainty","NOAA Ocean Service: Ocean Facts","https://oceanservice.noaa.gov/facts/","2026-09-14","Marine biology, ocean processes, and limits or qualifications attached to the claim."
"s586","6","Nature and animals","Complex Communication System of Prairie Dogs","verified-against-authoritative-source","factual statements, mechanism, causal strength, terminology, and stated uncertainty","U.S. Geological Survey: Animal Migration","https://www.usgs.gov/programs/ecosystems/science/animal-migration","2026-09-14","Migration, orientation, tracking evidence, and environmental limits."
"s587","7","Nature and animals","Remarkable Regenerative Abilities of Starfish","verified-against-authoritative-source","factual statements, mechanism, causal strength, terminology, and stated uncertainty","NOAA Ocean Service: Ocean Facts","https://oceanservice.noaa.gov/facts/","2026-09-14","Marine biology, ocean processes, and limits or qualifications attached to the claim."
"s588","7","Nature and animals","The Unusual Hunting Technique of Archer Fish","verified-against-authoritative-source","factual statements, mechanism, causal strength, terminology, and stated uncertainty","NOAA Ocean Service: Ocean Facts","https://oceanservice.noaa.gov/facts/","2026-09-14","Marine biology, ocean processes, and limits or qualifications attached to the claim."
"s589","8","Nature and animals","Extraordinary Migration of Arctic Terns","verified-against-authoritative-source","factual statements, mechanism, causal strength, terminology, and stated uncertainty","U.S. Geological Survey: Animal Migration","https://www.usgs.gov/programs/ecosystems/science/animal-migration","2026-09-14","Migration, orientation, tracking evidence, and environmental limits."
"s590","8","Nature and animals","Complex Social Structure of Orca Pods","verified-against-authoritative-source","factual statements, mechanism, causal strength, terminology, and stated uncertainty","NOAA Ocean Service: Ocean Facts","https://oceanservice.noaa.gov/facts/","2026-09-14","Marine biology, ocean processes, and limits or qualifications attached to the claim."
"s591","9","Nature and animals","The Fungal Networks That Connect Forest Ecosystems","verified-against-authoritative-source","factual statements, mechanism, causal strength, terminology, and stated uncertainty","USDA Forest Service Research and Development","https://research.fs.usda.gov/","2026-09-14","Plant, forest, fungal, fire, and below-ground ecological processes."
"s592","9","Nature and animals","Sophisticated Tool Use of New Caledonian Crows","verified-against-authoritative-source","factual statements, mechanism, causal strength, terminology, and stated uncertainty","USDA Forest Service Research and Development","https://research.fs.usda.gov/","2026-09-14","Plant, forest, fungal, fire, and below-ground ecological processes."
"s593","10","Nature and animals","Extremophile Organisms Redefining the Boundaries of Life","verified-against-authoritative-source","factual statements, mechanism, causal strength, terminology, and stated uncertainty","Smithsonian's National Zoo & Conservation Biology Institute: Animals","https://nationalzoo.si.edu/animals","2026-09-14","Animal anatomy, behavior, life history, and species-level terminology."
"s594","10","Nature and animals","The Epigenetic Inheritance of Environmental Memory","verified-against-authoritative-source","factual statements, mechanism, causal strength, terminology, and stated uncertainty","U.S. Geological Survey: Animal Migration","https://www.usgs.gov/programs/ecosystems/science/animal-migration","2026-09-14","Migration, orientation, tracking evidence, and environmental limits."
"s595","1","World affairs","A New Bridge","verified-no-external-claims","explicit fiction or hypothetical scenario; checked for accidental real-person, event, numerical, medical, historical, and time-sensitive claims","","","2026-09-14","No external proposition required verification after the fiction or hypothetical framing was made explicit."
"s596","1","World affairs","Sharing Food","verified-no-external-claims","explicit fiction or hypothetical scenario; checked for accidental real-person, event, numerical, medical, historical, and time-sensitive claims","","","2026-09-14","No external proposition required verification after the fiction or hypothetical framing was made explicit."
"s597","2","World affairs","The Community Clean-Up Day","verified-no-external-claims","explicit fiction or hypothetical scenario; checked for accidental real-person, event, numerical, medical, historical, and time-sensitive claims","","","2026-09-14","No external proposition required verification after the fiction or hypothetical framing was made explicit."
"s598","3","World affairs","School Supply Drive","verified-no-external-claims","explicit fiction or hypothetical scenario; checked for accidental real-person, event, numerical, medical, historical, and time-sensitive claims","","","2026-09-14","No external proposition required verification after the fiction or hypothetical framing was made explicit."
"s599","3","World affairs","Town's First Community Center","verified-no-external-claims","explicit fiction or hypothetical scenario; checked for accidental real-person, event, numerical, medical, historical, and time-sensitive claims","","","2026-09-14","No external proposition required verification after the fiction or hypothetical framing was made explicit."
"s600","3","World affairs","The Volunteer Tutoring Program","verified-no-external-claims","explicit fiction or hypothetical scenario; checked for accidental real-person, event, numerical, medical, historical, and time-sensitive claims","","","2026-09-14","No external proposition required verification after the fiction or hypothetical framing was made explicit."
"s601","4","World affairs","City's Bike Lane Expansion","verified-no-external-claims","explicit fiction or hypothetical scenario; checked for accidental real-person, event, numerical, medical, historical, and time-sensitive claims","","","2026-09-14","No external proposition required verification after the fiction or hypothetical framing was made explicit."
"s602","6","World affairs","Rural Internet Access Initiative","verified-no-external-claims","explicit fiction or hypothetical scenario; checked for accidental real-person, event, numerical, medical, historical, and time-sensitive claims","","","2026-09-14","No external proposition required verification after the fiction or hypothetical framing was made explicit."
"s603","6","World affairs","The Cooperative Housing Model","verified-no-external-claims","explicit fiction or hypothetical scenario; checked for accidental real-person, event, numerical, medical, historical, and time-sensitive claims","","","2026-09-14","No external proposition required verification after the fiction or hypothetical framing was made explicit."
"s604","8","World affairs","Municipal Composting Program","verified-no-external-claims","explicit fiction or hypothetical scenario; checked for accidental real-person, event, numerical, medical, historical, and time-sensitive claims","","","2026-09-14","No external proposition required verification after the fiction or hypothetical framing was made explicit."
"s605","8","World affairs","Cross-Border Water Management Agreement","verified-no-external-claims","explicit fiction or hypothetical scenario; checked for accidental real-person, event, numerical, medical, historical, and time-sensitive claims","","","2026-09-14","No external proposition required verification after the fiction or hypothetical framing was made explicit."
"s606","6","World affairs","The Regional Renewable Energy Cooperative","verified-no-external-claims","explicit fiction or hypothetical scenario; checked for accidental real-person, event, numerical, medical, historical, and time-sensitive claims","","","2026-09-14","No external proposition required verification after the fiction or hypothetical framing was made explicit."
"s607","8","World affairs","National Apprenticeship Modernization Program","verified-no-external-claims","explicit fiction or hypothetical scenario; checked for accidental real-person, event, numerical, medical, historical, and time-sensitive claims","","","2026-09-14","No external proposition required verification after the fiction or hypothetical framing was made explicit."
"s608","7","World affairs","Multi-Municipal Emergency Medical Service","verified-no-external-claims","explicit fiction or hypothetical scenario; checked for accidental real-person, event, numerical, medical, historical, and time-sensitive claims","","","2026-09-14","No external proposition required verification after the fiction or hypothetical framing was made explicit."
"s609","8","World affairs","The National Community Land Trust Initiative","verified-no-external-claims","explicit fiction or hypothetical scenario; checked for accidental real-person, event, numerical, medical, historical, and time-sensitive claims","","","2026-09-14","No external proposition required verification after the fiction or hypothetical framing was made explicit."
"s610","8","World affairs","Regional Circular Economy Partnership","verified-no-external-claims","explicit fiction or hypothetical scenario; checked for accidental real-person, event, numerical, medical, historical, and time-sensitive claims","","","2026-09-14","No external proposition required verification after the fiction or hypothetical framing was made explicit."
"s611","9","World affairs","International Knowledge-Sharing Network for Sustainable Agriculture","verified-no-external-claims","explicit fiction or hypothetical scenario; checked for accidental real-person, event, numerical, medical, historical, and time-sensitive claims","","","2026-09-14","No external proposition required verification after the fiction or hypothetical framing was made explicit."
"s612","9","World affairs","The Federated Approach to Regional Refugee Resettlement","verified-no-external-claims","explicit fiction or hypothetical scenario; checked for accidental real-person, event, numerical, medical, historical, and time-sensitive claims","","","2026-09-14","No external proposition required verification after the fiction or hypothetical framing was made explicit."
"s613","10","World affairs","Polycentric Governance Model for Transboundary Environmental Management","verified-against-authoritative-source","factual statements, mechanism, causal strength, terminology, and stated uncertainty","World Bank: Urban Development","https://www.worldbank.org/en/topic/urbandevelopment","2026-09-14","Urban infrastructure, public services, housing, and policy trade-offs."
"s614","10","World affairs","Deliberative Mini-Public Model for Contested Infrastructure Decisions","verified-against-authoritative-source","factual statements, mechanism, causal strength, terminology, and stated uncertainty","World Bank: Urban Development","https://www.worldbank.org/en/topic/urbandevelopment","2026-09-14","Urban infrastructure, public services, housing, and policy trade-offs."
"s615","1","Everyday life","A Cup of Coffee","verified-no-external-claims","explicit fiction or hypothetical scenario; checked for accidental real-person, event, numerical, medical, historical, and time-sensitive claims","","","2026-09-14","No external proposition required verification after the fiction or hypothetical framing was made explicit."
"s616","1","Everyday life","Cleaning My Room","verified-no-external-claims","explicit fiction or hypothetical scenario; checked for accidental real-person, event, numerical, medical, historical, and time-sensitive claims","","","2026-09-14","No external proposition required verification after the fiction or hypothetical framing was made explicit."
"s617","2","Everyday life","Forgotten Birthday Card","verified-no-external-claims","explicit fiction or hypothetical scenario; checked for accidental real-person, event, numerical, medical, historical, and time-sensitive claims","","","2026-09-14","No external proposition required verification after the fiction or hypothetical framing was made explicit."
"s618","2","Everyday life","The New Kitchen Gadget","verified-no-external-claims","explicit fiction or hypothetical scenario; checked for accidental real-person, event, numerical, medical, historical, and time-sensitive claims","","","2026-09-14","No external proposition required verification after the fiction or hypothetical framing was made explicit."
"s619","3","Everyday life","Surprise Visit","verified-no-external-claims","explicit fiction or hypothetical scenario; checked for accidental real-person, event, numerical, medical, historical, and time-sensitive claims","","","2026-09-14","No external proposition required verification after the fiction or hypothetical framing was made explicit."
"s620","3","Everyday life","Community Garden Plot","verified-no-external-claims","explicit fiction or hypothetical scenario; checked for accidental real-person, event, numerical, medical, historical, and time-sensitive claims","","","2026-09-14","No external proposition required verification after the fiction or hypothetical framing was made explicit."
"s621","4","Everyday life","The Unexpected Career Change","verified-no-external-claims","explicit fiction or hypothetical scenario; checked for accidental real-person, event, numerical, medical, historical, and time-sensitive claims","","","2026-09-14","No external proposition required verification after the fiction or hypothetical framing was made explicit."
"s622","4","Everyday life","Long-Distance Friendship","verified-no-external-claims","explicit fiction or hypothetical scenario; checked for accidental real-person, event, numerical, medical, historical, and time-sensitive claims","","","2026-09-14","No external proposition required verification after the fiction or hypothetical framing was made explicit."
"s623","5","Everyday life","Inherited Responsibility","verified-no-external-claims","explicit fiction or hypothetical scenario; checked for accidental real-person, event, numerical, medical, historical, and time-sensitive claims","","","2026-09-14","No external proposition required verification after the fiction or hypothetical framing was made explicit."
"s624","5","Everyday life","The Roommate Situation","verified-no-external-claims","explicit fiction or hypothetical scenario; checked for accidental real-person, event, numerical, medical, historical, and time-sensitive claims","","","2026-09-14","No external proposition required verification after the fiction or hypothetical framing was made explicit."
"s625","6","Everyday life","Family Business Succession","verified-no-external-claims","explicit fiction or hypothetical scenario; checked for accidental real-person, event, numerical, medical, historical, and time-sensitive claims","","","2026-09-14","No external proposition required verification after the fiction or hypothetical framing was made explicit."
"s626","6","Everyday life","Blended Family Adjustment","verified-no-external-claims","explicit fiction or hypothetical scenario; checked for accidental real-person, event, numerical, medical, historical, and time-sensitive claims","","","2026-09-14","No external proposition required verification after the fiction or hypothetical framing was made explicit."
"s627","7","Everyday life","The Caregiver's Difficult Balance","verified-no-external-claims","explicit fiction or hypothetical scenario; checked for accidental real-person, event, numerical, medical, historical, and time-sensitive claims","","","2026-09-14","No external proposition required verification after the fiction or hypothetical framing was made explicit."
"s628","7","Everyday life","Empty Nest Transition","verified-no-external-claims","explicit fiction or hypothetical scenario; checked for accidental real-person, event, numerical, medical, historical, and time-sensitive claims","","","2026-09-14","No external proposition required verification after the fiction or hypothetical framing was made explicit."
"s629","8","Everyday life","Reconciliation After Decades of Silence","verified-no-external-claims","explicit fiction or hypothetical scenario; checked for accidental real-person, event, numerical, medical, historical, and time-sensitive claims","","","2026-09-14","No external proposition required verification after the fiction or hypothetical framing was made explicit."
"s630","8","Everyday life","The Late-Life Career Reinvention","verified-no-external-claims","explicit fiction or hypothetical scenario; checked for accidental real-person, event, numerical, medical, historical, and time-sensitive claims","","","2026-09-14","No external proposition required verification after the fiction or hypothetical framing was made explicit."
"s631","9","Everyday life","Multigenerational Household Experiment","verified-no-external-claims","explicit fiction or hypothetical scenario; checked for accidental real-person, event, numerical, medical, historical, and time-sensitive claims","","","2026-09-14","No external proposition required verification after the fiction or hypothetical framing was made explicit."
"s632","9","Everyday life","Friendship Tested by Financial Success","verified-no-external-claims","explicit fiction or hypothetical scenario; checked for accidental real-person, event, numerical, medical, historical, and time-sensitive claims","","","2026-09-14","No external proposition required verification after the fiction or hypothetical framing was made explicit."
"s633","10","Everyday life","The Inheritance That Revealed a Hidden Family History","verified-no-external-claims","explicit fiction or hypothetical scenario; checked for accidental real-person, event, numerical, medical, historical, and time-sensitive claims","","","2026-09-14","No external proposition required verification after the fiction or hypothetical framing was made explicit."
"s634","10","Everyday life","Decades-Long Correspondence With a Childhood Pen Pal","verified-no-external-claims","explicit fiction or hypothetical scenario; checked for accidental real-person, event, numerical, medical, historical, and time-sensitive claims","","","2026-09-14","No external proposition required verification after the fiction or hypothetical framing was made explicit."
"s635","1","History","Old Tower","verified-no-external-claims","explicit fiction or hypothetical scenario; checked for accidental real-person, event, numerical, medical, historical, and time-sensitive claims","","","2026-09-14","No external proposition required verification after the fiction or hypothetical framing was made explicit."
"s636","1","History","The First Trade","verified-no-external-claims","explicit fiction or hypothetical scenario; checked for accidental real-person, event, numerical, medical, historical, and time-sensitive claims","","","2026-09-14","No external proposition required verification after the fiction or hypothetical framing was made explicit."
"s637","2","History","Town Crier","verified-no-external-claims","explicit fiction or hypothetical scenario; checked for accidental real-person, event, numerical, medical, historical, and time-sensitive claims","","","2026-09-14","No external proposition required verification after the fiction or hypothetical framing was made explicit."
"s638","4","History","Traveling Peddler","verified-no-external-claims","explicit fiction or hypothetical scenario; checked for accidental real-person, event, numerical, medical, historical, and time-sensitive claims","","","2026-09-14","No external proposition required verification after the fiction or hypothetical framing was made explicit."
"s639","3","History","The Lighthouse Keeper's Daughter","verified-no-external-claims","explicit fiction or hypothetical scenario; checked for accidental real-person, event, numerical, medical, historical, and time-sensitive claims","","","2026-09-14","No external proposition required verification after the fiction or hypothetical framing was made explicit."
"s640","5","History","Orphan Clockmaker","verified-no-external-claims","explicit fiction or hypothetical scenario; checked for accidental real-person, event, numerical, medical, historical, and time-sensitive claims","","","2026-09-14","No external proposition required verification after the fiction or hypothetical framing was made explicit."
"s641","4","History","Printer Who Risked Everything","verified-no-external-claims","explicit fiction or hypothetical scenario; checked for accidental real-person, event, numerical, medical, historical, and time-sensitive claims","","","2026-09-14","No external proposition required verification after the fiction or hypothetical framing was made explicit."
"s642","5","History","The Midwife's Secret Knowledge","verified-no-external-claims","explicit fiction or hypothetical scenario; checked for accidental real-person, event, numerical, medical, historical, and time-sensitive claims","","","2026-09-14","No external proposition required verification after the fiction or hypothetical framing was made explicit."
"s643","5","History","Interpreter Who Prevented a War","verified-no-external-claims","explicit fiction or hypothetical scenario; checked for accidental real-person, event, numerical, medical, historical, and time-sensitive claims","","","2026-09-14","No external proposition required verification after the fiction or hypothetical framing was made explicit."
"s644","8","History","Astronomer Who Corrected an Ancient Error","verified-no-external-claims","explicit fiction or hypothetical scenario; checked for accidental real-person, event, numerical, medical, historical, and time-sensitive claims","","","2026-09-14","No external proposition required verification after the fiction or hypothetical framing was made explicit."
"s645","8","History","The Diplomat's Unconventional Peace Proposal","verified-no-external-claims","explicit fiction or hypothetical scenario; checked for accidental real-person, event, numerical, medical, historical, and time-sensitive claims","","","2026-09-14","No external proposition required verification after the fiction or hypothetical framing was made explicit."
"s646","6","History","Merchant Who Funded a Library","verified-no-external-claims","explicit fiction or hypothetical scenario; checked for accidental real-person, event, numerical, medical, historical, and time-sensitive claims","","","2026-09-14","No external proposition required verification after the fiction or hypothetical framing was made explicit."
"s647","7","History","Regent Who Governed by Committee","verified-no-external-claims","explicit fiction or hypothetical scenario; checked for accidental real-person, event, numerical, medical, historical, and time-sensitive claims","","","2026-09-14","No external proposition required verification after the fiction or hypothetical framing was made explicit."
"s648","7","History","The Cartographer's Deliberate Error","verified-no-external-claims","explicit fiction or hypothetical scenario; checked for accidental real-person, event, numerical, medical, historical, and time-sensitive claims","","","2026-09-14","No external proposition required verification after the fiction or hypothetical framing was made explicit."
"s649","8","History","Translator Who Preserved a Dying Language","verified-no-external-claims","explicit fiction or hypothetical scenario; checked for accidental real-person, event, numerical, medical, historical, and time-sensitive claims","","","2026-09-14","No external proposition required verification after the fiction or hypothetical framing was made explicit."
"s650","8","History","Engineer Who Refused to Certify an Unsafe Bridge","verified-no-external-claims","explicit fiction or hypothetical scenario; checked for accidental real-person, event, numerical, medical, historical, and time-sensitive claims","","","2026-09-14","No external proposition required verification after the fiction or hypothetical framing was made explicit."
"s651","9","History","The Archivist Who Smuggled a Nation's Memory","verified-no-external-claims","explicit fiction or hypothetical scenario; checked for accidental real-person, event, numerical, medical, historical, and time-sensitive claims","","","2026-09-14","No external proposition required verification after the fiction or hypothetical framing was made explicit."
"s652","9","History","Economist Whose Warnings Went Unheeded","verified-no-external-claims","explicit fiction or hypothetical scenario; checked for accidental real-person, event, numerical, medical, historical, and time-sensitive claims","","","2026-09-14","No external proposition required verification after the fiction or hypothetical framing was made explicit."
"s653","10","History","Historian Who Documented Her Own Erasure","verified-no-external-claims","explicit fiction or hypothetical scenario; checked for accidental real-person, event, numerical, medical, historical, and time-sensitive claims","","","2026-09-14","No external proposition required verification after the fiction or hypothetical framing was made explicit."
"s654","10","History","The Cryptographer Whose Code Remained Unbroken for a Century","verified-no-external-claims","explicit fiction or hypothetical scenario; checked for accidental real-person, event, numerical, medical, historical, and time-sensitive claims","","","2026-09-14","No external proposition required verification after the fiction or hypothetical framing was made explicit."
"s655","1","Science","Why We Sneeze","verified-against-authoritative-source","factual statements, mechanism, causal strength, terminology, and stated uncertainty","National Institutes of Health: Health Information","https://www.nih.gov/health-information","2026-09-14","Biology and health claims, mechanism, safety language, and research status."
"s656","1","Science","Magnets Stick Together","verified-against-authoritative-source","factual statements, mechanism, causal strength, terminology, and stated uncertainty","NIST Chemistry WebBook","https://webbook.nist.gov/chemistry/","2026-09-14","Chemical identity, material properties, reactions, and measurement terminology."
"s657","2","Science","Why Ice Cream Melts","verified-against-authoritative-source","factual statements, mechanism, causal strength, terminology, and stated uncertainty","U.S. Geological Survey: Science Explorer","https://www.usgs.gov/science/science-explorer","2026-09-14","Earth systems, water, geology, hazards, and physical processes."
"s658","2","Science","How Plants Drink Water","verified-against-authoritative-source","factual statements, mechanism, causal strength, terminology, and stated uncertainty","U.S. Geological Survey: Science Explorer","https://www.usgs.gov/science/science-explorer","2026-09-14","Earth systems, water, geology, hazards, and physical processes."
"s659","3","Science","Why Some Objects Float and Others Sink","verified-against-authoritative-source","factual statements, mechanism, causal strength, terminology, and stated uncertainty","NIST Chemistry WebBook","https://webbook.nist.gov/chemistry/","2026-09-14","Chemical identity, material properties, reactions, and measurement terminology."
"s660","3","Science","The Science of Static Electricity","verified-against-authoritative-source","factual statements, mechanism, causal strength, terminology, and stated uncertainty","National Institutes of Health: Health Information","https://www.nih.gov/health-information","2026-09-14","Biology and health claims, mechanism, safety language, and research status."
"s661","4","Science","How Vaccines Prevent Disease Outbreaks","verified-against-authoritative-source","factual statements, mechanism, causal strength, terminology, and stated uncertainty","National Institutes of Health: Health Information","https://www.nih.gov/health-information","2026-09-14","Biology and health claims, mechanism, safety language, and research status."
"s662","4","Science","Physics of Why Sound Travels Differently Through Different Materials","verified-against-authoritative-source","factual statements, mechanism, causal strength, terminology, and stated uncertainty","NASA Science","https://science.nasa.gov/","2026-09-14","Astronomy, planetary science, measurement, and the distinction between evidence and inference."
"s663","5","Science","Why Yawning May Be Contagious","verified-against-authoritative-source","factual statements, mechanism, causal strength, terminology, and stated uncertainty","A Neural Basis for Contagious Yawning","https://pubmed.ncbi.nlm.nih.gov/28806799/","2026-09-14","Repaired corrupted wording and rewrote the explanation so empathy remains a disputed proposal rather than a diagnosis."
"s664","5","Science","How Our Bodies Convert Food Into Usable Energy","verified-against-authoritative-source","factual statements, mechanism, causal strength, terminology, and stated uncertainty","National Institutes of Health: Health Information","https://www.nih.gov/health-information","2026-09-14","Biology and health claims, mechanism, safety language, and research status."
"s665","6","Science","Neuroscience of Habit Formation","verified-against-authoritative-source","factual statements, mechanism, causal strength, terminology, and stated uncertainty","National Institute of Neurological Disorders and Stroke","https://www.ninds.nih.gov/health-information","2026-09-14","Brain, sleep, memory, sensory systems, and appropriate uncertainty."
"s666","6","Science","How Coral Bleaching Threatens Ocean Ecosystems","verified-against-authoritative-source","factual statements, mechanism, causal strength, terminology, and stated uncertainty","NASA Science","https://science.nasa.gov/","2026-09-14","Astronomy, planetary science, measurement, and the distinction between evidence and inference."
"s667","7","Science","Chemistry of Why Certain Metals Corrode Faster Than Others","verified-against-authoritative-source","factual statements, mechanism, causal strength, terminology, and stated uncertainty","National Institutes of Health: Health Information","https://www.nih.gov/health-information","2026-09-14","Biology and health claims, mechanism, safety language, and research status."
"s668","7","Science","Physiology of Altitude Sickness","verified-against-authoritative-source","factual statements, mechanism, causal strength, terminology, and stated uncertainty","National Institutes of Health: Health Information","https://www.nih.gov/health-information","2026-09-14","Biology and health claims, mechanism, safety language, and research status."
"s669","8","Science","The Genetics of Why Identical Twins Aren't Perfectly Identical","verified-against-authoritative-source","factual statements, mechanism, causal strength, terminology, and stated uncertainty","National Institutes of Health: Health Information","https://www.nih.gov/health-information","2026-09-14","Biology and health claims, mechanism, safety language, and research status."
"s670","8","Science","Physics of Why GPS Requires Correcting for Relativity","verified-against-authoritative-source","factual statements, mechanism, causal strength, terminology, and stated uncertainty","NASA Science","https://science.nasa.gov/","2026-09-14","Astronomy, planetary science, measurement, and the distinction between evidence and inference."
"s671","9","Science","Microbiome's Influence on Human Health and Behavior","verified-against-authoritative-source","factual statements, mechanism, causal strength, terminology, and stated uncertainty","National Institutes of Health: Health Information","https://www.nih.gov/health-information","2026-09-14","Biology and health claims, mechanism, safety language, and research status."
"s672","9","Science","The Astrophysics of Gravitational Waves","verified-against-authoritative-source","factual statements, mechanism, causal strength, terminology, and stated uncertainty","NASA Science","https://science.nasa.gov/","2026-09-14","Astronomy, planetary science, measurement, and the distinction between evidence and inference."
"s673","10","Science","Theoretical Physics of Quantum Entanglement and Its Implications","verified-against-authoritative-source","factual statements, mechanism, causal strength, terminology, and stated uncertainty","NASA Science","https://science.nasa.gov/","2026-09-14","Astronomy, planetary science, measurement, and the distinction between evidence and inference."
"s674","10","Science","Molecular Biology of CRISPR Gene Editing Technology","verified-against-authoritative-source","factual statements, mechanism, causal strength, terminology, and stated uncertainty","National Institutes of Health: Health Information","https://www.nih.gov/health-information","2026-09-14","Biology and health claims, mechanism, safety language, and research status."
"s675","1","Famous books","The Ugly Duckling","verified-against-primary-text","characters, sequence, principal action, outcome, and source-work attribution","Project Gutenberg: The Ugly Duckling","https://www.gutenberg.org/ebooks/1597","2026-09-14","Primary-text comparison of characters, sequence, principal action, outcome, and source-work attribution."
"s676","1","Famous books","The Princess and the Pea","verified-against-primary-text","characters, sequence, principal action, outcome, and source-work attribution","Project Gutenberg: The Princess and the Pea","https://www.gutenberg.org/ebooks/1597","2026-09-14","Primary-text comparison of characters, sequence, principal action, outcome, and source-work attribution."
"s677","2","Famous books","The Bremen Town Musicians","verified-against-primary-text","characters, sequence, principal action, outcome, and source-work attribution","Project Gutenberg: The Bremen Town Musicians","https://www.gutenberg.org/ebooks/2591","2026-09-14","Primary-text comparison of characters, sequence, principal action, outcome, and source-work attribution."
"s678","2","Famous books","Pinocchio Meets the Talking Cricket","verified-against-primary-text","characters, sequence, principal action, outcome, and source-work attribution","Project Gutenberg: Pinocchio","https://www.gutenberg.org/ebooks/500","2026-09-14","Primary-text comparison of characters, sequence, principal action, outcome, and source-work attribution."
"s679","3","Famous books","Pinocchio Meets the Fox and the Cat","verified-against-primary-text","characters, sequence, principal action, outcome, and source-work attribution","Project Gutenberg: Pinocchio","https://www.gutenberg.org/ebooks/500","2026-09-14","Primary-text comparison of characters, sequence, principal action, outcome, and source-work attribution."
"s680","3","Famous books","Thumbelina Leaves Her Home","verified-against-primary-text","characters, sequence, principal action, outcome, and source-work attribution","Project Gutenberg: Thumbelina","https://www.gutenberg.org/ebooks/1597","2026-09-14","Primary-text comparison of characters, sequence, principal action, outcome, and source-work attribution."
"s681","4","Famous books","Marley's Ghost Visits Scrooge","verified-against-primary-text","characters, sequence, principal action, outcome, and source-work attribution","Project Gutenberg: A Christmas Carol","https://www.gutenberg.org/ebooks/46","2026-09-14","Primary-text comparison of characters, sequence, principal action, outcome, and source-work attribution."
"s682","6","Famous books","The Treasure of Monte Cristo","verified-against-primary-text","characters, sequence, principal action, outcome, and source-work attribution","Project Gutenberg: The Count of Monte Cristo","https://www.gutenberg.org/ebooks/1184","2026-09-14","Primary-text comparison of characters, sequence, principal action, outcome, and source-work attribution."
"s683","5","Famous books","Robinson Crusoe Is Shipwrecked","verified-against-primary-text","characters, sequence, principal action, outcome, and source-work attribution","Project Gutenberg: Robinson Crusoe","https://www.gutenberg.org/ebooks/521","2026-09-14","Primary-text comparison of characters, sequence, principal action, outcome, and source-work attribution."
"s684","5","Famous books","The Footprint in the Sand","verified-against-primary-text","characters, sequence, principal action, outcome, and source-work attribution","Project Gutenberg: Robinson Crusoe","https://www.gutenberg.org/ebooks/521","2026-09-14","Primary-text comparison of characters, sequence, principal action, outcome, and source-work attribution."
"s685","6","Famous books","D'Artagnan Arrives in Paris","verified-against-primary-text","characters, sequence, principal action, outcome, and source-work attribution","Project Gutenberg: The Three Musketeers","https://www.gutenberg.org/ebooks/1257","2026-09-14","Primary-text comparison of characters, sequence, principal action, outcome, and source-work attribution."
"s686","6","Famous books","The Queen's Diamonds","verified-against-primary-text","characters, sequence, principal action, outcome, and source-work attribution","Project Gutenberg: The Three Musketeers","https://www.gutenberg.org/ebooks/1257","2026-09-14","Primary-text comparison of characters, sequence, principal action, outcome, and source-work attribution."
"s687","7","Famous books","Dorian's Double Life","verified-against-primary-text","characters, sequence, principal action, outcome, and source-work attribution","Project Gutenberg: The Picture of Dorian Gray","https://www.gutenberg.org/ebooks/174","2026-09-14","Primary-text comparison of characters, sequence, principal action, outcome, and source-work attribution."
"s688","7","Famous books","Dorian Faces the Portrait","verified-against-primary-text","characters, sequence, principal action, outcome, and source-work attribution","Project Gutenberg: The Picture of Dorian Gray","https://www.gutenberg.org/ebooks/174","2026-09-14","Primary-text comparison of characters, sequence, principal action, outcome, and source-work attribution."
"s689","8","Famous books","Captain Nemo's Hidden World","verified-against-primary-text","characters, sequence, principal action, outcome, and source-work attribution","Project Gutenberg: Twenty Thousand Leagues Under the Seas","https://www.gutenberg.org/ebooks/164","2026-09-14","Primary-text comparison of characters, sequence, principal action, outcome, and source-work attribution."
"s690","8","Famous books","The Attack of the Giant Squid","verified-against-primary-text","characters, sequence, principal action, outcome, and source-work attribution","Project Gutenberg: Twenty Thousand Leagues Under the Seas","https://www.gutenberg.org/ebooks/164","2026-09-14","Primary-text comparison of characters, sequence, principal action, outcome, and source-work attribution."
"s691","9","Famous books","Revolution and Justice in Paris","verified-against-primary-text","characters, sequence, principal action, outcome, and source-work attribution","Project Gutenberg: A Tale of Two Cities","https://www.gutenberg.org/ebooks/98","2026-09-14","Primary-text comparison of characters, sequence, principal action, outcome, and source-work attribution."
"s692","9","Famous books","Dorian Gray and the Cost of Beauty","verified-against-primary-text","characters, sequence, principal action, outcome, and source-work attribution","Project Gutenberg: The Picture of Dorian Gray","https://www.gutenberg.org/ebooks/174","2026-09-14","Primary-text comparison of characters, sequence, principal action, outcome, and source-work attribution."
"s693","10","Famous books","A Tale of Two Cities: Sacrifice and Political Violence","verified-against-primary-text","characters, sequence, principal action, outcome, and source-work attribution","Project Gutenberg: A Tale of Two Cities","https://www.gutenberg.org/ebooks/98","2026-09-14","Primary-text comparison of characters, sequence, principal action, outcome, and source-work attribution."
"s694","10","Famous books","The Scarlet Letter: Guilt, Identity, and Public Morality","verified-against-primary-text","characters, sequence, principal action, outcome, and source-work attribution","Project Gutenberg: The Scarlet Letter","https://www.gutenberg.org/ebooks/33","2026-09-14","Primary-text comparison of characters, sequence, principal action, outcome, and source-work attribution."
"s695","1","Fantasy/stories","The Blue Kite","verified-no-external-claims","explicit fiction or hypothetical scenario; checked for accidental real-person, event, numerical, medical, historical, and time-sensitive claims","","","2026-09-14","No external proposition required verification after the fiction or hypothetical framing was made explicit."
"s696","1","Fantasy/stories","The Little Red Boat","verified-no-external-claims","explicit fiction or hypothetical scenario; checked for accidental real-person, event, numerical, medical, historical, and time-sensitive claims","","","2026-09-14","No external proposition required verification after the fiction or hypothetical framing was made explicit."
"s697","1","Nature and animals","A Bird at My Window","verified-against-authoritative-source","factual statements, mechanism, causal strength, terminology, and stated uncertainty","USDA Forest Service Research and Development","https://research.fs.usda.gov/","2026-09-14","Plant, forest, fungal, fire, and below-ground ecological processes."
"s698","1","Nature and animals","The Busy Ant Trail","verified-against-authoritative-source","factual statements, mechanism, causal strength, terminology, and stated uncertainty","Smithsonian's National Zoo & Conservation Biology Institute: Animals","https://nationalzoo.si.edu/animals","2026-09-14","Animal anatomy, behavior, life history, and species-level terminology."
"s699","1","World affairs","A New Well for the Village","verified-against-authoritative-source","factual statements, mechanism, causal strength, terminology, and stated uncertainty","United Nations Environment Programme","https://www.unep.org/explore-topics","2026-09-14","Environmental governance, resources, climate, waste, and limits of proposed interventions."
"s700","1","World affairs","The Market Gets a Roof","verified-against-authoritative-source","factual statements, mechanism, causal strength, terminology, and stated uncertainty","World Bank: Understanding Poverty","https://www.worldbank.org/en/understanding-poverty","2026-09-14","Economic mechanisms, livelihoods, distributional effects, and policy uncertainty."
"s701","1","Everyday life","The Key Under the Chair","verified-no-external-claims","explicit fiction or hypothetical scenario; checked for accidental real-person, event, numerical, medical, historical, and time-sensitive claims","","","2026-09-14","No external proposition required verification after the fiction or hypothetical framing was made explicit."
"s702","1","Everyday life","My Quiet Morning","verified-no-external-claims","explicit fiction or hypothetical scenario; checked for accidental real-person, event, numerical, medical, historical, and time-sensitive claims","","","2026-09-14","No external proposition required verification after the fiction or hypothetical framing was made explicit."
"s703","1","History","Bread in Ancient Egypt","verified-against-authoritative-source","factual statements, mechanism, causal strength, terminology, and stated uncertainty","The Metropolitan Museum of Art: Heilbrunn Timeline of Art History","https://www.metmuseum.org/toah/","2026-09-14","Ancient material culture, writing, trade, daily life, and chronology."
"s704","1","History","A Roman Road","verified-against-authoritative-source","factual statements, mechanism, causal strength, terminology, and stated uncertainty","The Metropolitan Museum of Art: Heilbrunn Timeline of Art History","https://www.metmuseum.org/toah/","2026-09-14","Ancient material culture, writing, trade, daily life, and chronology."
"s705","1","Science","Why Ice Melts","verified-against-authoritative-source","factual statements, mechanism, causal strength, terminology, and stated uncertainty","NASA Science","https://science.nasa.gov/","2026-09-14","Astronomy, planetary science, measurement, and the distinction between evidence and inference."
"s706","1","Science","A Shadow Moves","verified-against-authoritative-source","factual statements, mechanism, causal strength, terminology, and stated uncertainty","NASA Science","https://science.nasa.gov/","2026-09-14","Astronomy, planetary science, measurement, and the distinction between evidence and inference."
"s707","1","Famous books","The Dog and His Reflection","verified-against-primary-text","characters, sequence, principal action, outcome, and source-work attribution","Project Gutenberg: The Dog and His Reflection","https://www.gutenberg.org/ebooks/11339","2026-09-14","Primary-text comparison of characters, sequence, principal action, outcome, and source-work attribution."
"s708","1","Famous books","The Golden Goose","verified-against-primary-text","characters, sequence, principal action, outcome, and source-work attribution","Project Gutenberg: The Golden Goose","https://www.gutenberg.org/ebooks/2591","2026-09-14","Primary-text comparison of characters, sequence, principal action, outcome, and source-work attribution."
"s709","2","Fantasy/stories","The Door in the Tree","verified-no-external-claims","explicit fiction or hypothetical scenario; checked for accidental real-person, event, numerical, medical, historical, and time-sensitive claims","","","2026-09-14","No external proposition required verification after the fiction or hypothetical framing was made explicit."
"s710","2","Fantasy/stories","Mina and the Moon Bell","verified-no-external-claims","explicit fiction or hypothetical scenario; checked for accidental real-person, event, numerical, medical, historical, and time-sensitive claims","","","2026-09-14","No external proposition required verification after the fiction or hypothetical framing was made explicit."
"s711","2","Nature and animals","The Frog in the Garden","verified-against-authoritative-source","factual statements, mechanism, causal strength, terminology, and stated uncertainty","USDA Forest Service Research and Development","https://research.fs.usda.gov/","2026-09-14","Plant, forest, fungal, fire, and below-ground ecological processes."
"s712","2","Nature and animals","Why Cats Move Their Ears","verified-against-authoritative-source","factual statements, mechanism, causal strength, terminology, and stated uncertainty","Smithsonian's National Zoo & Conservation Biology Institute: Animals","https://nationalzoo.si.edu/animals","2026-09-14","Animal anatomy, behavior, life history, and species-level terminology."
"s713","2","World affairs","A Town Shares Its Water","verified-against-authoritative-source","factual statements, mechanism, causal strength, terminology, and stated uncertainty","United Nations Environment Programme","https://www.unep.org/explore-topics","2026-09-14","Environmental governance, resources, climate, waste, and limits of proposed interventions."
"s714","2","World affairs","When the Market Moved Indoors","verified-against-authoritative-source","factual statements, mechanism, causal strength, terminology, and stated uncertainty","World Bank: Understanding Poverty","https://www.worldbank.org/en/understanding-poverty","2026-09-14","Economic mechanisms, livelihoods, distributional effects, and policy uncertainty."
"s715","2","Everyday life","The Wrong Bus Home","verified-no-external-claims","explicit fiction or hypothetical scenario; checked for accidental real-person, event, numerical, medical, historical, and time-sensitive claims","","","2026-09-14","No external proposition required verification after the fiction or hypothetical framing was made explicit."
"s716","2","Everyday life","Cooking Rice for Two","verified-no-external-claims","explicit fiction or hypothetical scenario; checked for accidental real-person, event, numerical, medical, historical, and time-sensitive claims","","","2026-09-14","No external proposition required verification after the fiction or hypothetical framing was made explicit."
"s717","2","History","A Day in Ancient Pompeii","verified-against-authoritative-source","factual statements, mechanism, causal strength, terminology, and stated uncertainty","The Metropolitan Museum of Art: Heilbrunn Timeline of Art History","https://www.metmuseum.org/toah/","2026-09-14","Ancient material culture, writing, trade, daily life, and chronology."
"s718","2","History","How Vikings Used Longships","verified-against-authoritative-source","factual statements, mechanism, causal strength, terminology, and stated uncertainty","Smithsonian Institution: History, Travel, Arts, Science, People, Places","https://www.si.edu/spotlight","2026-09-14","Material culture, travel, exchange, navigation, and the limits of reconstructed scenes."
"s719","2","Science","How Soap Cleans Your Hands","verified-against-authoritative-source","factual statements, mechanism, causal strength, terminology, and stated uncertainty","NIST Chemistry WebBook","https://webbook.nist.gov/chemistry/","2026-09-14","Chemical identity, material properties, reactions, and measurement terminology."
"s720","2","Science","Why We See the Moon","verified-against-authoritative-source","factual statements, mechanism, causal strength, terminology, and stated uncertainty","NASA Science","https://science.nasa.gov/","2026-09-14","Astronomy, planetary science, measurement, and the distinction between evidence and inference."
"s721","2","Famous books","The Fisherman and His Wife","verified-against-primary-text","characters, sequence, principal action, outcome, and source-work attribution","Project Gutenberg: The Fisherman and His Wife","https://www.gutenberg.org/ebooks/2591","2026-09-14","Primary-text comparison of characters, sequence, principal action, outcome, and source-work attribution."
"s722","2","Famous books","The Little Match Girl","verified-against-primary-text","characters, sequence, principal action, outcome, and source-work attribution","Project Gutenberg: The Little Match Girl","https://www.gutenberg.org/ebooks/1597","2026-09-14","Primary-text comparison of characters, sequence, principal action, outcome, and source-work attribution."
"s723","3","Fantasy/stories","The House That Moved at Night","verified-no-external-claims","explicit fiction or hypothetical scenario; checked for accidental real-person, event, numerical, medical, historical, and time-sensitive claims","","","2026-09-14","No external proposition required verification after the fiction or hypothetical framing was made explicit."
"s724","3","Fantasy/stories","The Boy Who Borrowed a Cloud","verified-no-external-claims","explicit fiction or hypothetical scenario; checked for accidental real-person, event, numerical, medical, historical, and time-sensitive claims","","","2026-09-14","No external proposition required verification after the fiction or hypothetical framing was made explicit."
"s725","3","Nature and animals","The Night of the Fireflies","verified-against-authoritative-source","factual statements, mechanism, causal strength, terminology, and stated uncertainty","Smithsonian's National Zoo & Conservation Biology Institute: Animals","https://nationalzoo.si.edu/animals","2026-09-14","Animal anatomy, behavior, life history, and species-level terminology."
"s726","3","Nature and animals","How a Young Seal Learns to Swim","verified-against-authoritative-source","factual statements, mechanism, causal strength, terminology, and stated uncertainty","NOAA Ocean Service: Ocean Facts","https://oceanservice.noaa.gov/facts/","2026-09-14","Marine biology, ocean processes, and limits or qualifications attached to the claim."
"s727","3","World affairs","Why Cities Plant More Trees","verified-against-authoritative-source","factual statements, mechanism, causal strength, terminology, and stated uncertainty","United Nations Environment Programme","https://www.unep.org/explore-topics","2026-09-14","Environmental governance, resources, climate, waste, and limits of proposed interventions."
"s728","3","World affairs","A Small Island Builds Higher Roads","verified-against-authoritative-source","factual statements, mechanism, causal strength, terminology, and stated uncertainty","United Nations Environment Programme","https://www.unep.org/explore-topics","2026-09-14","Environmental governance, resources, climate, waste, and limits of proposed interventions."
"s729","3","Everyday life","A Phone Call from an Old Friend","verified-no-external-claims","explicit fiction or hypothetical scenario; checked for accidental real-person, event, numerical, medical, historical, and time-sensitive claims","","","2026-09-14","No external proposition required verification after the fiction or hypothetical framing was made explicit."
"s730","3","Everyday life","The Umbrella Left at the Cafe","verified-no-external-claims","explicit fiction or hypothetical scenario; checked for accidental real-person, event, numerical, medical, historical, and time-sensitive claims","","","2026-09-14","No external proposition required verification after the fiction or hypothetical framing was made explicit."
"s731","3","History","A Messenger on the Inca Roads","verified-against-authoritative-source","factual statements, mechanism, causal strength, terminology, and stated uncertainty","The Metropolitan Museum of Art: Heilbrunn Timeline of Art History","https://www.metmuseum.org/toah/","2026-09-14","Ancient material culture, writing, trade, daily life, and chronology."
"s732","3","History","Printing Changes Europe","verified-against-authoritative-source","factual statements, mechanism, causal strength, terminology, and stated uncertainty","Smithsonian Institution: Smithsonian Learning Lab","https://learninglab.si.edu/","2026-09-14","Social and cultural history, objects, everyday practices, and interpretive cautions."
"s733","3","Science","What Makes Thunder","verified-against-authoritative-source","factual statements, mechanism, causal strength, terminology, and stated uncertainty","NASA Science","https://science.nasa.gov/","2026-09-14","Astronomy, planetary science, measurement, and the distinction between evidence and inference."
"s734","3","Science","How Seeds Know Which Way to Grow","verified-against-authoritative-source","factual statements, mechanism, causal strength, terminology, and stated uncertainty","NASA Science","https://science.nasa.gov/","2026-09-14","Astronomy, planetary science, measurement, and the distinction between evidence and inference."
"s735","3","Famous books","Dorothy Meets the Scarecrow","verified-against-primary-text","characters, sequence, principal action, outcome, and source-work attribution","Project Gutenberg: The Wonderful Wizard of Oz","https://www.gutenberg.org/ebooks/55","2026-09-14","Primary-text comparison of characters, sequence, principal action, outcome, and source-work attribution."
"s736","3","Famous books","Tom Sawyer Paints the Fence","verified-against-primary-text","characters, sequence, principal action, outcome, and source-work attribution","Project Gutenberg: The Adventures of Tom Sawyer","https://www.gutenberg.org/ebooks/74","2026-09-14","Primary-text comparison of characters, sequence, principal action, outcome, and source-work attribution."
"s737","4","Fantasy/stories","The Clockmaker's Secret Room","verified-no-external-claims","explicit fiction or hypothetical scenario; checked for accidental real-person, event, numerical, medical, historical, and time-sensitive claims","","","2026-09-14","No external proposition required verification after the fiction or hypothetical framing was made explicit."
"s738","4","Fantasy/stories","The Village Under the Lake","verified-no-external-claims","explicit fiction or hypothetical scenario; checked for accidental real-person, event, numerical, medical, historical, and time-sensitive claims","","","2026-09-14","No external proposition required verification after the fiction or hypothetical framing was made explicit."
"s739","4","Nature and animals","The Trees That Share Water","verified-against-authoritative-source","factual statements, mechanism, causal strength, terminology, and stated uncertainty","USDA Forest Service Research and Development","https://research.fs.usda.gov/","2026-09-14","Plant, forest, fungal, fire, and below-ground ecological processes."
"s740","4","Nature and animals","The Bee That Finds the Flowers","verified-against-authoritative-source","factual statements, mechanism, causal strength, terminology, and stated uncertainty","USDA Forest Service Research and Development","https://research.fs.usda.gov/","2026-09-14","Plant, forest, fungal, fire, and below-ground ecological processes."
"s741","4","World affairs","How Food Aid Reaches a Community","verified-against-authoritative-source","factual statements, mechanism, causal strength, terminology, and stated uncertainty","World Bank: Understanding Poverty","https://www.worldbank.org/en/understanding-poverty","2026-09-14","Economic mechanisms, livelihoods, distributional effects, and policy uncertainty."
"s742","4","World affairs","The Town That Changed Its Waste Rules","verified-against-authoritative-source","factual statements, mechanism, causal strength, terminology, and stated uncertainty","United Nations Environment Programme","https://www.unep.org/explore-topics","2026-09-14","Environmental governance, resources, climate, waste, and limits of proposed interventions."
"s743","4","Everyday life","The Flat Above the Bakery","verified-no-external-claims","explicit fiction or hypothetical scenario; checked for accidental real-person, event, numerical, medical, historical, and time-sensitive claims","","","2026-09-14","No external proposition required verification after the fiction or hypothetical framing was made explicit."
"s744","4","Everyday life","A Saturday Without a Phone","verified-no-external-claims","explicit fiction or hypothetical scenario; checked for accidental real-person, event, numerical, medical, historical, and time-sensitive claims","","","2026-09-14","No external proposition required verification after the fiction or hypothetical framing was made explicit."
"s745","4","History","How the Compass Changed Sea Travel","verified-against-authoritative-source","factual statements, mechanism, causal strength, terminology, and stated uncertainty","Smithsonian Institution: History, Travel, Arts, Science, People, Places","https://www.si.edu/spotlight","2026-09-14","Material culture, travel, exchange, navigation, and the limits of reconstructed scenes."
"s746","4","History","The First Public Clocks","verified-against-authoritative-source","factual statements, mechanism, causal strength, terminology, and stated uncertainty","Smithsonian Institution: Smithsonian Learning Lab","https://learninglab.si.edu/","2026-09-14","Social and cultural history, objects, everyday practices, and interpretive cautions."
"s747","4","Science","Why Metal Feels Colder Than Wood","verified-against-authoritative-source","factual statements, mechanism, causal strength, terminology, and stated uncertainty","NIST Chemistry WebBook","https://webbook.nist.gov/chemistry/","2026-09-14","Chemical identity, material properties, reactions, and measurement terminology."
"s748","4","Science","How Vaccines Train the Immune System","verified-against-authoritative-source","factual statements, mechanism, causal strength, terminology, and stated uncertainty","National Institute of Neurological Disorders and Stroke","https://www.ninds.nih.gov/health-information","2026-09-14","Brain, sleep, memory, sensory systems, and appropriate uncertainty."
"s749","4","Famous books","Dorothy Meets the Cowardly Lion","verified-against-primary-text","characters, sequence, principal action, outcome, and source-work attribution","Project Gutenberg: The Wonderful Wizard of Oz","https://www.gutenberg.org/ebooks/55","2026-09-14","Primary-text comparison of characters, sequence, principal action, outcome, and source-work attribution."
"s750","4","Famous books","Tom and Huck in the Graveyard","verified-against-primary-text","characters, sequence, principal action, outcome, and source-work attribution","Project Gutenberg: The Adventures of Tom Sawyer","https://www.gutenberg.org/ebooks/74","2026-09-14","Primary-text comparison of characters, sequence, principal action, outcome, and source-work attribution."
"s751","5","Fantasy/stories","The Library at the End of the Road","verified-no-external-claims","explicit fiction or hypothetical scenario; checked for accidental real-person, event, numerical, medical, historical, and time-sensitive claims","","","2026-09-14","No external proposition required verification after the fiction or hypothetical framing was made explicit."
"s752","5","Fantasy/stories","The Girl Who Could Hear Old Walls","verified-no-external-claims","explicit fiction or hypothetical scenario; checked for accidental real-person, event, numerical, medical, historical, and time-sensitive claims","","","2026-09-14","No external proposition required verification after the fiction or hypothetical framing was made explicit."
"s753","5","Nature and animals","When Wolves Return to a Valley","verified-against-authoritative-source","factual statements, mechanism, causal strength, terminology, and stated uncertainty","USDA Forest Service Research and Development","https://research.fs.usda.gov/","2026-09-14","Plant, forest, fungal, fire, and below-ground ecological processes."
"s754","5","Nature and animals","The Secret Life of Tide Pools","verified-against-authoritative-source","factual statements, mechanism, causal strength, terminology, and stated uncertainty","NOAA Ocean Service: Ocean Facts","https://oceanservice.noaa.gov/facts/","2026-09-14","Marine biology, ocean processes, and limits or qualifications attached to the claim."
"s755","5","World affairs","Why Some Cities Limit Short-Term Rentals","verified-against-authoritative-source","factual statements, mechanism, causal strength, terminology, and stated uncertainty","World Bank: Understanding Poverty","https://www.worldbank.org/en/understanding-poverty","2026-09-14","Economic mechanisms, livelihoods, distributional effects, and policy uncertainty."
"s756","5","World affairs","A Region Rebuilds After a Major Flood","verified-against-authoritative-source","factual statements, mechanism, causal strength, terminology, and stated uncertainty","United Nations Environment Programme","https://www.unep.org/explore-topics","2026-09-14","Environmental governance, resources, climate, waste, and limits of proposed interventions."
"s757","5","Everyday life","Learning to Say No Politely","verified-no-external-claims","explicit fiction or hypothetical scenario; checked for accidental real-person, event, numerical, medical, historical, and time-sensitive claims","","","2026-09-14","No external proposition required verification after the fiction or hypothetical framing was made explicit."
"s758","5","Everyday life","The Neighbor Who Watered the Plants","verified-no-external-claims","explicit fiction or hypothetical scenario; checked for accidental real-person, event, numerical, medical, historical, and time-sensitive claims","","","2026-09-14","No external proposition required verification after the fiction or hypothetical framing was made explicit."
"s759","5","History","The Opening of the Suez Canal","verified-against-authoritative-source","factual statements, mechanism, causal strength, terminology, and stated uncertainty","The Metropolitan Museum of Art: Heilbrunn Timeline of Art History","https://www.metmuseum.org/toah/","2026-09-14","Ancient material culture, writing, trade, daily life, and chronology."
"s760","5","History","The First Railway Between Tokyo and Yokohama","verified-against-authoritative-source","factual statements, mechanism, causal strength, terminology, and stated uncertainty","Library of Congress: Digital Collections","https://www.loc.gov/collections/","2026-09-14","Documents and collections concerning industry, communication, labor, and technological change."
"s761","5","Science","Why Sleep Helps Memory","verified-against-authoritative-source","factual statements, mechanism, causal strength, terminology, and stated uncertainty","National Institute of Neurological Disorders and Stroke","https://www.ninds.nih.gov/health-information","2026-09-14","Brain, sleep, memory, sensory systems, and appropriate uncertainty."
"s762","5","Science","How GPS Finds Your Position","verified-against-authoritative-source","factual statements, mechanism, causal strength, terminology, and stated uncertainty","NASA Science","https://science.nasa.gov/","2026-09-14","Astronomy, planetary science, measurement, and the distinction between evidence and inference."
"s763","5","Famous books","David Copperfield Leaves the Factory","verified-against-primary-text","characters, sequence, principal action, outcome, and source-work attribution","Project Gutenberg: David Copperfield","https://www.gutenberg.org/ebooks/766","2026-09-14","Primary-text comparison of characters, sequence, principal action, outcome, and source-work attribution."
"s764","5","Famous books","Jane Eyre at Lowood","verified-against-primary-text","characters, sequence, principal action, outcome, and source-work attribution","Project Gutenberg: Jane Eyre","https://www.gutenberg.org/ebooks/1260","2026-09-14","Primary-text comparison of characters, sequence, principal action, outcome, and source-work attribution."
"s765","6","Fantasy/stories","The City That Forgot the Sun","verified-no-external-claims","explicit fiction or hypothetical scenario; checked for accidental real-person, event, numerical, medical, historical, and time-sensitive claims","","","2026-09-14","No external proposition required verification after the fiction or hypothetical framing was made explicit."
"s766","6","Fantasy/stories","The Messenger from the Empty Kingdom","verified-no-external-claims","explicit fiction or hypothetical scenario; checked for accidental real-person, event, numerical, medical, historical, and time-sensitive claims","","","2026-09-14","No external proposition required verification after the fiction or hypothetical framing was made explicit."
"s767","6","Nature and animals","How Elephants Remember Dry Seasons","verified-against-authoritative-source","factual statements, mechanism, causal strength, terminology, and stated uncertainty","Smithsonian's National Zoo & Conservation Biology Institute: Animals","https://nationalzoo.si.edu/animals","2026-09-14","Animal anatomy, behavior, life history, and species-level terminology."
"s768","6","Nature and animals","The Long Journey of a Monarch Butterfly","verified-against-authoritative-source","factual statements, mechanism, causal strength, terminology, and stated uncertainty","U.S. Geological Survey: Animal Migration","https://www.usgs.gov/programs/ecosystems/science/animal-migration","2026-09-14","Migration, orientation, tracking evidence, and environmental limits."
"s769","6","World affairs","The Debate Over a New Dam","verified-against-authoritative-source","factual statements, mechanism, causal strength, terminology, and stated uncertainty","United Nations Environment Programme","https://www.unep.org/explore-topics","2026-09-14","Environmental governance, resources, climate, waste, and limits of proposed interventions."
"s770","6","World affairs","How Communities Share a River","verified-against-authoritative-source","factual statements, mechanism, causal strength, terminology, and stated uncertainty","United Nations Environment Programme","https://www.unep.org/explore-topics","2026-09-14","Environmental governance, resources, climate, waste, and limits of proposed interventions."
"s771","6","Everyday life","Why We Put Off Small Tasks","verified-no-external-claims","explicit fiction or hypothetical scenario; checked for accidental real-person, event, numerical, medical, historical, and time-sensitive claims","","","2026-09-14","No external proposition required verification after the fiction or hypothetical framing was made explicit."
"s772","6","Everyday life","The Dinner Where Nobody Checked a Phone","verified-no-external-claims","explicit fiction or hypothetical scenario; checked for accidental real-person, event, numerical, medical, historical, and time-sensitive claims","","","2026-09-14","No external proposition required verification after the fiction or hypothetical framing was made explicit."
"s773","6","History","The Haitian Revolution and the End of Slavery","verified-against-authoritative-source","factual statements, mechanism, causal strength, terminology, and stated uncertainty","U.S. National Archives: Research Our Records","https://www.archives.gov/research","2026-09-14","Primary-record context for conflict, institutions, social change, and archival limits."
"s774","6","History","How Cholera Changed City Sanitation","verified-against-authoritative-source","factual statements, mechanism, causal strength, terminology, and stated uncertainty","Smithsonian Institution: History, Travel, Arts, Science, People, Places","https://www.si.edu/spotlight","2026-09-14","Material culture, travel, exchange, navigation, and the limits of reconstructed scenes."
"s775","6","Science","What Happens Inside a Battery","verified-against-authoritative-source","factual statements, mechanism, causal strength, terminology, and stated uncertainty","NIST Chemistry WebBook","https://webbook.nist.gov/chemistry/","2026-09-14","Chemical identity, material properties, reactions, and measurement terminology."
"s776","6","Science","Why Antibiotic Resistance Evolves","verified-against-authoritative-source","factual statements, mechanism, causal strength, terminology, and stated uncertainty","National Institutes of Health: Health Information","https://www.nih.gov/health-information","2026-09-14","Biology and health claims, mechanism, safety language, and research status."
"s777","6","Famous books","Jane Eyre Meets Mr Rochester","verified-against-primary-text","characters, sequence, principal action, outcome, and source-work attribution","Project Gutenberg: Jane Eyre","https://www.gutenberg.org/ebooks/1260","2026-09-14","Primary-text comparison of characters, sequence, principal action, outcome, and source-work attribution."
"s778","6","Famous books","David Copperfield Meets Mr Micawber","verified-against-primary-text","characters, sequence, principal action, outcome, and source-work attribution","Project Gutenberg: David Copperfield","https://www.gutenberg.org/ebooks/766","2026-09-14","Primary-text comparison of characters, sequence, principal action, outcome, and source-work attribution."
"s779","7","Fantasy/stories","The Painter of Tomorrow's Sky","verified-no-external-claims","explicit fiction or hypothetical scenario; checked for accidental real-person, event, numerical, medical, historical, and time-sensitive claims","","","2026-09-14","No external proposition required verification after the fiction or hypothetical framing was made explicit."
"s780","7","Fantasy/stories","The Forest That Remembered Names","verified-no-external-claims","explicit fiction or hypothetical scenario; checked for accidental real-person, event, numerical, medical, historical, and time-sensitive claims","","","2026-09-14","No external proposition required verification after the fiction or hypothetical framing was made explicit."
"s781","7","Nature and animals","The Coral Reef After the Heat","verified-against-authoritative-source","factual statements, mechanism, causal strength, terminology, and stated uncertainty","NOAA Ocean Service: Ocean Facts","https://oceanservice.noaa.gov/facts/","2026-09-14","Marine biology, ocean processes, and limits or qualifications attached to the claim."
"s782","7","Nature and animals","How Crows Learn from Each Other","verified-against-authoritative-source","factual statements, mechanism, causal strength, terminology, and stated uncertainty","Smithsonian's National Zoo & Conservation Biology Institute: Animals","https://nationalzoo.si.edu/animals","2026-09-14","Animal anatomy, behavior, life history, and species-level terminology."
"s783","7","World affairs","When a Country Changes Its Energy Mix","verified-against-authoritative-source","factual statements, mechanism, causal strength, terminology, and stated uncertainty","United Nations Environment Programme","https://www.unep.org/explore-topics","2026-09-14","Environmental governance, resources, climate, waste, and limits of proposed interventions."
"s784","7","World affairs","The Difficult Work of Resettling Refugees","verified-against-authoritative-source","factual statements, mechanism, causal strength, terminology, and stated uncertainty","UNESCO: Education","https://www.unesco.org/en/education","2026-09-14","Education access, language, public services, and institutional context."
"s785","7","Everyday life","The Invisible Work of Keeping a Home","verified-no-external-claims","explicit fiction or hypothetical scenario; checked for accidental real-person, event, numerical, medical, historical, and time-sensitive claims","","","2026-09-14","No external proposition required verification after the fiction or hypothetical framing was made explicit."
"s786","7","Everyday life","What We Learn from Repeated Routines","verified-no-external-claims","explicit fiction or hypothetical scenario; checked for accidental real-person, event, numerical, medical, historical, and time-sensitive claims","","","2026-09-14","No external proposition required verification after the fiction or hypothetical framing was made explicit."
"s787","7","History","The Berlin Airlift","verified-against-authoritative-source","factual statements, mechanism, causal strength, terminology, and stated uncertainty","U.S. National Archives: Research Our Records","https://www.archives.gov/research","2026-09-14","Primary-record context for conflict, institutions, social change, and archival limits."
"s788","7","History","The Green Revolution and Its Mixed Legacy","verified-against-authoritative-source","factual statements, mechanism, causal strength, terminology, and stated uncertainty","U.S. National Archives: Research Our Records","https://www.archives.gov/research","2026-09-14","Primary-record context for conflict, institutions, social change, and archival limits."
"s789","7","Science","How CRISPR Edits DNA","verified-against-authoritative-source","factual statements, mechanism, causal strength, terminology, and stated uncertainty","National Institutes of Health: Health Information","https://www.nih.gov/health-information","2026-09-14","Biology and health claims, mechanism, safety language, and research status."
"s790","7","Science","Why Quantum Computers Are Different","verified-against-authoritative-source","factual statements, mechanism, causal strength, terminology, and stated uncertainty","NASA Science","https://science.nasa.gov/","2026-09-14","Astronomy, planetary science, measurement, and the distinction between evidence and inference."
"s791","7","Famous books","Silas Marner and the Stolen Gold","verified-against-primary-text","characters, sequence, principal action, outcome, and source-work attribution","Project Gutenberg: Silas Marner","https://www.gutenberg.org/ebooks/550","2026-09-14","Primary-text comparison of characters, sequence, principal action, outcome, and source-work attribution."
"s792","7","Famous books","Quasimodo and the Bells of Notre-Dame","verified-against-primary-text","characters, sequence, principal action, outcome, and source-work attribution","Project Gutenberg: The Hunchback of Notre-Dame","https://www.gutenberg.org/ebooks/2610","2026-09-14","Primary-text comparison of characters, sequence, principal action, outcome, and source-work attribution."
"s793","8","Fantasy/stories","The Museum of Unfinished Lives","verified-no-external-claims","explicit fiction or hypothetical scenario; checked for accidental real-person, event, numerical, medical, historical, and time-sensitive claims","","","2026-09-14","No external proposition required verification after the fiction or hypothetical framing was made explicit."
"s794","8","Fantasy/stories","The Island That Appeared Once a Century","verified-no-external-claims","explicit fiction or hypothetical scenario; checked for accidental real-person, event, numerical, medical, historical, and time-sensitive claims","","","2026-09-14","No external proposition required verification after the fiction or hypothetical framing was made explicit."
"s795","8","Nature and animals","The Hidden Network Beneath a Forest","verified-against-authoritative-source","factual statements, mechanism, causal strength, terminology, and stated uncertainty","USDA Forest Service Research and Development","https://research.fs.usda.gov/","2026-09-14","Plant, forest, fungal, fire, and below-ground ecological processes."
"s796","8","Nature and animals","Why Whales Change Their Songs","verified-against-authoritative-source","factual statements, mechanism, causal strength, terminology, and stated uncertainty","NOAA Ocean Service: Ocean Facts","https://oceanservice.noaa.gov/facts/","2026-09-14","Marine biology, ocean processes, and limits or qualifications attached to the claim."
"s797","8","World affairs","Why Global Supply Chains Break","verified-against-authoritative-source","factual statements, mechanism, causal strength, terminology, and stated uncertainty","UNHCR: Refugee Data and Policy","https://www.unhcr.org/refugee-statistics/","2026-09-14","Migration, displacement, rights, protection, and careful use of terminology."
"s798","8","World affairs","How Cities Adapt to Extreme Heat","verified-against-authoritative-source","factual statements, mechanism, causal strength, terminology, and stated uncertainty","United Nations Environment Programme","https://www.unep.org/explore-topics","2026-09-14","Environmental governance, resources, climate, waste, and limits of proposed interventions."
"s799","8","Everyday life","The Cost of Always Being Available","verified-no-external-claims","explicit fiction or hypothetical scenario; checked for accidental real-person, event, numerical, medical, historical, and time-sensitive claims","","","2026-09-14","No external proposition required verification after the fiction or hypothetical framing was made explicit."
"s800","8","Everyday life","How Small Habits Change a Week","verified-no-external-claims","explicit fiction or hypothetical scenario; checked for accidental real-person, event, numerical, medical, historical, and time-sensitive claims","","","2026-09-14","No external proposition required verification after the fiction or hypothetical framing was made explicit."
"s801","8","History","The Partition of India","verified-against-authoritative-source","factual statements, mechanism, causal strength, terminology, and stated uncertainty","U.S. National Archives: Research Our Records","https://www.archives.gov/research","2026-09-14","Primary-record context for conflict, institutions, social change, and archival limits."
"s802","8","History","The Oil Crisis of 1973","verified-against-authoritative-source","factual statements, mechanism, causal strength, terminology, and stated uncertainty","U.S. National Archives: Research Our Records","https://www.archives.gov/research","2026-09-14","Primary-record context for conflict, institutions, social change, and archival limits."
"s803","8","Science","How Gravitational Waves Are Detected","verified-against-authoritative-source","factual statements, mechanism, causal strength, terminology, and stated uncertainty","NASA Science","https://science.nasa.gov/","2026-09-14","Astronomy, planetary science, measurement, and the distinction between evidence and inference."
"s804","8","Science","The Physics of a Greenhouse Planet","verified-against-authoritative-source","factual statements, mechanism, causal strength, terminology, and stated uncertainty","NASA Science","https://science.nasa.gov/","2026-09-14","Astronomy, planetary science, measurement, and the distinction between evidence and inference."
"s805","8","Famous books","Wuthering Heights: Catherine and Heathcliff","verified-against-primary-text","characters, sequence, principal action, outcome, and source-work attribution","Project Gutenberg: Wuthering Heights","https://www.gutenberg.org/ebooks/768","2026-09-14","Primary-text comparison of characters, sequence, principal action, outcome, and source-work attribution."
"s806","8","Famous books","Raskolnikov's Terrible Idea","verified-against-primary-text","characters, sequence, principal action, outcome, and source-work attribution","Project Gutenberg: Crime and Punishment","https://www.gutenberg.org/ebooks/2554","2026-09-14","Primary-text comparison of characters, sequence, principal action, outcome, and source-work attribution."
"s807","9","Fantasy/stories","The Memory Merchant","verified-no-external-claims","explicit fiction or hypothetical scenario; checked for accidental real-person, event, numerical, medical, historical, and time-sensitive claims","","","2026-09-14","No external proposition required verification after the fiction or hypothetical framing was made explicit."
"s808","9","Fantasy/stories","The Last Interpreter of Dreams","verified-no-external-claims","explicit fiction or hypothetical scenario; checked for accidental real-person, event, numerical, medical, historical, and time-sensitive claims","","","2026-09-14","No external proposition required verification after the fiction or hypothetical framing was made explicit."
"s809","9","Nature and animals","The Ecology of a Vanishing Wetland","verified-against-authoritative-source","factual statements, mechanism, causal strength, terminology, and stated uncertainty","NOAA Ocean Service: Ocean Facts","https://oceanservice.noaa.gov/facts/","2026-09-14","Marine biology, ocean processes, and limits or qualifications attached to the claim."
"s810","9","Nature and animals","The Evolution of Cooperation in Animals","verified-against-authoritative-source","factual statements, mechanism, causal strength, terminology, and stated uncertainty","U.S. Geological Survey: Animal Migration","https://www.usgs.gov/programs/ecosystems/science/animal-migration","2026-09-14","Migration, orientation, tracking evidence, and environmental limits."
"s811","9","World affairs","The Politics of Water Across Borders","verified-against-authoritative-source","factual statements, mechanism, causal strength, terminology, and stated uncertainty","United Nations Environment Programme","https://www.unep.org/explore-topics","2026-09-14","Environmental governance, resources, climate, waste, and limits of proposed interventions."
"s812","9","World affairs","Why International Agreements Need Trust","verified-against-authoritative-source","factual statements, mechanism, causal strength, terminology, and stated uncertainty","World Bank: Understanding Poverty","https://www.worldbank.org/en/understanding-poverty","2026-09-14","Economic mechanisms, livelihoods, distributional effects, and policy uncertainty."
"s813","9","Everyday life","The Social Rules of Shared Spaces","verified-no-external-claims","explicit fiction or hypothetical scenario; checked for accidental real-person, event, numerical, medical, historical, and time-sensitive claims","","","2026-09-14","No external proposition required verification after the fiction or hypothetical framing was made explicit."
"s814","9","Everyday life","Why Modern Convenience Can Create New Stress","verified-no-external-claims","explicit fiction or hypothetical scenario; checked for accidental real-person, event, numerical, medical, historical, and time-sensitive claims","","","2026-09-14","No external proposition required verification after the fiction or hypothetical framing was made explicit."
"s815","9","History","The Congress of Vienna and the Balance of Power","verified-against-authoritative-source","factual statements, mechanism, causal strength, terminology, and stated uncertainty","Library of Congress: Digital Collections","https://www.loc.gov/collections/","2026-09-14","Institutional, constitutional, political, and administrative historical evidence."
"s816","9","History","Decolonization After the Second World War","verified-against-authoritative-source","factual statements, mechanism, causal strength, terminology, and stated uncertainty","The Metropolitan Museum of Art: Heilbrunn Timeline of Art History","https://www.metmuseum.org/toah/","2026-09-14","Ancient material culture, writing, trade, daily life, and chronology."
"s817","9","Science","Why Complex Systems Become Unpredictable","verified-against-authoritative-source","factual statements, mechanism, causal strength, terminology, and stated uncertainty","NIST: Measurement Uncertainty","https://physics.nist.gov/cuu/Uncertainty/","2026-09-14","Measurement, error, uncertainty, models, and interpretation of results."
"s818","9","Science","How Scientists Estimate the Age of the Universe","verified-against-authoritative-source","factual statements, mechanism, causal strength, terminology, and stated uncertainty","NASA Science","https://science.nasa.gov/","2026-09-14","Astronomy, planetary science, measurement, and the distinction between evidence and inference."
"s819","9","Famous books","Middlemarch: Dorothea's Idealism","verified-against-primary-text","characters, sequence, principal action, outcome, and source-work attribution","Project Gutenberg: Middlemarch","https://www.gutenberg.org/ebooks/145","2026-09-14","Primary-text comparison of characters, sequence, principal action, outcome, and source-work attribution."
"s820","9","Famous books","The Brothers Karamazov: A Family in Conflict","verified-against-primary-text","characters, sequence, principal action, outcome, and source-work attribution","Project Gutenberg: The Brothers Karamazov","https://www.gutenberg.org/ebooks/28054","2026-09-14","Primary-text comparison of characters, sequence, principal action, outcome, and source-work attribution."
"s821","10","Fantasy/stories","The Republic of Forgotten Things","verified-no-external-claims","explicit fiction or hypothetical scenario; checked for accidental real-person, event, numerical, medical, historical, and time-sensitive claims","","","2026-09-14","No external proposition required verification after the fiction or hypothetical framing was made explicit."
"s822","10","Fantasy/stories","The Astronomer Who Mapped Impossible Stars","verified-no-external-claims","explicit fiction or hypothetical scenario; checked for accidental real-person, event, numerical, medical, historical, and time-sensitive claims","","","2026-09-14","No external proposition required verification after the fiction or hypothetical framing was made explicit."
"s823","10","Nature and animals","When Ecosystems Cross a Tipping Point","verified-against-authoritative-source","factual statements, mechanism, causal strength, terminology, and stated uncertainty","USDA Forest Service Research and Development","https://research.fs.usda.gov/","2026-09-14","Plant, forest, fungal, fire, and below-ground ecological processes."
"s824","10","Nature and animals","What Animal Intelligence Means for Us","verified-against-authoritative-source","factual statements, mechanism, causal strength, terminology, and stated uncertainty","NOAA Ocean Service: Ocean Facts","https://oceanservice.noaa.gov/facts/","2026-09-14","Marine biology, ocean processes, and limits or qualifications attached to the claim."
"s825","10","World affairs","The Limits of Economic Sanctions","verified-against-authoritative-source","factual statements, mechanism, causal strength, terminology, and stated uncertainty","World Bank: Understanding Poverty","https://www.worldbank.org/en/understanding-poverty","2026-09-14","Economic mechanisms, livelihoods, distributional effects, and policy uncertainty."
"s826","10","World affairs","How Demographic Change Reshapes Public Policy","verified-against-authoritative-source","factual statements, mechanism, causal strength, terminology, and stated uncertainty","UNESCO: Education","https://www.unesco.org/en/education","2026-09-14","Education access, language, public services, and institutional context."
"s827","10","Everyday life","The Architecture of Attention in Daily Life","verified-no-external-claims","explicit fiction or hypothetical scenario; checked for accidental real-person, event, numerical, medical, historical, and time-sensitive claims","","","2026-09-14","No external proposition required verification after the fiction or hypothetical framing was made explicit."
"s828","10","Everyday life","What Ordinary Rituals Do for Identity","verified-no-external-claims","explicit fiction or hypothetical scenario; checked for accidental real-person, event, numerical, medical, historical, and time-sensitive claims","","","2026-09-14","No external proposition required verification after the fiction or hypothetical framing was made explicit."
"s829","10","History","How Industrialization Reorganized Time","verified-against-authoritative-source","factual statements, mechanism, causal strength, terminology, and stated uncertainty","Library of Congress: Digital Collections","https://www.loc.gov/collections/","2026-09-14","Documents and collections concerning industry, communication, labor, and technological change."
"s830","10","History","Why Empires Collapse in Different Ways","verified-against-authoritative-source","factual statements, mechanism, causal strength, terminology, and stated uncertainty","The Metropolitan Museum of Art: Heilbrunn Timeline of Art History","https://www.metmuseum.org/toah/","2026-09-14","Ancient material culture, writing, trade, daily life, and chronology."
"s831","10","Science","What Entropy Really Means","verified-against-authoritative-source","factual statements, mechanism, causal strength, terminology, and stated uncertainty","OpenStax: Physics","https://openstax.org/details/books/physics","2026-09-14","Established physics principles, definitions, mechanisms, and scale."
"s832","10","Science","The Measurement Problem in Quantum Mechanics","verified-against-authoritative-source","factual statements, mechanism, causal strength, terminology, and stated uncertainty","NASA Science","https://science.nasa.gov/","2026-09-14","Astronomy, planetary science, measurement, and the distinction between evidence and inference."
"s833","10","Famous books","Crime and Punishment: Guilt and Moral Freedom","verified-against-primary-text","characters, sequence, principal action, outcome, and source-work attribution","Project Gutenberg: Crime and Punishment","https://www.gutenberg.org/ebooks/2554","2026-09-14","Primary-text comparison of characters, sequence, principal action, outcome, and source-work attribution."
"s834","10","Famous books","Madame Bovary: Desire and Disillusionment","verified-against-primary-text","characters, sequence, principal action, outcome, and source-work attribution","Project Gutenberg: Madame Bovary","https://www.gutenberg.org/ebooks/2413","2026-09-14","Primary-text comparison of characters, sequence, principal action, outcome, and source-work attribution."
"s835","1","Fantasy/stories","The Blue Door","verified-no-external-claims","explicit fiction or hypothetical scenario; checked for accidental real-person, event, numerical, medical, historical, and time-sensitive claims","","","2026-09-14","No external proposition required verification after the fiction or hypothetical framing was made explicit."
"s836","1","Fantasy/stories","A Star in a Cup","verified-no-external-claims","explicit fiction or hypothetical scenario; checked for accidental real-person, event, numerical, medical, historical, and time-sensitive claims","","","2026-09-14","No external proposition required verification after the fiction or hypothetical framing was made explicit."
"s837","1","Fantasy/stories","The Talking Hat","verified-no-external-claims","explicit fiction or hypothetical scenario; checked for accidental real-person, event, numerical, medical, historical, and time-sensitive claims","","","2026-09-14","No external proposition required verification after the fiction or hypothetical framing was made explicit."
"s838","1","Fantasy/stories","Ben and the Cloud","verified-no-external-claims","explicit fiction or hypothetical scenario; checked for accidental real-person, event, numerical, medical, historical, and time-sensitive claims","","","2026-09-14","No external proposition required verification after the fiction or hypothetical framing was made explicit."
"s839","1","Famous books","Heidi Finds a Home","verified-against-primary-text","characters, sequence, principal action, outcome, and source-work attribution","Project Gutenberg: Heidi","https://www.gutenberg.org/ebooks/1448","2026-09-14","Primary-text comparison of characters, sequence, principal action, outcome, and source-work attribution."
"s840","1","Famous books","The Secret Garden Wakes","verified-against-primary-text","characters, sequence, principal action, outcome, and source-work attribution","Project Gutenberg: The Secret Garden","https://www.gutenberg.org/ebooks/17396","2026-09-14","Primary-text comparison of characters, sequence, principal action, outcome, and source-work attribution."
"s841","1","Famous books","Pinocchio Tells the Truth","verified-against-primary-text","characters, sequence, principal action, outcome, and source-work attribution","Project Gutenberg: Pinocchio","https://www.gutenberg.org/ebooks/500","2026-09-14","Primary-text comparison of characters, sequence, principal action, outcome, and source-work attribution."
"s842","1","Famous books","Dorothy Follows the Road","verified-against-primary-text","characters, sequence, principal action, outcome, and source-work attribution","Project Gutenberg: The Wonderful Wizard of Oz","https://www.gutenberg.org/ebooks/55","2026-09-14","Primary-text comparison of characters, sequence, principal action, outcome, and source-work attribution."
"s843","1","Famous books","Black Beauty Finds Rest","verified-against-primary-text","characters, sequence, principal action, outcome, and source-work attribution","Project Gutenberg: Black Beauty","https://www.gutenberg.org/ebooks/271","2026-09-14","Primary-text comparison of characters, sequence, principal action, outcome, and source-work attribution."
"s844","1","Nature and animals","A Duck in the Rain","verified-against-authoritative-source","factual statements, mechanism, causal strength, terminology, and stated uncertainty","Smithsonian's National Zoo & Conservation Biology Institute: Animals","https://nationalzoo.si.edu/animals","2026-09-14","Animal anatomy, behavior, life history, and species-level terminology."
"s845","1","Nature and animals","The Fox at Dawn","verified-against-authoritative-source","factual statements, mechanism, causal strength, terminology, and stated uncertainty","USDA Forest Service Research and Development","https://research.fs.usda.gov/","2026-09-14","Plant, forest, fungal, fire, and below-ground ecological processes."
"s846","1","Nature and animals","Turtle on the Road","verified-against-authoritative-source","factual statements, mechanism, causal strength, terminology, and stated uncertainty","Smithsonian's National Zoo & Conservation Biology Institute: Animals","https://nationalzoo.si.edu/animals","2026-09-14","Animal anatomy, behavior, life history, and species-level terminology."
"s847","1","Nature and animals","The Bee's Map","verified-against-authoritative-source","factual statements, mechanism, causal strength, terminology, and stated uncertainty","USDA Forest Service Research and Development","https://research.fs.usda.gov/","2026-09-14","Plant, forest, fungal, fire, and below-ground ecological processes."
"s848","1","World affairs","Two Schools Share a Field","verified-against-authoritative-source","factual statements, mechanism, causal strength, terminology, and stated uncertainty","UNESCO: Education","https://www.unesco.org/en/education","2026-09-14","Education access, language, public services, and institutional context."
"s849","1","World affairs","Water for Three Streets","verified-against-authoritative-source","factual statements, mechanism, causal strength, terminology, and stated uncertainty","United Nations Environment Programme","https://www.unep.org/explore-topics","2026-09-14","Environmental governance, resources, climate, waste, and limits of proposed interventions."
"s850","1","World affairs","The New Bus Route","verified-against-authoritative-source","factual statements, mechanism, causal strength, terminology, and stated uncertainty","UNESCO: Education","https://www.unesco.org/en/education","2026-09-14","Education access, language, public services, and institutional context."
"s851","1","World affairs","A Market on Both Sides","verified-against-authoritative-source","factual statements, mechanism, causal strength, terminology, and stated uncertainty","United Nations Environment Programme","https://www.unep.org/explore-topics","2026-09-14","Environmental governance, resources, climate, waste, and limits of proposed interventions."
"s852","1","Everyday life","The Extra Lunch","verified-no-external-claims","explicit fiction or hypothetical scenario; checked for accidental real-person, event, numerical, medical, historical, and time-sensitive claims","","","2026-09-14","No external proposition required verification after the fiction or hypothetical framing was made explicit."
"s853","1","Everyday life","Morning at the Bakery","verified-no-external-claims","explicit fiction or hypothetical scenario; checked for accidental real-person, event, numerical, medical, historical, and time-sensitive claims","","","2026-09-14","No external proposition required verification after the fiction or hypothetical framing was made explicit."
"s854","1","Everyday life","The Lost Glove","verified-no-external-claims","explicit fiction or hypothetical scenario; checked for accidental real-person, event, numerical, medical, historical, and time-sensitive claims","","","2026-09-14","No external proposition required verification after the fiction or hypothetical framing was made explicit."
"s855","1","Everyday life","A Quiet Birthday","verified-no-external-claims","explicit fiction or hypothetical scenario; checked for accidental real-person, event, numerical, medical, historical, and time-sensitive claims","","","2026-09-14","No external proposition required verification after the fiction or hypothetical framing was made explicit."
"s856","1","History","A Message on Clay","verified-against-authoritative-source","factual statements, mechanism, causal strength, terminology, and stated uncertainty","Smithsonian Institution: Smithsonian Learning Lab","https://learninglab.si.edu/","2026-09-14","Social and cultural history, objects, everyday practices, and interpretive cautions."
"s857","1","History","The Road to the Old Market","verified-against-authoritative-source","factual statements, mechanism, causal strength, terminology, and stated uncertainty","Smithsonian Institution: Smithsonian Learning Lab","https://learninglab.si.edu/","2026-09-14","Social and cultural history, objects, everyday practices, and interpretive cautions."
"s858","1","History","A Sailor Reads the Stars","verified-against-authoritative-source","factual statements, mechanism, causal strength, terminology, and stated uncertainty","Smithsonian Institution: History, Travel, Arts, Science, People, Places","https://www.si.edu/spotlight","2026-09-14","Material culture, travel, exchange, navigation, and the limits of reconstructed scenes."
"s859","1","Science","Why Ice Floats","verified-against-authoritative-source","factual statements, mechanism, causal strength, terminology, and stated uncertainty","NASA Science","https://science.nasa.gov/","2026-09-14","Astronomy, planetary science, measurement, and the distinction between evidence and inference."
"s860","1","Science","The Moving Tree Shadow","verified-against-authoritative-source","factual statements, mechanism, causal strength, terminology, and stated uncertainty","NASA Science","https://science.nasa.gov/","2026-09-14","Astronomy, planetary science, measurement, and the distinction between evidence and inference."
"s861","1","Science","Seeds Need Air","verified-against-authoritative-source","factual statements, mechanism, causal strength, terminology, and stated uncertainty","NASA Science","https://science.nasa.gov/","2026-09-14","Astronomy, planetary science, measurement, and the distinction between evidence and inference."
"s862","2","Fantasy/stories","The Moon Boat","verified-no-external-claims","explicit fiction or hypothetical scenario; checked for accidental real-person, event, numerical, medical, historical, and time-sensitive claims","","","2026-09-14","No external proposition required verification after the fiction or hypothetical framing was made explicit."
"s863","2","Fantasy/stories","The Sleepy Dragon","verified-no-external-claims","explicit fiction or hypothetical scenario; checked for accidental real-person, event, numerical, medical, historical, and time-sensitive claims","","","2026-09-14","No external proposition required verification after the fiction or hypothetical framing was made explicit."
"s864","2","Fantasy/stories","The Pocket Forest","verified-no-external-claims","explicit fiction or hypothetical scenario; checked for accidental real-person, event, numerical, medical, historical, and time-sensitive claims","","","2026-09-14","No external proposition required verification after the fiction or hypothetical framing was made explicit."
"s865","2","Famous books","Peter Pan's Invitation","verified-against-primary-text","characters, sequence, principal action, outcome, and source-work attribution","Project Gutenberg: Peter Pan","https://www.gutenberg.org/ebooks/16","2026-09-14","Primary-text comparison of characters, sequence, principal action, outcome, and source-work attribution."
"s866","2","Famous books","The Prince and the Pauper Trade Places","verified-against-primary-text","characters, sequence, principal action, outcome, and source-work attribution","Project Gutenberg: The Prince and the Pauper","https://www.gutenberg.org/ebooks/1837","2026-09-14","Primary-text comparison of characters, sequence, principal action, outcome, and source-work attribution."
"s867","2","Famous books","Anne's First Friend","verified-against-primary-text","characters, sequence, principal action, outcome, and source-work attribution","Project Gutenberg: Anne of Green Gables","https://www.gutenberg.org/ebooks/45","2026-09-14","Primary-text comparison of characters, sequence, principal action, outcome, and source-work attribution."
"s868","2","Famous books","Pollyanna's Window","verified-against-primary-text","characters, sequence, principal action, outcome, and source-work attribution","Project Gutenberg: Pollyanna","https://www.gutenberg.org/ebooks/1450","2026-09-14","Primary-text comparison of characters, sequence, principal action, outcome, and source-work attribution."
"s869","2","Nature and animals","Otters at Play","verified-against-authoritative-source","factual statements, mechanism, causal strength, terminology, and stated uncertainty","NOAA Ocean Service: Ocean Facts","https://oceanservice.noaa.gov/facts/","2026-09-14","Marine biology, ocean processes, and limits or qualifications attached to the claim."
"s870","2","Nature and animals","Seeds on the Wind","verified-against-authoritative-source","factual statements, mechanism, causal strength, terminology, and stated uncertainty","USDA Forest Service Research and Development","https://research.fs.usda.gov/","2026-09-14","Plant, forest, fungal, fire, and below-ground ecological processes."
"s871","2","Nature and animals","The Patient Heron","verified-against-authoritative-source","factual statements, mechanism, causal strength, terminology, and stated uncertainty","NOAA Ocean Service: Ocean Facts","https://oceanservice.noaa.gov/facts/","2026-09-14","Marine biology, ocean processes, and limits or qualifications attached to the claim."
"s872","2","World affairs","The Library in Two Languages","verified-against-authoritative-source","factual statements, mechanism, causal strength, terminology, and stated uncertainty","United Nations Environment Programme","https://www.unep.org/explore-topics","2026-09-14","Environmental governance, resources, climate, waste, and limits of proposed interventions."
"s873","2","World affairs","Rice After the Flood","verified-against-authoritative-source","factual statements, mechanism, causal strength, terminology, and stated uncertainty","United Nations Environment Programme","https://www.unep.org/explore-topics","2026-09-14","Environmental governance, resources, climate, waste, and limits of proposed interventions."
"s874","2","World affairs","The Island's Power Cable","verified-against-authoritative-source","factual statements, mechanism, causal strength, terminology, and stated uncertainty","United Nations Environment Programme","https://www.unep.org/explore-topics","2026-09-14","Environmental governance, resources, climate, waste, and limits of proposed interventions."
"s875","2","World affairs","A Vote from Far Away","verified-against-authoritative-source","factual statements, mechanism, causal strength, terminology, and stated uncertainty","OECD: Innovative Citizen Participation","https://www.oecd.org/en/topics/sub-issues/innovative-citizen-participation.html","2026-09-14","Governance mechanisms, deliberation, participation, and advisory versus binding authority."
"s876","2","Everyday life","The Wrong Umbrella","verified-no-external-claims","explicit fiction or hypothetical scenario; checked for accidental real-person, event, numerical, medical, historical, and time-sensitive claims","","","2026-09-14","No external proposition required verification after the fiction or hypothetical framing was made explicit."
"s877","2","Everyday life","Saturday Repair","verified-no-external-claims","explicit fiction or hypothetical scenario; checked for accidental real-person, event, numerical, medical, historical, and time-sensitive claims","","","2026-09-14","No external proposition required verification after the fiction or hypothetical framing was made explicit."
"s878","2","Everyday life","A Seat Near the Window","verified-no-external-claims","explicit fiction or hypothetical scenario; checked for accidental real-person, event, numerical, medical, historical, and time-sensitive claims","","","2026-09-14","No external proposition required verification after the fiction or hypothetical framing was made explicit."
"s879","2","Everyday life","Dinner Without a Recipe","verified-no-external-claims","explicit fiction or hypothetical scenario; checked for accidental real-person, event, numerical, medical, historical, and time-sensitive claims","","","2026-09-14","No external proposition required verification after the fiction or hypothetical framing was made explicit."
"s880","2","History","Bread in a Medieval Town","verified-against-authoritative-source","factual statements, mechanism, causal strength, terminology, and stated uncertainty","U.S. National Archives: Research Our Records","https://www.archives.gov/research","2026-09-14","Primary-record context for conflict, institutions, social change, and archival limits."
"s881","2","History","The Ink Maker's Work","verified-against-authoritative-source","factual statements, mechanism, causal strength, terminology, and stated uncertainty","Library of Congress: Digital Collections","https://www.loc.gov/collections/","2026-09-14","Institutional, constitutional, political, and administrative historical evidence."
"s882","2","History","A Bell for the Harbor","verified-against-authoritative-source","factual statements, mechanism, causal strength, terminology, and stated uncertainty","Smithsonian Institution: History, Travel, Arts, Science, People, Places","https://www.si.edu/spotlight","2026-09-14","Material culture, travel, exchange, navigation, and the limits of reconstructed scenes."
"s883","2","History","The Village Keeps Its Well","verified-against-authoritative-source","factual statements, mechanism, causal strength, terminology, and stated uncertainty","Smithsonian Institution: Smithsonian Learning Lab","https://learninglab.si.edu/","2026-09-14","Social and cultural history, objects, everyday practices, and interpretive cautions."
"s884","2","Science","Soap and Pepper","verified-against-authoritative-source","factual statements, mechanism, causal strength, terminology, and stated uncertainty","NIST Chemistry WebBook","https://webbook.nist.gov/chemistry/","2026-09-14","Chemical identity, material properties, reactions, and measurement terminology."
"s885","2","Science","The Slow Banana","verified-against-authoritative-source","factual statements, mechanism, causal strength, terminology, and stated uncertainty","U.S. Geological Survey: Science Explorer","https://www.usgs.gov/science/science-explorer","2026-09-14","Earth systems, water, geology, hazards, and physical processes."
"s886","2","Science","Sound Through a String","verified-against-authoritative-source","factual statements, mechanism, causal strength, terminology, and stated uncertainty","U.S. Geological Survey: Science Explorer","https://www.usgs.gov/science/science-explorer","2026-09-14","Earth systems, water, geology, hazards, and physical processes."
"s887","3","Fantasy/stories","The Clock That Paused","verified-no-external-claims","explicit fiction or hypothetical scenario; checked for accidental real-person, event, numerical, medical, historical, and time-sensitive claims","","","2026-09-14","No external proposition required verification after the fiction or hypothetical framing was made explicit."
"s888","3","Fantasy/stories","The Bridge of Feathers","verified-no-external-claims","explicit fiction or hypothetical scenario; checked for accidental real-person, event, numerical, medical, historical, and time-sensitive claims","","","2026-09-14","No external proposition required verification after the fiction or hypothetical framing was made explicit."
"s889","3","Fantasy/stories","A Map Made of Song","verified-no-external-claims","explicit fiction or hypothetical scenario; checked for accidental real-person, event, numerical, medical, historical, and time-sensitive claims","","","2026-09-14","No external proposition required verification after the fiction or hypothetical framing was made explicit."
"s890","3","Fantasy/stories","The Baker of Dreams","verified-no-external-claims","explicit fiction or hypothetical scenario; checked for accidental real-person, event, numerical, medical, historical, and time-sensitive claims","","","2026-09-14","No external proposition required verification after the fiction or hypothetical framing was made explicit."
"s891","3","Famous books","The Railway Children Wait","verified-against-primary-text","characters, sequence, principal action, outcome, and source-work attribution","Project Gutenberg: The Railway Children","https://www.gutenberg.org/ebooks/1874","2026-09-14","Primary-text comparison of characters, sequence, principal action, outcome, and source-work attribution."
"s892","3","Famous books","Alice Questions the Court","verified-against-primary-text","characters, sequence, principal action, outcome, and source-work attribution","Project Gutenberg: Alice's Adventures in Wonderland","https://www.gutenberg.org/ebooks/11","2026-09-14","Primary-text comparison of characters, sequence, principal action, outcome, and source-work attribution."
"s893","3","Famous books","Mowgli Chooses His Path","verified-against-primary-text","characters, sequence, principal action, outcome, and source-work attribution","Project Gutenberg: The Jungle Book","https://www.gutenberg.org/ebooks/236","2026-09-14","Primary-text comparison of characters, sequence, principal action, outcome, and source-work attribution."
"s894","3","Famous books","The Little Prince and the Rose","verified-against-primary-text","characters, sequence, principal action, outcome, and source-work attribution","The Little Prince: official work information","https://www.lepetitprince.com/en/the-work/","2026-09-14","Characters, journey, rose, fox, themes, and source work; used because this work is not in Project Gutenberg."
"s895","3","Nature and animals","Elephants at the Dry River","verified-against-authoritative-source","factual statements, mechanism, causal strength, terminology, and stated uncertainty","Smithsonian's National Zoo & Conservation Biology Institute: Animals","https://nationalzoo.si.edu/animals","2026-09-14","Animal anatomy, behavior, life history, and species-level terminology."
"s896","3","Nature and animals","The Night Garden","verified-against-authoritative-source","factual statements, mechanism, causal strength, terminology, and stated uncertainty","USDA Forest Service Research and Development","https://research.fs.usda.gov/","2026-09-14","Plant, forest, fungal, fire, and below-ground ecological processes."
"s897","3","Nature and animals","Coral's Quiet Partnership","verified-against-authoritative-source","factual statements, mechanism, causal strength, terminology, and stated uncertainty","NOAA Ocean Service: Ocean Facts","https://oceanservice.noaa.gov/facts/","2026-09-14","Marine biology, ocean processes, and limits or qualifications attached to the claim."
"s898","3","Nature and animals","Wolves Change a Valley","verified-against-authoritative-source","factual statements, mechanism, causal strength, terminology, and stated uncertainty","NOAA Ocean Service: Ocean Facts","https://oceanservice.noaa.gov/facts/","2026-09-14","Marine biology, ocean processes, and limits or qualifications attached to the claim."
"s899","3","World affairs","The Shared Mountain","verified-against-authoritative-source","factual statements, mechanism, causal strength, terminology, and stated uncertainty","United Nations Environment Programme","https://www.unep.org/explore-topics","2026-09-14","Environmental governance, resources, climate, waste, and limits of proposed interventions."
"s900","3","World affairs","Phones for the Public Clinic","verified-against-authoritative-source","factual statements, mechanism, causal strength, terminology, and stated uncertainty","UNESCO: Education","https://www.unesco.org/en/education","2026-09-14","Education access, language, public services, and institutional context."
"s901","3","World affairs","A City Welcomes New Neighbors","verified-against-authoritative-source","factual statements, mechanism, causal strength, terminology, and stated uncertainty","UNHCR: Refugee Data and Policy","https://www.unhcr.org/refugee-statistics/","2026-09-14","Migration, displacement, rights, protection, and careful use of terminology."
"s902","3","World affairs","The Fishing Season Agreement","verified-against-authoritative-source","factual statements, mechanism, causal strength, terminology, and stated uncertainty","United Nations Environment Programme","https://www.unep.org/explore-topics","2026-09-14","Environmental governance, resources, climate, waste, and limits of proposed interventions."
"s903","3","Everyday life","The Ten-Minute Walk","verified-no-external-claims","explicit fiction or hypothetical scenario; checked for accidental real-person, event, numerical, medical, historical, and time-sensitive claims","","","2026-09-14","No external proposition required verification after the fiction or hypothetical framing was made explicit."
"s904","3","Everyday life","Boxes in the Hall","verified-no-external-claims","explicit fiction or hypothetical scenario; checked for accidental real-person, event, numerical, medical, historical, and time-sensitive claims","","","2026-09-14","No external proposition required verification after the fiction or hypothetical framing was made explicit."
"s905","3","Everyday life","The First Community Class","verified-no-external-claims","explicit fiction or hypothetical scenario; checked for accidental real-person, event, numerical, medical, historical, and time-sensitive claims","","","2026-09-14","No external proposition required verification after the fiction or hypothetical framing was made explicit."
"s906","3","History","News by Coffeehouse","verified-against-authoritative-source","factual statements, mechanism, causal strength, terminology, and stated uncertainty","Library of Congress: Digital Collections","https://www.loc.gov/collections/","2026-09-14","Institutional, constitutional, political, and administrative historical evidence."
"s907","3","History","A Petition from the Mill","verified-against-authoritative-source","factual statements, mechanism, causal strength, terminology, and stated uncertainty","Library of Congress: Digital Collections","https://www.loc.gov/collections/","2026-09-14","Documents and collections concerning industry, communication, labor, and technological change."
"s908","3","History","The First Public Museum Day","verified-against-authoritative-source","factual statements, mechanism, causal strength, terminology, and stated uncertainty","The Metropolitan Museum of Art: Heilbrunn Timeline of Art History","https://www.metmuseum.org/toah/","2026-09-14","Ancient material culture, writing, trade, daily life, and chronology."
"s909","3","Science","The Moon's Changing Face","verified-against-authoritative-source","factual statements, mechanism, causal strength, terminology, and stated uncertainty","NASA Science","https://science.nasa.gov/","2026-09-14","Astronomy, planetary science, measurement, and the distinction between evidence and inference."
"s910","3","Science","A Magnet Under Paper","verified-against-authoritative-source","factual statements, mechanism, causal strength, terminology, and stated uncertainty","NIST: Measurement Uncertainty","https://physics.nist.gov/cuu/Uncertainty/","2026-09-14","Measurement, error, uncertainty, models, and interpretation of results."
"s911","3","Science","Cooling by Evaporation","verified-against-authoritative-source","factual statements, mechanism, causal strength, terminology, and stated uncertainty","National Institutes of Health: Health Information","https://www.nih.gov/health-information","2026-09-14","Biology and health claims, mechanism, safety language, and research status."
"s912","4","Fantasy/stories","The River Under the Library","verified-no-external-claims","explicit fiction or hypothetical scenario; checked for accidental real-person, event, numerical, medical, historical, and time-sensitive claims","","","2026-09-14","No external proposition required verification after the fiction or hypothetical framing was made explicit."
"s913","4","Fantasy/stories","The Garden Behind Winter","verified-no-external-claims","explicit fiction or hypothetical scenario; checked for accidental real-person, event, numerical, medical, historical, and time-sensitive claims","","","2026-09-14","No external proposition required verification after the fiction or hypothetical framing was made explicit."
"s914","4","Fantasy/stories","The Last Giant's Bell","verified-no-external-claims","explicit fiction or hypothetical scenario; checked for accidental real-person, event, numerical, medical, historical, and time-sensitive claims","","","2026-09-14","No external proposition required verification after the fiction or hypothetical framing was made explicit."
"s915","4","Famous books","Jane Eyre Keeps Her Voice","verified-against-primary-text","characters, sequence, principal action, outcome, and source-work attribution","Project Gutenberg: Jane Eyre","https://www.gutenberg.org/ebooks/1260","2026-09-14","Primary-text comparison of characters, sequence, principal action, outcome, and source-work attribution."
"s916","4","Famous books","Pip Reconsiders Great Expectations","verified-against-primary-text","characters, sequence, principal action, outcome, and source-work attribution","Project Gutenberg: Great Expectations","https://www.gutenberg.org/ebooks/1400","2026-09-14","Primary-text comparison of characters, sequence, principal action, outcome, and source-work attribution."
"s917","4","Famous books","Odysseus Hears the Sirens","verified-against-primary-text","characters, sequence, principal action, outcome, and source-work attribution","Project Gutenberg: The Odyssey","https://www.gutenberg.org/ebooks/1727","2026-09-14","Primary-text comparison of characters, sequence, principal action, outcome, and source-work attribution."
"s918","4","Famous books","Elizabeth Revises Her Judgment","verified-against-primary-text","characters, sequence, principal action, outcome, and source-work attribution","Project Gutenberg: Pride and Prejudice","https://www.gutenberg.org/ebooks/1342","2026-09-14","Primary-text comparison of characters, sequence, principal action, outcome, and source-work attribution."
"s919","4","Nature and animals","The Long Flight North","verified-against-authoritative-source","factual statements, mechanism, causal strength, terminology, and stated uncertainty","Smithsonian's National Zoo & Conservation Biology Institute: Animals","https://nationalzoo.si.edu/animals","2026-09-14","Animal anatomy, behavior, life history, and species-level terminology."
"s920","4","Nature and animals","Mangroves Before the Storm","verified-against-authoritative-source","factual statements, mechanism, causal strength, terminology, and stated uncertainty","NOAA Ocean Service: Ocean Facts","https://oceanservice.noaa.gov/facts/","2026-09-14","Marine biology, ocean processes, and limits or qualifications attached to the claim."
"s921","4","Nature and animals","The Language of Ravens","verified-against-authoritative-source","factual statements, mechanism, causal strength, terminology, and stated uncertainty","Smithsonian's National Zoo & Conservation Biology Institute: Animals","https://nationalzoo.si.edu/animals","2026-09-14","Animal anatomy, behavior, life history, and species-level terminology."
"s922","4","World affairs","Cooling the Hottest Blocks","verified-against-authoritative-source","factual statements, mechanism, causal strength, terminology, and stated uncertainty","World Bank: Urban Development","https://www.worldbank.org/en/topic/urbandevelopment","2026-09-14","Urban infrastructure, public services, housing, and policy trade-offs."
"s923","4","World affairs","A Passport for Skills","verified-against-authoritative-source","factual statements, mechanism, causal strength, terminology, and stated uncertainty","OECD: Innovative Citizen Participation","https://www.oecd.org/en/topics/sub-issues/innovative-citizen-participation.html","2026-09-14","Governance mechanisms, deliberation, participation, and advisory versus binding authority."
"s924","4","World affairs","The Price of an Open Port","verified-against-authoritative-source","factual statements, mechanism, causal strength, terminology, and stated uncertainty","World Bank: Understanding Poverty","https://www.worldbank.org/en/understanding-poverty","2026-09-14","Economic mechanisms, livelihoods, distributional effects, and policy uncertainty."
"s925","4","Everyday life","A Phone-Free Table","verified-no-external-claims","explicit fiction or hypothetical scenario; checked for accidental real-person, event, numerical, medical, historical, and time-sensitive claims","","","2026-09-14","No external proposition required verification after the fiction or hypothetical framing was made explicit."
"s926","4","Everyday life","The Favor That Became a Routine","verified-no-external-claims","explicit fiction or hypothetical scenario; checked for accidental real-person, event, numerical, medical, historical, and time-sensitive claims","","","2026-09-14","No external proposition required verification after the fiction or hypothetical framing was made explicit."
"s927","4","Everyday life","The Apartment Garden Committee","verified-no-external-claims","explicit fiction or hypothetical scenario; checked for accidental real-person, event, numerical, medical, historical, and time-sensitive claims","","","2026-09-14","No external proposition required verification after the fiction or hypothetical framing was made explicit."
"s928","4","History","Women Carry the Mail","verified-against-authoritative-source","factual statements, mechanism, causal strength, terminology, and stated uncertainty","U.S. National Archives: Research Our Records","https://www.archives.gov/research","2026-09-14","Primary-record context for conflict, institutions, social change, and archival limits."
"s929","4","History","The Ledger of a Port City","verified-against-authoritative-source","factual statements, mechanism, causal strength, terminology, and stated uncertainty","Smithsonian Institution: History, Travel, Arts, Science, People, Places","https://www.si.edu/spotlight","2026-09-14","Material culture, travel, exchange, navigation, and the limits of reconstructed scenes."
"s930","4","History","A Constitution Read Aloud","verified-against-authoritative-source","factual statements, mechanism, causal strength, terminology, and stated uncertainty","Smithsonian Institution: History, Travel, Arts, Science, People, Places","https://www.si.edu/spotlight","2026-09-14","Material culture, travel, exchange, navigation, and the limits of reconstructed scenes."
"s931","4","Science","The Bacteria in Yogurt","verified-against-authoritative-source","factual statements, mechanism, causal strength, terminology, and stated uncertainty","National Institutes of Health: Health Information","https://www.nih.gov/health-information","2026-09-14","Biology and health claims, mechanism, safety language, and research status."
"s932","4","Science","Reading Rings in a Tree","verified-against-authoritative-source","factual statements, mechanism, causal strength, terminology, and stated uncertainty","NIST: Measurement Uncertainty","https://physics.nist.gov/cuu/Uncertainty/","2026-09-14","Measurement, error, uncertainty, models, and interpretation of results."
"s933","4","Science","A Vaccine Trains Memory","verified-against-authoritative-source","factual statements, mechanism, causal strength, terminology, and stated uncertainty","National Institute of Neurological Disorders and Stroke","https://www.ninds.nih.gov/health-information","2026-09-14","Brain, sleep, memory, sensory systems, and appropriate uncertainty."
"s934","4","Science","The Error Bar Matters","verified-against-authoritative-source","factual statements, mechanism, causal strength, terminology, and stated uncertainty","National Institute of Neurological Disorders and Stroke","https://www.ninds.nih.gov/health-information","2026-09-14","Brain, sleep, memory, sensory systems, and appropriate uncertainty."
"s935","9","Fantasy/stories","The City That Borrowed Shadows","verified-no-external-claims","explicit fiction or hypothetical scenario; checked for accidental real-person, event, numerical, medical, historical, and time-sensitive claims","","","2026-09-14","No external proposition required verification after the fiction or hypothetical framing was made explicit."
"s936","9","Fantasy/stories","The Orchard of Possible Lives","verified-no-external-claims","explicit fiction or hypothetical scenario; checked for accidental real-person, event, numerical, medical, historical, and time-sensitive claims","","","2026-09-14","No external proposition required verification after the fiction or hypothetical framing was made explicit."
"s937","9","Fantasy/stories","The Museum of Lost Hours","verified-no-external-claims","explicit fiction or hypothetical scenario; checked for accidental real-person, event, numerical, medical, historical, and time-sensitive claims","","","2026-09-14","No external proposition required verification after the fiction or hypothetical framing was made explicit."
"s938","9","Fantasy/stories","The Translator of Storms","verified-no-external-claims","explicit fiction or hypothetical scenario; checked for accidental real-person, event, numerical, medical, historical, and time-sensitive claims","","","2026-09-14","No external proposition required verification after the fiction or hypothetical framing was made explicit."
"s939","9","Fantasy/stories","The Archive Beneath the Sea","verified-no-external-claims","explicit fiction or hypothetical scenario; checked for accidental real-person, event, numerical, medical, historical, and time-sensitive claims","","","2026-09-14","No external proposition required verification after the fiction or hypothetical framing was made explicit."
"s940","9","Famous books","Victor and the Abandoned Creation","verified-against-primary-text","characters, sequence, principal action, outcome, and source-work attribution","Project Gutenberg: Frankenstein","https://www.gutenberg.org/ebooks/84","2026-09-14","Primary-text comparison of characters, sequence, principal action, outcome, and source-work attribution."
"s941","9","Famous books","Ahab's Narrow Horizon","verified-against-primary-text","characters, sequence, principal action, outcome, and source-work attribution","Project Gutenberg: Moby-Dick","https://www.gutenberg.org/ebooks/2701","2026-09-14","Primary-text comparison of characters, sequence, principal action, outcome, and source-work attribution."
"s942","9","Famous books","Hester's Public Meaning","verified-against-primary-text","characters, sequence, principal action, outcome, and source-work attribution","Project Gutenberg: The Scarlet Letter","https://www.gutenberg.org/ebooks/33","2026-09-14","Primary-text comparison of characters, sequence, principal action, outcome, and source-work attribution."
"s943","9","Famous books","Raskolnikov Tests an Idea","verified-against-primary-text","characters, sequence, principal action, outcome, and source-work attribution","Project Gutenberg: Crime and Punishment","https://www.gutenberg.org/ebooks/2554","2026-09-14","Primary-text comparison of characters, sequence, principal action, outcome, and source-work attribution."
"s944","9","Famous books","Ishmael Watches the Pequod","verified-against-primary-text","characters, sequence, principal action, outcome, and source-work attribution","Project Gutenberg: Moby-Dick","https://www.gutenberg.org/ebooks/2701","2026-09-14","Primary-text comparison of characters, sequence, principal action, outcome, and source-work attribution."
"s945","9","Nature and animals","Fire in the Pine Forest","verified-against-authoritative-source","factual statements, mechanism, causal strength, terminology, and stated uncertainty","USDA Forest Service Research and Development","https://research.fs.usda.gov/","2026-09-14","Plant, forest, fungal, fire, and below-ground ecological processes."
"s946","9","Nature and animals","The Architecture of a Beaver Wetland","verified-against-authoritative-source","factual statements, mechanism, causal strength, terminology, and stated uncertainty","NOAA Ocean Service: Ocean Facts","https://oceanservice.noaa.gov/facts/","2026-09-14","Marine biology, ocean processes, and limits or qualifications attached to the claim."
"s947","9","Nature and animals","When Whales Feed the Surface","verified-against-authoritative-source","factual statements, mechanism, causal strength, terminology, and stated uncertainty","NOAA Ocean Service: Ocean Facts","https://oceanservice.noaa.gov/facts/","2026-09-14","Marine biology, ocean processes, and limits or qualifications attached to the claim."
"s948","9","Nature and animals","The Hidden Economy of Fungi","verified-against-authoritative-source","factual statements, mechanism, causal strength, terminology, and stated uncertainty","USDA Forest Service Research and Development","https://research.fs.usda.gov/","2026-09-14","Plant, forest, fungal, fire, and below-ground ecological processes."
"s949","9","Nature and animals","A Reef After Bleaching","verified-against-authoritative-source","factual statements, mechanism, causal strength, terminology, and stated uncertainty","NOAA Ocean Service: Ocean Facts","https://oceanservice.noaa.gov/facts/","2026-09-14","Marine biology, ocean processes, and limits or qualifications attached to the claim."
"s950","9","World affairs","Drought Across a Federal System","verified-against-authoritative-source","factual statements, mechanism, causal strength, terminology, and stated uncertainty","United Nations Environment Programme","https://www.unep.org/explore-topics","2026-09-14","Environmental governance, resources, climate, waste, and limits of proposed interventions."
"s951","9","World affairs","When Sanctions Reach the Pharmacy","verified-against-authoritative-source","factual statements, mechanism, causal strength, terminology, and stated uncertainty","World Bank: Understanding Poverty","https://www.worldbank.org/en/understanding-poverty","2026-09-14","Economic mechanisms, livelihoods, distributional effects, and policy uncertainty."
"s952","9","World affairs","The Politics of a Digital Identity","verified-against-authoritative-source","factual statements, mechanism, causal strength, terminology, and stated uncertainty","UNESCO: Education","https://www.unesco.org/en/education","2026-09-14","Education access, language, public services, and institutional context."
"s953","9","World affairs","Small States at the Climate Table","verified-against-authoritative-source","factual statements, mechanism, causal strength, terminology, and stated uncertainty","United Nations Environment Programme","https://www.unep.org/explore-topics","2026-09-14","Environmental governance, resources, climate, waste, and limits of proposed interventions."
"s954","9","Everyday life","A Name Corrected Kindly","verified-no-external-claims","explicit fiction or hypothetical scenario; checked for accidental real-person, event, numerical, medical, historical, and time-sensitive claims","","","2026-09-14","No external proposition required verification after the fiction or hypothetical framing was made explicit."
"s955","9","Everyday life","Caring from Another City","verified-no-external-claims","explicit fiction or hypothetical scenario; checked for accidental real-person, event, numerical, medical, historical, and time-sensitive claims","","","2026-09-14","No external proposition required verification after the fiction or hypothetical framing was made explicit."
"s956","9","Everyday life","The Promotion Nobody Discussed","verified-no-external-claims","explicit fiction or hypothetical scenario; checked for accidental real-person, event, numerical, medical, historical, and time-sensitive claims","","","2026-09-14","No external proposition required verification after the fiction or hypothetical framing was made explicit."
"s957","9","Everyday life","When the Group Chat Never Sleeps","verified-no-external-claims","explicit fiction or hypothetical scenario; checked for accidental real-person, event, numerical, medical, historical, and time-sensitive claims","","","2026-09-14","No external proposition required verification after the fiction or hypothetical framing was made explicit."
"s958","9","Everyday life","The Inheritance Conversation","verified-no-external-claims","explicit fiction or hypothetical scenario; checked for accidental real-person, event, numerical, medical, historical, and time-sensitive claims","","","2026-09-14","No external proposition required verification after the fiction or hypothetical framing was made explicit."
"s959","9","History","The Archive and the Missing Workers","verified-against-authoritative-source","factual statements, mechanism, causal strength, terminology, and stated uncertainty","Smithsonian Institution: Smithsonian Learning Lab","https://learninglab.si.edu/","2026-09-14","Social and cultural history, objects, everyday practices, and interpretive cautions."
"s960","9","History","The Quarantine Island Debate","verified-against-authoritative-source","factual statements, mechanism, causal strength, terminology, and stated uncertainty","Smithsonian Institution: History, Travel, Arts, Science, People, Places","https://www.si.edu/spotlight","2026-09-14","Material culture, travel, exchange, navigation, and the limits of reconstructed scenes."
"s961","9","History","Printing the Reformation","verified-against-authoritative-source","factual statements, mechanism, causal strength, terminology, and stated uncertainty","Smithsonian Institution: Smithsonian Learning Lab","https://learninglab.si.edu/","2026-09-14","Social and cultural history, objects, everyday practices, and interpretive cautions."
"s962","9","History","The Haitian Revolution in Atlantic History","verified-against-authoritative-source","factual statements, mechanism, causal strength, terminology, and stated uncertainty","U.S. National Archives: Research Our Records","https://www.archives.gov/research","2026-09-14","Primary-record context for conflict, institutions, social change, and archival limits."
"s963","9","Science","Mapping an Exoplanet's Air","verified-against-authoritative-source","factual statements, mechanism, causal strength, terminology, and stated uncertainty","NASA Science","https://science.nasa.gov/","2026-09-14","Astronomy, planetary science, measurement, and the distinction between evidence and inference."
"s964","9","Science","The Plastic-Eating Enzyme","verified-against-authoritative-source","factual statements, mechanism, causal strength, terminology, and stated uncertainty","NIST Chemistry WebBook","https://webbook.nist.gov/chemistry/","2026-09-14","Chemical identity, material properties, reactions, and measurement terminology."
"s965","9","Science","A Forest Model Meets a Drought","verified-against-authoritative-source","factual statements, mechanism, causal strength, terminology, and stated uncertainty","NIST Chemistry WebBook","https://webbook.nist.gov/chemistry/","2026-09-14","Chemical identity, material properties, reactions, and measurement terminology."
"s966","9","Science","The Replication Conversation","verified-against-authoritative-source","factual statements, mechanism, causal strength, terminology, and stated uncertainty","National Institute of Neurological Disorders and Stroke","https://www.ninds.nih.gov/health-information","2026-09-14","Brain, sleep, memory, sensory systems, and appropriate uncertainty."
"s967","9","Science","Gene Drives and Ecological Consent","verified-against-authoritative-source","factual statements, mechanism, causal strength, terminology, and stated uncertainty","National Institutes of Health: Health Information","https://www.nih.gov/health-information","2026-09-14","Biology and health claims, mechanism, safety language, and research status."
"s968","10","Fantasy/stories","The House That Edited Its Guests","verified-no-external-claims","explicit fiction or hypothetical scenario; checked for accidental real-person, event, numerical, medical, historical, and time-sensitive claims","","","2026-09-14","No external proposition required verification after the fiction or hypothetical framing was made explicit."
"s969","10","Fantasy/stories","A Parliament of Ghosts","verified-no-external-claims","explicit fiction or hypothetical scenario; checked for accidental real-person, event, numerical, medical, historical, and time-sensitive claims","","","2026-09-14","No external proposition required verification after the fiction or hypothetical framing was made explicit."
"s970","10","Fantasy/stories","The Cartographer's Doubt","verified-no-external-claims","explicit fiction or hypothetical scenario; checked for accidental real-person, event, numerical, medical, historical, and time-sensitive claims","","","2026-09-14","No external proposition required verification after the fiction or hypothetical framing was made explicit."
"s971","10","Fantasy/stories","The Library at the End of Probability","verified-no-external-claims","explicit fiction or hypothetical scenario; checked for accidental real-person, event, numerical, medical, historical, and time-sensitive claims","","","2026-09-14","No external proposition required verification after the fiction or hypothetical framing was made explicit."
"s972","10","Famous books","Anna Karenina and the Social Gaze","verified-against-primary-text","characters, sequence, principal action, outcome, and source-work attribution","Project Gutenberg: Anna Karenina","https://www.gutenberg.org/ebooks/1399","2026-09-14","Primary-text comparison of characters, sequence, principal action, outcome, and source-work attribution."
"s973","10","Famous books","Gulliver Among Perfect Planners","verified-against-primary-text","characters, sequence, principal action, outcome, and source-work attribution","Project Gutenberg: Gulliver's Travels","https://www.gutenberg.org/ebooks/829","2026-09-14","Primary-text comparison of characters, sequence, principal action, outcome, and source-work attribution."
"s974","10","Famous books","The Count Builds a Second Life","verified-against-primary-text","characters, sequence, principal action, outcome, and source-work attribution","Project Gutenberg: The Count of Monte Cristo","https://www.gutenberg.org/ebooks/1184","2026-09-14","Primary-text comparison of characters, sequence, principal action, outcome, and source-work attribution."
"s975","10","Famous books","Don Quixote Reads the World","verified-against-primary-text","characters, sequence, principal action, outcome, and source-work attribution","Project Gutenberg: Don Quixote","https://www.gutenberg.org/ebooks/996","2026-09-14","Primary-text comparison of characters, sequence, principal action, outcome, and source-work attribution."
"s976","10","Famous books","Middlemarch and the Web of Consequence","verified-against-primary-text","characters, sequence, principal action, outcome, and source-work attribution","Project Gutenberg: Middlemarch","https://www.gutenberg.org/ebooks/145","2026-09-14","Primary-text comparison of characters, sequence, principal action, outcome, and source-work attribution."
"s977","10","Nature and animals","Urban Leopards at the Boundary","verified-against-authoritative-source","factual statements, mechanism, causal strength, terminology, and stated uncertainty","USDA Forest Service Research and Development","https://research.fs.usda.gov/","2026-09-14","Plant, forest, fungal, fire, and below-ground ecological processes."
"s978","10","Nature and animals","The Salmon's Inherited Compass","verified-against-authoritative-source","factual statements, mechanism, causal strength, terminology, and stated uncertainty","NOAA Ocean Service: Ocean Facts","https://oceanservice.noaa.gov/facts/","2026-09-14","Marine biology, ocean processes, and limits or qualifications attached to the claim."
"s979","10","Nature and animals","Grasslands Without a Single Balance","verified-against-authoritative-source","factual statements, mechanism, causal strength, terminology, and stated uncertainty","USDA Forest Service Research and Development","https://research.fs.usda.gov/","2026-09-14","Plant, forest, fungal, fire, and below-ground ecological processes."
"s980","10","Nature and animals","The Moral Distance of Rewilding","verified-against-authoritative-source","factual statements, mechanism, causal strength, terminology, and stated uncertainty","U.S. National Park Service: Nature & Science","https://www.nps.gov/subjects/nnlandmarks/naturescience.htm","2026-09-14","Ecosystem processes, conservation context, and multi-cause cautions."
"s981","10","World affairs","A Currency Crisis in Daily Life","verified-against-authoritative-source","factual statements, mechanism, causal strength, terminology, and stated uncertainty","World Bank: Understanding Poverty","https://www.worldbank.org/en/understanding-poverty","2026-09-14","Economic mechanisms, livelihoods, distributional effects, and policy uncertainty."
"s982","10","World affairs","The Border as an Ecosystem","verified-against-authoritative-source","factual statements, mechanism, causal strength, terminology, and stated uncertainty","United Nations Environment Programme","https://www.unep.org/explore-topics","2026-09-14","Environmental governance, resources, climate, waste, and limits of proposed interventions."
"s983","10","World affairs","Who Governs the Algorithm","verified-against-authoritative-source","factual statements, mechanism, causal strength, terminology, and stated uncertainty","World Bank: Understanding Poverty","https://www.worldbank.org/en/understanding-poverty","2026-09-14","Economic mechanisms, livelihoods, distributional effects, and policy uncertainty."
"s984","10","World affairs","Debt After Disaster","verified-against-authoritative-source","factual statements, mechanism, causal strength, terminology, and stated uncertainty","United Nations Environment Programme","https://www.unep.org/explore-topics","2026-09-14","Environmental governance, resources, climate, waste, and limits of proposed interventions."
"s985","10","World affairs","The Diplomacy of Semiconductor Supply","verified-against-authoritative-source","factual statements, mechanism, causal strength, terminology, and stated uncertainty","OECD: Innovative Citizen Participation","https://www.oecd.org/en/topics/sub-issues/innovative-citizen-participation.html","2026-09-14","Governance mechanisms, deliberation, participation, and advisory versus binding authority."
"s986","10","Everyday life","The Commute That Defined the Job","verified-no-external-claims","explicit fiction or hypothetical scenario; checked for accidental real-person, event, numerical, medical, historical, and time-sensitive claims","","","2026-09-14","No external proposition required verification after the fiction or hypothetical framing was made explicit."
"s987","10","Everyday life","A Friendship After Disagreement","verified-no-external-claims","explicit fiction or hypothetical scenario; checked for accidental real-person, event, numerical, medical, historical, and time-sensitive claims","","","2026-09-14","No external proposition required verification after the fiction or hypothetical framing was made explicit."
"s988","10","Everyday life","The Family Archive in a Drawer","verified-no-external-claims","explicit fiction or hypothetical scenario; checked for accidental real-person, event, numerical, medical, historical, and time-sensitive claims","","","2026-09-14","No external proposition required verification after the fiction or hypothetical framing was made explicit."
"s989","10","Everyday life","Rest as a Shared Obligation","verified-no-external-claims","explicit fiction or hypothetical scenario; checked for accidental real-person, event, numerical, medical, historical, and time-sensitive claims","","","2026-09-14","No external proposition required verification after the fiction or hypothetical framing was made explicit."
"s990","10","History","Counting a Colonial Population","verified-against-authoritative-source","factual statements, mechanism, causal strength, terminology, and stated uncertainty","Smithsonian Institution: Smithsonian Learning Lab","https://learninglab.si.edu/","2026-09-14","Social and cultural history, objects, everyday practices, and interpretive cautions."
"s991","10","History","Railways and Standard Time","verified-against-authoritative-source","factual statements, mechanism, causal strength, terminology, and stated uncertainty","U.S. National Archives: Research Our Records","https://www.archives.gov/research","2026-09-14","Primary-record context for conflict, institutions, social change, and archival limits."
"s992","10","History","The Grain Tax and Political Legitimacy","verified-against-authoritative-source","factual statements, mechanism, causal strength, terminology, and stated uncertainty","U.S. National Archives: Research Our Records","https://www.archives.gov/research","2026-09-14","Primary-record context for conflict, institutions, social change, and archival limits."
"s993","10","History","Memory After Civil War","verified-against-authoritative-source","factual statements, mechanism, causal strength, terminology, and stated uncertainty","U.S. National Archives: Research Our Records","https://www.archives.gov/research","2026-09-14","Primary-record context for conflict, institutions, social change, and archival limits."
"s994","10","History","The Non-Aligned Choice","verified-against-authoritative-source","factual statements, mechanism, causal strength, terminology, and stated uncertainty","Library of Congress: Digital Collections","https://www.loc.gov/collections/","2026-09-14","Institutional, constitutional, political, and administrative historical evidence."
"s995","10","History","The History Hidden in Household Accounts","verified-against-authoritative-source","factual statements, mechanism, causal strength, terminology, and stated uncertainty","Smithsonian Institution: Smithsonian Learning Lab","https://learninglab.si.edu/","2026-09-14","Social and cultural history, objects, everyday practices, and interpretive cautions."
"s996","10","Science","Quantum Sensors Outside the Laboratory","verified-against-authoritative-source","factual statements, mechanism, causal strength, terminology, and stated uncertainty","NASA Science","https://science.nasa.gov/","2026-09-14","Astronomy, planetary science, measurement, and the distinction between evidence and inference."
"s997","10","Science","The Causal Puzzle of Nutrition","verified-against-authoritative-source","factual statements, mechanism, causal strength, terminology, and stated uncertainty","National Institutes of Health: Health Information","https://www.nih.gov/health-information","2026-09-14","Biology and health claims, mechanism, safety language, and research status."
"s998","10","Science","Artificial Intelligence Finds a Protein Shape","verified-against-authoritative-source","factual statements, mechanism, causal strength, terminology, and stated uncertainty","National Institutes of Health: Health Information","https://www.nih.gov/health-information","2026-09-14","Biology and health claims, mechanism, safety language, and research status."
"s999","10","Science","The Dark Matter Inference","verified-against-authoritative-source","factual statements, mechanism, causal strength, terminology, and stated uncertainty","NASA Science","https://science.nasa.gov/","2026-09-14","Astronomy, planetary science, measurement, and the distinction between evidence and inference."
"s1000","10","Science","Editing Embryos and Future Persons","verified-against-authoritative-source","factual statements, mechanism, causal strength, terminology, and stated uncertainty","National Institutes of Health: Health Information","https://www.nih.gov/health-information","2026-09-14","Biology and health claims, mechanism, safety language, and research status."
"s1001","1","Mystery and adventure","The Quiet Brass Key","verified-no-external-claims","explicit fiction or hypothetical scenario; checked for accidental real-person, event, numerical, medical, historical, and time-sensitive claims","","","2026-09-14","No external proposition required verification after the fiction or hypothetical framing was made explicit."
"s1002","1","Mystery and adventure","The Quiet School Bell","verified-no-external-claims","explicit fiction or hypothetical scenario; checked for accidental real-person, event, numerical, medical, historical, and time-sensitive claims","","","2026-09-14","No external proposition required verification after the fiction or hypothetical framing was made explicit."
"s1003","1","Mystery and adventure","The Quiet Red Violin","verified-no-external-claims","explicit fiction or hypothetical scenario; checked for accidental real-person, event, numerical, medical, historical, and time-sensitive claims","","","2026-09-14","No external proposition required verification after the fiction or hypothetical framing was made explicit."
"s1004","1","Mystery and adventure","The Quiet Recipe Book","verified-no-external-claims","explicit fiction or hypothetical scenario; checked for accidental real-person, event, numerical, medical, historical, and time-sensitive claims","","","2026-09-14","No external proposition required verification after the fiction or hypothetical framing was made explicit."
"s1005","1","Mystery and adventure","The Quiet Silver Ticket","verified-no-external-claims","explicit fiction or hypothetical scenario; checked for accidental real-person, event, numerical, medical, historical, and time-sensitive claims","","","2026-09-14","No external proposition required verification after the fiction or hypothetical framing was made explicit."
"s1006","1","Mystery and adventure","The Quiet Garden Map","verified-no-external-claims","explicit fiction or hypothetical scenario; checked for accidental real-person, event, numerical, medical, historical, and time-sensitive claims","","","2026-09-14","No external proposition required verification after the fiction or hypothetical framing was made explicit."
"s1007","1","Mystery and adventure","The Quiet Museum Coin","verified-no-external-claims","explicit fiction or hypothetical scenario; checked for accidental real-person, event, numerical, medical, historical, and time-sensitive claims","","","2026-09-14","No external proposition required verification after the fiction or hypothetical framing was made explicit."
"s1008","1","Mystery and adventure","The Quiet Blue Lantern","verified-no-external-claims","explicit fiction or hypothetical scenario; checked for accidental real-person, event, numerical, medical, historical, and time-sensitive claims","","","2026-09-14","No external proposition required verification after the fiction or hypothetical framing was made explicit."
"s1009","1","Mystery and adventure","The Quiet Harbor Flag","verified-no-external-claims","explicit fiction or hypothetical scenario; checked for accidental real-person, event, numerical, medical, historical, and time-sensitive claims","","","2026-09-14","No external proposition required verification after the fiction or hypothetical framing was made explicit."
"s1010","1","Mystery and adventure","The Quiet Library Card","verified-no-external-claims","explicit fiction or hypothetical scenario; checked for accidental real-person, event, numerical, medical, historical, and time-sensitive claims","","","2026-09-14","No external proposition required verification after the fiction or hypothetical framing was made explicit."
"s1011","1","Mystery and adventure","The Quiet Glass Button","verified-no-external-claims","explicit fiction or hypothetical scenario; checked for accidental real-person, event, numerical, medical, historical, and time-sensitive claims","","","2026-09-14","No external proposition required verification after the fiction or hypothetical framing was made explicit."
"s1012","1","Mystery and adventure","The Quiet Clock Hand","verified-no-external-claims","explicit fiction or hypothetical scenario; checked for accidental real-person, event, numerical, medical, historical, and time-sensitive claims","","","2026-09-14","No external proposition required verification after the fiction or hypothetical framing was made explicit."
"s1013","1","Mystery and adventure","The Quiet Painted Shell","verified-no-external-claims","explicit fiction or hypothetical scenario; checked for accidental real-person, event, numerical, medical, historical, and time-sensitive claims","","","2026-09-14","No external proposition required verification after the fiction or hypothetical framing was made explicit."
"s1014","1","Mystery and adventure","The Quiet Paper Crown","verified-no-external-claims","explicit fiction or hypothetical scenario; checked for accidental real-person, event, numerical, medical, historical, and time-sensitive claims","","","2026-09-14","No external proposition required verification after the fiction or hypothetical framing was made explicit."
"s1015","1","Mystery and adventure","The Quiet Green Bicycle","verified-no-external-claims","explicit fiction or hypothetical scenario; checked for accidental real-person, event, numerical, medical, historical, and time-sensitive claims","","","2026-09-14","No external proposition required verification after the fiction or hypothetical framing was made explicit."
"s1016","1","Mystery and adventure","The Quiet Stone Bird","verified-no-external-claims","explicit fiction or hypothetical scenario; checked for accidental real-person, event, numerical, medical, historical, and time-sensitive claims","","","2026-09-14","No external proposition required verification after the fiction or hypothetical framing was made explicit."
"s1017","1","Mystery and adventure","The Quiet Sealed Letter","verified-no-external-claims","explicit fiction or hypothetical scenario; checked for accidental real-person, event, numerical, medical, historical, and time-sensitive claims","","","2026-09-14","No external proposition required verification after the fiction or hypothetical framing was made explicit."
"s1018","1","Mystery and adventure","The Quiet Gold Spoon","verified-no-external-claims","explicit fiction or hypothetical scenario; checked for accidental real-person, event, numerical, medical, historical, and time-sensitive claims","","","2026-09-14","No external proposition required verification after the fiction or hypothetical framing was made explicit."
"s1019","1","Mystery and adventure","The Quiet Empty Frame","verified-no-external-claims","explicit fiction or hypothetical scenario; checked for accidental real-person, event, numerical, medical, historical, and time-sensitive claims","","","2026-09-14","No external proposition required verification after the fiction or hypothetical framing was made explicit."
"s1020","1","Mystery and adventure","The Quiet Roof Footprint","verified-no-external-claims","explicit fiction or hypothetical scenario; checked for accidental real-person, event, numerical, medical, historical, and time-sensitive claims","","","2026-09-14","No external proposition required verification after the fiction or hypothetical framing was made explicit."
"s1021","2","Mystery and adventure","The Quiet River Notebook","verified-no-external-claims","explicit fiction or hypothetical scenario; checked for accidental real-person, event, numerical, medical, historical, and time-sensitive claims","","","2026-09-14","No external proposition required verification after the fiction or hypothetical framing was made explicit."
"s1022","2","Mystery and adventure","The Quiet Market Whistle","verified-no-external-claims","explicit fiction or hypothetical scenario; checked for accidental real-person, event, numerical, medical, historical, and time-sensitive claims","","","2026-09-14","No external proposition required verification after the fiction or hypothetical framing was made explicit."
"s1023","2","Mystery and adventure","The Quiet Black Umbrella","verified-no-external-claims","explicit fiction or hypothetical scenario; checked for accidental real-person, event, numerical, medical, historical, and time-sensitive claims","","","2026-09-14","No external proposition required verification after the fiction or hypothetical framing was made explicit."
"s1024","2","Mystery and adventure","The Quiet Orchard Box","verified-no-external-claims","explicit fiction or hypothetical scenario; checked for accidental real-person, event, numerical, medical, historical, and time-sensitive claims","","","2026-09-14","No external proposition required verification after the fiction or hypothetical framing was made explicit."
"s1025","2","Mystery and adventure","The Quiet Theater Mask","verified-no-external-claims","explicit fiction or hypothetical scenario; checked for accidental real-person, event, numerical, medical, historical, and time-sensitive claims","","","2026-09-14","No external proposition required verification after the fiction or hypothetical framing was made explicit."
"s1026","2","Mystery and adventure","The Quiet Mountain Radio","verified-no-external-claims","explicit fiction or hypothetical scenario; checked for accidental real-person, event, numerical, medical, historical, and time-sensitive claims","","","2026-09-14","No external proposition required verification after the fiction or hypothetical framing was made explicit."
"s1027","2","Mystery and adventure","The Quiet Bakery Window","verified-no-external-claims","explicit fiction or hypothetical scenario; checked for accidental real-person, event, numerical, medical, historical, and time-sensitive claims","","","2026-09-14","No external proposition required verification after the fiction or hypothetical framing was made explicit."
"s1028","2","Mystery and adventure","The Quiet Farm Gate","verified-no-external-claims","explicit fiction or hypothetical scenario; checked for accidental real-person, event, numerical, medical, historical, and time-sensitive claims","","","2026-09-14","No external proposition required verification after the fiction or hypothetical framing was made explicit."
"s1029","2","Mystery and adventure","The Quiet Music Box","verified-no-external-claims","explicit fiction or hypothetical scenario; checked for accidental real-person, event, numerical, medical, historical, and time-sensitive claims","","","2026-09-14","No external proposition required verification after the fiction or hypothetical framing was made explicit."
"s1030","2","Mystery and adventure","The Quiet Lake Light","verified-no-external-claims","explicit fiction or hypothetical scenario; checked for accidental real-person, event, numerical, medical, historical, and time-sensitive claims","","","2026-09-14","No external proposition required verification after the fiction or hypothetical framing was made explicit."
"s1031","2","Mystery and adventure","The Quiet Wooden Compass","verified-no-external-claims","explicit fiction or hypothetical scenario; checked for accidental real-person, event, numerical, medical, historical, and time-sensitive claims","","","2026-09-14","No external proposition required verification after the fiction or hypothetical framing was made explicit."
"s1032","2","Mystery and adventure","The Hidden Brass Key","verified-no-external-claims","explicit fiction or hypothetical scenario; checked for accidental real-person, event, numerical, medical, historical, and time-sensitive claims","","","2026-09-14","No external proposition required verification after the fiction or hypothetical framing was made explicit."
"s1033","2","Mystery and adventure","The Hidden School Bell","verified-no-external-claims","explicit fiction or hypothetical scenario; checked for accidental real-person, event, numerical, medical, historical, and time-sensitive claims","","","2026-09-14","No external proposition required verification after the fiction or hypothetical framing was made explicit."
"s1034","2","Mystery and adventure","The Hidden Red Violin","verified-no-external-claims","explicit fiction or hypothetical scenario; checked for accidental real-person, event, numerical, medical, historical, and time-sensitive claims","","","2026-09-14","No external proposition required verification after the fiction or hypothetical framing was made explicit."
"s1035","2","Mystery and adventure","The Hidden Recipe Book","verified-no-external-claims","explicit fiction or hypothetical scenario; checked for accidental real-person, event, numerical, medical, historical, and time-sensitive claims","","","2026-09-14","No external proposition required verification after the fiction or hypothetical framing was made explicit."
"s1036","2","Mystery and adventure","The Hidden Silver Ticket","verified-no-external-claims","explicit fiction or hypothetical scenario; checked for accidental real-person, event, numerical, medical, historical, and time-sensitive claims","","","2026-09-14","No external proposition required verification after the fiction or hypothetical framing was made explicit."
"s1037","2","Mystery and adventure","The Hidden Garden Map","verified-no-external-claims","explicit fiction or hypothetical scenario; checked for accidental real-person, event, numerical, medical, historical, and time-sensitive claims","","","2026-09-14","No external proposition required verification after the fiction or hypothetical framing was made explicit."
"s1038","2","Mystery and adventure","The Hidden Museum Coin","verified-no-external-claims","explicit fiction or hypothetical scenario; checked for accidental real-person, event, numerical, medical, historical, and time-sensitive claims","","","2026-09-14","No external proposition required verification after the fiction or hypothetical framing was made explicit."
"s1039","2","Mystery and adventure","The Hidden Blue Lantern","verified-no-external-claims","explicit fiction or hypothetical scenario; checked for accidental real-person, event, numerical, medical, historical, and time-sensitive claims","","","2026-09-14","No external proposition required verification after the fiction or hypothetical framing was made explicit."
"s1040","2","Mystery and adventure","The Hidden Harbor Flag","verified-no-external-claims","explicit fiction or hypothetical scenario; checked for accidental real-person, event, numerical, medical, historical, and time-sensitive claims","","","2026-09-14","No external proposition required verification after the fiction or hypothetical framing was made explicit."
"s1041","3","Mystery and adventure","The Hidden Library Card","verified-no-external-claims","explicit fiction or hypothetical scenario; checked for accidental real-person, event, numerical, medical, historical, and time-sensitive claims","","","2026-09-14","No external proposition required verification after the fiction or hypothetical framing was made explicit."
"s1042","3","Mystery and adventure","The Hidden Glass Button","verified-no-external-claims","explicit fiction or hypothetical scenario; checked for accidental real-person, event, numerical, medical, historical, and time-sensitive claims","","","2026-09-14","No external proposition required verification after the fiction or hypothetical framing was made explicit."
"s1043","3","Mystery and adventure","The Hidden Clock Hand","verified-no-external-claims","explicit fiction or hypothetical scenario; checked for accidental real-person, event, numerical, medical, historical, and time-sensitive claims","","","2026-09-14","No external proposition required verification after the fiction or hypothetical framing was made explicit."
"s1044","3","Mystery and adventure","The Hidden Painted Shell","verified-no-external-claims","explicit fiction or hypothetical scenario; checked for accidental real-person, event, numerical, medical, historical, and time-sensitive claims","","","2026-09-14","No external proposition required verification after the fiction or hypothetical framing was made explicit."
"s1045","3","Mystery and adventure","The Hidden Paper Crown","verified-no-external-claims","explicit fiction or hypothetical scenario; checked for accidental real-person, event, numerical, medical, historical, and time-sensitive claims","","","2026-09-14","No external proposition required verification after the fiction or hypothetical framing was made explicit."
"s1046","3","Mystery and adventure","The Hidden Green Bicycle","verified-no-external-claims","explicit fiction or hypothetical scenario; checked for accidental real-person, event, numerical, medical, historical, and time-sensitive claims","","","2026-09-14","No external proposition required verification after the fiction or hypothetical framing was made explicit."
"s1047","3","Mystery and adventure","The Hidden Stone Bird","verified-no-external-claims","explicit fiction or hypothetical scenario; checked for accidental real-person, event, numerical, medical, historical, and time-sensitive claims","","","2026-09-14","No external proposition required verification after the fiction or hypothetical framing was made explicit."
"s1048","3","Mystery and adventure","The Hidden Sealed Letter","verified-no-external-claims","explicit fiction or hypothetical scenario; checked for accidental real-person, event, numerical, medical, historical, and time-sensitive claims","","","2026-09-14","No external proposition required verification after the fiction or hypothetical framing was made explicit."
"s1049","3","Mystery and adventure","The Hidden Gold Spoon","verified-no-external-claims","explicit fiction or hypothetical scenario; checked for accidental real-person, event, numerical, medical, historical, and time-sensitive claims","","","2026-09-14","No external proposition required verification after the fiction or hypothetical framing was made explicit."
"s1050","3","Mystery and adventure","The Hidden Empty Frame","verified-no-external-claims","explicit fiction or hypothetical scenario; checked for accidental real-person, event, numerical, medical, historical, and time-sensitive claims","","","2026-09-14","No external proposition required verification after the fiction or hypothetical framing was made explicit."
"s1051","3","Mystery and adventure","The Hidden Roof Footprint","verified-no-external-claims","explicit fiction or hypothetical scenario; checked for accidental real-person, event, numerical, medical, historical, and time-sensitive claims","","","2026-09-14","No external proposition required verification after the fiction or hypothetical framing was made explicit."
"s1052","3","Mystery and adventure","The Hidden River Notebook","verified-no-external-claims","explicit fiction or hypothetical scenario; checked for accidental real-person, event, numerical, medical, historical, and time-sensitive claims","","","2026-09-14","No external proposition required verification after the fiction or hypothetical framing was made explicit."
"s1053","3","Mystery and adventure","The Hidden Market Whistle","verified-no-external-claims","explicit fiction or hypothetical scenario; checked for accidental real-person, event, numerical, medical, historical, and time-sensitive claims","","","2026-09-14","No external proposition required verification after the fiction or hypothetical framing was made explicit."
"s1054","3","Mystery and adventure","The Hidden Black Umbrella","verified-no-external-claims","explicit fiction or hypothetical scenario; checked for accidental real-person, event, numerical, medical, historical, and time-sensitive claims","","","2026-09-14","No external proposition required verification after the fiction or hypothetical framing was made explicit."
"s1055","3","Mystery and adventure","The Hidden Orchard Box","verified-no-external-claims","explicit fiction or hypothetical scenario; checked for accidental real-person, event, numerical, medical, historical, and time-sensitive claims","","","2026-09-14","No external proposition required verification after the fiction or hypothetical framing was made explicit."
"s1056","3","Mystery and adventure","The Hidden Theater Mask","verified-no-external-claims","explicit fiction or hypothetical scenario; checked for accidental real-person, event, numerical, medical, historical, and time-sensitive claims","","","2026-09-14","No external proposition required verification after the fiction or hypothetical framing was made explicit."
"s1057","3","Mystery and adventure","The Hidden Mountain Radio","verified-no-external-claims","explicit fiction or hypothetical scenario; checked for accidental real-person, event, numerical, medical, historical, and time-sensitive claims","","","2026-09-14","No external proposition required verification after the fiction or hypothetical framing was made explicit."
"s1058","3","Mystery and adventure","The Hidden Bakery Window","verified-no-external-claims","explicit fiction or hypothetical scenario; checked for accidental real-person, event, numerical, medical, historical, and time-sensitive claims","","","2026-09-14","No external proposition required verification after the fiction or hypothetical framing was made explicit."
"s1059","3","Mystery and adventure","The Hidden Farm Gate","verified-no-external-claims","explicit fiction or hypothetical scenario; checked for accidental real-person, event, numerical, medical, historical, and time-sensitive claims","","","2026-09-14","No external proposition required verification after the fiction or hypothetical framing was made explicit."
"s1060","3","Mystery and adventure","The Hidden Music Box","verified-no-external-claims","explicit fiction or hypothetical scenario; checked for accidental real-person, event, numerical, medical, historical, and time-sensitive claims","","","2026-09-14","No external proposition required verification after the fiction or hypothetical framing was made explicit."
"s1061","4","Mystery and adventure","The Hidden Lake Light","verified-no-external-claims","explicit fiction or hypothetical scenario; checked for accidental real-person, event, numerical, medical, historical, and time-sensitive claims","","","2026-09-14","No external proposition required verification after the fiction or hypothetical framing was made explicit."
"s1062","4","Mystery and adventure","The Hidden Wooden Compass","verified-no-external-claims","explicit fiction or hypothetical scenario; checked for accidental real-person, event, numerical, medical, historical, and time-sensitive claims","","","2026-09-14","No external proposition required verification after the fiction or hypothetical framing was made explicit."
"s1063","4","Mystery and adventure","The Silver Brass Key","verified-no-external-claims","explicit fiction or hypothetical scenario; checked for accidental real-person, event, numerical, medical, historical, and time-sensitive claims","","","2026-09-14","No external proposition required verification after the fiction or hypothetical framing was made explicit."
"s1064","4","Mystery and adventure","The Silver School Bell","verified-no-external-claims","explicit fiction or hypothetical scenario; checked for accidental real-person, event, numerical, medical, historical, and time-sensitive claims","","","2026-09-14","No external proposition required verification after the fiction or hypothetical framing was made explicit."
"s1065","4","Mystery and adventure","The Silver Red Violin","verified-no-external-claims","explicit fiction or hypothetical scenario; checked for accidental real-person, event, numerical, medical, historical, and time-sensitive claims","","","2026-09-14","No external proposition required verification after the fiction or hypothetical framing was made explicit."
"s1066","4","Mystery and adventure","The Silver Recipe Book","verified-no-external-claims","explicit fiction or hypothetical scenario; checked for accidental real-person, event, numerical, medical, historical, and time-sensitive claims","","","2026-09-14","No external proposition required verification after the fiction or hypothetical framing was made explicit."
"s1067","4","Mystery and adventure","The Silver Silver Ticket","verified-no-external-claims","explicit fiction or hypothetical scenario; checked for accidental real-person, event, numerical, medical, historical, and time-sensitive claims","","","2026-09-14","No external proposition required verification after the fiction or hypothetical framing was made explicit."
"s1068","4","Mystery and adventure","The Silver Garden Map","verified-no-external-claims","explicit fiction or hypothetical scenario; checked for accidental real-person, event, numerical, medical, historical, and time-sensitive claims","","","2026-09-14","No external proposition required verification after the fiction or hypothetical framing was made explicit."
"s1069","4","Mystery and adventure","The Silver Museum Coin","verified-no-external-claims","explicit fiction or hypothetical scenario; checked for accidental real-person, event, numerical, medical, historical, and time-sensitive claims","","","2026-09-14","No external proposition required verification after the fiction or hypothetical framing was made explicit."
"s1070","4","Mystery and adventure","The Silver Blue Lantern","verified-no-external-claims","explicit fiction or hypothetical scenario; checked for accidental real-person, event, numerical, medical, historical, and time-sensitive claims","","","2026-09-14","No external proposition required verification after the fiction or hypothetical framing was made explicit."
"s1071","4","Mystery and adventure","The Silver Harbor Flag","verified-no-external-claims","explicit fiction or hypothetical scenario; checked for accidental real-person, event, numerical, medical, historical, and time-sensitive claims","","","2026-09-14","No external proposition required verification after the fiction or hypothetical framing was made explicit."
"s1072","4","Mystery and adventure","The Silver Library Card","verified-no-external-claims","explicit fiction or hypothetical scenario; checked for accidental real-person, event, numerical, medical, historical, and time-sensitive claims","","","2026-09-14","No external proposition required verification after the fiction or hypothetical framing was made explicit."
"s1073","4","Mystery and adventure","The Silver Glass Button","verified-no-external-claims","explicit fiction or hypothetical scenario; checked for accidental real-person, event, numerical, medical, historical, and time-sensitive claims","","","2026-09-14","No external proposition required verification after the fiction or hypothetical framing was made explicit."
"s1074","4","Mystery and adventure","The Silver Clock Hand","verified-no-external-claims","explicit fiction or hypothetical scenario; checked for accidental real-person, event, numerical, medical, historical, and time-sensitive claims","","","2026-09-14","No external proposition required verification after the fiction or hypothetical framing was made explicit."
"s1075","4","Mystery and adventure","The Silver Painted Shell","verified-no-external-claims","explicit fiction or hypothetical scenario; checked for accidental real-person, event, numerical, medical, historical, and time-sensitive claims","","","2026-09-14","No external proposition required verification after the fiction or hypothetical framing was made explicit."
"s1076","4","Mystery and adventure","The Silver Paper Crown","verified-no-external-claims","explicit fiction or hypothetical scenario; checked for accidental real-person, event, numerical, medical, historical, and time-sensitive claims","","","2026-09-14","No external proposition required verification after the fiction or hypothetical framing was made explicit."
"s1077","4","Mystery and adventure","The Silver Green Bicycle","verified-no-external-claims","explicit fiction or hypothetical scenario; checked for accidental real-person, event, numerical, medical, historical, and time-sensitive claims","","","2026-09-14","No external proposition required verification after the fiction or hypothetical framing was made explicit."
"s1078","4","Mystery and adventure","The Silver Stone Bird","verified-no-external-claims","explicit fiction or hypothetical scenario; checked for accidental real-person, event, numerical, medical, historical, and time-sensitive claims","","","2026-09-14","No external proposition required verification after the fiction or hypothetical framing was made explicit."
"s1079","4","Mystery and adventure","The Silver Sealed Letter","verified-no-external-claims","explicit fiction or hypothetical scenario; checked for accidental real-person, event, numerical, medical, historical, and time-sensitive claims","","","2026-09-14","No external proposition required verification after the fiction or hypothetical framing was made explicit."
"s1080","4","Mystery and adventure","The Silver Gold Spoon","verified-no-external-claims","explicit fiction or hypothetical scenario; checked for accidental real-person, event, numerical, medical, historical, and time-sensitive claims","","","2026-09-14","No external proposition required verification after the fiction or hypothetical framing was made explicit."
"s1081","5","Mystery and adventure","The Silver Empty Frame","verified-no-external-claims","explicit fiction or hypothetical scenario; checked for accidental real-person, event, numerical, medical, historical, and time-sensitive claims","","","2026-09-14","No external proposition required verification after the fiction or hypothetical framing was made explicit."
"s1082","5","Mystery and adventure","The Silver Roof Footprint","verified-no-external-claims","explicit fiction or hypothetical scenario; checked for accidental real-person, event, numerical, medical, historical, and time-sensitive claims","","","2026-09-14","No external proposition required verification after the fiction or hypothetical framing was made explicit."
"s1083","5","Mystery and adventure","The Silver River Notebook","verified-no-external-claims","explicit fiction or hypothetical scenario; checked for accidental real-person, event, numerical, medical, historical, and time-sensitive claims","","","2026-09-14","No external proposition required verification after the fiction or hypothetical framing was made explicit."
"s1084","5","Mystery and adventure","The Silver Market Whistle","verified-no-external-claims","explicit fiction or hypothetical scenario; checked for accidental real-person, event, numerical, medical, historical, and time-sensitive claims","","","2026-09-14","No external proposition required verification after the fiction or hypothetical framing was made explicit."
"s1085","5","Mystery and adventure","The Silver Black Umbrella","verified-no-external-claims","explicit fiction or hypothetical scenario; checked for accidental real-person, event, numerical, medical, historical, and time-sensitive claims","","","2026-09-14","No external proposition required verification after the fiction or hypothetical framing was made explicit."
"s1086","5","Mystery and adventure","The Silver Orchard Box","verified-no-external-claims","explicit fiction or hypothetical scenario; checked for accidental real-person, event, numerical, medical, historical, and time-sensitive claims","","","2026-09-14","No external proposition required verification after the fiction or hypothetical framing was made explicit."
"s1087","5","Mystery and adventure","The Silver Theater Mask","verified-no-external-claims","explicit fiction or hypothetical scenario; checked for accidental real-person, event, numerical, medical, historical, and time-sensitive claims","","","2026-09-14","No external proposition required verification after the fiction or hypothetical framing was made explicit."
"s1088","5","Mystery and adventure","The Silver Mountain Radio","verified-no-external-claims","explicit fiction or hypothetical scenario; checked for accidental real-person, event, numerical, medical, historical, and time-sensitive claims","","","2026-09-14","No external proposition required verification after the fiction or hypothetical framing was made explicit."
"s1089","5","Mystery and adventure","The Silver Bakery Window","verified-no-external-claims","explicit fiction or hypothetical scenario; checked for accidental real-person, event, numerical, medical, historical, and time-sensitive claims","","","2026-09-14","No external proposition required verification after the fiction or hypothetical framing was made explicit."
"s1090","5","Mystery and adventure","The Silver Farm Gate","verified-no-external-claims","explicit fiction or hypothetical scenario; checked for accidental real-person, event, numerical, medical, historical, and time-sensitive claims","","","2026-09-14","No external proposition required verification after the fiction or hypothetical framing was made explicit."
"s1091","5","Mystery and adventure","The Silver Music Box","verified-no-external-claims","explicit fiction or hypothetical scenario; checked for accidental real-person, event, numerical, medical, historical, and time-sensitive claims","","","2026-09-14","No external proposition required verification after the fiction or hypothetical framing was made explicit."
"s1092","5","Mystery and adventure","The Silver Lake Light","verified-no-external-claims","explicit fiction or hypothetical scenario; checked for accidental real-person, event, numerical, medical, historical, and time-sensitive claims","","","2026-09-14","No external proposition required verification after the fiction or hypothetical framing was made explicit."
"s1093","5","Mystery and adventure","The Silver Wooden Compass","verified-no-external-claims","explicit fiction or hypothetical scenario; checked for accidental real-person, event, numerical, medical, historical, and time-sensitive claims","","","2026-09-14","No external proposition required verification after the fiction or hypothetical framing was made explicit."
"s1094","5","Mystery and adventure","The Last Brass Key","verified-no-external-claims","explicit fiction or hypothetical scenario; checked for accidental real-person, event, numerical, medical, historical, and time-sensitive claims","","","2026-09-14","No external proposition required verification after the fiction or hypothetical framing was made explicit."
"s1095","5","Mystery and adventure","The Last School Bell","verified-no-external-claims","explicit fiction or hypothetical scenario; checked for accidental real-person, event, numerical, medical, historical, and time-sensitive claims","","","2026-09-14","No external proposition required verification after the fiction or hypothetical framing was made explicit."
"s1096","6","Mystery and adventure","The Last Red Violin","verified-no-external-claims","explicit fiction or hypothetical scenario; checked for accidental real-person, event, numerical, medical, historical, and time-sensitive claims","","","2026-09-14","No external proposition required verification after the fiction or hypothetical framing was made explicit."
"s1097","6","Mystery and adventure","The Last Recipe Book","verified-no-external-claims","explicit fiction or hypothetical scenario; checked for accidental real-person, event, numerical, medical, historical, and time-sensitive claims","","","2026-09-14","No external proposition required verification after the fiction or hypothetical framing was made explicit."
"s1098","6","Mystery and adventure","The Last Silver Ticket","verified-no-external-claims","explicit fiction or hypothetical scenario; checked for accidental real-person, event, numerical, medical, historical, and time-sensitive claims","","","2026-09-14","No external proposition required verification after the fiction or hypothetical framing was made explicit."
"s1099","6","Mystery and adventure","The Last Garden Map","verified-no-external-claims","explicit fiction or hypothetical scenario; checked for accidental real-person, event, numerical, medical, historical, and time-sensitive claims","","","2026-09-14","No external proposition required verification after the fiction or hypothetical framing was made explicit."
"s1100","6","Mystery and adventure","The Last Museum Coin","verified-no-external-claims","explicit fiction or hypothetical scenario; checked for accidental real-person, event, numerical, medical, historical, and time-sensitive claims","","","2026-09-14","No external proposition required verification after the fiction or hypothetical framing was made explicit."
"s1101","6","Mystery and adventure","The Last Blue Lantern","verified-no-external-claims","explicit fiction or hypothetical scenario; checked for accidental real-person, event, numerical, medical, historical, and time-sensitive claims","","","2026-09-14","No external proposition required verification after the fiction or hypothetical framing was made explicit."
"s1102","6","Mystery and adventure","The Last Harbor Flag","verified-no-external-claims","explicit fiction or hypothetical scenario; checked for accidental real-person, event, numerical, medical, historical, and time-sensitive claims","","","2026-09-14","No external proposition required verification after the fiction or hypothetical framing was made explicit."
"s1103","6","Mystery and adventure","The Last Library Card","verified-no-external-claims","explicit fiction or hypothetical scenario; checked for accidental real-person, event, numerical, medical, historical, and time-sensitive claims","","","2026-09-14","No external proposition required verification after the fiction or hypothetical framing was made explicit."
"s1104","6","Mystery and adventure","The Last Glass Button","verified-no-external-claims","explicit fiction or hypothetical scenario; checked for accidental real-person, event, numerical, medical, historical, and time-sensitive claims","","","2026-09-14","No external proposition required verification after the fiction or hypothetical framing was made explicit."
"s1105","6","Mystery and adventure","The Last Clock Hand","verified-no-external-claims","explicit fiction or hypothetical scenario; checked for accidental real-person, event, numerical, medical, historical, and time-sensitive claims","","","2026-09-14","No external proposition required verification after the fiction or hypothetical framing was made explicit."
"s1106","6","Mystery and adventure","The Last Painted Shell","verified-no-external-claims","explicit fiction or hypothetical scenario; checked for accidental real-person, event, numerical, medical, historical, and time-sensitive claims","","","2026-09-14","No external proposition required verification after the fiction or hypothetical framing was made explicit."
"s1107","6","Mystery and adventure","The Last Paper Crown","verified-no-external-claims","explicit fiction or hypothetical scenario; checked for accidental real-person, event, numerical, medical, historical, and time-sensitive claims","","","2026-09-14","No external proposition required verification after the fiction or hypothetical framing was made explicit."
"s1108","6","Mystery and adventure","The Last Green Bicycle","verified-no-external-claims","explicit fiction or hypothetical scenario; checked for accidental real-person, event, numerical, medical, historical, and time-sensitive claims","","","2026-09-14","No external proposition required verification after the fiction or hypothetical framing was made explicit."
"s1109","6","Mystery and adventure","The Last Stone Bird","verified-no-external-claims","explicit fiction or hypothetical scenario; checked for accidental real-person, event, numerical, medical, historical, and time-sensitive claims","","","2026-09-14","No external proposition required verification after the fiction or hypothetical framing was made explicit."
"s1110","6","Mystery and adventure","The Last Sealed Letter","verified-no-external-claims","explicit fiction or hypothetical scenario; checked for accidental real-person, event, numerical, medical, historical, and time-sensitive claims","","","2026-09-14","No external proposition required verification after the fiction or hypothetical framing was made explicit."
"s1111","7","Mystery and adventure","The Last Gold Spoon","verified-no-external-claims","explicit fiction or hypothetical scenario; checked for accidental real-person, event, numerical, medical, historical, and time-sensitive claims","","","2026-09-14","No external proposition required verification after the fiction or hypothetical framing was made explicit."
"s1112","7","Mystery and adventure","The Last Empty Frame","verified-no-external-claims","explicit fiction or hypothetical scenario; checked for accidental real-person, event, numerical, medical, historical, and time-sensitive claims","","","2026-09-14","No external proposition required verification after the fiction or hypothetical framing was made explicit."
"s1113","7","Mystery and adventure","The Last Roof Footprint","verified-no-external-claims","explicit fiction or hypothetical scenario; checked for accidental real-person, event, numerical, medical, historical, and time-sensitive claims","","","2026-09-14","No external proposition required verification after the fiction or hypothetical framing was made explicit."
"s1114","7","Mystery and adventure","The Last River Notebook","verified-no-external-claims","explicit fiction or hypothetical scenario; checked for accidental real-person, event, numerical, medical, historical, and time-sensitive claims","","","2026-09-14","No external proposition required verification after the fiction or hypothetical framing was made explicit."
"s1115","7","Mystery and adventure","The Last Market Whistle","verified-no-external-claims","explicit fiction or hypothetical scenario; checked for accidental real-person, event, numerical, medical, historical, and time-sensitive claims","","","2026-09-14","No external proposition required verification after the fiction or hypothetical framing was made explicit."
"s1116","7","Mystery and adventure","The Last Black Umbrella","verified-no-external-claims","explicit fiction or hypothetical scenario; checked for accidental real-person, event, numerical, medical, historical, and time-sensitive claims","","","2026-09-14","No external proposition required verification after the fiction or hypothetical framing was made explicit."
"s1117","7","Mystery and adventure","The Last Orchard Box","verified-no-external-claims","explicit fiction or hypothetical scenario; checked for accidental real-person, event, numerical, medical, historical, and time-sensitive claims","","","2026-09-14","No external proposition required verification after the fiction or hypothetical framing was made explicit."
"s1118","7","Mystery and adventure","The Last Theater Mask","verified-no-external-claims","explicit fiction or hypothetical scenario; checked for accidental real-person, event, numerical, medical, historical, and time-sensitive claims","","","2026-09-14","No external proposition required verification after the fiction or hypothetical framing was made explicit."
"s1119","7","Mystery and adventure","The Last Mountain Radio","verified-no-external-claims","explicit fiction or hypothetical scenario; checked for accidental real-person, event, numerical, medical, historical, and time-sensitive claims","","","2026-09-14","No external proposition required verification after the fiction or hypothetical framing was made explicit."
"s1120","7","Mystery and adventure","The Last Bakery Window","verified-no-external-claims","explicit fiction or hypothetical scenario; checked for accidental real-person, event, numerical, medical, historical, and time-sensitive claims","","","2026-09-14","No external proposition required verification after the fiction or hypothetical framing was made explicit."
"s1121","7","Mystery and adventure","The Last Farm Gate","verified-no-external-claims","explicit fiction or hypothetical scenario; checked for accidental real-person, event, numerical, medical, historical, and time-sensitive claims","","","2026-09-14","No external proposition required verification after the fiction or hypothetical framing was made explicit."
"s1122","7","Mystery and adventure","The Last Music Box","verified-no-external-claims","explicit fiction or hypothetical scenario; checked for accidental real-person, event, numerical, medical, historical, and time-sensitive claims","","","2026-09-14","No external proposition required verification after the fiction or hypothetical framing was made explicit."
"s1123","7","Mystery and adventure","The Last Lake Light","verified-no-external-claims","explicit fiction or hypothetical scenario; checked for accidental real-person, event, numerical, medical, historical, and time-sensitive claims","","","2026-09-14","No external proposition required verification after the fiction or hypothetical framing was made explicit."
"s1124","7","Mystery and adventure","The Last Wooden Compass","verified-no-external-claims","explicit fiction or hypothetical scenario; checked for accidental real-person, event, numerical, medical, historical, and time-sensitive claims","","","2026-09-14","No external proposition required verification after the fiction or hypothetical framing was made explicit."
"s1125","7","Mystery and adventure","The Unseen Brass Key","verified-no-external-claims","explicit fiction or hypothetical scenario; checked for accidental real-person, event, numerical, medical, historical, and time-sensitive claims","","","2026-09-14","No external proposition required verification after the fiction or hypothetical framing was made explicit."
"s1126","8","Mystery and adventure","The Unseen School Bell","verified-no-external-claims","explicit fiction or hypothetical scenario; checked for accidental real-person, event, numerical, medical, historical, and time-sensitive claims","","","2026-09-14","No external proposition required verification after the fiction or hypothetical framing was made explicit."
"s1127","8","Mystery and adventure","The Unseen Red Violin","verified-no-external-claims","explicit fiction or hypothetical scenario; checked for accidental real-person, event, numerical, medical, historical, and time-sensitive claims","","","2026-09-14","No external proposition required verification after the fiction or hypothetical framing was made explicit."
"s1128","8","Mystery and adventure","The Unseen Recipe Book","verified-no-external-claims","explicit fiction or hypothetical scenario; checked for accidental real-person, event, numerical, medical, historical, and time-sensitive claims","","","2026-09-14","No external proposition required verification after the fiction or hypothetical framing was made explicit."
"s1129","8","Mystery and adventure","The Unseen Silver Ticket","verified-no-external-claims","explicit fiction or hypothetical scenario; checked for accidental real-person, event, numerical, medical, historical, and time-sensitive claims","","","2026-09-14","No external proposition required verification after the fiction or hypothetical framing was made explicit."
"s1130","8","Mystery and adventure","The Unseen Garden Map","verified-no-external-claims","explicit fiction or hypothetical scenario; checked for accidental real-person, event, numerical, medical, historical, and time-sensitive claims","","","2026-09-14","No external proposition required verification after the fiction or hypothetical framing was made explicit."
"s1131","8","Mystery and adventure","The Unseen Museum Coin","verified-no-external-claims","explicit fiction or hypothetical scenario; checked for accidental real-person, event, numerical, medical, historical, and time-sensitive claims","","","2026-09-14","No external proposition required verification after the fiction or hypothetical framing was made explicit."
"s1132","8","Mystery and adventure","The Unseen Blue Lantern","verified-no-external-claims","explicit fiction or hypothetical scenario; checked for accidental real-person, event, numerical, medical, historical, and time-sensitive claims","","","2026-09-14","No external proposition required verification after the fiction or hypothetical framing was made explicit."
"s1133","8","Mystery and adventure","The Unseen Harbor Flag","verified-no-external-claims","explicit fiction or hypothetical scenario; checked for accidental real-person, event, numerical, medical, historical, and time-sensitive claims","","","2026-09-14","No external proposition required verification after the fiction or hypothetical framing was made explicit."
"s1134","8","Mystery and adventure","The Unseen Library Card","verified-no-external-claims","explicit fiction or hypothetical scenario; checked for accidental real-person, event, numerical, medical, historical, and time-sensitive claims","","","2026-09-14","No external proposition required verification after the fiction or hypothetical framing was made explicit."
"s1135","8","Mystery and adventure","The Unseen Glass Button","verified-no-external-claims","explicit fiction or hypothetical scenario; checked for accidental real-person, event, numerical, medical, historical, and time-sensitive claims","","","2026-09-14","No external proposition required verification after the fiction or hypothetical framing was made explicit."
"s1136","9","Mystery and adventure","The Unseen Clock Hand","verified-no-external-claims","explicit fiction or hypothetical scenario; checked for accidental real-person, event, numerical, medical, historical, and time-sensitive claims","","","2026-09-14","No external proposition required verification after the fiction or hypothetical framing was made explicit."
"s1137","9","Mystery and adventure","The Unseen Painted Shell","verified-no-external-claims","explicit fiction or hypothetical scenario; checked for accidental real-person, event, numerical, medical, historical, and time-sensitive claims","","","2026-09-14","No external proposition required verification after the fiction or hypothetical framing was made explicit."
"s1138","9","Mystery and adventure","The Unseen Paper Crown","verified-no-external-claims","explicit fiction or hypothetical scenario; checked for accidental real-person, event, numerical, medical, historical, and time-sensitive claims","","","2026-09-14","No external proposition required verification after the fiction or hypothetical framing was made explicit."
"s1139","9","Mystery and adventure","The Unseen Green Bicycle","verified-no-external-claims","explicit fiction or hypothetical scenario; checked for accidental real-person, event, numerical, medical, historical, and time-sensitive claims","","","2026-09-14","No external proposition required verification after the fiction or hypothetical framing was made explicit."
"s1140","9","Mystery and adventure","The Unseen Stone Bird","verified-no-external-claims","explicit fiction or hypothetical scenario; checked for accidental real-person, event, numerical, medical, historical, and time-sensitive claims","","","2026-09-14","No external proposition required verification after the fiction or hypothetical framing was made explicit."
"s1141","9","Mystery and adventure","The Unseen Sealed Letter","verified-no-external-claims","explicit fiction or hypothetical scenario; checked for accidental real-person, event, numerical, medical, historical, and time-sensitive claims","","","2026-09-14","No external proposition required verification after the fiction or hypothetical framing was made explicit."
"s1142","9","Mystery and adventure","The Unseen Gold Spoon","verified-no-external-claims","explicit fiction or hypothetical scenario; checked for accidental real-person, event, numerical, medical, historical, and time-sensitive claims","","","2026-09-14","No external proposition required verification after the fiction or hypothetical framing was made explicit."
"s1143","9","Mystery and adventure","The Unseen Empty Frame","verified-no-external-claims","explicit fiction or hypothetical scenario; checked for accidental real-person, event, numerical, medical, historical, and time-sensitive claims","","","2026-09-14","No external proposition required verification after the fiction or hypothetical framing was made explicit."
"s1144","9","Mystery and adventure","The Unseen Roof Footprint","verified-no-external-claims","explicit fiction or hypothetical scenario; checked for accidental real-person, event, numerical, medical, historical, and time-sensitive claims","","","2026-09-14","No external proposition required verification after the fiction or hypothetical framing was made explicit."
"s1145","9","Mystery and adventure","The Unseen River Notebook","verified-no-external-claims","explicit fiction or hypothetical scenario; checked for accidental real-person, event, numerical, medical, historical, and time-sensitive claims","","","2026-09-14","No external proposition required verification after the fiction or hypothetical framing was made explicit."
"s1146","10","Mystery and adventure","The Unseen Market Whistle","verified-no-external-claims","explicit fiction or hypothetical scenario; checked for accidental real-person, event, numerical, medical, historical, and time-sensitive claims","","","2026-09-14","No external proposition required verification after the fiction or hypothetical framing was made explicit."
"s1147","10","Mystery and adventure","The Unseen Black Umbrella","verified-no-external-claims","explicit fiction or hypothetical scenario; checked for accidental real-person, event, numerical, medical, historical, and time-sensitive claims","","","2026-09-14","No external proposition required verification after the fiction or hypothetical framing was made explicit."
"s1148","10","Mystery and adventure","The Unseen Orchard Box","verified-no-external-claims","explicit fiction or hypothetical scenario; checked for accidental real-person, event, numerical, medical, historical, and time-sensitive claims","","","2026-09-14","No external proposition required verification after the fiction or hypothetical framing was made explicit."
"s1149","10","Mystery and adventure","The Unseen Theater Mask","verified-no-external-claims","explicit fiction or hypothetical scenario; checked for accidental real-person, event, numerical, medical, historical, and time-sensitive claims","","","2026-09-14","No external proposition required verification after the fiction or hypothetical framing was made explicit."
"s1150","10","Mystery and adventure","The Unseen Mountain Radio","verified-no-external-claims","explicit fiction or hypothetical scenario; checked for accidental real-person, event, numerical, medical, historical, and time-sensitive claims","","","2026-09-14","No external proposition required verification after the fiction or hypothetical framing was made explicit."
"s1151","10","Mystery and adventure","The Unseen Bakery Window","verified-no-external-claims","explicit fiction or hypothetical scenario; checked for accidental real-person, event, numerical, medical, historical, and time-sensitive claims","","","2026-09-14","No external proposition required verification after the fiction or hypothetical framing was made explicit."
"s1152","10","Mystery and adventure","The Unseen Farm Gate","verified-no-external-claims","explicit fiction or hypothetical scenario; checked for accidental real-person, event, numerical, medical, historical, and time-sensitive claims","","","2026-09-14","No external proposition required verification after the fiction or hypothetical framing was made explicit."
"s1153","10","Mystery and adventure","The Unseen Music Box","verified-no-external-claims","explicit fiction or hypothetical scenario; checked for accidental real-person, event, numerical, medical, historical, and time-sensitive claims","","","2026-09-14","No external proposition required verification after the fiction or hypothetical framing was made explicit."
"s1154","10","Mystery and adventure","The Unseen Lake Light","verified-no-external-claims","explicit fiction or hypothetical scenario; checked for accidental real-person, event, numerical, medical, historical, and time-sensitive claims","","","2026-09-14","No external proposition required verification after the fiction or hypothetical framing was made explicit."
"s1155","10","Mystery and adventure","The Unseen Wooden Compass","verified-no-external-claims","explicit fiction or hypothetical scenario; checked for accidental real-person, event, numerical, medical, historical, and time-sensitive claims","","","2026-09-14","No external proposition required verification after the fiction or hypothetical framing was made explicit."
"s1156","1","Travel and culture","An Unexpected Day in Kyoto","verified-no-external-claims","fictional traveler and event; real place name checked; no precise historical, numerical, medical, or time-sensitive claim identified","","","2026-09-14","No external proposition required verification after the fiction or hypothetical framing was made explicit."
"s1157","1","Travel and culture","An Unexpected Day in Seoul","verified-no-external-claims","fictional traveler and event; real place name checked; no precise historical, numerical, medical, or time-sensitive claim identified","","","2026-09-14","No external proposition required verification after the fiction or hypothetical framing was made explicit."
"s1158","1","Travel and culture","An Unexpected Day in Taipei","verified-no-external-claims","fictional traveler and event; real place name checked; no precise historical, numerical, medical, or time-sensitive claim identified","","","2026-09-14","No external proposition required verification after the fiction or hypothetical framing was made explicit."
"s1159","1","Travel and culture","An Unexpected Day in Hanoi","verified-no-external-claims","fictional traveler and event; real place name checked; no precise historical, numerical, medical, or time-sensitive claim identified","","","2026-09-14","No external proposition required verification after the fiction or hypothetical framing was made explicit."
"s1160","1","Travel and culture","An Unexpected Day in Chiang Mai","verified-no-external-claims","fictional traveler and event; real place name checked; no precise historical, numerical, medical, or time-sensitive claim identified","","","2026-09-14","No external proposition required verification after the fiction or hypothetical framing was made explicit."
"s1161","1","Travel and culture","An Unexpected Day in Singapore","verified-no-external-claims","fictional traveler and event; real place name checked; no precise historical, numerical, medical, or time-sensitive claim identified","","","2026-09-14","No external proposition required verification after the fiction or hypothetical framing was made explicit."
"s1162","1","Travel and culture","An Unexpected Day in Delhi","verified-no-external-claims","fictional traveler and event; real place name checked; no precise historical, numerical, medical, or time-sensitive claim identified","","","2026-09-14","No external proposition required verification after the fiction or hypothetical framing was made explicit."
"s1163","1","Travel and culture","An Unexpected Day in Istanbul","verified-no-external-claims","fictional traveler and event; real place name checked; no precise historical, numerical, medical, or time-sensitive claim identified","","","2026-09-14","No external proposition required verification after the fiction or hypothetical framing was made explicit."
"s1164","1","Travel and culture","An Unexpected Day in Athens","verified-no-external-claims","fictional traveler and event; real place name checked; no precise historical, numerical, medical, or time-sensitive claim identified","","","2026-09-14","No external proposition required verification after the fiction or hypothetical framing was made explicit."
"s1165","1","Travel and culture","An Unexpected Day in Rome","verified-no-external-claims","fictional traveler and event; real place name checked; no precise historical, numerical, medical, or time-sensitive claim identified","","","2026-09-14","No external proposition required verification after the fiction or hypothetical framing was made explicit."
"s1166","1","Travel and culture","An Unexpected Day in Lisbon","verified-no-external-claims","fictional traveler and event; real place name checked; no precise historical, numerical, medical, or time-sensitive claim identified","","","2026-09-14","No external proposition required verification after the fiction or hypothetical framing was made explicit."
"s1167","1","Travel and culture","An Unexpected Day in Reykjavik","verified-no-external-claims","fictional traveler and event; real place name checked; no precise historical, numerical, medical, or time-sensitive claim identified","","","2026-09-14","No external proposition required verification after the fiction or hypothetical framing was made explicit."
"s1168","1","Travel and culture","An Unexpected Day in Nairobi","verified-no-external-claims","fictional traveler and event; real place name checked; no precise historical, numerical, medical, or time-sensitive claim identified","","","2026-09-14","No external proposition required verification after the fiction or hypothetical framing was made explicit."
"s1169","1","Travel and culture","An Unexpected Day in Cape Town","verified-no-external-claims","fictional traveler and event; real place name checked; no precise historical, numerical, medical, or time-sensitive claim identified","","","2026-09-14","No external proposition required verification after the fiction or hypothetical framing was made explicit."
"s1170","1","Travel and culture","An Unexpected Day in Marrakech","verified-no-external-claims","fictional traveler and event; real place name checked; no precise historical, numerical, medical, or time-sensitive claim identified","","","2026-09-14","No external proposition required verification after the fiction or hypothetical framing was made explicit."
"s1171","1","Travel and culture","An Unexpected Day in Mexico City","verified-no-external-claims","fictional traveler and event; real place name checked; no precise historical, numerical, medical, or time-sensitive claim identified","","","2026-09-14","No external proposition required verification after the fiction or hypothetical framing was made explicit."
"s1172","1","Travel and culture","An Unexpected Day in Lima","verified-no-external-claims","fictional traveler and event; real place name checked; no precise historical, numerical, medical, or time-sensitive claim identified","","","2026-09-14","No external proposition required verification after the fiction or hypothetical framing was made explicit."
"s1173","1","Travel and culture","An Unexpected Day in Buenos Aires","verified-no-external-claims","fictional traveler and event; real place name checked; no precise historical, numerical, medical, or time-sensitive claim identified","","","2026-09-14","No external proposition required verification after the fiction or hypothetical framing was made explicit."
"s1174","1","Travel and culture","An Unexpected Day in Vancouver","verified-no-external-claims","fictional traveler and event; real place name checked; no precise historical, numerical, medical, or time-sensitive claim identified","","","2026-09-14","No external proposition required verification after the fiction or hypothetical framing was made explicit."
"s1175","1","Travel and culture","An Unexpected Day in New Orleans","verified-no-external-claims","fictional traveler and event; real place name checked; no precise historical, numerical, medical, or time-sensitive claim identified","","","2026-09-14","No external proposition required verification after the fiction or hypothetical framing was made explicit."
"s1176","2","Travel and culture","An Unexpected Day in Prague","verified-no-external-claims","fictional traveler and event; real place name checked; no precise historical, numerical, medical, or time-sensitive claim identified","","","2026-09-14","No external proposition required verification after the fiction or hypothetical framing was made explicit."
"s1177","2","Travel and culture","An Unexpected Day in Vienna","verified-no-external-claims","fictional traveler and event; real place name checked; no precise historical, numerical, medical, or time-sensitive claim identified","","","2026-09-14","No external proposition required verification after the fiction or hypothetical framing was made explicit."
"s1178","2","Travel and culture","An Unexpected Day in Budapest","verified-no-external-claims","fictional traveler and event; real place name checked; no precise historical, numerical, medical, or time-sensitive claim identified","","","2026-09-14","No external proposition required verification after the fiction or hypothetical framing was made explicit."
"s1179","2","Travel and culture","An Unexpected Day in Helsinki","verified-no-external-claims","fictional traveler and event; real place name checked; no precise historical, numerical, medical, or time-sensitive claim identified","","","2026-09-14","No external proposition required verification after the fiction or hypothetical framing was made explicit."
"s1180","2","Travel and culture","An Unexpected Day in Tallinn","verified-no-external-claims","fictional traveler and event; real place name checked; no precise historical, numerical, medical, or time-sensitive claim identified","","","2026-09-14","No external proposition required verification after the fiction or hypothetical framing was made explicit."
"s1181","2","Travel and culture","An Unexpected Day in Dubrovnik","verified-no-external-claims","fictional traveler and event; real place name checked; no precise historical, numerical, medical, or time-sensitive claim identified","","","2026-09-14","No external proposition required verification after the fiction or hypothetical framing was made explicit."
"s1182","2","Travel and culture","An Unexpected Day in Ulaanbaatar","verified-no-external-claims","fictional traveler and event; real place name checked; no precise historical, numerical, medical, or time-sensitive claim identified","","","2026-09-14","No external proposition required verification after the fiction or hypothetical framing was made explicit."
"s1183","2","Travel and culture","An Unexpected Day in Kathmandu","verified-no-external-claims","fictional traveler and event; real place name checked; no precise historical, numerical, medical, or time-sensitive claim identified","","","2026-09-14","No external proposition required verification after the fiction or hypothetical framing was made explicit."
"s1184","2","Travel and culture","An Unexpected Day in Sydney","verified-no-external-claims","fictional traveler and event; real place name checked; no precise historical, numerical, medical, or time-sensitive claim identified","","","2026-09-14","No external proposition required verification after the fiction or hypothetical framing was made explicit."
"s1185","2","Travel and culture","An Unexpected Day in Auckland","verified-no-external-claims","fictional traveler and event; real place name checked; no precise historical, numerical, medical, or time-sensitive claim identified","","","2026-09-14","No external proposition required verification after the fiction or hypothetical framing was made explicit."
"s1186","2","Travel and culture","An Unexpected Day in Cusco","verified-no-external-claims","fictional traveler and event; real place name checked; no precise historical, numerical, medical, or time-sensitive claim identified","","","2026-09-14","No external proposition required verification after the fiction or hypothetical framing was made explicit."
"s1187","2","Travel and culture","A Rainy Day in Kyoto","verified-no-external-claims","fictional traveler and event; real place name checked; no precise historical, numerical, medical, or time-sensitive claim identified","","","2026-09-14","No external proposition required verification after the fiction or hypothetical framing was made explicit."
"s1188","2","Travel and culture","A Rainy Day in Seoul","verified-no-external-claims","fictional traveler and event; real place name checked; no precise historical, numerical, medical, or time-sensitive claim identified","","","2026-09-14","No external proposition required verification after the fiction or hypothetical framing was made explicit."
"s1189","2","Travel and culture","A Rainy Day in Taipei","verified-no-external-claims","fictional traveler and event; real place name checked; no precise historical, numerical, medical, or time-sensitive claim identified","","","2026-09-14","No external proposition required verification after the fiction or hypothetical framing was made explicit."
"s1190","2","Travel and culture","A Rainy Day in Hanoi","verified-no-external-claims","fictional traveler and event; real place name checked; no precise historical, numerical, medical, or time-sensitive claim identified","","","2026-09-14","No external proposition required verification after the fiction or hypothetical framing was made explicit."
"s1191","2","Travel and culture","A Rainy Day in Chiang Mai","verified-no-external-claims","fictional traveler and event; real place name checked; no precise historical, numerical, medical, or time-sensitive claim identified","","","2026-09-14","No external proposition required verification after the fiction or hypothetical framing was made explicit."
"s1192","2","Travel and culture","A Rainy Day in Singapore","verified-no-external-claims","fictional traveler and event; real place name checked; no precise historical, numerical, medical, or time-sensitive claim identified","","","2026-09-14","No external proposition required verification after the fiction or hypothetical framing was made explicit."
"s1193","2","Travel and culture","A Rainy Day in Delhi","verified-no-external-claims","fictional traveler and event; real place name checked; no precise historical, numerical, medical, or time-sensitive claim identified","","","2026-09-14","No external proposition required verification after the fiction or hypothetical framing was made explicit."
"s1194","2","Travel and culture","A Rainy Day in Istanbul","verified-no-external-claims","fictional traveler and event; real place name checked; no precise historical, numerical, medical, or time-sensitive claim identified","","","2026-09-14","No external proposition required verification after the fiction or hypothetical framing was made explicit."
"s1195","2","Travel and culture","A Rainy Day in Athens","verified-no-external-claims","fictional traveler and event; real place name checked; no precise historical, numerical, medical, or time-sensitive claim identified","","","2026-09-14","No external proposition required verification after the fiction or hypothetical framing was made explicit."
"s1196","3","Travel and culture","A Rainy Day in Rome","verified-no-external-claims","fictional traveler and event; real place name checked; no precise historical, numerical, medical, or time-sensitive claim identified","","","2026-09-14","No external proposition required verification after the fiction or hypothetical framing was made explicit."
"s1197","3","Travel and culture","A Rainy Day in Lisbon","verified-no-external-claims","fictional traveler and event; real place name checked; no precise historical, numerical, medical, or time-sensitive claim identified","","","2026-09-14","No external proposition required verification after the fiction or hypothetical framing was made explicit."
"s1198","3","Travel and culture","A Rainy Day in Reykjavik","verified-no-external-claims","fictional traveler and event; real place name checked; no precise historical, numerical, medical, or time-sensitive claim identified","","","2026-09-14","No external proposition required verification after the fiction or hypothetical framing was made explicit."
"s1199","3","Travel and culture","A Rainy Day in Nairobi","verified-no-external-claims","fictional traveler and event; real place name checked; no precise historical, numerical, medical, or time-sensitive claim identified","","","2026-09-14","No external proposition required verification after the fiction or hypothetical framing was made explicit."
"s1200","3","Travel and culture","A Rainy Day in Cape Town","verified-no-external-claims","fictional traveler and event; real place name checked; no precise historical, numerical, medical, or time-sensitive claim identified","","","2026-09-14","No external proposition required verification after the fiction or hypothetical framing was made explicit."
"s1201","3","Travel and culture","A Rainy Day in Marrakech","verified-no-external-claims","fictional traveler and event; real place name checked; no precise historical, numerical, medical, or time-sensitive claim identified","","","2026-09-14","No external proposition required verification after the fiction or hypothetical framing was made explicit."
"s1202","3","Travel and culture","A Rainy Day in Mexico City","verified-no-external-claims","fictional traveler and event; real place name checked; no precise historical, numerical, medical, or time-sensitive claim identified","","","2026-09-14","No external proposition required verification after the fiction or hypothetical framing was made explicit."
"s1203","3","Travel and culture","A Rainy Day in Lima","verified-no-external-claims","fictional traveler and event; real place name checked; no precise historical, numerical, medical, or time-sensitive claim identified","","","2026-09-14","No external proposition required verification after the fiction or hypothetical framing was made explicit."
"s1204","3","Travel and culture","A Rainy Day in Buenos Aires","verified-no-external-claims","fictional traveler and event; real place name checked; no precise historical, numerical, medical, or time-sensitive claim identified","","","2026-09-14","No external proposition required verification after the fiction or hypothetical framing was made explicit."
"s1205","3","Travel and culture","A Rainy Day in Vancouver","verified-no-external-claims","fictional traveler and event; real place name checked; no precise historical, numerical, medical, or time-sensitive claim identified","","","2026-09-14","No external proposition required verification after the fiction or hypothetical framing was made explicit."
"s1206","3","Travel and culture","A Rainy Day in New Orleans","verified-no-external-claims","fictional traveler and event; real place name checked; no precise historical, numerical, medical, or time-sensitive claim identified","","","2026-09-14","No external proposition required verification after the fiction or hypothetical framing was made explicit."
"s1207","3","Travel and culture","A Rainy Day in Prague","verified-no-external-claims","fictional traveler and event; real place name checked; no precise historical, numerical, medical, or time-sensitive claim identified","","","2026-09-14","No external proposition required verification after the fiction or hypothetical framing was made explicit."
"s1208","3","Travel and culture","A Rainy Day in Vienna","verified-no-external-claims","fictional traveler and event; real place name checked; no precise historical, numerical, medical, or time-sensitive claim identified","","","2026-09-14","No external proposition required verification after the fiction or hypothetical framing was made explicit."
"s1209","3","Travel and culture","A Rainy Day in Budapest","verified-no-external-claims","fictional traveler and event; real place name checked; no precise historical, numerical, medical, or time-sensitive claim identified","","","2026-09-14","No external proposition required verification after the fiction or hypothetical framing was made explicit."
"s1210","3","Travel and culture","A Rainy Day in Helsinki","verified-no-external-claims","fictional traveler and event; real place name checked; no precise historical, numerical, medical, or time-sensitive claim identified","","","2026-09-14","No external proposition required verification after the fiction or hypothetical framing was made explicit."
"s1211","3","Travel and culture","A Rainy Day in Tallinn","verified-no-external-claims","fictional traveler and event; real place name checked; no precise historical, numerical, medical, or time-sensitive claim identified","","","2026-09-14","No external proposition required verification after the fiction or hypothetical framing was made explicit."
"s1212","3","Travel and culture","A Rainy Day in Dubrovnik","verified-no-external-claims","fictional traveler and event; real place name checked; no precise historical, numerical, medical, or time-sensitive claim identified","","","2026-09-14","No external proposition required verification after the fiction or hypothetical framing was made explicit."
"s1213","3","Travel and culture","A Rainy Day in Ulaanbaatar","verified-no-external-claims","fictional traveler and event; real place name checked; no precise historical, numerical, medical, or time-sensitive claim identified","","","2026-09-14","No external proposition required verification after the fiction or hypothetical framing was made explicit."
"s1214","3","Travel and culture","A Rainy Day in Kathmandu","verified-no-external-claims","fictional traveler and event; real place name checked; no precise historical, numerical, medical, or time-sensitive claim identified","","","2026-09-14","No external proposition required verification after the fiction or hypothetical framing was made explicit."
"s1215","3","Travel and culture","A Rainy Day in Sydney","verified-no-external-claims","fictional traveler and event; real place name checked; no precise historical, numerical, medical, or time-sensitive claim identified","","","2026-09-14","No external proposition required verification after the fiction or hypothetical framing was made explicit."
"s1216","4","Travel and culture","A Rainy Day in Auckland","verified-no-external-claims","fictional traveler and event; real place name checked; no precise historical, numerical, medical, or time-sensitive claim identified","","","2026-09-14","No external proposition required verification after the fiction or hypothetical framing was made explicit."
"s1217","4","Travel and culture","A Rainy Day in Cusco","verified-no-external-claims","fictional traveler and event; real place name checked; no precise historical, numerical, medical, or time-sensitive claim identified","","","2026-09-14","No external proposition required verification after the fiction or hypothetical framing was made explicit."
"s1218","4","Travel and culture","A Long Day in Kyoto","verified-no-external-claims","fictional traveler and event; real place name checked; no precise historical, numerical, medical, or time-sensitive claim identified","","","2026-09-14","No external proposition required verification after the fiction or hypothetical framing was made explicit."
"s1219","4","Travel and culture","A Long Day in Seoul","verified-no-external-claims","fictional traveler and event; real place name checked; no precise historical, numerical, medical, or time-sensitive claim identified","","","2026-09-14","No external proposition required verification after the fiction or hypothetical framing was made explicit."
"s1220","4","Travel and culture","A Long Day in Taipei","verified-no-external-claims","fictional traveler and event; real place name checked; no precise historical, numerical, medical, or time-sensitive claim identified","","","2026-09-14","No external proposition required verification after the fiction or hypothetical framing was made explicit."
"s1221","4","Travel and culture","A Long Day in Hanoi","verified-no-external-claims","fictional traveler and event; real place name checked; no precise historical, numerical, medical, or time-sensitive claim identified","","","2026-09-14","No external proposition required verification after the fiction or hypothetical framing was made explicit."
"s1222","4","Travel and culture","A Long Day in Chiang Mai","verified-no-external-claims","fictional traveler and event; real place name checked; no precise historical, numerical, medical, or time-sensitive claim identified","","","2026-09-14","No external proposition required verification after the fiction or hypothetical framing was made explicit."
"s1223","4","Travel and culture","A Long Day in Singapore","verified-no-external-claims","fictional traveler and event; real place name checked; no precise historical, numerical, medical, or time-sensitive claim identified","","","2026-09-14","No external proposition required verification after the fiction or hypothetical framing was made explicit."
"s1224","4","Travel and culture","A Long Day in Delhi","verified-no-external-claims","fictional traveler and event; real place name checked; no precise historical, numerical, medical, or time-sensitive claim identified","","","2026-09-14","No external proposition required verification after the fiction or hypothetical framing was made explicit."
"s1225","4","Travel and culture","A Long Day in Istanbul","verified-no-external-claims","fictional traveler and event; real place name checked; no precise historical, numerical, medical, or time-sensitive claim identified","","","2026-09-14","No external proposition required verification after the fiction or hypothetical framing was made explicit."
"s1226","4","Travel and culture","A Long Day in Athens","verified-no-external-claims","fictional traveler and event; real place name checked; no precise historical, numerical, medical, or time-sensitive claim identified","","","2026-09-14","No external proposition required verification after the fiction or hypothetical framing was made explicit."
"s1227","4","Travel and culture","A Long Day in Rome","verified-no-external-claims","fictional traveler and event; real place name checked; no precise historical, numerical, medical, or time-sensitive claim identified","","","2026-09-14","No external proposition required verification after the fiction or hypothetical framing was made explicit."
"s1228","4","Travel and culture","A Long Day in Lisbon","verified-no-external-claims","fictional traveler and event; real place name checked; no precise historical, numerical, medical, or time-sensitive claim identified","","","2026-09-14","No external proposition required verification after the fiction or hypothetical framing was made explicit."
"s1229","4","Travel and culture","A Long Day in Reykjavik","verified-no-external-claims","fictional traveler and event; real place name checked; no precise historical, numerical, medical, or time-sensitive claim identified","","","2026-09-14","No external proposition required verification after the fiction or hypothetical framing was made explicit."
"s1230","4","Travel and culture","A Long Day in Nairobi","verified-no-external-claims","fictional traveler and event; real place name checked; no precise historical, numerical, medical, or time-sensitive claim identified","","","2026-09-14","No external proposition required verification after the fiction or hypothetical framing was made explicit."
"s1231","4","Travel and culture","A Long Day in Cape Town","verified-no-external-claims","fictional traveler and event; real place name checked; no precise historical, numerical, medical, or time-sensitive claim identified","","","2026-09-14","No external proposition required verification after the fiction or hypothetical framing was made explicit."
"s1232","4","Travel and culture","A Long Day in Marrakech","verified-no-external-claims","fictional traveler and event; real place name checked; no precise historical, numerical, medical, or time-sensitive claim identified","","","2026-09-14","No external proposition required verification after the fiction or hypothetical framing was made explicit."
"s1233","4","Travel and culture","A Long Day in Mexico City","verified-no-external-claims","fictional traveler and event; real place name checked; no precise historical, numerical, medical, or time-sensitive claim identified","","","2026-09-14","No external proposition required verification after the fiction or hypothetical framing was made explicit."
"s1234","4","Travel and culture","A Long Day in Lima","verified-no-external-claims","fictional traveler and event; real place name checked; no precise historical, numerical, medical, or time-sensitive claim identified","","","2026-09-14","No external proposition required verification after the fiction or hypothetical framing was made explicit."
"s1235","4","Travel and culture","A Long Day in Buenos Aires","verified-no-external-claims","fictional traveler and event; real place name checked; no precise historical, numerical, medical, or time-sensitive claim identified","","","2026-09-14","No external proposition required verification after the fiction or hypothetical framing was made explicit."
"s1236","5","Travel and culture","A Long Day in Vancouver","verified-no-external-claims","fictional traveler and event; real place name checked; no precise historical, numerical, medical, or time-sensitive claim identified","","","2026-09-14","No external proposition required verification after the fiction or hypothetical framing was made explicit."
"s1237","5","Travel and culture","A Long Day in New Orleans","verified-no-external-claims","fictional traveler and event; real place name checked; no precise historical, numerical, medical, or time-sensitive claim identified","","","2026-09-14","No external proposition required verification after the fiction or hypothetical framing was made explicit."
"s1238","5","Travel and culture","A Long Day in Prague","verified-no-external-claims","fictional traveler and event; real place name checked; no precise historical, numerical, medical, or time-sensitive claim identified","","","2026-09-14","No external proposition required verification after the fiction or hypothetical framing was made explicit."
"s1239","5","Travel and culture","A Long Day in Vienna","verified-no-external-claims","fictional traveler and event; real place name checked; no precise historical, numerical, medical, or time-sensitive claim identified","","","2026-09-14","No external proposition required verification after the fiction or hypothetical framing was made explicit."
"s1240","5","Travel and culture","A Long Day in Budapest","verified-no-external-claims","fictional traveler and event; real place name checked; no precise historical, numerical, medical, or time-sensitive claim identified","","","2026-09-14","No external proposition required verification after the fiction or hypothetical framing was made explicit."
"s1241","5","Travel and culture","A Long Day in Helsinki","verified-no-external-claims","fictional traveler and event; real place name checked; no precise historical, numerical, medical, or time-sensitive claim identified","","","2026-09-14","No external proposition required verification after the fiction or hypothetical framing was made explicit."
"s1242","5","Travel and culture","A Long Day in Tallinn","verified-no-external-claims","fictional traveler and event; real place name checked; no precise historical, numerical, medical, or time-sensitive claim identified","","","2026-09-14","No external proposition required verification after the fiction or hypothetical framing was made explicit."
"s1243","5","Travel and culture","A Long Day in Dubrovnik","verified-no-external-claims","fictional traveler and event; real place name checked; no precise historical, numerical, medical, or time-sensitive claim identified","","","2026-09-14","No external proposition required verification after the fiction or hypothetical framing was made explicit."
"s1244","5","Travel and culture","A Long Day in Ulaanbaatar","verified-no-external-claims","fictional traveler and event; real place name checked; no precise historical, numerical, medical, or time-sensitive claim identified","","","2026-09-14","No external proposition required verification after the fiction or hypothetical framing was made explicit."
"s1245","5","Travel and culture","A Long Day in Kathmandu","verified-no-external-claims","fictional traveler and event; real place name checked; no precise historical, numerical, medical, or time-sensitive claim identified","","","2026-09-14","No external proposition required verification after the fiction or hypothetical framing was made explicit."
"s1246","5","Travel and culture","A Long Day in Sydney","verified-no-external-claims","fictional traveler and event; real place name checked; no precise historical, numerical, medical, or time-sensitive claim identified","","","2026-09-14","No external proposition required verification after the fiction or hypothetical framing was made explicit."
"s1247","5","Travel and culture","A Long Day in Auckland","verified-no-external-claims","fictional traveler and event; real place name checked; no precise historical, numerical, medical, or time-sensitive claim identified","","","2026-09-14","No external proposition required verification after the fiction or hypothetical framing was made explicit."
"s1248","5","Travel and culture","A Long Day in Cusco","verified-no-external-claims","fictional traveler and event; real place name checked; no precise historical, numerical, medical, or time-sensitive claim identified","","","2026-09-14","No external proposition required verification after the fiction or hypothetical framing was made explicit."
"s1249","5","Travel and culture","A Shared Day in Kyoto","verified-no-external-claims","fictional traveler and event; real place name checked; no precise historical, numerical, medical, or time-sensitive claim identified","","","2026-09-14","No external proposition required verification after the fiction or hypothetical framing was made explicit."
"s1250","5","Travel and culture","A Shared Day in Seoul","verified-no-external-claims","fictional traveler and event; real place name checked; no precise historical, numerical, medical, or time-sensitive claim identified","","","2026-09-14","No external proposition required verification after the fiction or hypothetical framing was made explicit."
"s1251","6","Travel and culture","A Shared Day in Taipei","verified-no-external-claims","fictional traveler and event; real place name checked; no precise historical, numerical, medical, or time-sensitive claim identified","","","2026-09-14","No external proposition required verification after the fiction or hypothetical framing was made explicit."
"s1252","6","Travel and culture","A Shared Day in Hanoi","verified-no-external-claims","fictional traveler and event; real place name checked; no precise historical, numerical, medical, or time-sensitive claim identified","","","2026-09-14","No external proposition required verification after the fiction or hypothetical framing was made explicit."
"s1253","6","Travel and culture","A Shared Day in Chiang Mai","verified-no-external-claims","fictional traveler and event; real place name checked; no precise historical, numerical, medical, or time-sensitive claim identified","","","2026-09-14","No external proposition required verification after the fiction or hypothetical framing was made explicit."
"s1254","6","Travel and culture","A Shared Day in Singapore","verified-no-external-claims","fictional traveler and event; real place name checked; no precise historical, numerical, medical, or time-sensitive claim identified","","","2026-09-14","No external proposition required verification after the fiction or hypothetical framing was made explicit."
"s1255","6","Travel and culture","A Shared Day in Delhi","verified-no-external-claims","fictional traveler and event; real place name checked; no precise historical, numerical, medical, or time-sensitive claim identified","","","2026-09-14","No external proposition required verification after the fiction or hypothetical framing was made explicit."
"s1256","6","Travel and culture","A Shared Day in Istanbul","verified-no-external-claims","fictional traveler and event; real place name checked; no precise historical, numerical, medical, or time-sensitive claim identified","","","2026-09-14","No external proposition required verification after the fiction or hypothetical framing was made explicit."
"s1257","6","Travel and culture","A Shared Day in Athens","verified-no-external-claims","fictional traveler and event; real place name checked; no precise historical, numerical, medical, or time-sensitive claim identified","","","2026-09-14","No external proposition required verification after the fiction or hypothetical framing was made explicit."
"s1258","6","Travel and culture","A Shared Day in Rome","verified-no-external-claims","fictional traveler and event; real place name checked; no precise historical, numerical, medical, or time-sensitive claim identified","","","2026-09-14","No external proposition required verification after the fiction or hypothetical framing was made explicit."
"s1259","6","Travel and culture","A Shared Day in Lisbon","verified-no-external-claims","fictional traveler and event; real place name checked; no precise historical, numerical, medical, or time-sensitive claim identified","","","2026-09-14","No external proposition required verification after the fiction or hypothetical framing was made explicit."
"s1260","6","Travel and culture","A Shared Day in Reykjavik","verified-no-external-claims","fictional traveler and event; real place name checked; no precise historical, numerical, medical, or time-sensitive claim identified","","","2026-09-14","No external proposition required verification after the fiction or hypothetical framing was made explicit."
"s1261","6","Travel and culture","A Shared Day in Nairobi","verified-no-external-claims","fictional traveler and event; real place name checked; no precise historical, numerical, medical, or time-sensitive claim identified","","","2026-09-14","No external proposition required verification after the fiction or hypothetical framing was made explicit."
"s1262","6","Travel and culture","A Shared Day in Cape Town","verified-no-external-claims","fictional traveler and event; real place name checked; no precise historical, numerical, medical, or time-sensitive claim identified","","","2026-09-14","No external proposition required verification after the fiction or hypothetical framing was made explicit."
"s1263","6","Travel and culture","A Shared Day in Marrakech","verified-no-external-claims","fictional traveler and event; real place name checked; no precise historical, numerical, medical, or time-sensitive claim identified","","","2026-09-14","No external proposition required verification after the fiction or hypothetical framing was made explicit."
"s1264","6","Travel and culture","A Shared Day in Mexico City","verified-no-external-claims","fictional traveler and event; real place name checked; no precise historical, numerical, medical, or time-sensitive claim identified","","","2026-09-14","No external proposition required verification after the fiction or hypothetical framing was made explicit."
"s1265","6","Travel and culture","A Shared Day in Lima","verified-no-external-claims","fictional traveler and event; real place name checked; no precise historical, numerical, medical, or time-sensitive claim identified","","","2026-09-14","No external proposition required verification after the fiction or hypothetical framing was made explicit."
"s1266","7","Travel and culture","A Shared Day in Buenos Aires","verified-no-external-claims","fictional traveler and event; real place name checked; no precise historical, numerical, medical, or time-sensitive claim identified","","","2026-09-14","No external proposition required verification after the fiction or hypothetical framing was made explicit."
"s1267","7","Travel and culture","A Shared Day in Vancouver","verified-no-external-claims","fictional traveler and event; real place name checked; no precise historical, numerical, medical, or time-sensitive claim identified","","","2026-09-14","No external proposition required verification after the fiction or hypothetical framing was made explicit."
"s1268","7","Travel and culture","A Shared Day in New Orleans","verified-no-external-claims","fictional traveler and event; real place name checked; no precise historical, numerical, medical, or time-sensitive claim identified","","","2026-09-14","No external proposition required verification after the fiction or hypothetical framing was made explicit."
"s1269","7","Travel and culture","A Shared Day in Prague","verified-no-external-claims","fictional traveler and event; real place name checked; no precise historical, numerical, medical, or time-sensitive claim identified","","","2026-09-14","No external proposition required verification after the fiction or hypothetical framing was made explicit."
"s1270","7","Travel and culture","A Shared Day in Vienna","verified-no-external-claims","fictional traveler and event; real place name checked; no precise historical, numerical, medical, or time-sensitive claim identified","","","2026-09-14","No external proposition required verification after the fiction or hypothetical framing was made explicit."
"s1271","7","Travel and culture","A Shared Day in Budapest","verified-no-external-claims","fictional traveler and event; real place name checked; no precise historical, numerical, medical, or time-sensitive claim identified","","","2026-09-14","No external proposition required verification after the fiction or hypothetical framing was made explicit."
"s1272","7","Travel and culture","A Shared Day in Helsinki","verified-no-external-claims","fictional traveler and event; real place name checked; no precise historical, numerical, medical, or time-sensitive claim identified","","","2026-09-14","No external proposition required verification after the fiction or hypothetical framing was made explicit."
"s1273","7","Travel and culture","A Shared Day in Tallinn","verified-no-external-claims","fictional traveler and event; real place name checked; no precise historical, numerical, medical, or time-sensitive claim identified","","","2026-09-14","No external proposition required verification after the fiction or hypothetical framing was made explicit."
"s1274","7","Travel and culture","A Shared Day in Dubrovnik","verified-no-external-claims","fictional traveler and event; real place name checked; no precise historical, numerical, medical, or time-sensitive claim identified","","","2026-09-14","No external proposition required verification after the fiction or hypothetical framing was made explicit."
"s1275","7","Travel and culture","A Shared Day in Ulaanbaatar","verified-no-external-claims","fictional traveler and event; real place name checked; no precise historical, numerical, medical, or time-sensitive claim identified","","","2026-09-14","No external proposition required verification after the fiction or hypothetical framing was made explicit."
"s1276","7","Travel and culture","A Shared Day in Kathmandu","verified-no-external-claims","fictional traveler and event; real place name checked; no precise historical, numerical, medical, or time-sensitive claim identified","","","2026-09-14","No external proposition required verification after the fiction or hypothetical framing was made explicit."
"s1277","7","Travel and culture","A Shared Day in Sydney","verified-no-external-claims","fictional traveler and event; real place name checked; no precise historical, numerical, medical, or time-sensitive claim identified","","","2026-09-14","No external proposition required verification after the fiction or hypothetical framing was made explicit."
"s1278","7","Travel and culture","A Shared Day in Auckland","verified-no-external-claims","fictional traveler and event; real place name checked; no precise historical, numerical, medical, or time-sensitive claim identified","","","2026-09-14","No external proposition required verification after the fiction or hypothetical framing was made explicit."
"s1279","7","Travel and culture","A Shared Day in Cusco","verified-no-external-claims","fictional traveler and event; real place name checked; no precise historical, numerical, medical, or time-sensitive claim identified","","","2026-09-14","No external proposition required verification after the fiction or hypothetical framing was made explicit."
"s1280","7","Travel and culture","A Second Day in Kyoto","verified-no-external-claims","fictional traveler and event; real place name checked; no precise historical, numerical, medical, or time-sensitive claim identified","","","2026-09-14","No external proposition required verification after the fiction or hypothetical framing was made explicit."
"s1281","8","Travel and culture","A Second Day in Seoul","verified-no-external-claims","fictional traveler and event; real place name checked; no precise historical, numerical, medical, or time-sensitive claim identified","","","2026-09-14","No external proposition required verification after the fiction or hypothetical framing was made explicit."
"s1282","8","Travel and culture","A Second Day in Taipei","verified-no-external-claims","fictional traveler and event; real place name checked; no precise historical, numerical, medical, or time-sensitive claim identified","","","2026-09-14","No external proposition required verification after the fiction or hypothetical framing was made explicit."
"s1283","8","Travel and culture","A Second Day in Hanoi","verified-no-external-claims","fictional traveler and event; real place name checked; no precise historical, numerical, medical, or time-sensitive claim identified","","","2026-09-14","No external proposition required verification after the fiction or hypothetical framing was made explicit."
"s1284","8","Travel and culture","A Second Day in Chiang Mai","verified-no-external-claims","fictional traveler and event; real place name checked; no precise historical, numerical, medical, or time-sensitive claim identified","","","2026-09-14","No external proposition required verification after the fiction or hypothetical framing was made explicit."
"s1285","8","Travel and culture","A Second Day in Singapore","verified-no-external-claims","fictional traveler and event; real place name checked; no precise historical, numerical, medical, or time-sensitive claim identified","","","2026-09-14","No external proposition required verification after the fiction or hypothetical framing was made explicit."
"s1286","8","Travel and culture","A Second Day in Delhi","verified-no-external-claims","fictional traveler and event; real place name checked; no precise historical, numerical, medical, or time-sensitive claim identified","","","2026-09-14","No external proposition required verification after the fiction or hypothetical framing was made explicit."
"s1287","8","Travel and culture","A Second Day in Istanbul","verified-no-external-claims","fictional traveler and event; real place name checked; no precise historical, numerical, medical, or time-sensitive claim identified","","","2026-09-14","No external proposition required verification after the fiction or hypothetical framing was made explicit."
"s1288","8","Travel and culture","A Second Day in Athens","verified-no-external-claims","fictional traveler and event; real place name checked; no precise historical, numerical, medical, or time-sensitive claim identified","","","2026-09-14","No external proposition required verification after the fiction or hypothetical framing was made explicit."
"s1289","8","Travel and culture","A Second Day in Rome","verified-no-external-claims","fictional traveler and event; real place name checked; no precise historical, numerical, medical, or time-sensitive claim identified","","","2026-09-14","No external proposition required verification after the fiction or hypothetical framing was made explicit."
"s1290","8","Travel and culture","A Second Day in Lisbon","verified-no-external-claims","fictional traveler and event; real place name checked; no precise historical, numerical, medical, or time-sensitive claim identified","","","2026-09-14","No external proposition required verification after the fiction or hypothetical framing was made explicit."
"s1291","9","Travel and culture","A Second Day in Reykjavik","verified-no-external-claims","fictional traveler and event; real place name checked; no precise historical, numerical, medical, or time-sensitive claim identified","","","2026-09-14","No external proposition required verification after the fiction or hypothetical framing was made explicit."
"s1292","9","Travel and culture","A Second Day in Nairobi","verified-no-external-claims","fictional traveler and event; real place name checked; no precise historical, numerical, medical, or time-sensitive claim identified","","","2026-09-14","No external proposition required verification after the fiction or hypothetical framing was made explicit."
"s1293","9","Travel and culture","A Second Day in Cape Town","verified-no-external-claims","fictional traveler and event; real place name checked; no precise historical, numerical, medical, or time-sensitive claim identified","","","2026-09-14","No external proposition required verification after the fiction or hypothetical framing was made explicit."
"s1294","9","Travel and culture","A Second Day in Marrakech","verified-no-external-claims","fictional traveler and event; real place name checked; no precise historical, numerical, medical, or time-sensitive claim identified","","","2026-09-14","No external proposition required verification after the fiction or hypothetical framing was made explicit."
"s1295","9","Travel and culture","A Second Day in Mexico City","verified-no-external-claims","fictional traveler and event; real place name checked; no precise historical, numerical, medical, or time-sensitive claim identified","","","2026-09-14","No external proposition required verification after the fiction or hypothetical framing was made explicit."
"s1296","9","Travel and culture","A Second Day in Lima","verified-no-external-claims","fictional traveler and event; real place name checked; no precise historical, numerical, medical, or time-sensitive claim identified","","","2026-09-14","No external proposition required verification after the fiction or hypothetical framing was made explicit."
"s1297","9","Travel and culture","A Second Day in Buenos Aires","verified-no-external-claims","fictional traveler and event; real place name checked; no precise historical, numerical, medical, or time-sensitive claim identified","","","2026-09-14","No external proposition required verification after the fiction or hypothetical framing was made explicit."
"s1298","9","Travel and culture","A Second Day in Vancouver","verified-no-external-claims","fictional traveler and event; real place name checked; no precise historical, numerical, medical, or time-sensitive claim identified","","","2026-09-14","No external proposition required verification after the fiction or hypothetical framing was made explicit."
"s1299","9","Travel and culture","A Second Day in New Orleans","verified-no-external-claims","fictional traveler and event; real place name checked; no precise historical, numerical, medical, or time-sensitive claim identified","","","2026-09-14","No external proposition required verification after the fiction or hypothetical framing was made explicit."
"s1300","9","Travel and culture","A Second Day in Prague","verified-no-external-claims","fictional traveler and event; real place name checked; no precise historical, numerical, medical, or time-sensitive claim identified","","","2026-09-14","No external proposition required verification after the fiction or hypothetical framing was made explicit."
"s1301","10","Travel and culture","A Second Day in Vienna","verified-no-external-claims","fictional traveler and event; real place name checked; no precise historical, numerical, medical, or time-sensitive claim identified","","","2026-09-14","No external proposition required verification after the fiction or hypothetical framing was made explicit."
"s1302","10","Travel and culture","A Second Day in Budapest","verified-no-external-claims","fictional traveler and event; real place name checked; no precise historical, numerical, medical, or time-sensitive claim identified","","","2026-09-14","No external proposition required verification after the fiction or hypothetical framing was made explicit."
"s1303","10","Travel and culture","A Second Day in Helsinki","verified-no-external-claims","fictional traveler and event; real place name checked; no precise historical, numerical, medical, or time-sensitive claim identified","","","2026-09-14","No external proposition required verification after the fiction or hypothetical framing was made explicit."
"s1304","10","Travel and culture","A Second Day in Tallinn","verified-no-external-claims","fictional traveler and event; real place name checked; no precise historical, numerical, medical, or time-sensitive claim identified","","","2026-09-14","No external proposition required verification after the fiction or hypothetical framing was made explicit."
"s1305","10","Travel and culture","A Second Day in Dubrovnik","verified-no-external-claims","fictional traveler and event; real place name checked; no precise historical, numerical, medical, or time-sensitive claim identified","","","2026-09-14","No external proposition required verification after the fiction or hypothetical framing was made explicit."
"s1306","10","Travel and culture","A Second Day in Ulaanbaatar","verified-no-external-claims","fictional traveler and event; real place name checked; no precise historical, numerical, medical, or time-sensitive claim identified","","","2026-09-14","No external proposition required verification after the fiction or hypothetical framing was made explicit."
"s1307","10","Travel and culture","A Second Day in Kathmandu","verified-no-external-claims","fictional traveler and event; real place name checked; no precise historical, numerical, medical, or time-sensitive claim identified","","","2026-09-14","No external proposition required verification after the fiction or hypothetical framing was made explicit."
"s1308","10","Travel and culture","A Second Day in Sydney","verified-no-external-claims","fictional traveler and event; real place name checked; no precise historical, numerical, medical, or time-sensitive claim identified","","","2026-09-14","No external proposition required verification after the fiction or hypothetical framing was made explicit."
"s1309","10","Travel and culture","A Second Day in Auckland","verified-no-external-claims","fictional traveler and event; real place name checked; no precise historical, numerical, medical, or time-sensitive claim identified","","","2026-09-14","No external proposition required verification after the fiction or hypothetical framing was made explicit."
"s1310","10","Travel and culture","A Second Day in Cusco","verified-no-external-claims","fictional traveler and event; real place name checked; no precise historical, numerical, medical, or time-sensitive claim identified","","","2026-09-14","No external proposition required verification after the fiction or hypothetical framing was made explicit."
"s1311","1","People and biography","Maya Chen: A Practical Beginning","verified-no-external-claims","explicit fiction or hypothetical scenario; checked for accidental real-person, event, numerical, medical, historical, and time-sensitive claims","","","2026-09-14","No external proposition required verification after the fiction or hypothetical framing was made explicit."
"s1312","1","People and biography","Jon Bell: A Practical Beginning","verified-no-external-claims","explicit fiction or hypothetical scenario; checked for accidental real-person, event, numerical, medical, historical, and time-sensitive claims","","","2026-09-14","No external proposition required verification after the fiction or hypothetical framing was made explicit."
"s1313","1","People and biography","Amina Okafor: A Practical Beginning","verified-no-external-claims","explicit fiction or hypothetical scenario; checked for accidental real-person, event, numerical, medical, historical, and time-sensitive claims","","","2026-09-14","No external proposition required verification after the fiction or hypothetical framing was made explicit."
"s1314","1","People and biography","Luis Ortega: A Practical Beginning","verified-no-external-claims","explicit fiction or hypothetical scenario; checked for accidental real-person, event, numerical, medical, historical, and time-sensitive claims","","","2026-09-14","No external proposition required verification after the fiction or hypothetical framing was made explicit."
"s1315","1","People and biography","Hana Mori: A Practical Beginning","verified-no-external-claims","explicit fiction or hypothetical scenario; checked for accidental real-person, event, numerical, medical, historical, and time-sensitive claims","","","2026-09-14","No external proposition required verification after the fiction or hypothetical framing was made explicit."
"s1316","1","People and biography","Samir Patel: A Practical Beginning","verified-no-external-claims","explicit fiction or hypothetical scenario; checked for accidental real-person, event, numerical, medical, historical, and time-sensitive claims","","","2026-09-14","No external proposition required verification after the fiction or hypothetical framing was made explicit."
"s1317","1","People and biography","Elena Rossi: A Practical Beginning","verified-no-external-claims","explicit fiction or hypothetical scenario; checked for accidental real-person, event, numerical, medical, historical, and time-sensitive claims","","","2026-09-14","No external proposition required verification after the fiction or hypothetical framing was made explicit."
"s1318","1","People and biography","David Kim: A Practical Beginning","verified-no-external-claims","explicit fiction or hypothetical scenario; checked for accidental real-person, event, numerical, medical, historical, and time-sensitive claims","","","2026-09-14","No external proposition required verification after the fiction or hypothetical framing was made explicit."
"s1319","1","People and biography","Nora Hassan: A Practical Beginning","verified-no-external-claims","explicit fiction or hypothetical scenario; checked for accidental real-person, event, numerical, medical, historical, and time-sensitive claims","","","2026-09-14","No external proposition required verification after the fiction or hypothetical framing was made explicit."
"s1320","1","People and biography","Peter Walsh: A Practical Beginning","verified-no-external-claims","explicit fiction or hypothetical scenario; checked for accidental real-person, event, numerical, medical, historical, and time-sensitive claims","","","2026-09-14","No external proposition required verification after the fiction or hypothetical framing was made explicit."
"s1321","1","People and biography","Inez Silva: A Practical Beginning","verified-no-external-claims","explicit fiction or hypothetical scenario; checked for accidental real-person, event, numerical, medical, historical, and time-sensitive claims","","","2026-09-14","No external proposition required verification after the fiction or hypothetical framing was made explicit."
"s1322","1","People and biography","Omar Reed: A Practical Beginning","verified-no-external-claims","explicit fiction or hypothetical scenario; checked for accidental real-person, event, numerical, medical, historical, and time-sensitive claims","","","2026-09-14","No external proposition required verification after the fiction or hypothetical framing was made explicit."
"s1323","1","People and biography","Keiko Tan: A Practical Beginning","verified-no-external-claims","explicit fiction or hypothetical scenario; checked for accidental real-person, event, numerical, medical, historical, and time-sensitive claims","","","2026-09-14","No external proposition required verification after the fiction or hypothetical framing was made explicit."
"s1324","1","People and biography","Mateo Cruz: A Practical Beginning","verified-no-external-claims","explicit fiction or hypothetical scenario; checked for accidental real-person, event, numerical, medical, historical, and time-sensitive claims","","","2026-09-14","No external proposition required verification after the fiction or hypothetical framing was made explicit."
"s1325","1","People and biography","Sara Lind: A Practical Beginning","verified-no-external-claims","explicit fiction or hypothetical scenario; checked for accidental real-person, event, numerical, medical, historical, and time-sensitive claims","","","2026-09-14","No external proposition required verification after the fiction or hypothetical framing was made explicit."
"s1326","1","People and biography","Theo Martin: A Practical Beginning","verified-no-external-claims","explicit fiction or hypothetical scenario; checked for accidental real-person, event, numerical, medical, historical, and time-sensitive claims","","","2026-09-14","No external proposition required verification after the fiction or hypothetical framing was made explicit."
"s1327","1","People and biography","Priya Das: A Practical Beginning","verified-no-external-claims","explicit fiction or hypothetical scenario; checked for accidental real-person, event, numerical, medical, historical, and time-sensitive claims","","","2026-09-14","No external proposition required verification after the fiction or hypothetical framing was made explicit."
"s1328","1","People and biography","Marcus Green: A Practical Beginning","verified-no-external-claims","explicit fiction or hypothetical scenario; checked for accidental real-person, event, numerical, medical, historical, and time-sensitive claims","","","2026-09-14","No external proposition required verification after the fiction or hypothetical framing was made explicit."
"s1329","1","People and biography","Yara Nasser: A Practical Beginning","verified-no-external-claims","explicit fiction or hypothetical scenario; checked for accidental real-person, event, numerical, medical, historical, and time-sensitive claims","","","2026-09-14","No external proposition required verification after the fiction or hypothetical framing was made explicit."
"s1330","1","People and biography","Finn Osei: A Practical Beginning","verified-no-external-claims","explicit fiction or hypothetical scenario; checked for accidental real-person, event, numerical, medical, historical, and time-sensitive claims","","","2026-09-14","No external proposition required verification after the fiction or hypothetical framing was made explicit."
"s1331","2","People and biography","Leah Park: A Practical Beginning","verified-no-external-claims","explicit fiction or hypothetical scenario; checked for accidental real-person, event, numerical, medical, historical, and time-sensitive claims","","","2026-09-14","No external proposition required verification after the fiction or hypothetical framing was made explicit."
"s1332","2","People and biography","Ravi Mehta: A Practical Beginning","verified-no-external-claims","explicit fiction or hypothetical scenario; checked for accidental real-person, event, numerical, medical, historical, and time-sensitive claims","","","2026-09-14","No external proposition required verification after the fiction or hypothetical framing was made explicit."
"s1333","2","People and biography","Sofia Almeida: A Practical Beginning","verified-no-external-claims","explicit fiction or hypothetical scenario; checked for accidental real-person, event, numerical, medical, historical, and time-sensitive claims","","","2026-09-14","No external proposition required verification after the fiction or hypothetical framing was made explicit."
"s1334","2","People and biography","Daniel Cho: A Practical Beginning","verified-no-external-claims","explicit fiction or hypothetical scenario; checked for accidental real-person, event, numerical, medical, historical, and time-sensitive claims","","","2026-09-14","No external proposition required verification after the fiction or hypothetical framing was made explicit."
"s1335","2","People and biography","Fatima Noor: A Practical Beginning","verified-no-external-claims","explicit fiction or hypothetical scenario; checked for accidental real-person, event, numerical, medical, historical, and time-sensitive claims","","","2026-09-14","No external proposition required verification after the fiction or hypothetical framing was made explicit."
"s1336","2","People and biography","Henry Cole: A Practical Beginning","verified-no-external-claims","explicit fiction or hypothetical scenario; checked for accidental real-person, event, numerical, medical, historical, and time-sensitive claims","","","2026-09-14","No external proposition required verification after the fiction or hypothetical framing was made explicit."
"s1337","2","People and biography","Anika Bose: A Practical Beginning","verified-no-external-claims","explicit fiction or hypothetical scenario; checked for accidental real-person, event, numerical, medical, historical, and time-sensitive claims","","","2026-09-14","No external proposition required verification after the fiction or hypothetical framing was made explicit."
"s1338","2","People and biography","Gabriel Stone: A Practical Beginning","verified-no-external-claims","explicit fiction or hypothetical scenario; checked for accidental real-person, event, numerical, medical, historical, and time-sensitive claims","","","2026-09-14","No external proposition required verification after the fiction or hypothetical framing was made explicit."
"s1339","2","People and biography","Mina Rahman: A Practical Beginning","verified-no-external-claims","explicit fiction or hypothetical scenario; checked for accidental real-person, event, numerical, medical, historical, and time-sensitive claims","","","2026-09-14","No external proposition required verification after the fiction or hypothetical framing was made explicit."
"s1340","2","People and biography","Arthur Vale: A Practical Beginning","verified-no-external-claims","explicit fiction or hypothetical scenario; checked for accidental real-person, event, numerical, medical, historical, and time-sensitive claims","","","2026-09-14","No external proposition required verification after the fiction or hypothetical framing was made explicit."
"s1341","2","People and biography","Zoe Bennett: A Practical Beginning","verified-no-external-claims","explicit fiction or hypothetical scenario; checked for accidental real-person, event, numerical, medical, historical, and time-sensitive claims","","","2026-09-14","No external proposition required verification after the fiction or hypothetical framing was made explicit."
"s1342","2","People and biography","Maya Chen: The Work Behind the Work","verified-no-external-claims","explicit fiction or hypothetical scenario; checked for accidental real-person, event, numerical, medical, historical, and time-sensitive claims","","","2026-09-14","No external proposition required verification after the fiction or hypothetical framing was made explicit."
"s1343","2","People and biography","Jon Bell: The Work Behind the Work","verified-no-external-claims","explicit fiction or hypothetical scenario; checked for accidental real-person, event, numerical, medical, historical, and time-sensitive claims","","","2026-09-14","No external proposition required verification after the fiction or hypothetical framing was made explicit."
"s1344","2","People and biography","Amina Okafor: The Work Behind the Work","verified-no-external-claims","explicit fiction or hypothetical scenario; checked for accidental real-person, event, numerical, medical, historical, and time-sensitive claims","","","2026-09-14","No external proposition required verification after the fiction or hypothetical framing was made explicit."
"s1345","2","People and biography","Luis Ortega: The Work Behind the Work","verified-no-external-claims","explicit fiction or hypothetical scenario; checked for accidental real-person, event, numerical, medical, historical, and time-sensitive claims","","","2026-09-14","No external proposition required verification after the fiction or hypothetical framing was made explicit."
"s1346","2","People and biography","Hana Mori: The Work Behind the Work","verified-no-external-claims","explicit fiction or hypothetical scenario; checked for accidental real-person, event, numerical, medical, historical, and time-sensitive claims","","","2026-09-14","No external proposition required verification after the fiction or hypothetical framing was made explicit."
"s1347","2","People and biography","Samir Patel: The Work Behind the Work","verified-no-external-claims","explicit fiction or hypothetical scenario; checked for accidental real-person, event, numerical, medical, historical, and time-sensitive claims","","","2026-09-14","No external proposition required verification after the fiction or hypothetical framing was made explicit."
"s1348","2","People and biography","Elena Rossi: The Work Behind the Work","verified-no-external-claims","explicit fiction or hypothetical scenario; checked for accidental real-person, event, numerical, medical, historical, and time-sensitive claims","","","2026-09-14","No external proposition required verification after the fiction or hypothetical framing was made explicit."
"s1349","2","People and biography","David Kim: The Work Behind the Work","verified-no-external-claims","explicit fiction or hypothetical scenario; checked for accidental real-person, event, numerical, medical, historical, and time-sensitive claims","","","2026-09-14","No external proposition required verification after the fiction or hypothetical framing was made explicit."
"s1350","2","People and biography","Nora Hassan: The Work Behind the Work","verified-no-external-claims","explicit fiction or hypothetical scenario; checked for accidental real-person, event, numerical, medical, historical, and time-sensitive claims","","","2026-09-14","No external proposition required verification after the fiction or hypothetical framing was made explicit."
"s1351","3","People and biography","Peter Walsh: The Work Behind the Work","verified-no-external-claims","explicit fiction or hypothetical scenario; checked for accidental real-person, event, numerical, medical, historical, and time-sensitive claims","","","2026-09-14","No external proposition required verification after the fiction or hypothetical framing was made explicit."
"s1352","3","People and biography","Inez Silva: The Work Behind the Work","verified-no-external-claims","explicit fiction or hypothetical scenario; checked for accidental real-person, event, numerical, medical, historical, and time-sensitive claims","","","2026-09-14","No external proposition required verification after the fiction or hypothetical framing was made explicit."
"s1353","3","People and biography","Omar Reed: The Work Behind the Work","verified-no-external-claims","explicit fiction or hypothetical scenario; checked for accidental real-person, event, numerical, medical, historical, and time-sensitive claims","","","2026-09-14","No external proposition required verification after the fiction or hypothetical framing was made explicit."
"s1354","3","People and biography","Keiko Tan: The Work Behind the Work","verified-no-external-claims","explicit fiction or hypothetical scenario; checked for accidental real-person, event, numerical, medical, historical, and time-sensitive claims","","","2026-09-14","No external proposition required verification after the fiction or hypothetical framing was made explicit."
"s1355","3","People and biography","Mateo Cruz: The Work Behind the Work","verified-no-external-claims","explicit fiction or hypothetical scenario; checked for accidental real-person, event, numerical, medical, historical, and time-sensitive claims","","","2026-09-14","No external proposition required verification after the fiction or hypothetical framing was made explicit."
"s1356","3","People and biography","Sara Lind: The Work Behind the Work","verified-no-external-claims","explicit fiction or hypothetical scenario; checked for accidental real-person, event, numerical, medical, historical, and time-sensitive claims","","","2026-09-14","No external proposition required verification after the fiction or hypothetical framing was made explicit."
"s1357","3","People and biography","Theo Martin: The Work Behind the Work","verified-no-external-claims","explicit fiction or hypothetical scenario; checked for accidental real-person, event, numerical, medical, historical, and time-sensitive claims","","","2026-09-14","No external proposition required verification after the fiction or hypothetical framing was made explicit."
"s1358","3","People and biography","Priya Das: The Work Behind the Work","verified-no-external-claims","explicit fiction or hypothetical scenario; checked for accidental real-person, event, numerical, medical, historical, and time-sensitive claims","","","2026-09-14","No external proposition required verification after the fiction or hypothetical framing was made explicit."
"s1359","3","People and biography","Marcus Green: The Work Behind the Work","verified-no-external-claims","explicit fiction or hypothetical scenario; checked for accidental real-person, event, numerical, medical, historical, and time-sensitive claims","","","2026-09-14","No external proposition required verification after the fiction or hypothetical framing was made explicit."
"s1360","3","People and biography","Yara Nasser: The Work Behind the Work","verified-no-external-claims","explicit fiction or hypothetical scenario; checked for accidental real-person, event, numerical, medical, historical, and time-sensitive claims","","","2026-09-14","No external proposition required verification after the fiction or hypothetical framing was made explicit."
"s1361","3","People and biography","Finn Osei: The Work Behind the Work","verified-no-external-claims","explicit fiction or hypothetical scenario; checked for accidental real-person, event, numerical, medical, historical, and time-sensitive claims","","","2026-09-14","No external proposition required verification after the fiction or hypothetical framing was made explicit."
"s1362","3","People and biography","Leah Park: The Work Behind the Work","verified-no-external-claims","explicit fiction or hypothetical scenario; checked for accidental real-person, event, numerical, medical, historical, and time-sensitive claims","","","2026-09-14","No external proposition required verification after the fiction or hypothetical framing was made explicit."
"s1363","3","People and biography","Ravi Mehta: The Work Behind the Work","verified-no-external-claims","explicit fiction or hypothetical scenario; checked for accidental real-person, event, numerical, medical, historical, and time-sensitive claims","","","2026-09-14","No external proposition required verification after the fiction or hypothetical framing was made explicit."
"s1364","3","People and biography","Sofia Almeida: The Work Behind the Work","verified-no-external-claims","explicit fiction or hypothetical scenario; checked for accidental real-person, event, numerical, medical, historical, and time-sensitive claims","","","2026-09-14","No external proposition required verification after the fiction or hypothetical framing was made explicit."
"s1365","3","People and biography","Daniel Cho: The Work Behind the Work","verified-no-external-claims","explicit fiction or hypothetical scenario; checked for accidental real-person, event, numerical, medical, historical, and time-sensitive claims","","","2026-09-14","No external proposition required verification after the fiction or hypothetical framing was made explicit."
"s1366","3","People and biography","Fatima Noor: The Work Behind the Work","verified-no-external-claims","explicit fiction or hypothetical scenario; checked for accidental real-person, event, numerical, medical, historical, and time-sensitive claims","","","2026-09-14","No external proposition required verification after the fiction or hypothetical framing was made explicit."
"s1367","3","People and biography","Henry Cole: The Work Behind the Work","verified-no-external-claims","explicit fiction or hypothetical scenario; checked for accidental real-person, event, numerical, medical, historical, and time-sensitive claims","","","2026-09-14","No external proposition required verification after the fiction or hypothetical framing was made explicit."
"s1368","3","People and biography","Anika Bose: The Work Behind the Work","verified-no-external-claims","explicit fiction or hypothetical scenario; checked for accidental real-person, event, numerical, medical, historical, and time-sensitive claims","","","2026-09-14","No external proposition required verification after the fiction or hypothetical framing was made explicit."
"s1369","3","People and biography","Gabriel Stone: The Work Behind the Work","verified-no-external-claims","explicit fiction or hypothetical scenario; checked for accidental real-person, event, numerical, medical, historical, and time-sensitive claims","","","2026-09-14","No external proposition required verification after the fiction or hypothetical framing was made explicit."
"s1370","3","People and biography","Mina Rahman: The Work Behind the Work","verified-no-external-claims","explicit fiction or hypothetical scenario; checked for accidental real-person, event, numerical, medical, historical, and time-sensitive claims","","","2026-09-14","No external proposition required verification after the fiction or hypothetical framing was made explicit."
"s1371","4","People and biography","Arthur Vale: The Work Behind the Work","verified-no-external-claims","explicit fiction or hypothetical scenario; checked for accidental real-person, event, numerical, medical, historical, and time-sensitive claims","","","2026-09-14","No external proposition required verification after the fiction or hypothetical framing was made explicit."
"s1372","4","People and biography","Zoe Bennett: The Work Behind the Work","verified-no-external-claims","explicit fiction or hypothetical scenario; checked for accidental real-person, event, numerical, medical, historical, and time-sensitive claims","","","2026-09-14","No external proposition required verification after the fiction or hypothetical framing was made explicit."
"s1373","4","People and biography","Maya Chen: A Wider Circle","verified-no-external-claims","explicit fiction or hypothetical scenario; checked for accidental real-person, event, numerical, medical, historical, and time-sensitive claims","","","2026-09-14","No external proposition required verification after the fiction or hypothetical framing was made explicit."
"s1374","4","People and biography","Jon Bell: A Wider Circle","verified-no-external-claims","explicit fiction or hypothetical scenario; checked for accidental real-person, event, numerical, medical, historical, and time-sensitive claims","","","2026-09-14","No external proposition required verification after the fiction or hypothetical framing was made explicit."
"s1375","4","People and biography","Amina Okafor: A Wider Circle","verified-no-external-claims","explicit fiction or hypothetical scenario; checked for accidental real-person, event, numerical, medical, historical, and time-sensitive claims","","","2026-09-14","No external proposition required verification after the fiction or hypothetical framing was made explicit."
"s1376","4","People and biography","Luis Ortega: A Wider Circle","verified-no-external-claims","explicit fiction or hypothetical scenario; checked for accidental real-person, event, numerical, medical, historical, and time-sensitive claims","","","2026-09-14","No external proposition required verification after the fiction or hypothetical framing was made explicit."
"s1377","4","People and biography","Hana Mori: A Wider Circle","verified-no-external-claims","explicit fiction or hypothetical scenario; checked for accidental real-person, event, numerical, medical, historical, and time-sensitive claims","","","2026-09-14","No external proposition required verification after the fiction or hypothetical framing was made explicit."
"s1378","4","People and biography","Samir Patel: A Wider Circle","verified-no-external-claims","explicit fiction or hypothetical scenario; checked for accidental real-person, event, numerical, medical, historical, and time-sensitive claims","","","2026-09-14","No external proposition required verification after the fiction or hypothetical framing was made explicit."
"s1379","4","People and biography","Elena Rossi: A Wider Circle","verified-no-external-claims","explicit fiction or hypothetical scenario; checked for accidental real-person, event, numerical, medical, historical, and time-sensitive claims","","","2026-09-14","No external proposition required verification after the fiction or hypothetical framing was made explicit."
"s1380","4","People and biography","David Kim: A Wider Circle","verified-no-external-claims","explicit fiction or hypothetical scenario; checked for accidental real-person, event, numerical, medical, historical, and time-sensitive claims","","","2026-09-14","No external proposition required verification after the fiction or hypothetical framing was made explicit."
"s1381","4","People and biography","Nora Hassan: A Wider Circle","verified-no-external-claims","explicit fiction or hypothetical scenario; checked for accidental real-person, event, numerical, medical, historical, and time-sensitive claims","","","2026-09-14","No external proposition required verification after the fiction or hypothetical framing was made explicit."
"s1382","4","People and biography","Peter Walsh: A Wider Circle","verified-no-external-claims","explicit fiction or hypothetical scenario; checked for accidental real-person, event, numerical, medical, historical, and time-sensitive claims","","","2026-09-14","No external proposition required verification after the fiction or hypothetical framing was made explicit."
"s1383","4","People and biography","Inez Silva: A Wider Circle","verified-no-external-claims","explicit fiction or hypothetical scenario; checked for accidental real-person, event, numerical, medical, historical, and time-sensitive claims","","","2026-09-14","No external proposition required verification after the fiction or hypothetical framing was made explicit."
"s1384","4","People and biography","Omar Reed: A Wider Circle","verified-no-external-claims","explicit fiction or hypothetical scenario; checked for accidental real-person, event, numerical, medical, historical, and time-sensitive claims","","","2026-09-14","No external proposition required verification after the fiction or hypothetical framing was made explicit."
"s1385","4","People and biography","Keiko Tan: A Wider Circle","verified-no-external-claims","explicit fiction or hypothetical scenario; checked for accidental real-person, event, numerical, medical, historical, and time-sensitive claims","","","2026-09-14","No external proposition required verification after the fiction or hypothetical framing was made explicit."
"s1386","4","People and biography","Mateo Cruz: A Wider Circle","verified-no-external-claims","explicit fiction or hypothetical scenario; checked for accidental real-person, event, numerical, medical, historical, and time-sensitive claims","","","2026-09-14","No external proposition required verification after the fiction or hypothetical framing was made explicit."
"s1387","4","People and biography","Sara Lind: A Wider Circle","verified-no-external-claims","explicit fiction or hypothetical scenario; checked for accidental real-person, event, numerical, medical, historical, and time-sensitive claims","","","2026-09-14","No external proposition required verification after the fiction or hypothetical framing was made explicit."
"s1388","4","People and biography","Theo Martin: A Wider Circle","verified-no-external-claims","explicit fiction or hypothetical scenario; checked for accidental real-person, event, numerical, medical, historical, and time-sensitive claims","","","2026-09-14","No external proposition required verification after the fiction or hypothetical framing was made explicit."
"s1389","4","People and biography","Priya Das: A Wider Circle","verified-no-external-claims","explicit fiction or hypothetical scenario; checked for accidental real-person, event, numerical, medical, historical, and time-sensitive claims","","","2026-09-14","No external proposition required verification after the fiction or hypothetical framing was made explicit."
"s1390","4","People and biography","Marcus Green: A Wider Circle","verified-no-external-claims","explicit fiction or hypothetical scenario; checked for accidental real-person, event, numerical, medical, historical, and time-sensitive claims","","","2026-09-14","No external proposition required verification after the fiction or hypothetical framing was made explicit."
"s1391","5","People and biography","Yara Nasser: A Wider Circle","verified-no-external-claims","explicit fiction or hypothetical scenario; checked for accidental real-person, event, numerical, medical, historical, and time-sensitive claims","","","2026-09-14","No external proposition required verification after the fiction or hypothetical framing was made explicit."
"s1392","5","People and biography","Finn Osei: A Wider Circle","verified-no-external-claims","explicit fiction or hypothetical scenario; checked for accidental real-person, event, numerical, medical, historical, and time-sensitive claims","","","2026-09-14","No external proposition required verification after the fiction or hypothetical framing was made explicit."
"s1393","5","People and biography","Leah Park: A Wider Circle","verified-no-external-claims","explicit fiction or hypothetical scenario; checked for accidental real-person, event, numerical, medical, historical, and time-sensitive claims","","","2026-09-14","No external proposition required verification after the fiction or hypothetical framing was made explicit."
"s1394","5","People and biography","Ravi Mehta: A Wider Circle","verified-no-external-claims","explicit fiction or hypothetical scenario; checked for accidental real-person, event, numerical, medical, historical, and time-sensitive claims","","","2026-09-14","No external proposition required verification after the fiction or hypothetical framing was made explicit."
"s1395","5","People and biography","Sofia Almeida: A Wider Circle","verified-no-external-claims","explicit fiction or hypothetical scenario; checked for accidental real-person, event, numerical, medical, historical, and time-sensitive claims","","","2026-09-14","No external proposition required verification after the fiction or hypothetical framing was made explicit."
"s1396","5","People and biography","Daniel Cho: A Wider Circle","verified-no-external-claims","explicit fiction or hypothetical scenario; checked for accidental real-person, event, numerical, medical, historical, and time-sensitive claims","","","2026-09-14","No external proposition required verification after the fiction or hypothetical framing was made explicit."
"s1397","5","People and biography","Fatima Noor: A Wider Circle","verified-no-external-claims","explicit fiction or hypothetical scenario; checked for accidental real-person, event, numerical, medical, historical, and time-sensitive claims","","","2026-09-14","No external proposition required verification after the fiction or hypothetical framing was made explicit."
"s1398","5","People and biography","Henry Cole: A Wider Circle","verified-no-external-claims","explicit fiction or hypothetical scenario; checked for accidental real-person, event, numerical, medical, historical, and time-sensitive claims","","","2026-09-14","No external proposition required verification after the fiction or hypothetical framing was made explicit."
"s1399","5","People and biography","Anika Bose: A Wider Circle","verified-no-external-claims","explicit fiction or hypothetical scenario; checked for accidental real-person, event, numerical, medical, historical, and time-sensitive claims","","","2026-09-14","No external proposition required verification after the fiction or hypothetical framing was made explicit."
"s1400","5","People and biography","Gabriel Stone: A Wider Circle","verified-no-external-claims","explicit fiction or hypothetical scenario; checked for accidental real-person, event, numerical, medical, historical, and time-sensitive claims","","","2026-09-14","No external proposition required verification after the fiction or hypothetical framing was made explicit."
"s1401","5","People and biography","Mina Rahman: A Wider Circle","verified-no-external-claims","explicit fiction or hypothetical scenario; checked for accidental real-person, event, numerical, medical, historical, and time-sensitive claims","","","2026-09-14","No external proposition required verification after the fiction or hypothetical framing was made explicit."
"s1402","5","People and biography","Arthur Vale: A Wider Circle","verified-no-external-claims","explicit fiction or hypothetical scenario; checked for accidental real-person, event, numerical, medical, historical, and time-sensitive claims","","","2026-09-14","No external proposition required verification after the fiction or hypothetical framing was made explicit."
"s1403","5","People and biography","Zoe Bennett: A Wider Circle","verified-no-external-claims","explicit fiction or hypothetical scenario; checked for accidental real-person, event, numerical, medical, historical, and time-sensitive claims","","","2026-09-14","No external proposition required verification after the fiction or hypothetical framing was made explicit."
"s1404","5","People and biography","Maya Chen: Learning to Listen","verified-no-external-claims","explicit fiction or hypothetical scenario; checked for accidental real-person, event, numerical, medical, historical, and time-sensitive claims","","","2026-09-14","No external proposition required verification after the fiction or hypothetical framing was made explicit."
"s1405","5","People and biography","Jon Bell: Learning to Listen","verified-no-external-claims","explicit fiction or hypothetical scenario; checked for accidental real-person, event, numerical, medical, historical, and time-sensitive claims","","","2026-09-14","No external proposition required verification after the fiction or hypothetical framing was made explicit."
"s1406","6","People and biography","Amina Okafor: Learning to Listen","verified-no-external-claims","explicit fiction or hypothetical scenario; checked for accidental real-person, event, numerical, medical, historical, and time-sensitive claims","","","2026-09-14","No external proposition required verification after the fiction or hypothetical framing was made explicit."
"s1407","6","People and biography","Luis Ortega: Learning to Listen","verified-no-external-claims","explicit fiction or hypothetical scenario; checked for accidental real-person, event, numerical, medical, historical, and time-sensitive claims","","","2026-09-14","No external proposition required verification after the fiction or hypothetical framing was made explicit."
"s1408","6","People and biography","Hana Mori: Learning to Listen","verified-no-external-claims","explicit fiction or hypothetical scenario; checked for accidental real-person, event, numerical, medical, historical, and time-sensitive claims","","","2026-09-14","No external proposition required verification after the fiction or hypothetical framing was made explicit."
"s1409","6","People and biography","Samir Patel: Learning to Listen","verified-no-external-claims","explicit fiction or hypothetical scenario; checked for accidental real-person, event, numerical, medical, historical, and time-sensitive claims","","","2026-09-14","No external proposition required verification after the fiction or hypothetical framing was made explicit."
"s1410","6","People and biography","Elena Rossi: Learning to Listen","verified-no-external-claims","explicit fiction or hypothetical scenario; checked for accidental real-person, event, numerical, medical, historical, and time-sensitive claims","","","2026-09-14","No external proposition required verification after the fiction or hypothetical framing was made explicit."
"s1411","6","People and biography","David Kim: Learning to Listen","verified-no-external-claims","explicit fiction or hypothetical scenario; checked for accidental real-person, event, numerical, medical, historical, and time-sensitive claims","","","2026-09-14","No external proposition required verification after the fiction or hypothetical framing was made explicit."
"s1412","6","People and biography","Nora Hassan: Learning to Listen","verified-no-external-claims","explicit fiction or hypothetical scenario; checked for accidental real-person, event, numerical, medical, historical, and time-sensitive claims","","","2026-09-14","No external proposition required verification after the fiction or hypothetical framing was made explicit."
"s1413","6","People and biography","Peter Walsh: Learning to Listen","verified-no-external-claims","explicit fiction or hypothetical scenario; checked for accidental real-person, event, numerical, medical, historical, and time-sensitive claims","","","2026-09-14","No external proposition required verification after the fiction or hypothetical framing was made explicit."
"s1414","6","People and biography","Inez Silva: Learning to Listen","verified-no-external-claims","explicit fiction or hypothetical scenario; checked for accidental real-person, event, numerical, medical, historical, and time-sensitive claims","","","2026-09-14","No external proposition required verification after the fiction or hypothetical framing was made explicit."
"s1415","6","People and biography","Omar Reed: Learning to Listen","verified-no-external-claims","explicit fiction or hypothetical scenario; checked for accidental real-person, event, numerical, medical, historical, and time-sensitive claims","","","2026-09-14","No external proposition required verification after the fiction or hypothetical framing was made explicit."
"s1416","6","People and biography","Keiko Tan: Learning to Listen","verified-no-external-claims","explicit fiction or hypothetical scenario; checked for accidental real-person, event, numerical, medical, historical, and time-sensitive claims","","","2026-09-14","No external proposition required verification after the fiction or hypothetical framing was made explicit."
"s1417","6","People and biography","Mateo Cruz: Learning to Listen","verified-no-external-claims","explicit fiction or hypothetical scenario; checked for accidental real-person, event, numerical, medical, historical, and time-sensitive claims","","","2026-09-14","No external proposition required verification after the fiction or hypothetical framing was made explicit."
"s1418","6","People and biography","Sara Lind: Learning to Listen","verified-no-external-claims","explicit fiction or hypothetical scenario; checked for accidental real-person, event, numerical, medical, historical, and time-sensitive claims","","","2026-09-14","No external proposition required verification after the fiction or hypothetical framing was made explicit."
"s1419","6","People and biography","Theo Martin: Learning to Listen","verified-no-external-claims","explicit fiction or hypothetical scenario; checked for accidental real-person, event, numerical, medical, historical, and time-sensitive claims","","","2026-09-14","No external proposition required verification after the fiction or hypothetical framing was made explicit."
"s1420","6","People and biography","Priya Das: Learning to Listen","verified-no-external-claims","explicit fiction or hypothetical scenario; checked for accidental real-person, event, numerical, medical, historical, and time-sensitive claims","","","2026-09-14","No external proposition required verification after the fiction or hypothetical framing was made explicit."
"s1421","7","People and biography","Marcus Green: Learning to Listen","verified-no-external-claims","explicit fiction or hypothetical scenario; checked for accidental real-person, event, numerical, medical, historical, and time-sensitive claims","","","2026-09-14","No external proposition required verification after the fiction or hypothetical framing was made explicit."
"s1422","7","People and biography","Yara Nasser: Learning to Listen","verified-no-external-claims","explicit fiction or hypothetical scenario; checked for accidental real-person, event, numerical, medical, historical, and time-sensitive claims","","","2026-09-14","No external proposition required verification after the fiction or hypothetical framing was made explicit."
"s1423","7","People and biography","Finn Osei: Learning to Listen","verified-no-external-claims","explicit fiction or hypothetical scenario; checked for accidental real-person, event, numerical, medical, historical, and time-sensitive claims","","","2026-09-14","No external proposition required verification after the fiction or hypothetical framing was made explicit."
"s1424","7","People and biography","Leah Park: Learning to Listen","verified-no-external-claims","explicit fiction or hypothetical scenario; checked for accidental real-person, event, numerical, medical, historical, and time-sensitive claims","","","2026-09-14","No external proposition required verification after the fiction or hypothetical framing was made explicit."
"s1425","7","People and biography","Ravi Mehta: Learning to Listen","verified-no-external-claims","explicit fiction or hypothetical scenario; checked for accidental real-person, event, numerical, medical, historical, and time-sensitive claims","","","2026-09-14","No external proposition required verification after the fiction or hypothetical framing was made explicit."
"s1426","7","People and biography","Sofia Almeida: Learning to Listen","verified-no-external-claims","explicit fiction or hypothetical scenario; checked for accidental real-person, event, numerical, medical, historical, and time-sensitive claims","","","2026-09-14","No external proposition required verification after the fiction or hypothetical framing was made explicit."
"s1427","7","People and biography","Daniel Cho: Learning to Listen","verified-no-external-claims","explicit fiction or hypothetical scenario; checked for accidental real-person, event, numerical, medical, historical, and time-sensitive claims","","","2026-09-14","No external proposition required verification after the fiction or hypothetical framing was made explicit."
"s1428","7","People and biography","Fatima Noor: Learning to Listen","verified-no-external-claims","explicit fiction or hypothetical scenario; checked for accidental real-person, event, numerical, medical, historical, and time-sensitive claims","","","2026-09-14","No external proposition required verification after the fiction or hypothetical framing was made explicit."
"s1429","7","People and biography","Henry Cole: Learning to Listen","verified-no-external-claims","explicit fiction or hypothetical scenario; checked for accidental real-person, event, numerical, medical, historical, and time-sensitive claims","","","2026-09-14","No external proposition required verification after the fiction or hypothetical framing was made explicit."
"s1430","7","People and biography","Anika Bose: Learning to Listen","verified-no-external-claims","explicit fiction or hypothetical scenario; checked for accidental real-person, event, numerical, medical, historical, and time-sensitive claims","","","2026-09-14","No external proposition required verification after the fiction or hypothetical framing was made explicit."
"s1431","7","People and biography","Gabriel Stone: Learning to Listen","verified-no-external-claims","explicit fiction or hypothetical scenario; checked for accidental real-person, event, numerical, medical, historical, and time-sensitive claims","","","2026-09-14","No external proposition required verification after the fiction or hypothetical framing was made explicit."
"s1432","7","People and biography","Mina Rahman: Learning to Listen","verified-no-external-claims","explicit fiction or hypothetical scenario; checked for accidental real-person, event, numerical, medical, historical, and time-sensitive claims","","","2026-09-14","No external proposition required verification after the fiction or hypothetical framing was made explicit."
"s1433","7","People and biography","Arthur Vale: Learning to Listen","verified-no-external-claims","explicit fiction or hypothetical scenario; checked for accidental real-person, event, numerical, medical, historical, and time-sensitive claims","","","2026-09-14","No external proposition required verification after the fiction or hypothetical framing was made explicit."
"s1434","7","People and biography","Zoe Bennett: Learning to Listen","verified-no-external-claims","explicit fiction or hypothetical scenario; checked for accidental real-person, event, numerical, medical, historical, and time-sensitive claims","","","2026-09-14","No external proposition required verification after the fiction or hypothetical framing was made explicit."
"s1435","7","People and biography","Maya Chen: What Remained","verified-no-external-claims","explicit fiction or hypothetical scenario; checked for accidental real-person, event, numerical, medical, historical, and time-sensitive claims","","","2026-09-14","No external proposition required verification after the fiction or hypothetical framing was made explicit."
"s1436","8","People and biography","Jon Bell: What Remained","verified-no-external-claims","explicit fiction or hypothetical scenario; checked for accidental real-person, event, numerical, medical, historical, and time-sensitive claims","","","2026-09-14","No external proposition required verification after the fiction or hypothetical framing was made explicit."
"s1437","8","People and biography","Amina Okafor: What Remained","verified-no-external-claims","explicit fiction or hypothetical scenario; checked for accidental real-person, event, numerical, medical, historical, and time-sensitive claims","","","2026-09-14","No external proposition required verification after the fiction or hypothetical framing was made explicit."
"s1438","8","People and biography","Luis Ortega: What Remained","verified-no-external-claims","explicit fiction or hypothetical scenario; checked for accidental real-person, event, numerical, medical, historical, and time-sensitive claims","","","2026-09-14","No external proposition required verification after the fiction or hypothetical framing was made explicit."
"s1439","8","People and biography","Hana Mori: What Remained","verified-no-external-claims","explicit fiction or hypothetical scenario; checked for accidental real-person, event, numerical, medical, historical, and time-sensitive claims","","","2026-09-14","No external proposition required verification after the fiction or hypothetical framing was made explicit."
"s1440","8","People and biography","Samir Patel: What Remained","verified-no-external-claims","explicit fiction or hypothetical scenario; checked for accidental real-person, event, numerical, medical, historical, and time-sensitive claims","","","2026-09-14","No external proposition required verification after the fiction or hypothetical framing was made explicit."
"s1441","8","People and biography","Elena Rossi: What Remained","verified-no-external-claims","explicit fiction or hypothetical scenario; checked for accidental real-person, event, numerical, medical, historical, and time-sensitive claims","","","2026-09-14","No external proposition required verification after the fiction or hypothetical framing was made explicit."
"s1442","8","People and biography","David Kim: What Remained","verified-no-external-claims","explicit fiction or hypothetical scenario; checked for accidental real-person, event, numerical, medical, historical, and time-sensitive claims","","","2026-09-14","No external proposition required verification after the fiction or hypothetical framing was made explicit."
"s1443","8","People and biography","Nora Hassan: What Remained","verified-no-external-claims","explicit fiction or hypothetical scenario; checked for accidental real-person, event, numerical, medical, historical, and time-sensitive claims","","","2026-09-14","No external proposition required verification after the fiction or hypothetical framing was made explicit."
"s1444","8","People and biography","Peter Walsh: What Remained","verified-no-external-claims","explicit fiction or hypothetical scenario; checked for accidental real-person, event, numerical, medical, historical, and time-sensitive claims","","","2026-09-14","No external proposition required verification after the fiction or hypothetical framing was made explicit."
"s1445","8","People and biography","Inez Silva: What Remained","verified-no-external-claims","explicit fiction or hypothetical scenario; checked for accidental real-person, event, numerical, medical, historical, and time-sensitive claims","","","2026-09-14","No external proposition required verification after the fiction or hypothetical framing was made explicit."
"s1446","9","People and biography","Omar Reed: What Remained","verified-no-external-claims","explicit fiction or hypothetical scenario; checked for accidental real-person, event, numerical, medical, historical, and time-sensitive claims","","","2026-09-14","No external proposition required verification after the fiction or hypothetical framing was made explicit."
"s1447","9","People and biography","Keiko Tan: What Remained","verified-no-external-claims","explicit fiction or hypothetical scenario; checked for accidental real-person, event, numerical, medical, historical, and time-sensitive claims","","","2026-09-14","No external proposition required verification after the fiction or hypothetical framing was made explicit."
"s1448","9","People and biography","Mateo Cruz: What Remained","verified-no-external-claims","explicit fiction or hypothetical scenario; checked for accidental real-person, event, numerical, medical, historical, and time-sensitive claims","","","2026-09-14","No external proposition required verification after the fiction or hypothetical framing was made explicit."
"s1449","9","People and biography","Sara Lind: What Remained","verified-no-external-claims","explicit fiction or hypothetical scenario; checked for accidental real-person, event, numerical, medical, historical, and time-sensitive claims","","","2026-09-14","No external proposition required verification after the fiction or hypothetical framing was made explicit."
"s1450","9","People and biography","Theo Martin: What Remained","verified-no-external-claims","explicit fiction or hypothetical scenario; checked for accidental real-person, event, numerical, medical, historical, and time-sensitive claims","","","2026-09-14","No external proposition required verification after the fiction or hypothetical framing was made explicit."
"s1451","9","People and biography","Priya Das: What Remained","verified-no-external-claims","explicit fiction or hypothetical scenario; checked for accidental real-person, event, numerical, medical, historical, and time-sensitive claims","","","2026-09-14","No external proposition required verification after the fiction or hypothetical framing was made explicit."
"s1452","9","People and biography","Marcus Green: What Remained","verified-no-external-claims","explicit fiction or hypothetical scenario; checked for accidental real-person, event, numerical, medical, historical, and time-sensitive claims","","","2026-09-14","No external proposition required verification after the fiction or hypothetical framing was made explicit."
"s1453","9","People and biography","Yara Nasser: What Remained","verified-no-external-claims","explicit fiction or hypothetical scenario; checked for accidental real-person, event, numerical, medical, historical, and time-sensitive claims","","","2026-09-14","No external proposition required verification after the fiction or hypothetical framing was made explicit."
"s1454","9","People and biography","Finn Osei: What Remained","verified-no-external-claims","explicit fiction or hypothetical scenario; checked for accidental real-person, event, numerical, medical, historical, and time-sensitive claims","","","2026-09-14","No external proposition required verification after the fiction or hypothetical framing was made explicit."
"s1455","9","People and biography","Leah Park: What Remained","verified-no-external-claims","explicit fiction or hypothetical scenario; checked for accidental real-person, event, numerical, medical, historical, and time-sensitive claims","","","2026-09-14","No external proposition required verification after the fiction or hypothetical framing was made explicit."
"s1456","10","People and biography","Ravi Mehta: What Remained","verified-no-external-claims","explicit fiction or hypothetical scenario; checked for accidental real-person, event, numerical, medical, historical, and time-sensitive claims","","","2026-09-14","No external proposition required verification after the fiction or hypothetical framing was made explicit."
"s1457","10","People and biography","Sofia Almeida: What Remained","verified-no-external-claims","explicit fiction or hypothetical scenario; checked for accidental real-person, event, numerical, medical, historical, and time-sensitive claims","","","2026-09-14","No external proposition required verification after the fiction or hypothetical framing was made explicit."
"s1458","10","People and biography","Daniel Cho: What Remained","verified-no-external-claims","explicit fiction or hypothetical scenario; checked for accidental real-person, event, numerical, medical, historical, and time-sensitive claims","","","2026-09-14","No external proposition required verification after the fiction or hypothetical framing was made explicit."
"s1459","10","People and biography","Fatima Noor: What Remained","verified-no-external-claims","explicit fiction or hypothetical scenario; checked for accidental real-person, event, numerical, medical, historical, and time-sensitive claims","","","2026-09-14","No external proposition required verification after the fiction or hypothetical framing was made explicit."
"s1460","10","People and biography","Henry Cole: What Remained","verified-no-external-claims","explicit fiction or hypothetical scenario; checked for accidental real-person, event, numerical, medical, historical, and time-sensitive claims","","","2026-09-14","No external proposition required verification after the fiction or hypothetical framing was made explicit."
"s1461","10","People and biography","Anika Bose: What Remained","verified-no-external-claims","explicit fiction or hypothetical scenario; checked for accidental real-person, event, numerical, medical, historical, and time-sensitive claims","","","2026-09-14","No external proposition required verification after the fiction or hypothetical framing was made explicit."
"s1462","10","People and biography","Gabriel Stone: What Remained","verified-no-external-claims","explicit fiction or hypothetical scenario; checked for accidental real-person, event, numerical, medical, historical, and time-sensitive claims","","","2026-09-14","No external proposition required verification after the fiction or hypothetical framing was made explicit."
"s1463","10","People and biography","Mina Rahman: What Remained","verified-no-external-claims","explicit fiction or hypothetical scenario; checked for accidental real-person, event, numerical, medical, historical, and time-sensitive claims","","","2026-09-14","No external proposition required verification after the fiction or hypothetical framing was made explicit."
"s1464","10","People and biography","Arthur Vale: What Remained","verified-no-external-claims","explicit fiction or hypothetical scenario; checked for accidental real-person, event, numerical, medical, historical, and time-sensitive claims","","","2026-09-14","No external proposition required verification after the fiction or hypothetical framing was made explicit."
"s1465","10","People and biography","Zoe Bennett: What Remained","verified-no-external-claims","explicit fiction or hypothetical scenario; checked for accidental real-person, event, numerical, medical, historical, and time-sensitive claims","","","2026-09-14","No external proposition required verification after the fiction or hypothetical framing was made explicit."
"s1466","1","Everyday life","The Cup Beside the Sink","verified-no-external-claims","explicit fiction or hypothetical scenario; checked for accidental real-person, event, numerical, medical, historical, and time-sensitive claims","","","2026-09-14","No external proposition required verification after the fiction or hypothetical framing was made explicit."
"s1467","1","Everyday life","The Two Red Socks","verified-no-external-claims","explicit fiction or hypothetical scenario; checked for accidental real-person, event, numerical, medical, historical, and time-sensitive claims","","","2026-09-14","No external proposition required verification after the fiction or hypothetical framing was made explicit."
"s1468","2","Everyday life","Lunch Under the Stairs","verified-no-external-claims","explicit fiction or hypothetical scenario; checked for accidental real-person, event, numerical, medical, historical, and time-sensitive claims","","","2026-09-14","No external proposition required verification after the fiction or hypothetical framing was made explicit."
"s1469","2","Everyday life","The Note on the Fridge","verified-no-external-claims","explicit fiction or hypothetical scenario; checked for accidental real-person, event, numerical, medical, historical, and time-sensitive claims","","","2026-09-14","No external proposition required verification after the fiction or hypothetical framing was made explicit."
"s1470","3","Everyday life","The Borrowed Blue Pen","verified-no-external-claims","explicit fiction or hypothetical scenario; checked for accidental real-person, event, numerical, medical, historical, and time-sensitive claims","","","2026-09-14","No external proposition required verification after the fiction or hypothetical framing was made explicit."
"s1471","3","Everyday life","The Soup Without Carrots","verified-no-external-claims","explicit fiction or hypothetical scenario; checked for accidental real-person, event, numerical, medical, historical, and time-sensitive claims","","","2026-09-14","No external proposition required verification after the fiction or hypothetical framing was made explicit."
"s1472","3","Everyday life","The Quiet Seat on the Bus","verified-no-external-claims","explicit fiction or hypothetical scenario; checked for accidental real-person, event, numerical, medical, historical, and time-sensitive claims","","","2026-09-14","No external proposition required verification after the fiction or hypothetical framing was made explicit."
"s1473","4","Everyday life","The Phone in the Freezer","verified-no-external-claims","explicit fiction or hypothetical scenario; checked for accidental real-person, event, numerical, medical, historical, and time-sensitive claims","","","2026-09-14","No external proposition required verification after the fiction or hypothetical framing was made explicit."
"s1474","4","Everyday life","The Sunday Repair Box","verified-no-external-claims","explicit fiction or hypothetical scenario; checked for accidental real-person, event, numerical, medical, historical, and time-sensitive claims","","","2026-09-14","No external proposition required verification after the fiction or hypothetical framing was made explicit."
"s1475","4","Everyday life","The Last Slice Agreement","verified-no-external-claims","explicit fiction or hypothetical scenario; checked for accidental real-person, event, numerical, medical, historical, and time-sensitive claims","","","2026-09-14","No external proposition required verification after the fiction or hypothetical framing was made explicit."
"s1476","9","Everyday life","The Calendar That Knew Too Much","verified-no-external-claims","explicit fiction or hypothetical scenario; checked for accidental real-person, event, numerical, medical, historical, and time-sensitive claims","","","2026-09-14","No external proposition required verification after the fiction or hypothetical framing was made explicit."
"s1477","10","Everyday life","The Cost of a Convenient Return","verified-no-external-claims","explicit fiction or hypothetical scenario; checked for accidental real-person, event, numerical, medical, historical, and time-sensitive claims","","","2026-09-14","No external proposition required verification after the fiction or hypothetical framing was made explicit."
"s1478","1","Famous books","The Golden Goose and the Kind Son","verified-against-primary-text","characters, sequence, principal action, outcome, and source-work attribution","Project Gutenberg: The Golden Goose","https://www.gutenberg.org/ebooks/2591","2026-09-14","Primary-text comparison of characters, sequence, principal action, outcome, and source-work attribution."
"s1479","2","Famous books","The Bremen Animals Find a Home","verified-against-primary-text","characters, sequence, principal action, outcome, and source-work attribution","Project Gutenberg: The Bremen Town Musicians","https://www.gutenberg.org/ebooks/2591","2026-09-14","Primary-text comparison of characters, sequence, principal action, outcome, and source-work attribution."
"s1480","2","Famous books","The Fisherman and the Talking Fish","verified-against-primary-text","characters, sequence, principal action, outcome, and source-work attribution","Project Gutenberg: The Fisherman and His Wife","https://www.gutenberg.org/ebooks/2591","2026-09-14","Primary-text comparison of characters, sequence, principal action, outcome, and source-work attribution."
"s1481","2","Famous books","Sinbad in the Valley of Diamonds","verified-against-primary-text","characters, sequence, principal action, outcome, and source-work attribution","Project Gutenberg: Sinbad the Sailor","https://www.gutenberg.org/ebooks/3435","2026-09-14","Primary-text comparison of characters, sequence, principal action, outcome, and source-work attribution."
"s1482","3","Famous books","Robin Hood and the Poor Farmer","verified-against-primary-text","characters, sequence, principal action, outcome, and source-work attribution","Project Gutenberg: Robin Hood","https://www.gutenberg.org/ebooks/964","2026-09-14","Primary-text comparison of characters, sequence, principal action, outcome, and source-work attribution."
"s1483","4","Famous books","The Tempest: Miranda Sees the Ship","verified-against-primary-text","characters, sequence, principal action, outcome, and source-work attribution","Project Gutenberg: The Tempest","https://www.gutenberg.org/ebooks/23042","2026-09-14","Primary-text comparison of characters, sequence, principal action, outcome, and source-work attribution."
"s1484","4","Famous books","The Wind in the Willows: Mole Leaves Home","verified-against-primary-text","characters, sequence, principal action, outcome, and source-work attribution","Project Gutenberg: The Wind in the Willows","https://www.gutenberg.org/ebooks/289","2026-09-14","Primary-text comparison of characters, sequence, principal action, outcome, and source-work attribution."
"s1485","4","Famous books","A Christmas Carol: Dinner at the Cratchits","verified-against-primary-text","characters, sequence, principal action, outcome, and source-work attribution","Project Gutenberg: A Christmas Carol","https://www.gutenberg.org/ebooks/46","2026-09-14","Primary-text comparison of characters, sequence, principal action, outcome, and source-work attribution."
"s1486","7","Famous books","Antigone and the Unwritten Law","verified-against-primary-text","characters, sequence, principal action, outcome, and source-work attribution","Project Gutenberg: Antigone","https://www.gutenberg.org/ebooks/31","2026-09-14","Primary-text comparison of characters, sequence, principal action, outcome, and source-work attribution."
"s1487","9","Famous books","The Brothers Karamazov: Ivan's Question","verified-against-primary-text","characters, sequence, principal action, outcome, and source-work attribution","Project Gutenberg: The Brothers Karamazov","https://www.gutenberg.org/ebooks/28054","2026-09-14","Primary-text comparison of characters, sequence, principal action, outcome, and source-work attribution."
"s1488","10","Famous books","The Trial: Josef K. Seeks the Charge","verified-against-primary-text","characters, sequence, principal action, outcome, and source-work attribution","Project Gutenberg: The Trial","https://www.gutenberg.org/ebooks/7849","2026-09-14","Primary-text comparison of characters, sequence, principal action, outcome, and source-work attribution."
"s1489","1","Fantasy/stories","The Pebble That Sang","verified-no-external-claims","explicit fiction or hypothetical scenario; checked for accidental real-person, event, numerical, medical, historical, and time-sensitive claims","","","2026-09-14","No external proposition required verification after the fiction or hypothetical framing was made explicit."
"s1490","1","Fantasy/stories","The Cloud in the Barn","verified-no-external-claims","explicit fiction or hypothetical scenario; checked for accidental real-person, event, numerical, medical, historical, and time-sensitive claims","","","2026-09-14","No external proposition required verification after the fiction or hypothetical framing was made explicit."
"s1491","2","Fantasy/stories","The Door Under the Table","verified-no-external-claims","explicit fiction or hypothetical scenario; checked for accidental real-person, event, numerical, medical, historical, and time-sensitive claims","","","2026-09-14","No external proposition required verification after the fiction or hypothetical framing was made explicit."
"s1492","2","Fantasy/stories","The Lantern Fish of Willow Pond","verified-no-external-claims","explicit fiction or hypothetical scenario; checked for accidental real-person, event, numerical, medical, historical, and time-sensitive claims","","","2026-09-14","No external proposition required verification after the fiction or hypothetical framing was made explicit."
"s1493","2","Fantasy/stories","The Tailor of Rain","verified-no-external-claims","explicit fiction or hypothetical scenario; checked for accidental real-person, event, numerical, medical, historical, and time-sensitive claims","","","2026-09-14","No external proposition required verification after the fiction or hypothetical framing was made explicit."
"s1494","3","Fantasy/stories","The Library of Sleeping Maps","verified-no-external-claims","explicit fiction or hypothetical scenario; checked for accidental real-person, event, numerical, medical, historical, and time-sensitive claims","","","2026-09-14","No external proposition required verification after the fiction or hypothetical framing was made explicit."
"s1495","3","Fantasy/stories","The Bridge That Remembered Names","verified-no-external-claims","explicit fiction or hypothetical scenario; checked for accidental real-person, event, numerical, medical, historical, and time-sensitive claims","","","2026-09-14","No external proposition required verification after the fiction or hypothetical framing was made explicit."
"s1496","4","Fantasy/stories","The Orchard Beyond Tuesday","verified-no-external-claims","explicit fiction or hypothetical scenario; checked for accidental real-person, event, numerical, medical, historical, and time-sensitive claims","","","2026-09-14","No external proposition required verification after the fiction or hypothetical framing was made explicit."
"s1497","4","Fantasy/stories","The Clockmaker's Dragon","verified-no-external-claims","explicit fiction or hypothetical scenario; checked for accidental real-person, event, numerical, medical, historical, and time-sensitive claims","","","2026-09-14","No external proposition required verification after the fiction or hypothetical framing was made explicit."
"s1498","4","Fantasy/stories","The House of Borrowed Weather","verified-no-external-claims","explicit fiction or hypothetical scenario; checked for accidental real-person, event, numerical, medical, historical, and time-sensitive claims","","","2026-09-14","No external proposition required verification after the fiction or hypothetical framing was made explicit."
"s1499","10","Fantasy/stories","The Ministry of Forgotten Dreams","verified-no-external-claims","explicit fiction or hypothetical scenario; checked for accidental real-person, event, numerical, medical, historical, and time-sensitive claims","","","2026-09-14","No external proposition required verification after the fiction or hypothetical framing was made explicit."
"s1500","10","Fantasy/stories","The Treaty Written on Water","verified-no-external-claims","explicit fiction or hypothetical scenario; checked for accidental real-person, event, numerical, medical, historical, and time-sensitive claims","","","2026-09-14","No external proposition required verification after the fiction or hypothetical framing was made explicit."
"s1501","1","History","The First Clay Bowl","verified-against-authoritative-source","factual statements, mechanism, causal strength, terminology, and stated uncertainty","Smithsonian Institution: Smithsonian Learning Lab","https://learninglab.si.edu/","2026-09-14","Social and cultural history, objects, everyday practices, and interpretive cautions."
"s1502","1","History","The Stones Across the Stream","verified-against-authoritative-source","factual statements, mechanism, causal strength, terminology, and stated uncertainty","Smithsonian Institution: Smithsonian Learning Lab","https://learninglab.si.edu/","2026-09-14","Social and cultural history, objects, everyday practices, and interpretive cautions."
"s1503","1","History","The Night Fire Watch","verified-against-authoritative-source","factual statements, mechanism, causal strength, terminology, and stated uncertainty","Library of Congress: Digital Collections","https://www.loc.gov/collections/","2026-09-14","Institutional, constitutional, political, and administrative historical evidence."
"s1504","2","History","The Road Marked by Miles","verified-against-authoritative-source","factual statements, mechanism, causal strength, terminology, and stated uncertainty","Smithsonian Institution: Smithsonian Learning Lab","https://learninglab.si.edu/","2026-09-14","Social and cultural history, objects, everyday practices, and interpretive cautions."
"s1505","2","History","Paper Travels West","verified-against-authoritative-source","factual statements, mechanism, causal strength, terminology, and stated uncertainty","Smithsonian Institution: Smithsonian Learning Lab","https://learninglab.si.edu/","2026-09-14","Social and cultural history, objects, everyday practices, and interpretive cautions."
"s1506","2","History","The Stars Above the Open Sea","verified-against-authoritative-source","factual statements, mechanism, causal strength, terminology, and stated uncertainty","Smithsonian Institution: Smithsonian Learning Lab","https://learninglab.si.edu/","2026-09-14","Social and cultural history, objects, everyday practices, and interpretive cautions."
"s1507","3","History","Drains Beneath an Ancient City","verified-against-authoritative-source","factual statements, mechanism, causal strength, terminology, and stated uncertainty","The Metropolitan Museum of Art: Heilbrunn Timeline of Art History","https://www.metmuseum.org/toah/","2026-09-14","Ancient material culture, writing, trade, daily life, and chronology."
"s1508","3","History","The Runner on the Mountain Road","verified-against-authoritative-source","factual statements, mechanism, causal strength, terminology, and stated uncertainty","The Metropolitan Museum of Art: Heilbrunn Timeline of Art History","https://www.metmuseum.org/toah/","2026-09-14","Ancient material culture, writing, trade, daily life, and chronology."
"s1509","3","History","Books in the Desert City","verified-against-authoritative-source","factual statements, mechanism, causal strength, terminology, and stated uncertainty","U.S. National Archives: Research Our Records","https://www.archives.gov/research","2026-09-14","Primary-record context for conflict, institutions, social change, and archival limits."
"s1510","3","History","The Assembly Beside the Rock","verified-against-authoritative-source","factual statements, mechanism, causal strength, terminology, and stated uncertainty","Library of Congress: Digital Collections","https://www.loc.gov/collections/","2026-09-14","Institutional, constitutional, political, and administrative historical evidence."
"s1511","3","History","Rules for the Market Bell","verified-against-authoritative-source","factual statements, mechanism, causal strength, terminology, and stated uncertainty","Smithsonian Institution: Smithsonian Learning Lab","https://learninglab.si.edu/","2026-09-14","Social and cultural history, objects, everyday practices, and interpretive cautions."
"s1512","3","History","Fire Teams of the Castle Town","verified-against-authoritative-source","factual statements, mechanism, causal strength, terminology, and stated uncertainty","U.S. National Archives: Research Our Records","https://www.archives.gov/research","2026-09-14","Primary-record context for conflict, institutions, social change, and archival limits."
"s1513","3","History","Messages Along the Wire","verified-against-authoritative-source","factual statements, mechanism, causal strength, terminology, and stated uncertainty","Library of Congress: Digital Collections","https://www.loc.gov/collections/","2026-09-14","Documents and collections concerning industry, communication, labor, and technological change."
"s1514","3","History","The First Public Vaccine Line","verified-against-authoritative-source","factual statements, mechanism, causal strength, terminology, and stated uncertainty","Library of Congress: Digital Collections","https://www.loc.gov/collections/","2026-09-14","Institutional, constitutional, political, and administrative historical evidence."
"s1515","4","History","The Clock at Every Station","verified-against-authoritative-source","factual statements, mechanism, causal strength, terminology, and stated uncertainty","Library of Congress: Digital Collections","https://www.loc.gov/collections/","2026-09-14","Documents and collections concerning industry, communication, labor, and technological change."
"s1516","6","History","Counting a Moving Population","verified-against-authoritative-source","factual statements, mechanism, causal strength, terminology, and stated uncertainty","Library of Congress: Digital Collections","https://www.loc.gov/collections/","2026-09-14","Documents and collections concerning industry, communication, labor, and technological change."
"s1517","6","History","Print Shops and Public Argument","verified-against-authoritative-source","factual statements, mechanism, causal strength, terminology, and stated uncertainty","Smithsonian Institution: Smithsonian Learning Lab","https://learninglab.si.edu/","2026-09-14","Social and cultural history, objects, everyday practices, and interpretive cautions."
"s1518","6","History","Petitions Against Bondage","verified-against-authoritative-source","factual statements, mechanism, causal strength, terminology, and stated uncertainty","Smithsonian Institution: Smithsonian Learning Lab","https://learninglab.si.edu/","2026-09-14","Social and cultural history, objects, everyday practices, and interpretive cautions."
"s1519","9","History","The Archive After Independence","verified-against-authoritative-source","factual statements, mechanism, causal strength, terminology, and stated uncertainty","Library of Congress: Digital Collections","https://www.loc.gov/collections/","2026-09-14","Institutional, constitutional, political, and administrative historical evidence."
"s1520","1","Nature and animals","The Snail After Rain","verified-against-authoritative-source","factual statements, mechanism, causal strength, terminology, and stated uncertainty","USDA Forest Service Research and Development","https://research.fs.usda.gov/","2026-09-14","Plant, forest, fungal, fire, and below-ground ecological processes."
"s1521","1","Nature and animals","The Sparrow's Bath","verified-against-authoritative-source","factual statements, mechanism, causal strength, terminology, and stated uncertainty","Smithsonian's National Zoo & Conservation Biology Institute: Animals","https://nationalzoo.si.edu/animals","2026-09-14","Animal anatomy, behavior, life history, and species-level terminology."
"s1522","2","Nature and animals","The Rabbit's Winter Door","verified-against-authoritative-source","factual statements, mechanism, causal strength, terminology, and stated uncertainty","Smithsonian's National Zoo & Conservation Biology Institute: Animals","https://nationalzoo.si.edu/animals","2026-09-14","Animal anatomy, behavior, life history, and species-level terminology."
"s1523","2","Nature and animals","The Ant Road Around the Stone","verified-against-authoritative-source","factual statements, mechanism, causal strength, terminology, and stated uncertainty","Smithsonian's National Zoo & Conservation Biology Institute: Animals","https://nationalzoo.si.edu/animals","2026-09-14","Animal anatomy, behavior, life history, and species-level terminology."
"s1524","2","Nature and animals","The Owl Above the Farm","verified-against-authoritative-source","factual statements, mechanism, causal strength, terminology, and stated uncertainty","Smithsonian's National Zoo & Conservation Biology Institute: Animals","https://nationalzoo.si.edu/animals","2026-09-14","Animal anatomy, behavior, life history, and species-level terminology."
"s1525","3","Nature and animals","The Crab That Changed Shells","verified-against-authoritative-source","factual statements, mechanism, causal strength, terminology, and stated uncertainty","Smithsonian's National Zoo & Conservation Biology Institute: Animals","https://nationalzoo.si.edu/animals","2026-09-14","Animal anatomy, behavior, life history, and species-level terminology."
"s1526","3","Nature and animals","The Frog Pond in Spring","verified-against-authoritative-source","factual statements, mechanism, causal strength, terminology, and stated uncertainty","NOAA Ocean Service: Ocean Facts","https://oceanservice.noaa.gov/facts/","2026-09-14","Marine biology, ocean processes, and limits or qualifications attached to the claim."
"s1527","4","Nature and animals","The Hedge Between Two Fields","verified-against-authoritative-source","factual statements, mechanism, causal strength, terminology, and stated uncertainty","U.S. National Park Service: Nature & Science","https://www.nps.gov/subjects/nnlandmarks/naturescience.htm","2026-09-14","Ecosystem processes, conservation context, and multi-cause cautions."
"s1528","4","Nature and animals","The Salmon's Cold Stream","verified-against-authoritative-source","factual statements, mechanism, causal strength, terminology, and stated uncertainty","NOAA Ocean Service: Ocean Facts","https://oceanservice.noaa.gov/facts/","2026-09-14","Marine biology, ocean processes, and limits or qualifications attached to the claim."
"s1529","4","Nature and animals","Seeds in a Burned Meadow","verified-against-authoritative-source","factual statements, mechanism, causal strength, terminology, and stated uncertainty","USDA Forest Service Research and Development","https://research.fs.usda.gov/","2026-09-14","Plant, forest, fungal, fire, and below-ground ecological processes."
"s1530","4","Nature and animals","The Dolphin's Borrowed Sponge","verified-against-authoritative-source","factual statements, mechanism, causal strength, terminology, and stated uncertainty","NOAA Ocean Service: Ocean Facts","https://oceanservice.noaa.gov/facts/","2026-09-14","Marine biology, ocean processes, and limits or qualifications attached to the claim."
"s1531","9","Nature and animals","The Forest That Moved Uphill","verified-against-authoritative-source","factual statements, mechanism, causal strength, terminology, and stated uncertainty","USDA Forest Service Research and Development","https://research.fs.usda.gov/","2026-09-14","Plant, forest, fungal, fire, and below-ground ecological processes."
"s1532","10","Nature and animals","The Reef After the Heat Wave","verified-against-authoritative-source","factual statements, mechanism, causal strength, terminology, and stated uncertainty","NOAA Ocean Service: Ocean Facts","https://oceanservice.noaa.gov/facts/","2026-09-14","Marine biology, ocean processes, and limits or qualifications attached to the claim."
"s1533","1","Science","Where the Ice Cube Goes","verified-against-authoritative-source","factual statements, mechanism, causal strength, terminology, and stated uncertainty","U.S. Geological Survey: Science Explorer","https://www.usgs.gov/science/science-explorer","2026-09-14","Earth systems, water, geology, hazards, and physical processes."
"s1534","1","Science","The Seed Finds Down","verified-against-authoritative-source","factual statements, mechanism, causal strength, terminology, and stated uncertainty","NASA Science","https://science.nasa.gov/","2026-09-14","Astronomy, planetary science, measurement, and the distinction between evidence and inference."
"s1535","1","Science","The Echo by the Wall","verified-against-authoritative-source","factual statements, mechanism, causal strength, terminology, and stated uncertainty","U.S. Geological Survey: Science Explorer","https://www.usgs.gov/science/science-explorer","2026-09-14","Earth systems, water, geology, hazards, and physical processes."
"s1536","2","Science","The Push of Two Magnets","verified-against-authoritative-source","factual statements, mechanism, causal strength, terminology, and stated uncertainty","NASA Science","https://science.nasa.gov/","2026-09-14","Astronomy, planetary science, measurement, and the distinction between evidence and inference."
"s1537","2","Science","Clouds from a Warm Cup","verified-against-authoritative-source","factual statements, mechanism, causal strength, terminology, and stated uncertainty","U.S. Geological Survey: Science Explorer","https://www.usgs.gov/science/science-explorer","2026-09-14","Earth systems, water, geology, hazards, and physical processes."
"s1538","2","Science","The Shadow at Three Times","verified-against-authoritative-source","factual statements, mechanism, causal strength, terminology, and stated uncertainty","NASA Science","https://science.nasa.gov/","2026-09-14","Astronomy, planetary science, measurement, and the distinction between evidence and inference."
"s1539","3","Science","The Egg in Salt Water","verified-against-authoritative-source","factual statements, mechanism, causal strength, terminology, and stated uncertainty","U.S. Geological Survey: Science Explorer","https://www.usgs.gov/science/science-explorer","2026-09-14","Earth systems, water, geology, hazards, and physical processes."
"s1540","3","Science","The Warm Air Balloon Bag","verified-against-authoritative-source","factual statements, mechanism, causal strength, terminology, and stated uncertainty","U.S. Geological Survey: Science Explorer","https://www.usgs.gov/science/science-explorer","2026-09-14","Earth systems, water, geology, hazards, and physical processes."
"s1541","3","Science","The Green Leaf Test","verified-against-authoritative-source","factual statements, mechanism, causal strength, terminology, and stated uncertainty","National Institute of Neurological Disorders and Stroke","https://www.ninds.nih.gov/health-information","2026-09-14","Brain, sleep, memory, sensory systems, and appropriate uncertainty."
"s1542","4","Science","The Slow Journey of a Continent","verified-against-authoritative-source","factual statements, mechanism, causal strength, terminology, and stated uncertainty","National Institute of Neurological Disorders and Stroke","https://www.ninds.nih.gov/health-information","2026-09-14","Brain, sleep, memory, sensory systems, and appropriate uncertainty."
"s1543","4","Science","The Memory of an Immune Cell","verified-against-authoritative-source","factual statements, mechanism, causal strength, terminology, and stated uncertainty","National Institute of Neurological Disorders and Stroke","https://www.ninds.nih.gov/health-information","2026-09-14","Brain, sleep, memory, sensory systems, and appropriate uncertainty."
"s1544","5","Science","The Gene That Worked Differently","verified-against-authoritative-source","factual statements, mechanism, causal strength, terminology, and stated uncertainty","National Institutes of Health: Health Information","https://www.nih.gov/health-information","2026-09-14","Biology and health claims, mechanism, safety language, and research status."
"s1545","9","Science","The Error Bars Around a Result","verified-against-authoritative-source","factual statements, mechanism, causal strength, terminology, and stated uncertainty","NASA Science","https://science.nasa.gov/","2026-09-14","Astronomy, planetary science, measurement, and the distinction between evidence and inference."
"s1546","10","Science","The Model That Predicted Too Well","verified-against-authoritative-source","factual statements, mechanism, causal strength, terminology, and stated uncertainty","OpenStax: Physics","https://openstax.org/details/books/physics","2026-09-14","Established physics principles, definitions, mechanisms, and scale."
"s1547","1","World affairs","One Field for Two Schools","verified-against-authoritative-source","factual statements, mechanism, causal strength, terminology, and stated uncertainty","UNESCO: Education","https://www.unesco.org/en/education","2026-09-14","Education access, language, public services, and institutional context."
"s1548","1","World affairs","Water Rules for Three Streets","verified-against-authoritative-source","factual statements, mechanism, causal strength, terminology, and stated uncertainty","United Nations Environment Programme","https://www.unep.org/explore-topics","2026-09-14","Environmental governance, resources, climate, waste, and limits of proposed interventions."
"s1549","2","World affairs","The Library Opens Late","verified-against-authoritative-source","factual statements, mechanism, causal strength, terminology, and stated uncertainty","UNESCO: Education","https://www.unesco.org/en/education","2026-09-14","Education access, language, public services, and institutional context."
"s1550","2","World affairs","The Bus Route Meeting","verified-against-authoritative-source","factual statements, mechanism, causal strength, terminology, and stated uncertainty","United Nations Environment Programme","https://www.unep.org/explore-topics","2026-09-14","Environmental governance, resources, climate, waste, and limits of proposed interventions."
"s1551","2","World affairs","Rules for the River Park","verified-against-authoritative-source","factual statements, mechanism, causal strength, terminology, and stated uncertainty","United Nations Environment Programme","https://www.unep.org/explore-topics","2026-09-14","Environmental governance, resources, climate, waste, and limits of proposed interventions."
"s1552","3","World affairs","Lunch for Every Child","verified-against-authoritative-source","factual statements, mechanism, causal strength, terminology, and stated uncertainty","UNESCO: Education","https://www.unesco.org/en/education","2026-09-14","Education access, language, public services, and institutional context."
"s1553","4","World affairs","Words at the Health Desk","verified-against-authoritative-source","factual statements, mechanism, causal strength, terminology, and stated uncertainty","UNESCO: Education","https://www.unesco.org/en/education","2026-09-14","Education access, language, public services, and institutional context."
"s1554","4","World affairs","The Repair Label","verified-against-authoritative-source","factual statements, mechanism, causal strength, terminology, and stated uncertainty","UNHCR: Refugee Data and Policy","https://www.unhcr.org/refugee-statistics/","2026-09-14","Migration, displacement, rights, protection, and careful use of terminology."
"s1555","4","World affairs","The Map of Public Trees","verified-against-authoritative-source","factual statements, mechanism, causal strength, terminology, and stated uncertainty","UNESCO: Education","https://www.unesco.org/en/education","2026-09-14","Education access, language, public services, and institutional context."
"s1556","4","World affairs","The Empty Shop Tax","verified-against-authoritative-source","factual statements, mechanism, causal strength, terminology, and stated uncertainty","World Bank: Understanding Poverty","https://www.worldbank.org/en/understanding-poverty","2026-09-14","Economic mechanisms, livelihoods, distributional effects, and policy uncertainty."
"s1557","5","World affairs","The Evening Care Cooperative","verified-against-authoritative-source","factual statements, mechanism, causal strength, terminology, and stated uncertainty","OECD: Innovative Citizen Participation","https://www.oecd.org/en/topics/sub-issues/innovative-citizen-participation.html","2026-09-14","Governance mechanisms, deliberation, participation, and advisory versus binding authority."
"s1558","5","World affairs","The Flood Notice in Every Language","verified-against-authoritative-source","factual statements, mechanism, causal strength, terminology, and stated uncertainty","United Nations Environment Programme","https://www.unep.org/explore-topics","2026-09-14","Environmental governance, resources, climate, waste, and limits of proposed interventions."
"s1559","5","World affairs","The Market's Shared Cold Room","verified-against-authoritative-source","factual statements, mechanism, causal strength, terminology, and stated uncertainty","World Bank: Understanding Poverty","https://www.worldbank.org/en/understanding-poverty","2026-09-14","Economic mechanisms, livelihoods, distributional effects, and policy uncertainty."
"s1560","5","World affairs","The Night Train Trial","verified-against-authoritative-source","factual statements, mechanism, causal strength, terminology, and stated uncertainty","OECD: Innovative Citizen Participation","https://www.oecd.org/en/topics/sub-issues/innovative-citizen-participation.html","2026-09-14","Governance mechanisms, deliberation, participation, and advisory versus binding authority."
"s1561","5","World affairs","The Community Solar Roof","verified-against-authoritative-source","factual statements, mechanism, causal strength, terminology, and stated uncertainty","United Nations Environment Programme","https://www.unep.org/explore-topics","2026-09-14","Environmental governance, resources, climate, waste, and limits of proposed interventions."
"s1562","7","World affairs","The Translation Budget","verified-against-authoritative-source","factual statements, mechanism, causal strength, terminology, and stated uncertainty","World Bank: Urban Development","https://www.worldbank.org/en/topic/urbandevelopment","2026-09-14","Urban infrastructure, public services, housing, and policy trade-offs."
"s1563","9","World affairs","The Public Algorithm Register","verified-against-authoritative-source","factual statements, mechanism, causal strength, terminology, and stated uncertainty","UNHCR: Refugee Data and Policy","https://www.unhcr.org/refugee-statistics/","2026-09-14","Migration, displacement, rights, protection, and careful use of terminology."
"s1564","9","World affairs","The Carbon Border Debate","verified-against-authoritative-source","factual statements, mechanism, causal strength, terminology, and stated uncertainty","United Nations Environment Programme","https://www.unep.org/explore-topics","2026-09-14","Environmental governance, resources, climate, waste, and limits of proposed interventions."
"s1565","10","World affairs","The Right to Leave a Platform","verified-against-authoritative-source","factual statements, mechanism, causal strength, terminology, and stated uncertainty","World Bank: Understanding Poverty","https://www.worldbank.org/en/understanding-poverty","2026-09-14","Economic mechanisms, livelihoods, distributional effects, and policy uncertainty."
"s1566","8","Mystery and adventure","The Cipher in the Tide Tables","verified-no-external-claims","explicit fiction or hypothetical scenario; checked for accidental real-person, event, numerical, medical, historical, and time-sensitive claims","","","2026-09-14","No external proposition required verification after the fiction or hypothetical framing was made explicit."
"s1567","8","Mystery and adventure","The Locked Room at Platform Nine","verified-no-external-claims","explicit fiction or hypothetical scenario; checked for accidental real-person, event, numerical, medical, historical, and time-sensitive claims","","","2026-09-14","No external proposition required verification after the fiction or hypothetical framing was made explicit."
"s1568","8","Mystery and adventure","The Collector's Missing Provenance","verified-no-external-claims","explicit fiction or hypothetical scenario; checked for accidental real-person, event, numerical, medical, historical, and time-sensitive claims","","","2026-09-14","No external proposition required verification after the fiction or hypothetical framing was made explicit."
"s1569","8","Mystery and adventure","The Signal Beyond North Ridge","verified-no-external-claims","explicit fiction or hypothetical scenario; checked for accidental real-person, event, numerical, medical, historical, and time-sensitive claims","","","2026-09-14","No external proposition required verification after the fiction or hypothetical framing was made explicit."
"s1570","8","Mystery and adventure","The Archive with Two Catalogues","verified-no-external-claims","explicit fiction or hypothetical scenario; checked for accidental real-person, event, numerical, medical, historical, and time-sensitive claims","","","2026-09-14","No external proposition required verification after the fiction or hypothetical framing was made explicit."
"s1571","9","Mystery and adventure","The Orchard Camera","verified-no-external-claims","explicit fiction or hypothetical scenario; checked for accidental real-person, event, numerical, medical, historical, and time-sensitive claims","","","2026-09-14","No external proposition required verification after the fiction or hypothetical framing was made explicit."
"s1572","9","Mystery and adventure","The Last Ferry Manifest","verified-no-external-claims","explicit fiction or hypothetical scenario; checked for accidental real-person, event, numerical, medical, historical, and time-sensitive claims","","","2026-09-14","No external proposition required verification after the fiction or hypothetical framing was made explicit."
"s1573","9","Mystery and adventure","The Museum's False Shadow","verified-no-external-claims","explicit fiction or hypothetical scenario; checked for accidental real-person, event, numerical, medical, historical, and time-sensitive claims","","","2026-09-14","No external proposition required verification after the fiction or hypothetical framing was made explicit."
"s1574","9","Mystery and adventure","The Map Beneath the Map","verified-no-external-claims","explicit fiction or hypothetical scenario; checked for accidental real-person, event, numerical, medical, historical, and time-sensitive claims","","","2026-09-14","No external proposition required verification after the fiction or hypothetical framing was made explicit."
"s1575","9","Mystery and adventure","The Voice on the Closed Frequency","verified-no-external-claims","explicit fiction or hypothetical scenario; checked for accidental real-person, event, numerical, medical, historical, and time-sensitive claims","","","2026-09-14","No external proposition required verification after the fiction or hypothetical framing was made explicit."
"s1576","10","Mystery and adventure","The Missing Minute in Court","verified-no-external-claims","explicit fiction or hypothetical scenario; checked for accidental real-person, event, numerical, medical, historical, and time-sensitive claims","","","2026-09-14","No external proposition required verification after the fiction or hypothetical framing was made explicit."
"s1577","10","Mystery and adventure","The Expedition's Second Journal","verified-no-external-claims","explicit fiction or hypothetical scenario; checked for accidental real-person, event, numerical, medical, historical, and time-sensitive claims","","","2026-09-14","No external proposition required verification after the fiction or hypothetical framing was made explicit."
"s1578","10","Mystery and adventure","The Vanishing Survey Marker","verified-no-external-claims","explicit fiction or hypothetical scenario; checked for accidental real-person, event, numerical, medical, historical, and time-sensitive claims","","","2026-09-14","No external proposition required verification after the fiction or hypothetical framing was made explicit."
"s1579","10","Mystery and adventure","The Anonymous Peer Review","verified-no-external-claims","explicit fiction or hypothetical scenario; checked for accidental real-person, event, numerical, medical, historical, and time-sensitive claims","","","2026-09-14","No external proposition required verification after the fiction or hypothetical framing was made explicit."
"s1580","10","Mystery and adventure","The Warehouse of Returned Clocks","verified-no-external-claims","explicit fiction or hypothetical scenario; checked for accidental real-person, event, numerical, medical, historical, and time-sensitive claims","","","2026-09-14","No external proposition required verification after the fiction or hypothetical framing was made explicit."
"s1581","8","Travel and culture","Listening Before the Festival","verified-no-external-claims","fictional traveler and event; real place name checked; no precise historical, numerical, medical, or time-sensitive claim identified","","","2026-09-14","No external proposition required verification after the fiction or hypothetical framing was made explicit."
"s1582","8","Travel and culture","The Museum Label in Three Voices","verified-no-external-claims","fictional traveler and event; real place name checked; no precise historical, numerical, medical, or time-sensitive claim identified","","","2026-09-14","No external proposition required verification after the fiction or hypothetical framing was made explicit."
"s1583","8","Travel and culture","The Meal with No Direct Translation","verified-no-external-claims","fictional traveler and event; real place name checked; no precise historical, numerical, medical, or time-sensitive claim identified","","","2026-09-14","No external proposition required verification after the fiction or hypothetical framing was made explicit."
"s1584","8","Travel and culture","The Slow Train Across the Plateau","verified-no-external-claims","fictional traveler and event; real place name checked; no precise historical, numerical, medical, or time-sensitive claim identified","","","2026-09-14","No external proposition required verification after the fiction or hypothetical framing was made explicit."
"s1585","8","Travel and culture","The Guide Who Changed the Route","verified-no-external-claims","fictional traveler and event; real place name checked; no precise historical, numerical, medical, or time-sensitive claim identified","","","2026-09-14","No external proposition required verification after the fiction or hypothetical framing was made explicit."
"s1586","9","Travel and culture","The Language of the Market Scale","verified-no-external-claims","fictional traveler and event; real place name checked; no precise historical, numerical, medical, or time-sensitive claim identified","","","2026-09-14","No external proposition required verification after the fiction or hypothetical framing was made explicit."
"s1587","9","Travel and culture","The Empty Beach Photograph","verified-no-external-claims","fictional traveler and event; real place name checked; no precise historical, numerical, medical, or time-sensitive claim identified","","","2026-09-14","No external proposition required verification after the fiction or hypothetical framing was made explicit."
"s1588","9","Travel and culture","The Guest Room and the Water Tank","verified-no-external-claims","fictional traveler and event; real place name checked; no precise historical, numerical, medical, or time-sensitive claim identified","","","2026-09-14","No external proposition required verification after the fiction or hypothetical framing was made explicit."
"s1589","9","Travel and culture","The Monument After Sunset","verified-no-external-claims","fictional traveler and event; real place name checked; no precise historical, numerical, medical, or time-sensitive claim identified","","","2026-09-14","No external proposition required verification after the fiction or hypothetical framing was made explicit."
"s1590","9","Travel and culture","The Borrowed Bicycle Rule","verified-no-external-claims","fictional traveler and event; real place name checked; no precise historical, numerical, medical, or time-sensitive claim identified","","","2026-09-14","No external proposition required verification after the fiction or hypothetical framing was made explicit."
"s1591","10","Travel and culture","The Village Name on Two Maps","verified-no-external-claims","fictional traveler and event; real place name checked; no precise historical, numerical, medical, or time-sensitive claim identified","","","2026-09-14","No external proposition required verification after the fiction or hypothetical framing was made explicit."
"s1592","10","Travel and culture","The Souvenir Made Next Door","verified-no-external-claims","fictional traveler and event; real place name checked; no precise historical, numerical, medical, or time-sensitive claim identified","","","2026-09-14","No external proposition required verification after the fiction or hypothetical framing was made explicit."
"s1593","10","Travel and culture","The Trail Closed for Ceremony","verified-no-external-claims","fictional traveler and event; real place name checked; no precise historical, numerical, medical, or time-sensitive claim identified","","","2026-09-14","No external proposition required verification after the fiction or hypothetical framing was made explicit."
"s1594","10","Travel and culture","The Interpreter's Day Off","verified-no-external-claims","fictional traveler and event; real place name checked; no precise historical, numerical, medical, or time-sensitive claim identified","","","2026-09-14","No external proposition required verification after the fiction or hypothetical framing was made explicit."
"s1595","10","Travel and culture","The Airport Beyond the Postcard","verified-no-external-claims","fictional traveler and event; real place name checked; no precise historical, numerical, medical, or time-sensitive claim identified","","","2026-09-14","No external proposition required verification after the fiction or hypothetical framing was made explicit."
"s1596","8","People and biography","Mara Ellis: Designing with Floodwater","verified-no-external-claims","explicit fiction or hypothetical scenario; checked for accidental real-person, event, numerical, medical, historical, and time-sensitive claims","","","2026-09-14","No external proposition required verification after the fiction or hypothetical framing was made explicit."
"s1597","8","People and biography","Tomas Adeyemi: The Language of Soil","verified-no-external-claims","explicit fiction or hypothetical scenario; checked for accidental real-person, event, numerical, medical, historical, and time-sensitive claims","","","2026-09-14","No external proposition required verification after the fiction or hypothetical framing was made explicit."
"s1598","8","People and biography","Keira Novak: Repairing the Night Sky","verified-no-external-claims","explicit fiction or hypothetical scenario; checked for accidental real-person, event, numerical, medical, historical, and time-sensitive claims","","","2026-09-14","No external proposition required verification after the fiction or hypothetical framing was made explicit."
"s1599","8","People and biography","Hassan Vale: An Archive of Work Songs","verified-no-external-claims","explicit fiction or hypothetical scenario; checked for accidental real-person, event, numerical, medical, historical, and time-sensitive claims","","","2026-09-14","No external proposition required verification after the fiction or hypothetical framing was made explicit."
"s1600","8","People and biography","Evelyn Park: The Small Hospital Network","verified-no-external-claims","explicit fiction or hypothetical scenario; checked for accidental real-person, event, numerical, medical, historical, and time-sensitive claims","","","2026-09-14","No external proposition required verification after the fiction or hypothetical framing was made explicit."
"s1601","9","People and biography","Rico Santos: Mapping Heat Block by Block","verified-no-external-claims","explicit fiction or hypothetical scenario; checked for accidental real-person, event, numerical, medical, historical, and time-sensitive claims","","","2026-09-14","No external proposition required verification after the fiction or hypothetical framing was made explicit."
"s1602","9","People and biography","Anya Feld: The Orchestra Without a Hall","verified-no-external-claims","explicit fiction or hypothetical scenario; checked for accidental real-person, event, numerical, medical, historical, and time-sensitive claims","","","2026-09-14","No external proposition required verification after the fiction or hypothetical framing was made explicit."
"s1603","9","People and biography","Malik Chen: Making Batteries Repairable","verified-no-external-claims","explicit fiction or hypothetical scenario; checked for accidental real-person, event, numerical, medical, historical, and time-sensitive claims","","","2026-09-14","No external proposition required verification after the fiction or hypothetical framing was made explicit."
"s1604","9","People and biography","Isabel Romero: The Courtroom in Plain Words","verified-no-external-claims","explicit fiction or hypothetical scenario; checked for accidental real-person, event, numerical, medical, historical, and time-sensitive claims","","","2026-09-14","No external proposition required verification after the fiction or hypothetical framing was made explicit."
"s1605","9","People and biography","Noor Ibrahim: Keeping the River Public","verified-no-external-claims","explicit fiction or hypothetical scenario; checked for accidental real-person, event, numerical, medical, historical, and time-sensitive claims","","","2026-09-14","No external proposition required verification after the fiction or hypothetical framing was made explicit."
"s1606","10","People and biography","Akira Bell: The Ethics of a Useful Robot","verified-no-external-claims","explicit fiction or hypothetical scenario; checked for accidental real-person, event, numerical, medical, historical, and time-sensitive claims","","","2026-09-14","No external proposition required verification after the fiction or hypothetical framing was made explicit."
"s1607","10","People and biography","Lina Okoye: Seeds Across a Border","verified-no-external-claims","explicit fiction or hypothetical scenario; checked for accidental real-person, event, numerical, medical, historical, and time-sensitive claims","","","2026-09-14","No external proposition required verification after the fiction or hypothetical framing was made explicit."
"s1608","10","People and biography","Jonas Reed: The Unfinished Memorial","verified-no-external-claims","explicit fiction or hypothetical scenario; checked for accidental real-person, event, numerical, medical, historical, and time-sensitive claims","","","2026-09-14","No external proposition required verification after the fiction or hypothetical framing was made explicit."
"s1609","10","People and biography","Priya Nordin: A Census of the Uncounted","verified-no-external-claims","explicit fiction or hypothetical scenario; checked for accidental real-person, event, numerical, medical, historical, and time-sensitive claims","","","2026-09-14","No external proposition required verification after the fiction or hypothetical framing was made explicit."
"s1610","10","People and biography","Mateo Quinn: Restoring More Than a Building","verified-no-external-claims","explicit fiction or hypothetical scenario; checked for accidental real-person, event, numerical, medical, historical, and time-sensitive claims","","","2026-09-14","No external proposition required verification after the fiction or hypothetical framing was made explicit."
"s1611","1","Fantasy/stories","A Room Inside Mina's Coat","verified-no-external-claims","explicit fiction or hypothetical scenario; checked for accidental real-person, event, numerical, medical, historical, and time-sensitive claims","","","2026-09-14","No external proposition required verification after the fiction or hypothetical framing was made explicit."
"s1612","1","Nature and animals","A Crab Finds Shade","verified-against-authoritative-source","factual statements, mechanism, causal strength, terminology, and stated uncertainty","NOAA Ocean Service: Ocean Facts","https://oceanservice.noaa.gov/facts/","2026-09-14","Marine biology, ocean processes, and limits or qualifications attached to the claim."
"s1613","1","World affairs","Two Streets Share a Bus","verified-against-authoritative-source","factual statements, mechanism, causal strength, terminology, and stated uncertainty","World Bank: Urban Development","https://www.worldbank.org/en/topic/urbandevelopment","2026-09-14","Urban infrastructure, public services, housing, and policy trade-offs."
"s1614","1","Everyday life","Lunch for the New Student","verified-no-external-claims","explicit fiction or hypothetical scenario; checked for accidental real-person, event, numerical, medical, historical, and time-sensitive claims","","","2026-09-14","No external proposition required verification after the fiction or hypothetical framing was made explicit."
"s1615","1","History","Marks in Wet Clay","verified-against-authoritative-source","factual statements, mechanism, causal strength, terminology, and stated uncertainty","The Metropolitan Museum of Art: Heilbrunn Timeline of Art History","https://www.metmuseum.org/toah/","2026-09-14","Ancient material culture, writing, trade, daily life, and chronology."
"s1616","1","Science","The Cup That Sweats","verified-against-authoritative-source","factual statements, mechanism, causal strength, terminology, and stated uncertainty","NIST Chemistry WebBook","https://webbook.nist.gov/chemistry/","2026-09-14","Chemical identity, material properties, reactions, and measurement terminology."
"s1617","1","Famous books","Peter Comes Home","verified-against-primary-text","characters, sequence, principal action, outcome, and source-work attribution","Project Gutenberg: The Tale of Peter Rabbit","https://www.gutenberg.org/ebooks/14838","2026-09-14","Primary-text comparison of characters, sequence, principal action, outcome, and source-work attribution."
"s1618","1","Mystery and adventure","A Kitten Behind the Wall","verified-no-external-claims","explicit fiction or hypothetical scenario; checked for accidental real-person, event, numerical, medical, historical, and time-sensitive claims","","","2026-09-14","No external proposition required verification after the fiction or hypothetical framing was made explicit."
"s1619","1","Travel and culture","Breakfast at the River Stop","verified-no-external-claims","fictional traveler and event; real place name checked; no precise historical, numerical, medical, or time-sensitive claim identified","","","2026-09-14","No external proposition required verification after the fiction or hypothetical framing was made explicit."
"s1620","1","People and biography","Lena Fixes Small Things","verified-no-external-claims","explicit fiction or hypothetical scenario; checked for accidental real-person, event, numerical, medical, historical, and time-sensitive claims","","","2026-09-14","No external proposition required verification after the fiction or hypothetical framing was made explicit."
"s1621","2","Fantasy/stories","The Cloud Baker","verified-no-external-claims","explicit fiction or hypothetical scenario; checked for accidental real-person, event, numerical, medical, historical, and time-sensitive claims","","","2026-09-14","No external proposition required verification after the fiction or hypothetical framing was made explicit."
"s1622","2","Nature and animals","Why Otters Hold Hands","verified-against-authoritative-source","factual statements, mechanism, causal strength, terminology, and stated uncertainty","Smithsonian's National Zoo & Conservation Biology Institute: Animals","https://nationalzoo.si.edu/animals","2026-09-14","Animal anatomy, behavior, life history, and species-level terminology."
"s1623","2","World affairs","The Library After Dark","verified-against-authoritative-source","factual statements, mechanism, causal strength, terminology, and stated uncertainty","UNESCO: Education","https://www.unesco.org/en/education","2026-09-14","Education access, language, public services, and institutional context."
"s1624","2","Everyday life","A Quiet Table for Grandfather","verified-no-external-claims","explicit fiction or hypothetical scenario; checked for accidental real-person, event, numerical, medical, historical, and time-sensitive claims","","","2026-09-14","No external proposition required verification after the fiction or hypothetical framing was made explicit."
"s1625","2","History","A Road Across the Andes","verified-against-authoritative-source","factual statements, mechanism, causal strength, terminology, and stated uncertainty","Smithsonian Institution: History, Travel, Arts, Science, People, Places","https://www.si.edu/spotlight","2026-09-14","Material culture, travel, exchange, navigation, and the limits of reconstructed scenes."
"s1626","2","Science","A Spoon Looks Bent","verified-against-authoritative-source","factual statements, mechanism, causal strength, terminology, and stated uncertainty","OpenStax: Physics","https://openstax.org/details/books/physics","2026-09-14","Established physics principles, definitions, mechanisms, and scale."
"s1627","2","Famous books","The Lion and the Small Helper","verified-against-primary-text","characters, sequence, principal action, outcome, and source-work attribution","Project Gutenberg: Aesop's Fables","https://www.gutenberg.org/ebooks/11339","2026-09-14","Primary-text comparison of characters, sequence, principal action, outcome, and source-work attribution."
"s1628","2","Mystery and adventure","Water Marks in the School Hall","verified-no-external-claims","explicit fiction or hypothetical scenario; checked for accidental real-person, event, numerical, medical, historical, and time-sensitive claims","","","2026-09-14","No external proposition required verification after the fiction or hypothetical framing was made explicit."
"s1629","2","Travel and culture","The Red Thread Market","verified-no-external-claims","fictional traveler and event; real place name checked; no precise historical, numerical, medical, or time-sensitive claim identified","","","2026-09-14","No external proposition required verification after the fiction or hypothetical framing was made explicit."
"s1630","2","People and biography","Omar and the Talking Map","verified-no-external-claims","explicit fiction or hypothetical scenario; checked for accidental real-person, event, numerical, medical, historical, and time-sensitive claims","","","2026-09-14","No external proposition required verification after the fiction or hypothetical framing was made explicit."
"s1631","3","Fantasy/stories","Moon-Walking Beans","verified-no-external-claims","explicit fiction or hypothetical scenario; checked for accidental real-person, event, numerical, medical, historical, and time-sensitive claims","","","2026-09-14","No external proposition required verification after the fiction or hypothetical framing was made explicit."
"s1632","3","Nature and animals","The Frog's Winter Room","verified-against-authoritative-source","factual statements, mechanism, causal strength, terminology, and stated uncertainty","U.S. Geological Survey: Animal Migration","https://www.usgs.gov/programs/ecosystems/science/animal-migration","2026-09-14","Migration, orientation, tracking evidence, and environmental limits."
"s1633","3","World affairs","The Empty Water Tanks","verified-against-authoritative-source","factual statements, mechanism, causal strength, terminology, and stated uncertainty","United Nations Environment Programme","https://www.unep.org/explore-topics","2026-09-14","Environmental governance, resources, climate, waste, and limits of proposed interventions."
"s1634","3","Everyday life","Niko Learns to Repair","verified-no-external-claims","explicit fiction or hypothetical scenario; checked for accidental real-person, event, numerical, medical, historical, and time-sensitive claims","","","2026-09-14","No external proposition required verification after the fiction or hypothetical framing was made explicit."
"s1635","3","History","Messages on the Silk Roads","verified-against-authoritative-source","factual statements, mechanism, causal strength, terminology, and stated uncertainty","Smithsonian Institution: History, Travel, Arts, Science, People, Places","https://www.si.edu/spotlight","2026-09-14","Material culture, travel, exchange, navigation, and the limits of reconstructed scenes."
"s1636","3","Science","How Soap Moves Grease","verified-against-authoritative-source","factual statements, mechanism, causal strength, terminology, and stated uncertainty","NIST Chemistry WebBook","https://webbook.nist.gov/chemistry/","2026-09-14","Chemical identity, material properties, reactions, and measurement terminology."
"s1637","3","Famous books","Mary Opens the Hidden Garden","verified-against-primary-text","characters, sequence, principal action, outcome, and source-work attribution","Project Gutenberg: The Secret Garden","https://www.gutenberg.org/ebooks/17396","2026-09-14","Primary-text comparison of characters, sequence, principal action, outcome, and source-work attribution."
"s1638","3","Mystery and adventure","The Map in the Flour","verified-no-external-claims","explicit fiction or hypothetical scenario; checked for accidental real-person, event, numerical, medical, historical, and time-sensitive claims","","","2026-09-14","No external proposition required verification after the fiction or hypothetical framing was made explicit."
"s1639","3","Travel and culture","A Song for the Ferry","verified-no-external-claims","fictional traveler and event; real place name checked; no precise historical, numerical, medical, or time-sensitive claim identified","","","2026-09-14","No external proposition required verification after the fiction or hypothetical framing was made explicit."
"s1640","3","People and biography","Mei Builds a Seed Shelf","verified-no-external-claims","explicit fiction or hypothetical scenario; checked for accidental real-person, event, numerical, medical, historical, and time-sensitive claims","","","2026-09-14","No external proposition required verification after the fiction or hypothetical framing was made explicit."
"s1641","4","Fantasy/stories","The Ferryman of Sleeping Words","verified-no-external-claims","explicit fiction or hypothetical scenario; checked for accidental real-person, event, numerical, medical, historical, and time-sensitive claims","","","2026-09-14","No external proposition required verification after the fiction or hypothetical framing was made explicit."
"s1642","4","Nature and animals","A Forest Made by Elephants","verified-against-authoritative-source","factual statements, mechanism, causal strength, terminology, and stated uncertainty","U.S. National Park Service: Nature & Science","https://www.nps.gov/subjects/nnlandmarks/naturescience.htm","2026-09-14","Ecosystem processes, conservation context, and multi-cause cautions."
"s1643","4","World affairs","A Vote for the Old Station","verified-against-authoritative-source","factual statements, mechanism, causal strength, terminology, and stated uncertainty","World Bank: Understanding Poverty","https://www.worldbank.org/en/understanding-poverty","2026-09-14","Economic mechanisms, livelihoods, distributional effects, and policy uncertainty."
"s1644","4","Everyday life","Three Ways to Say Sorry","verified-no-external-claims","explicit fiction or hypothetical scenario; checked for accidental real-person, event, numerical, medical, historical, and time-sensitive claims","","","2026-09-14","No external proposition required verification after the fiction or hypothetical framing was made explicit."
"s1645","4","History","The Coffeehouses of London","verified-against-authoritative-source","factual statements, mechanism, causal strength, terminology, and stated uncertainty","Smithsonian Institution: Smithsonian Learning Lab","https://learninglab.si.edu/","2026-09-14","Social and cultural history, objects, everyday practices, and interpretive cautions."
"s1646","4","Science","Why Bridges Need Room to Move","verified-against-authoritative-source","factual statements, mechanism, causal strength, terminology, and stated uncertainty","NIST Chemistry WebBook","https://webbook.nist.gov/chemistry/","2026-09-14","Chemical identity, material properties, reactions, and measurement terminology."
"s1647","4","Famous books","Dorothy and Three Travelers","verified-against-primary-text","characters, sequence, principal action, outcome, and source-work attribution","Project Gutenberg: The Wonderful Wizard of Oz","https://www.gutenberg.org/ebooks/55","2026-09-14","Primary-text comparison of characters, sequence, principal action, outcome, and source-work attribution."
"s1648","4","Mystery and adventure","The Lighthouse Without a Keeper","verified-no-external-claims","explicit fiction or hypothetical scenario; checked for accidental real-person, event, numerical, medical, historical, and time-sensitive claims","","","2026-09-14","No external proposition required verification after the fiction or hypothetical framing was made explicit."
"s1649","4","Travel and culture","The Courtyard Cinema","verified-no-external-claims","fictional traveler and event; real place name checked; no precise historical, numerical, medical, or time-sensitive claim identified","","","2026-09-14","No external proposition required verification after the fiction or hypothetical framing was made explicit."
"s1650","4","People and biography","Theo Counts the Night Sky","verified-no-external-claims","explicit fiction or hypothetical scenario; checked for accidental real-person, event, numerical, medical, historical, and time-sensitive claims","","","2026-09-14","No external proposition required verification after the fiction or hypothetical framing was made explicit."
"s1651","5","Fantasy/stories","Mara's Ticket to the Dream Museum","verified-no-external-claims","explicit fiction or hypothetical scenario; checked for accidental real-person, event, numerical, medical, historical, and time-sensitive claims","","","2026-09-14","No external proposition required verification after the fiction or hypothetical framing was made explicit."
"s1652","5","Nature and animals","The Night Work of Moths","verified-against-authoritative-source","factual statements, mechanism, causal strength, terminology, and stated uncertainty","USDA Forest Service Research and Development","https://research.fs.usda.gov/","2026-09-14","Plant, forest, fungal, fire, and below-ground ecological processes."
"s1653","5","World affairs","The Market's Common Refrigerator","verified-against-authoritative-source","factual statements, mechanism, causal strength, terminology, and stated uncertainty","World Bank: Urban Development","https://www.worldbank.org/en/topic/urbandevelopment","2026-09-14","Urban infrastructure, public services, housing, and policy trade-offs."
"s1654","5","Everyday life","Four Colors for Family Care","verified-no-external-claims","explicit fiction or hypothetical scenario; checked for accidental real-person, event, numerical, medical, historical, and time-sensitive claims","","","2026-09-14","No external proposition required verification after the fiction or hypothetical framing was made explicit."
"s1655","5","History","When Maps Put South at the Top","verified-against-authoritative-source","factual statements, mechanism, causal strength, terminology, and stated uncertainty","Smithsonian Institution: Smithsonian Learning Lab","https://learninglab.si.edu/","2026-09-14","Social and cultural history, objects, everyday practices, and interpretive cautions."
"s1656","5","Science","The Memory in a Metal Clip","verified-against-authoritative-source","factual statements, mechanism, causal strength, terminology, and stated uncertainty","NIST Chemistry WebBook","https://webbook.nist.gov/chemistry/","2026-09-14","Chemical identity, material properties, reactions, and measurement terminology."
"s1657","5","Famous books","Alice at the Queen's Game","verified-against-primary-text","characters, sequence, principal action, outcome, and source-work attribution","Project Gutenberg: Alice's Adventures in Wonderland","https://www.gutenberg.org/ebooks/11","2026-09-14","Primary-text comparison of characters, sequence, principal action, outcome, and source-work attribution."
"s1658","5","Mystery and adventure","Clocks Corrected the Wrong Way","verified-no-external-claims","explicit fiction or hypothetical scenario; checked for accidental real-person, event, numerical, medical, historical, and time-sensitive claims","","","2026-09-14","No external proposition required verification after the fiction or hypothetical framing was made explicit."
"s1659","5","Travel and culture","A Library on the Night Train","verified-no-external-claims","fictional traveler and event; real place name checked; no precise historical, numerical, medical, or time-sensitive claim identified","","","2026-09-14","No external proposition required verification after the fiction or hypothetical framing was made explicit."
"s1660","5","People and biography","Amara Listens Before Building","verified-no-external-claims","explicit fiction or hypothetical scenario; checked for accidental real-person, event, numerical, medical, historical, and time-sensitive claims","","","2026-09-14","No external proposition required verification after the fiction or hypothetical framing was made explicit."
"s1661","6","Fantasy/stories","The Cartographer of Echoes","verified-no-external-claims","explicit fiction or hypothetical scenario; checked for accidental real-person, event, numerical, medical, historical, and time-sensitive claims","","","2026-09-14","No external proposition required verification after the fiction or hypothetical framing was made explicit."
"s1662","6","Nature and animals","How Trees Share a City Block","verified-against-authoritative-source","factual statements, mechanism, causal strength, terminology, and stated uncertainty","U.S. National Park Service: Nature & Science","https://www.nps.gov/subjects/nnlandmarks/naturescience.htm","2026-09-14","Ecosystem processes, conservation context, and multi-cause cautions."
"s1663","6","World affairs","Who Owns the Weather Data?","verified-against-authoritative-source","factual statements, mechanism, causal strength, terminology, and stated uncertainty","World Bank: Understanding Poverty","https://www.worldbank.org/en/understanding-poverty","2026-09-14","Economic mechanisms, livelihoods, distributional effects, and policy uncertainty."
"s1664","6","Everyday life","The Roommate Meeting Without a Winner","verified-no-external-claims","explicit fiction or hypothetical scenario; checked for accidental real-person, event, numerical, medical, historical, and time-sensitive claims","","","2026-09-14","No external proposition required verification after the fiction or hypothetical framing was made explicit."
"s1665","6","History","The Strike of the Match Workers","verified-against-authoritative-source","factual statements, mechanism, causal strength, terminology, and stated uncertainty","U.S. National Archives: Research Our Records","https://www.archives.gov/research","2026-09-14","Primary-record context for conflict, institutions, social change, and archival limits."
"s1666","6","Science","A Battery Made by Moving Ions","verified-against-authoritative-source","factual statements, mechanism, causal strength, terminology, and stated uncertainty","NIST Chemistry WebBook","https://webbook.nist.gov/chemistry/","2026-09-14","Chemical identity, material properties, reactions, and measurement terminology."
"s1667","6","Famous books","Jim Hears the Apple Fall","verified-against-primary-text","characters, sequence, principal action, outcome, and source-work attribution","Project Gutenberg: Treasure Island","https://www.gutenberg.org/ebooks/120","2026-09-14","Primary-text comparison of characters, sequence, principal action, outcome, and source-work attribution."
"s1668","6","Mystery and adventure","The Compass in the Archive","verified-no-external-claims","explicit fiction or hypothetical scenario; checked for accidental real-person, event, numerical, medical, historical, and time-sensitive claims","","","2026-09-14","No external proposition required verification after the fiction or hypothetical framing was made explicit."
"s1669","6","Travel and culture","The Mountain Post Office","verified-no-external-claims","fictional traveler and event; real place name checked; no precise historical, numerical, medical, or time-sensitive claim identified","","","2026-09-14","No external proposition required verification after the fiction or hypothetical framing was made explicit."
"s1670","6","People and biography","Rosa Makes Numbers Visible","verified-no-external-claims","explicit fiction or hypothetical scenario; checked for accidental real-person, event, numerical, medical, historical, and time-sensitive claims","","","2026-09-14","No external proposition required verification after the fiction or hypothetical framing was made explicit."
"s1671","7","Fantasy/stories","Veyra Spends Its Spring","verified-no-external-claims","explicit fiction or hypothetical scenario; checked for accidental real-person, event, numerical, medical, historical, and time-sensitive claims","","","2026-09-14","No external proposition required verification after the fiction or hypothetical framing was made explicit."
"s1672","7","Nature and animals","How Beavers Reshape a Valley","verified-against-authoritative-source","factual statements, mechanism, causal strength, terminology, and stated uncertainty","U.S. National Park Service: Nature & Science","https://www.nps.gov/subjects/nnlandmarks/naturescience.htm","2026-09-14","Ecosystem processes, conservation context, and multi-cause cautions."
"s1673","7","World affairs","The Price of a Free School Meal","verified-against-authoritative-source","factual statements, mechanism, causal strength, terminology, and stated uncertainty","UNESCO: Education","https://www.unesco.org/en/education","2026-09-14","Education access, language, public services, and institutional context."
"s1674","7","Everyday life","The Family Photograph Nobody Wanted","verified-no-external-claims","explicit fiction or hypothetical scenario; checked for accidental real-person, event, numerical, medical, historical, and time-sensitive claims","","","2026-09-14","No external proposition required verification after the fiction or hypothetical framing was made explicit."
"s1675","7","History","Paper, Print, and the Korean Metal Type","verified-against-authoritative-source","factual statements, mechanism, causal strength, terminology, and stated uncertainty","Library of Congress: Digital Collections","https://www.loc.gov/collections/","2026-09-14","Documents and collections concerning industry, communication, labor, and technological change."
"s1676","7","Science","Why Concrete Can Heal Small Cracks","verified-against-authoritative-source","factual statements, mechanism, causal strength, terminology, and stated uncertainty","NIST Chemistry WebBook","https://webbook.nist.gov/chemistry/","2026-09-14","Chemical identity, material properties, reactions, and measurement terminology."
"s1677","7","Famous books","The Traveler from the Distant Future","verified-against-primary-text","characters, sequence, principal action, outcome, and source-work attribution","Project Gutenberg: The Time Machine","https://www.gutenberg.org/ebooks/35","2026-09-14","Primary-text comparison of characters, sequence, principal action, outcome, and source-work attribution."
"s1678","7","Mystery and adventure","The Radio Call from Dry Land","verified-no-external-claims","explicit fiction or hypothetical scenario; checked for accidental real-person, event, numerical, medical, historical, and time-sensitive claims","","","2026-09-14","No external proposition required verification after the fiction or hypothetical framing was made explicit."
"s1679","7","Travel and culture","The Language of Shared Gardens","verified-no-external-claims","fictional traveler and event; real place name checked; no precise historical, numerical, medical, or time-sensitive claim identified","","","2026-09-14","No external proposition required verification after the fiction or hypothetical framing was made explicit."
"s1680","7","People and biography","Jonas Opens the Workshop Door","verified-no-external-claims","explicit fiction or hypothetical scenario; checked for accidental real-person, event, numerical, medical, historical, and time-sensitive claims","","","2026-09-14","No external proposition required verification after the fiction or hypothetical framing was made explicit."
"s1681","8","Fantasy/stories","The Ministry of Lost Shadows","verified-no-external-claims","explicit fiction or hypothetical scenario; checked for accidental real-person, event, numerical, medical, historical, and time-sensitive claims","","","2026-09-14","No external proposition required verification after the fiction or hypothetical framing was made explicit."
"s1682","8","Nature and animals","The Hidden Routes of Fungal Spores","verified-against-authoritative-source","factual statements, mechanism, causal strength, terminology, and stated uncertainty","USDA Forest Service Research and Development","https://research.fs.usda.gov/","2026-09-14","Plant, forest, fungal, fire, and below-ground ecological processes."
"s1683","8","World affairs","The Algorithm at the Housing Desk","verified-against-authoritative-source","factual statements, mechanism, causal strength, terminology, and stated uncertainty","World Bank: Urban Development","https://www.worldbank.org/en/topic/urbandevelopment","2026-09-14","Urban infrastructure, public services, housing, and policy trade-offs."
"s1684","8","Everyday life","The Inheritance of Thirty Teacups","verified-no-external-claims","explicit fiction or hypothetical scenario; checked for accidental real-person, event, numerical, medical, historical, and time-sensitive claims","","","2026-09-14","No external proposition required verification after the fiction or hypothetical framing was made explicit."
"s1685","8","History","The Port That Quarantined Its Letters","verified-against-authoritative-source","factual statements, mechanism, causal strength, terminology, and stated uncertainty","Smithsonian Institution: Smithsonian Learning Lab","https://learninglab.si.edu/","2026-09-14","Social and cultural history, objects, everyday practices, and interpretive cautions."
"s1686","8","Science","Listening to a Bridge with Sensors","verified-against-authoritative-source","factual statements, mechanism, causal strength, terminology, and stated uncertainty","NIST: Measurement Uncertainty","https://physics.nist.gov/cuu/Uncertainty/","2026-09-14","Measurement, error, uncertainty, models, and interpretation of results."
"s1687","8","Famous books","Elizabeth Doubts Her First Impression","verified-against-primary-text","characters, sequence, principal action, outcome, and source-work attribution","Project Gutenberg: Pride and Prejudice","https://www.gutenberg.org/ebooks/1342","2026-09-14","Primary-text comparison of characters, sequence, principal action, outcome, and source-work attribution."
"s1688","8","Mystery and adventure","The Glacier Camera","verified-no-external-claims","explicit fiction or hypothetical scenario; checked for accidental real-person, event, numerical, medical, historical, and time-sensitive claims","","","2026-09-14","No external proposition required verification after the fiction or hypothetical framing was made explicit."
"s1689","8","Travel and culture","An Evening in the House of Wind","verified-no-external-claims","fictional traveler and event; real place name checked; no precise historical, numerical, medical, or time-sensitive claim identified","","","2026-09-14","No external proposition required verification after the fiction or hypothetical framing was made explicit."
"s1690","8","People and biography","Lin's Clinic on Wheels","verified-no-external-claims","explicit fiction or hypothetical scenario; checked for accidental real-person, event, numerical, medical, historical, and time-sensitive claims","","","2026-09-14","No external proposition required verification after the fiction or hypothetical framing was made explicit."
"s1691","9","Fantasy/stories","The Republic of Second Names","verified-no-external-claims","explicit fiction or hypothetical scenario; checked for accidental real-person, event, numerical, medical, historical, and time-sensitive claims","","","2026-09-14","No external proposition required verification after the fiction or hypothetical framing was made explicit."
"s1692","9","Nature and animals","What Survives a Marine Heatwave","verified-against-authoritative-source","factual statements, mechanism, causal strength, terminology, and stated uncertainty","NOAA Ocean Service: Ocean Facts","https://oceanservice.noaa.gov/facts/","2026-09-14","Marine biology, ocean processes, and limits or qualifications attached to the claim."
"s1693","9","World affairs","The Border River During Drought","verified-against-authoritative-source","factual statements, mechanism, causal strength, terminology, and stated uncertainty","United Nations Environment Programme","https://www.unep.org/explore-topics","2026-09-14","Environmental governance, resources, climate, waste, and limits of proposed interventions."
"s1694","9","Everyday life","The Cost of Being the Reliable Friend","verified-no-external-claims","explicit fiction or hypothetical scenario; checked for accidental real-person, event, numerical, medical, historical, and time-sensitive claims","","","2026-09-14","No external proposition required verification after the fiction or hypothetical framing was made explicit."
"s1695","9","History","The Census and the Making of Categories","verified-against-authoritative-source","factual statements, mechanism, causal strength, terminology, and stated uncertainty","Library of Congress: Digital Collections","https://www.loc.gov/collections/","2026-09-14","Institutional, constitutional, political, and administrative historical evidence."
"s1696","9","Science","The Uncertainty Inside a Flood Map","verified-against-authoritative-source","factual statements, mechanism, causal strength, terminology, and stated uncertainty","NIST: Measurement Uncertainty","https://physics.nist.gov/cuu/Uncertainty/","2026-09-14","Measurement, error, uncertainty, models, and interpretation of results."
"s1697","9","Famous books","Ahab and the Meaning of the White Whale","verified-against-primary-text","characters, sequence, principal action, outcome, and source-work attribution","Project Gutenberg: Moby-Dick","https://www.gutenberg.org/ebooks/2701","2026-09-14","Primary-text comparison of characters, sequence, principal action, outcome, and source-work attribution."
"s1698","9","Mystery and adventure","The Archive with Two Midnights","verified-no-external-claims","explicit fiction or hypothetical scenario; checked for accidental real-person, event, numerical, medical, historical, and time-sensitive claims","","","2026-09-14","No external proposition required verification after the fiction or hypothetical framing was made explicit."
"s1699","9","Travel and culture","The Festival After the Tour Buses","verified-no-external-claims","fictional traveler and event; real place name checked; no precise historical, numerical, medical, or time-sensitive claim identified","","","2026-09-14","No external proposition required verification after the fiction or hypothetical framing was made explicit."
"s1700","9","People and biography","Nadia Designs for Repair","verified-no-external-claims","explicit fiction or hypothetical scenario; checked for accidental real-person, event, numerical, medical, historical, and time-sensitive claims","","","2026-09-14","No external proposition required verification after the fiction or hypothetical framing was made explicit."
"s1701","10","Fantasy/stories","The Parliament Beneath the Orchard","verified-no-external-claims","explicit fiction or hypothetical scenario; checked for accidental real-person, event, numerical, medical, historical, and time-sensitive claims","","","2026-09-14","No external proposition required verification after the fiction or hypothetical framing was made explicit."
"s1702","10","Nature and animals","Rewilding Without an Imagined Past","verified-against-authoritative-source","factual statements, mechanism, causal strength, terminology, and stated uncertainty","U.S. National Park Service: Nature & Science","https://www.nps.gov/subjects/nnlandmarks/naturescience.htm","2026-09-14","Ecosystem processes, conservation context, and multi-cause cautions."
"s1703","10","World affairs","Debt Relief After the Cyclone","verified-against-authoritative-source","factual statements, mechanism, causal strength, terminology, and stated uncertainty","United Nations Environment Programme","https://www.unep.org/explore-topics","2026-09-14","Environmental governance, resources, climate, waste, and limits of proposed interventions."
"s1704","10","Everyday life","A Marriage Measured in Invisible Work","verified-no-external-claims","explicit fiction or hypothetical scenario; checked for accidental real-person, event, numerical, medical, historical, and time-sensitive claims","","","2026-09-14","No external proposition required verification after the fiction or hypothetical framing was made explicit."
"s1705","10","History","The Archive Left by a Colonial Survey","verified-against-authoritative-source","factual statements, mechanism, causal strength, terminology, and stated uncertainty","U.S. National Archives: Research Our Records","https://www.archives.gov/research","2026-09-14","Primary-record context for conflict, institutions, social change, and archival limits."
"s1706","10","Science","What a Model Means When It Fails","verified-against-authoritative-source","factual statements, mechanism, causal strength, terminology, and stated uncertainty","NIST: Measurement Uncertainty","https://physics.nist.gov/cuu/Uncertainty/","2026-09-14","Measurement, error, uncertainty, models, and interpretation of results."
"s1707","10","Famous books","A Creature Asks for Responsibility","verified-against-primary-text","characters, sequence, principal action, outcome, and source-work attribution","Project Gutenberg: Frankenstein; or, The Modern Prometheus","https://www.gutenberg.org/ebooks/84","2026-09-14","Primary-text comparison of characters, sequence, principal action, outcome, and source-work attribution."
"s1708","10","Mystery and adventure","The Expedition That Reached Camp Twice","verified-no-external-claims","explicit fiction or hypothetical scenario; checked for accidental real-person, event, numerical, medical, historical, and time-sensitive claims","","","2026-09-14","No external proposition required verification after the fiction or hypothetical framing was made explicit."
"s1709","10","Travel and culture","The Museum Returned to the Neighborhood","verified-no-external-claims","fictional traveler and event; real place name checked; no precise historical, numerical, medical, or time-sensitive claim identified","","","2026-09-14","No external proposition required verification after the fiction or hypothetical framing was made explicit."
"s1710","10","People and biography","Elias and the Ethics of a Useful Forecast","verified-no-external-claims","explicit fiction or hypothetical scenario; checked for accidental real-person, event, numerical, medical, historical, and time-sensitive claims","","","2026-09-14","No external proposition required verification after the fiction or hypothetical framing was made explicit."
