id,title,text_sha256,status,evidence,note
s001,Lantern Keeper,70f8f101a6750505c4f22ca1a41fe546e5ad5ef1b22a90e410782691155f96c7,language-revised,fact_check_all_2000.csv#s001,"Language revision; retained/simplified narrative or source plot. Prior factual provenance retained, not a new independent source audit."
s002,How an Octopus Changes Color,e38cea1f9cb68328f1a947f354dfd62a564498c020c71c696831a412732eae7c,institutional-source-verified-editorial-review-2026-09-26,https://ocean.si.edu/ocean-life/invertebrates/how-octopuses-and-squids-change-color,"The complete explanation accurately separates visible skin change from the unresolved question of how octopuses process visual information. Chromatophores, their pigment sacs, muscular control and additional reflective skin structures agree with the Smithsonian account; the cautious final paragraph avoids claiming human-like color vision."
s003,A City Without Cars,576efb474e9a73ab0a40ca0d900e96b4f7cbaa989f7b313ab666e8aa8b0857fb,authored-fiction-or-illustration,,"The original announces a fictional policy scenario but classifies it as nonfiction, then presents invented sales reports and a “real information” conclusion as if an actual trial had been measured. Recast it as an explicitly imagined city decision; keep the business, delivery and accessibility tradeoffs, and avoid claiming a single month proves an outcome."
s004,Last Seat on the Train,fba0057b083b1b05234fc709039f33de74f0317d4cac42f24eef3b8524eeb223,inherited-v2.9.4,fact_check_all_2000.csv#s004,Unchanged text; prior editorial claim retained. Not independently rechecked in this release.
s005,Girl Who Delivered Letters,5c9ca899345c4bee9612453d87e61ea1be52d1d22f151898f2003743f085e3c3,authored-fiction-or-illustration,,"Although labeled fictional, the original asserts that historians found records of a secretly employed woman rider and a later discovered letter. No source accompanies those claims. Make the rider, company, towns and letter expressly invented and remove the purported documentary discovery, while preserving a coherent historical-style narrative and the economic motive."
s006,Why Bread Rises,3f4ef3efb0920028e2428bd666febb6cf43a0e7670ed109e3d56801cff914739,institutional-source-verified-editorial-revision-2026-09-26,https://news.wsu.edu/news/2026/05/13/dr-universe-explains-why-bread-rises-in-the-oven/; https://med.stanford.edu/nutrition/education/Resources/Fermenting-the-Facts/the-science-of-fermented-foods.html,"The original correctly identifies yeast fermentation and gas retention, but describes yeast as eating sugar “in the flour,” treats oven rise as gas expansion alone, and says the outside simply hardens to lock the shape. Revise it to distinguish available sugars, proofing, gas and steam expansion, and the setting of starch and proteins during baking."
s007,Cartographer's Mistake,ae642e146dbd90d139b6294de3ec50a128d704908509a2cf01395f439c256abe,authored-fiction-or-illustration,,"The fictional mirage has a coherent series of independent sightings, investigation and tentative explanation, but the final instruction to trust a compass rather than one’s eyes wrongly implies a compass alone determines whether land exists. Clarify that observations and bearings must be checked across journeys; the optical explanation remains a possibility rather than a proven diagnosis."
s008,How Birds Can Change Their Migration Routes,1ac3bacacb1a22d08f2790d5f1530f34c2650660e2cb7ce89f73d5fb8a17f574,institutional-source-verified-editorial-review-2026-09-26,https://www.allaboutbirds.org/news/the-basics-how-why-and-where-of-bird-migration/,"The full passage presents migration as a flexible behavior shaped by inherited orientation, experience, weather, food, social learning and changing conditions rather than as a fixed map. Cornell Lab material supports independent juvenile migration, multiple navigation cues, individual weather-related variation, artificial-light hazards and modern tracking methods; the text appropriately warns against generalizing from one journey."
s009,The Fishing Village That Said No,59cf2b9b37e984cb415a57ab1257b71b19097c1780b806952423bb55b153de9a,authored-fiction-or-illustration,,"The original fictional scenario is classified as nonfiction and ends with invented economists studying a documented case; it also implies that rejecting a processing plant by itself prevents fish depletion. Recast the village and vote as expressly imagined, distinguish processing capacity from fishing limits, and include monitoring and the economic costs of the choice."
s010,Learning to Cook From Scratch,43af8d88efa15daee4a4d5fa041990657017fca08fb0d135683f8fd132de7e6b,authored-fiction-or-illustration,,"The original narrative is coherent but describes a fixed rice-to-water ratio and adding oil only after a pan is properly hot as universal cooking rules; these vary by rice, method and pan. Replace the broad rules with concrete recipe-following and observation, retain Priya’s gradual learning, and connect the final reflection to the dinner she actually makes."
s011,Bridge Built in a Single Winter,8e2254f1152c32f7b22b927ca7be59894855ede2f897ad36a544a51cc048e72d,authored-fiction-or-illustration,,"The opening says the bridge is invented, yet the ending claims local historians still cite it. The ice-supported construction and six-year survival also imply an implausibly certain engineering outcome. Write a self-contained fictional winter footbridge with bank-supported work, an inspection and removal before thaw, preserving the workers’ need for a safer crossing without presenting a fabricated historical case."
s012,What the Brain Does During Sleep,ecaa6ae5a6fefcff2067621449e46e5a539e27d699501a8c22d1d3c8667a6284,institutional-source-verified-editorial-review-2026-09-26,https://pmc.ncbi.nlm.nih.gov/articles/PMC6281147/; https://pmc.ncbi.nlm.nih.gov/articles/PMC3880190/,"The complete explanation accurately describes sleep stages, memory support, attention and emotional effects while preserving uncertainty around brain-fluid clearance. The glymphatic paragraph correctly identifies the strongest direct clearance experiment as animal research and does not present the mechanism as a settled human “brain wash.”"
s013,Clockmaker's Apprentice,e43da1b6c3439a03f9343a3b371027c2b7d6a67adf183fec0a58b3c436ec1abb,authored-fiction-or-illustration,,"The original contains a sentence fragment (“However, in a pattern”), leaves the gear’s star pattern unexplained and ends without resolving the client’s deadline. Rebuild the clue as a deliberately engraved sky chart that helps locate a missing spring, show Teodor testing the repair and give the client a concrete reason for returning."
s014,Leafcutter Ants and Their Fungus Garden,9f0296e1fb221d3d8e38a5a6de2d5ebc00d211737da85a75f13b8fd1851c2179,institutional-source-verified-editorial-review-2026-09-26,https://journals.plos.org/plosgenetics/article?id=10.1371/journal.pgen.1002007; https://pmc.ncbi.nlm.nih.gov/articles/PMC5992151/; https://pmc.ncbi.nlm.nih.gov/articles/PMC1617182/,"The complete account correctly distinguishes the leaves used as a fungal substrate from the cultivated fungus eaten by ants, describes a queen carrying starter fungus, and limits the bacteria defense to some leafcutter relatives. The medical-use sentence remains explicitly speculative. The original leafcutter-genome study and studies of Acromyrmex defensive symbionts support the main claims; no change to the full text is needed."
s015,When a River Crosses a Border,581b0989cd8c3109b0b38a4c2389b54d727a8ac51ae0d0e5e78856a6aac3dc82,institutional-source-verified-editorial-revision-2026-09-26,https://legal.un.org/ilc/texts/instruments/english/conventions/8_3_1997.pdf,"The original overstates an absence of binding international frameworks, treats adverse dam effects as inevitable, and claims compensation is typical of successful agreements. The 1997 UN Watercourses Convention sets equitable and reasonable use, prevention of significant harm, exchange of information and notification of planned measures for its parties, while river-specific agreements vary. Replace sweeping claims with a hypothetical case and accurately bounded treaty description."
s016,Apartment Above the Bakery,6cbc162ca0cb8f4dd587c801b8343491f0660a858f37c9ebd947a8b19368f238,authored-fiction-or-illustration,,"The narrative’s basic arc is clear, but most sentences are overloaded with qualifications and the almost imperceptible kneading sounds are an odd source of lost sleep. Make the early-morning disturbance concrete, give Marcus and the baker a conversation about noise, and let the ending grow from a workable arrangement rather than passive acceptance alone."
s017,Telegraph Operator Who Changed a War,4d9814c4d6aab4bfc86492e679e35dc0758d5eaeb6a2ab111d9a66866ccf4a84,authored-fiction-or-illustration,,"The opening labels the account fictional but invents official military records, later historians and current citations, falsely implying a documented case. Remove those claims, make the war and operator openly invented, and avoid presenting a two-hour delay as certainly preventing friendly fire. Preserve the dilemma, request for clarification, and a limited outcome witnessed by the character."
s018,Spirals in Seashell Growth,a99fd03758ae508204806dea16ca38904dc0c7ebc10374f3fa5aaa068a1095b1,institutional-source-verified-editorial-review-2026-09-26,https://umdb.um.u-tokyo.ac.jp/DKankoub/Publish_db/2002Shell/02/02100.html; https://www.um.u-tokyo.ac.jp/web_museum/ouroboros/v24n2/v24n2_sato.html; https://science.nasa.gov/missions/hubble/hubble-spies-galactic-traffic-jam/; https://www.nesdis.noaa.gov/about/k-12-education/atmosphere/what-the-coriolis-effect,"The full explanation accurately describes accretion at the shell edge, the use of an approximate logarithmic or equiangular spiral for many coiled shells, limits of a mathematical model, and the lack of a common physical mechanism behind superficially similar galactic and biological spirals. University of Tokyo museum material confirms the growth and model distinction; no change is needed. NASA and NOAA also support the distinction between galactic density-wave patterns and storm circulation."
s019,Archivist's Debt,ba650b009e7c8a00c550c9abc390e63c05597c097145a197994dc5be981cb5c0,authored-fiction-or-illustration,,"The original spends its length setting up the cipher and locked room, then withholds what Ilsabet discovers, so neither the debt nor her changed behavior is intelligible. Give the old promise a concrete object, let the key date follow from the deciphered record, and show her decision to make suppressed testimony accessible."
s020,Life Around Deep-Sea Hydrothermal Vents,fbafa08d1d0b149a492b555a85f56d662e3964f80cdff9bd5fe0f811d4f81266,institutional-source-verified-editorial-review-2026-09-26,https://oceanexplorer.noaa.gov/explainers/marine-life/; https://oceanexplorer.noaa.gov/expedition-feature/22escanaba-features-hydrothermal-systems/; https://www.whoi.edu/oceanus/feature/deep-sea-tubeworms-get-versatile-inside-help/; https://science.nasa.gov/resource/ingredients-for-life-at-enceladus/,"The full passage coherently traces the 1977 Pacific discovery, seawater circulation, chemosynthesis, adult tube-worm symbiosis and a carefully limited astrobiology implication. NOAA, WHOI and NASA confirm the factual claims, including blood-borne chemicals to the symbionts. Level 8 terminology is explained in sequence; the text does not imply that deep-sea animals were wholly unknown or that alien life has been found."
s021,Who Keeps the Digital Currency Record?,12c76ebdbdf1ee45c02c5f4186271cbe3394a27b5a8e286b73541310c1ee42ee,institutional-source-verified-editorial-revision-2026-09-26,https://www.bis.org/publications/aer-2018/cryptocurrencies-looking-beyond-hype; https://www.imf.org/en/blogs/articles/2021/07/26/blog-cryptoassets-as-national-currency-a-step-too-far,"The original falsely implies that governments or banks issued almost all money throughout history, treats all distributed assets as beyond concentrated influence, and overstates inflation protection and inclusion. Its sentences are unusually dense and its migration subtopic unrelated. Rewrite as a bounded explanation of permissionless ledgers, distinguish them from other digital money, qualify benefits and risks, and identify the electricity issue specifically with mining. BIS and IMF institutional analyses support the revised claims."
s022,Neighbor Who Kept Score,4a374db1ece771bc8822b1e93585ef30be96c6cb71adfcff12264c5e8085d2cd,authored-fiction-or-illustration,,The original finds an empathetic motive for Hendricks’s notes but leaves Renata’s anxiety and the intrusive behavior largely unchanged. Retain the outage and bereavement while having the neighbors agree on a shared channel for genuine building concerns and a limit on personal notes.
s023,Committee That Erased Itself,20d13e3e7305af41623cab41ee606bdb6a2a8aa4d653362b41e5ab46604a3c5e,authored-fiction-or-illustration,,"The piece calls itself fictional yet states that government historians later studied a particular commission, presenting a fabricated event as recorded history. Its authority problem also needs a concrete procedure. Frame the account as an invented government, pause the destruction of records, obtain legal advice and show the council closing the group while preserving its report."
s024,The Memory That Isn't Where You Think It Is,ea197a37d95becd5b62494e31e77ccad8fa730068c9828fce737f55134c9d885,inherited-v2.9.4,fact_check_all_2000.csv#s024,Unchanged text; prior editorial claim retained. Not independently rechecked in this release.
s025,Baker Who Whispered to Bread,facda97b4a72cc97dc96fa27bbf2ade7b294ceb403c9f78f85edf7f348e4de99,authored-fiction-or-illustration,,"The story suggests an old starter sits bubbling in dozens of pots and that every loaf literally contains part of every previous loaf. Recast the starter as a single culture Oskar feeds and uses regularly, while keeping the dialogue and lesson that a whispered phrase cannot replace technique and patient fermentation."
s026,Door That Only Opened at Noon,a03099b172686fb4d0af81dc4e263dcb234a6f01e241ae2b373110e423587b6e,authored-fiction-or-illustration,,"The original has Nessa arrive after school just before noon, an impossible sequence for an ordinary school day, and places her return at the last strike of the same twelve-bell chime after she spends a minute in the meadow. Move the visit to a free Saturday and use a short open interval with a visible closing cue."
s027,The Tailor's Invisible Thread,a80e93982fa9e59a8251ac19066546555aad29b694427ff4302ae42e10b974cf,authored-fiction-or-illustration,,"The complete Level 6 fantasy is internally consistent: the visible tear, the tailor’s inherited invisible thread, the widower’s wish to preserve the dress, and the later decision to lock the spool away follow in order. It makes no claim that such thread exists outside the fictional village; the prose and pronouns need no change."
s028,River That Remembered Names,03a363ca072d2cb5845bbebe4358dc63eaf964a79daf50299234a30d3f2529e2,authored-fiction-or-illustration,,"The river’s voice is a clear fantasy premise, but Tomasz strikes his head, nearly drowns and resumes fishing with no response to the injury, while the repeated superstition debate adds little. Give a companion a concrete rescue role, make him rest and seek help for the head injury, and let his later respect for the river lead to safer fishing."
s029,Clockmaker's Second Apprentice,c25988f15882027af213a6bc64bb938dcea8ab3626bc4abbd47f270859ec679b,authored-fiction-or-illustration,,"The apprentice’s gift predicts failures without any particular test, consequence or recognition, and the master quietly takes credit. Make one prediction concrete, have Halvard check a clock for a developing fault, and give Ren explicit shared credit while leaving the fantasy gift unexplained."
s030,The Garden Grown From Borrowed Time,2422989b68c112886ca261f34f3370810143bedc3a1cc2ed893f55f2e7a9d398,authored-fiction-or-illustration,,"The original sets up a magical cost to each flower but ends by avoiding Ingrid’s decision, leaving no action or consequence. Show her choosing ordinary growth for part of the garden, tell a neighbor enough to make the choice visible, and retain some uncertainty about the bargain’s exact cost rather than asserting an unmeasured exchange."
s031,Cartographer Who Sold Directions,29f9e2cd158176880886d37e3f302008343e3991c78d1d142fd9fce75af888d4,authored-fiction-or-illustration,,"The premise promises personalized directions to impossible places but reports outcomes only as vague revelations and a silent widower, so the reader cannot evaluate the service or its cost. Give the widower a specific route to a present-day location connected to his memory, let him state what it did and did not restore, and preserve the cartographer’s limits."
s032,Innkeeper's Ledger of Debts,154c3a01b3fe370aeb9131345605b103df2bed30da5a400a6f635bf01b29a7c3,authored-fiction-or-illustration,,"Corvin’s invisible moral debts are a fantasy device, but the original has him secretly create inconveniences and judge guests without consent, with no witnessed resolution. Have him offer a conversation and a practical chance to repair a broken promise, leaving the guest free to decide."
s033,How Crows Learn a Dangerous Face,dbbf000e5fc703d78e6e9aacf841a1c8c6b238ab8e5aea3fa14493af9ebd50d0,original-research-verified-editorial-revision-2026-09-26,https://faculty.washington.edu/wirsinga/Cornell2011.pdf,"The original is generally based on a real field study but dramatizes immediate recognition, calls all masks rubber without need, and leaps from five years of observations to a claim that the information outlives any individual crow. The original study distinguished crows captured by masked researchers, uncaptured adults learning in groups, and young birds learning from parents. Rewrite the account with measured observations and the study's limits; correct the unrelated plants-and-fungi subtopic. Short clauses, chronological sequencing and clear referents suit Level 5."
s034,How Trees and Fungi Exchange Resources Underground,abe5ffceca8715c758c43932c81de8cc71238ae3c08117c793780738be589e61,inherited-v2.9.4,fact_check_all_2000.csv#s034,Unchanged text; prior editorial claim retained. Not independently rechecked in this release.
s035,Fish That Climbs Waterfalls,5f8076a405d3656850c9290975fe72d7b4482e22c6fb476946fc248888741fcd,inherited-v2.9.4,fact_check_all_2000.csv#s035,Unchanged text; prior editorial claim retained. Not independently rechecked in this release.
s036,The Bees That Vote With Their Bodies,665255b95b3c2174aef3a647179c48352433ff7fc7c3b37e3dc9ec215b1c78eb,inherited-v2.9.4,fact_check_all_2000.csv#s036,Unchanged text; prior editorial claim retained. Not independently rechecked in this release.
s037,Elephant's Long Memory for Grief,5b3edcf744129322a74addf6652596772d123b1d86ba158b18f700d5e25bdfd7,inherited-v2.9.4,fact_check_all_2000.csv#s037,Unchanged text; prior editorial claim retained. Not independently rechecked in this release.
s038,Bird That Fakes a Broken Wing,8002c204401b4858e15f5d9eb891ba018fcb5a8f0b269c8f7f1f6f75a9ff3b55,inherited-v2.9.4,fact_check_all_2000.csv#s038,Unchanged text; prior editorial claim retained. Not independently rechecked in this release.
s039,The Fungus That Controls an Ant's Mind,bc1bceb476ff2638f36299ef2144a46b0edf4b3d148b6fb5fb94d9791aef2ca3,inherited-v2.9.4,fact_check_all_2000.csv#s039,Unchanged text; prior editorial claim retained. Not independently rechecked in this release.
s040,How Humpback Whale Songs Spread,e8196742df633e6e9f2b6b9ebd34c94553bd522df2e425cea66a25aea1033529,inherited-v2.9.4,fact_check_all_2000.csv#s040,Unchanged text; prior editorial claim retained. Not independently rechecked in this release.
s041,Town That Shared One Library Book,919bf31bac1206a57d56635e9fd11131fafd66b70e1147d31be6a043a4022b02,inherited-v2.9.4,fact_check_all_2000.csv#s041,Unchanged text; prior editorial claim retained. Not independently rechecked in this release.
s042,A School With No Walls,eb430b955dc5bb7564da05553e2fce5f08cc69a9cab6e184a119137e63e3a1fc,inherited-v2.9.4,fact_check_all_2000.csv#s042,Unchanged text; prior editorial claim retained. Not independently rechecked in this release.
s043,Island Nation Selling Its Weather,734aa4266a445dd82763cf01eb7fe61f7ad6c3da4581cf9041693a5675312f6e,inherited-v2.9.4,fact_check_all_2000.csv#s043,Unchanged text; prior editorial claim retained. Not independently rechecked in this release.
s044,City That Rented Out Its Rooftops,8d412a5dd5c1369ab806b21a944ef76b8eb5653301a7aa251c3b16771608d077,inherited-v2.9.4,fact_check_all_2000.csv#s044,Unchanged text; prior editorial claim retained. Not independently rechecked in this release.
s045,The Border That Moves Every Spring,93bb4454c2ec4bb2837124c8c27d3c05dc8bef726a632292ac2a75e774aaaa85,inherited-v2.9.4,fact_check_all_2000.csv#s045,Unchanged text; prior editorial claim retained. Not independently rechecked in this release.
s046,Country Without an Official Language,b5ba619370988f3f7f1660b470b90bfdae1309adbebe54f8ab413d25384dd628,inherited-v2.9.4,fact_check_all_2000.csv#s046,Unchanged text; prior editorial claim retained. Not independently rechecked in this release.
s047,Treaty No One Remembers Signing,d0a9c22eef25e3bc2d7162514a298ab0cbab19a730129214277d41bbf240a558,inherited-v2.9.4,fact_check_all_2000.csv#s047,Unchanged text; prior editorial claim retained. Not independently rechecked in this release.
s048,The River Two Countries Refuse to Stop Sharing,f9e000f2c6b2ef3d294313faf0ae294edafc313c203bb476e186a188ed85d904,inherited-v2.9.4,fact_check_all_2000.csv#s048,Unchanged text; prior editorial claim retained. Not independently rechecked in this release.
s049,Umbrella That Belonged to Everyone,16df8c7a272e77ff046b4e88c4aa1ac89cf4d82551def6e0de5b1df19217b7f2,inherited-v2.9.4,fact_check_all_2000.csv#s049,Unchanged text; prior editorial claim retained. Not independently rechecked in this release.
s050,Learning to Ride a Bike at Forty,942b50d8640bb2fda0b2aba5d5551149b75d18b6f9e1342947808507455e9f49,inherited-v2.9.4,fact_check_all_2000.csv#s050,Unchanged text; prior editorial claim retained. Not independently rechecked in this release.
s051,The Neighbor's Garden Wall,75d1cd148bf0f1db18ca58bc2e222d985a25a7d491b837c08061109784819dd6,inherited-v2.9.4,fact_check_all_2000.csv#s051,Unchanged text; prior editorial claim retained. Not independently rechecked in this release.
s052,Waiting for the Repairman,1f6cd0676b906b90539399193b7c5799ffbbaac617acfb83529d1d11f2487aa6,inherited-v2.9.4,fact_check_all_2000.csv#s052,Unchanged text; prior editorial claim retained. Not independently rechecked in this release.
s053,Silence After the Renovation,218f3cc26d8032fca343195f12098f8b80979aec0ecf78fe49a6d211c8882333,inherited-v2.9.4,fact_check_all_2000.csv#s053,Unchanged text; prior editorial claim retained. Not independently rechecked in this release.
s054,The Habit of Sunday Phone Calls,ecd634445a139aa2d5502b7cb4958d2a9980e16b6e309d8c22632300c1967481,inherited-v2.9.4,fact_check_all_2000.csv#s054,Unchanged text; prior editorial claim retained. Not independently rechecked in this release.
s055,Inheritance of an Empty House,a00c53923098b025239faea3a410f19658750a99ed115c5292db32d64ef7d38c,inherited-v2.9.4,fact_check_all_2000.csv#s055,Unchanged text; prior editorial claim retained. Not independently rechecked in this release.
s056,Ritual of the Late Train,1ef08f51e6416e7ed011450642fb86139ebf050ae5168b51f44d5caafae290b6,inherited-v2.9.4,fact_check_all_2000.csv#s056,Unchanged text; prior editorial claim retained. Not independently rechecked in this release.
s057,The Boy Who Rang the Wrong Bell,70ff2f57751d7142cfe1d9064dd88c99bf2dcdf4f0a31f961f57149dde0c7e1c,inherited-v2.9.4,fact_check_all_2000.csv#s057,Unchanged text; prior editorial claim retained. Not independently rechecked in this release.
s058,Map Made of Sticks,c19365bf84893167c7f45d5b3639a8dd290278920ae872839e2dad2d52446a2d,inherited-v2.9.4,fact_check_all_2000.csv#s058,Unchanged text; prior editorial claim retained. Not independently rechecked in this release.
s059,Winter the River Became a Road,afd2d6a6a396712fd6f4c0d002f450c8b63e478b0df1cd4ade751e3bb85d695c,inherited-v2.9.4,fact_check_all_2000.csv#s059,Unchanged text; prior editorial claim retained. Not independently rechecked in this release.
s060,The Queen Who Never Left Her Room,43394ab9101a4e5d7b048d267655de99d25c2e6a0420ea887ec376ddc0e93249,inherited-v2.9.4,fact_check_all_2000.csv#s060,Unchanged text; prior editorial claim retained. Not independently rechecked in this release.
s061,Clerk Who Saved a City's Records,6aa059ac7c138e582078453b2eb37a5173cf8113dba72768ebc48ad3707a9395,inherited-v2.9.4,fact_check_all_2000.csv#s061,Unchanged text; prior editorial claim retained. Not independently rechecked in this release.
s062,Expedition That Got the Math Wrong,bdbd683a76cfa066674b804ceccdddcf52de2aab1ff3d03c4e591f6da283dda3,inherited-v2.9.4,fact_check_all_2000.csv#s062,Unchanged text; prior editorial claim retained. Not independently rechecked in this release.
s063,The Diplomat Who Negotiated in Silence,6a59dbe437f8defca8a6697a0a75ab0e25b7ecc72f2f9f1731367d459a224183,inherited-v2.9.4,fact_check_all_2000.csv#s063,Unchanged text; prior editorial claim retained. Not independently rechecked in this release.
s064,Census That Counted the Wrong Century,33f641e1b3b2fb8afdb9a656ceec753137cb435719092ab1c99b97d40b5d5382,inherited-v2.9.4,fact_check_all_2000.csv#s064,Unchanged text; prior editorial claim retained. Not independently rechecked in this release.
s065,Why Onions Make You Cry,51ce0991da47d0a8500dfbea7520fa2712441a11f04ff845fc1d24b46b396a90,inherited-v2.9.4,fact_check_all_2000.csv#s065,Unchanged text; prior editorial claim retained. Not independently rechecked in this release.
s066,How Spiders Build Without a Plan,1bf85ed9152ce571c9f74d36881d1d056d6f879c74fe867dcad56d2b7b830a4d,inherited-v2.9.4,fact_check_all_2000.csv#s066,Unchanged text; prior editorial claim retained. Not independently rechecked in this release.
s067,Ice That Doesn't Melt Evenly,6b495878808556552698efa87404ba7c3b07bb2862109aa413d3d50feb4491fb,inherited-v2.9.4,fact_check_all_2000.csv#s067,Unchanged text; prior editorial claim retained. Not independently rechecked in this release.
s068,Why Some Metals Remember Their Shape,1b7adfb78fa9fe5c7b23fbc6cb0486af83ccb86bccf5e472e59c8ce178395720,inherited-v2.9.4,fact_check_all_2000.csv#s068,Unchanged text; prior editorial claim retained. Not independently rechecked in this release.
s069,The Bacteria That Eat Plastic,1167615eeabbda5e2f309bebbacf0b9469b0e4e75cb7b26fdc71cde4877df93d,inherited-v2.9.4,fact_check_all_2000.csv#s069,Unchanged text; prior editorial claim retained. Not independently rechecked in this release.
s070,Do Plants Feel Pain?,49b92a3d1496143e066ec2b19c4f39e274c53b3453433e58048a4ce3ef1f7a76,inherited-v2.9.4,fact_check_all_2000.csv#s070,Unchanged text; prior editorial claim retained. Not independently rechecked in this release.
s071,Particle That Barely Exists,b862e85a0d477f5c343549ea2765c6d11f363b04123b9a9bb13f4ee4a933f4ac,inherited-v2.9.4,fact_check_all_2000.csv#s071,Unchanged text; prior editorial claim retained. Not independently rechecked in this release.
s072,The Clock That Runs Faster on a Mountain,cac13fe55219ddb3650b76fe533446c702be398d723d094100f35751cc6bebc1,inherited-v2.9.4,fact_check_all_2000.csv#s072,Unchanged text; prior editorial claim retained. Not independently rechecked in this release.
s073,Scrooge Sees His Past,e7becc031a5eb5cd1d60184510cc0ad7616c596c343350f4670ec5cdea635832,inherited-v2.9.4,fact_check_all_2000.csv#s073,Unchanged text; prior editorial claim retained. Not independently rechecked in this release.
s074,Scrooge Meets the Second Spirit,0a183eb1610a53c0e7a781ef85b2fac72c650cb8b861b730f19e4261c0986d7d,inherited-v2.9.4,fact_check_all_2000.csv#s074,Unchanged text; prior editorial claim retained. Not independently rechecked in this release.
s075,Elizabeth Meets Mr Darcy,1b9e579aba3ce31b6e2baf9edbe3e5c10ef16dd67de4fb6e01371d44eebd9e06,inherited-v2.9.4,fact_check_all_2000.csv#s075,Unchanged text; prior editorial claim retained. Not independently rechecked in this release.
s076,Darcy's First Proposal,1f2d5a3e5b50e6edebcff68008ee81bb31b4aeefd4adc836d9954600f1326a1b,inherited-v2.9.4,fact_check_all_2000.csv#s076,Unchanged text; prior editorial claim retained. Not independently rechecked in this release.
s077,Pip Meets the Convict,07bbfaceb5875f34d76aa32da12ef37482872ab0362bb44acbd06f1b56043b41,inherited-v2.9.4,fact_check_all_2000.csv#s077,Unchanged text; prior editorial claim retained. Not independently rechecked in this release.
s078,Pip Visits Miss Havisham,9f9bcd08e102e43ca30d24376c2a3618a1f26a71a2228ae056f4858667ddfbdc,inherited-v2.9.4,fact_check_all_2000.csv#s078,Unchanged text; prior editorial claim retained. Not independently rechecked in this release.
s079,A Tale of Two Cities Begins,ff577341d5d799ac78bc65f8264e0fcbbba381d18839500cdb566d4822c76671,inherited-v2.9.4,fact_check_all_2000.csv#s079,Unchanged text; prior editorial claim retained. Not independently rechecked in this release.
s080,Doctor Manette Returns to Life,216ff70a8338f1a22b868de57a2384dd4c7efcb19b496e3874e868296928700b,inherited-v2.9.4,fact_check_all_2000.csv#s080,Unchanged text; prior editorial claim retained. Not independently rechecked in this release.
s081,The Lantern That Only Lights for Honest People,f08e9bea0ed8b9b8e05007eecd1c84421b8ebe3c0fe7e3bfe993e4015e3e1cfa,inherited-v2.9.4,fact_check_all_2000.csv#s081,Unchanged text; prior editorial claim retained. Not independently rechecked in this release.
s082,Weaver Who Sold Dreams by the Yard,8f392d6672e81bd7e032e8b8ef7963470f3d1fc22626e703dd5cb4480c57e16f,inherited-v2.9.4,fact_check_all_2000.csv#s082,Unchanged text; prior editorial claim retained. Not independently rechecked in this release.
s083,Apprentice Who Inherited a Debt of Silence,60293006199eabe39d3b341067faf2329a631b03207a864cc368645efb1cbca8,inherited-v2.9.4,fact_check_all_2000.csv#s083,Unchanged text; prior editorial claim retained. Not independently rechecked in this release.
s084,The Bridge That Charges a Different Toll to Everyone,2b87b35f088bacffce4ae49c4fac481daaee35cfb4db0d985f73261c7486ef75,inherited-v2.9.4,fact_check_all_2000.csv#s084,Unchanged text; prior editorial claim retained. Not independently rechecked in this release.
s085,What Octopus Color Changes Can Signal,09f8ce0c425d64aa4fd468246a789ecb04538108d6f932dfb047ac8262e1996b,inherited-v2.9.4,fact_check_all_2000.csv#s085,Unchanged text; prior editorial claim retained. Not independently rechecked in this release.
s086,Ants That Build Living Bridges,ed4f8b19abc2cee6101c5cb37e1f59dc9056fca048eedbfef0721322d53cba2c,inherited-v2.9.4,fact_check_all_2000.csv#s086,Unchanged text; prior editorial claim retained. Not independently rechecked in this release.
s087,The Bat That Navigates by Borrowed Echoes,1bcc99e6a4fde0734b522285fbb05c80cfc6414138ff6c3da47d6609f0c5c31f,inherited-v2.9.4,fact_check_all_2000.csv#s087,Unchanged text; prior editorial claim retained. Not independently rechecked in this release.
s088,How Corals Record Past Ocean Conditions,1eb22e88490a1a1bf67960acf979a5b11d8fd60d8e0183a2ce6612be7c91b8d8,inherited-v2.9.4,fact_check_all_2000.csv#s088,Unchanged text; prior editorial claim retained. Not independently rechecked in this release.
s089,Village That Grows Its Own Electricity,63eca95dbae73ecd283f231b57fe4b4025e001b87073e16b8264b4a81d178d35,inherited-v2.9.4,fact_check_all_2000.csv#s089,Unchanged text; prior editorial claim retained. Not independently rechecked in this release.
s090,The City That Banned Cars for a Day,ceb25954a6268324d1499b0d16b1a9e94b3e73d7099eb9e6a0e9307523611254,inherited-v2.9.4,fact_check_all_2000.csv#s090,Unchanged text; prior editorial claim retained. Not independently rechecked in this release.
s091,Nation That Measures Progress by Happiness,c6c9e7a31258bbf33174cd761f44664a09cd8f44ce29b75aa41abcdace118986,inherited-v2.9.4,fact_check_all_2000.csv#s091,Unchanged text; prior editorial claim retained. Not independently rechecked in this release.
s092,Two Cities Sharing One Airport,c5ca3935796b91e58fac95bd005c0360f4ad2bd98cf8ee7f71626d32d3e7986c,inherited-v2.9.4,fact_check_all_2000.csv#s092,Unchanged text; prior editorial claim retained. Not independently rechecked in this release.
s093,The Recipe Card With No Measurements,abac7dd8200be4a7100b727f0554f4f78992fb0683319dab4e721884f225faed,inherited-v2.9.4,fact_check_all_2000.csv#s093,Unchanged text; prior editorial claim retained. Not independently rechecked in this release.
s094,Commute That Became a Friendship,951856014bdce7034ba68899f023d736ee3352105e7483e2a80cf115f824ae00,inherited-v2.9.4,fact_check_all_2000.csv#s094,Unchanged text; prior editorial claim retained. Not independently rechecked in this release.
s095,Year Without a Microwave,891600a88328b2390a43981e211bfc68817e9e750a17ae3b63268aa499a2c740,inherited-v2.9.4,fact_check_all_2000.csv#s095,Unchanged text; prior editorial claim retained. Not independently rechecked in this release.
s096,The Father's Silence and the Son's Questions,d06544ce2896a8c096849c10def6b1236dfeab4617da10ba3b27e9cf598cb575,inherited-v2.9.4,fact_check_all_2000.csv#s096,Unchanged text; prior editorial claim retained. Not independently rechecked in this release.
s097,Drummer Who Warned a Village,99eccec564ddf29a24b44eb04565d8a2ddd7e1e363a877f369e2c4655cbf19ed,inherited-v2.9.4,fact_check_all_2000.csv#s097,Unchanged text; prior editorial claim retained. Not independently rechecked in this release.
s098,Coin With Two Different Faces,8b46206f676b0f45c2756bebcd8a90a2ef88975fa8dac20934bf9b999e230365,inherited-v2.9.4,fact_check_all_2000.csv#s098,Unchanged text; prior editorial claim retained. Not independently rechecked in this release.
s099,The Interpreter Who Refused to Translate,7655016c912f4ed698b2143f2c0580b21dfdf9a254d80fc1cadd6f47bdf30455,inherited-v2.9.4,fact_check_all_2000.csv#s099,Unchanged text; prior editorial claim retained. Not independently rechecked in this release.
s100,Governor Who Ruled by Letter Only,47867ea865eca5ce4f606384aae10c594f1bcabceb8902ac33b12f36f6950380,inherited-v2.9.4,fact_check_all_2000.csv#s100,Unchanged text; prior editorial claim retained. Not independently rechecked in this release.
s101,Why Cats Always Land on Their Feet,f8497545f873137be438a6e58e672d7d916fceb2e396a9b67e24037dd7f3e1b2,inherited-v2.9.4,fact_check_all_2000.csv#s101,Unchanged text; prior editorial claim retained. Not independently rechecked in this release.
s102,The Salt That Preserves Without Cold,6fbb899f233153df900eee7d8b88982f66b81cb47fdc3592bbe9cf63541da97f,inherited-v2.9.4,fact_check_all_2000.csv#s102,Unchanged text; prior editorial claim retained. Not independently rechecked in this release.
s103,Fungus That Glows in the Dark,cda71d744770c9e9850a93b5c77fe4d444f81ae50abf4884ef6c75a8a3df661e,inherited-v2.9.4,fact_check_all_2000.csv#s103,Unchanged text; prior editorial claim retained. Not independently rechecked in this release.
s104,Star That Refuses to Die Quietly,cf6e06b1e27e0eca2c71eda64c7754f06f48ba1e0c99bab6484992da86e8cc71,inherited-v2.9.4,fact_check_all_2000.csv#s104,Unchanged text; prior editorial claim retained. Not independently rechecked in this release.
s105,Scrooge Wakes on Christmas Morning,ca16debae897619dc9afbf196f184956c76b848bc7ddda73ba37ee454981b311,inherited-v2.9.4,fact_check_all_2000.csv#s105,Unchanged text; prior editorial claim retained. Not independently rechecked in this release.
s106,The Crisis Caused by Lydia,43720e3ff58bb066bd43b0d4efdb2763caf48cf5ea24a21804e66256306e6c8e,inherited-v2.9.4,fact_check_all_2000.csv#s106,Unchanged text; prior editorial claim retained. Not independently rechecked in this release.
s107,Pip Learns Who Helped Him,4c120a69fa40b20528052664db985f57a291fc174e2f5ddac9527a14c0dc8c31,inherited-v2.9.4,fact_check_all_2000.csv#s107,Unchanged text; prior editorial claim retained. Not independently rechecked in this release.
s108,Carton and Darnay Look Alike,a2863fc96102ad98494ad12d99385fcdc83cac267981bd7da427f84a78f322dc,inherited-v2.9.4,fact_check_all_2000.csv#s108,Unchanged text; prior editorial claim retained. Not independently rechecked in this release.
s109,Cartomancer's Final Reading,6466253dc35d2824f2e75911a5a03fc0778a94fec8bad88cefdd81e921e70a92,inherited-v2.9.4,fact_check_all_2000.csv#s109,Unchanged text; prior editorial claim retained. Not independently rechecked in this release.
s110,Puppeteer Who Lost the Strings,7774001ccf10908acf6b9ebc4de51b174bbfa7dcdfbf2d9beca55dd14ad51bed,inherited-v2.9.4,fact_check_all_2000.csv#s110,Unchanged text; prior editorial claim retained. Not independently rechecked in this release.
s111,The Alchemist's Unfinished Equation,1db07bf6e0b0910eb589d5e3da83fe968d57e96dd7426b29fa46d3133d2cb580,inherited-v2.9.4,fact_check_all_2000.csv#s111,Unchanged text; prior editorial claim retained. Not independently rechecked in this release.
s112,Keeper of Names No One Speaks,5ebe2b50edd2df93a0633b29327cba5fbecda9af42c66b3b8589230508fc45cc,inherited-v2.9.4,fact_check_all_2000.csv#s112,Unchanged text; prior editorial claim retained. Not independently rechecked in this release.
s113,How Instinct and Experience Guide Bird Migration,0380a4bf623322b7b926a667525cc3c0060d9753cf9b628e55a4fd14b20960ac,inherited-v2.9.4,fact_check_all_2000.csv#s113,Unchanged text; prior editorial claim retained. Not independently rechecked in this release.
s114,How Cleaner Fish Trade a Service,8f1cff3f4e7a0dfc8d1897cb6c702c1d4725d6a2f6bfb1322c9d70996fffd0d3,inherited-v2.9.4,fact_check_all_2000.csv#s114,Unchanged text; prior editorial claim retained. Not independently rechecked in this release.
s115,Ecosystem Hidden Beneath the Ice,dba1022ca1924a1d4f35915e879ab53f4ebd27118d783045ffcbcd30e205175b,inherited-v2.9.4,fact_check_all_2000.csv#s115,Unchanged text; prior editorial claim retained. Not independently rechecked in this release.
s116,What Scientists Mean by Self-Domestication,c5ef877e0412280981dfc0b19d6aed8fbb586deaeb2156eb9e914e8334bf74a6,inherited-v2.9.4,fact_check_all_2000.csv#s116,Unchanged text; prior editorial claim retained. Not independently rechecked in this release.
s117,The Currency Backed by Trust Alone,021616d05e81b724ca29f7c87a0f2085cdfe88e65577f5042fac1acabf4bc5f1,inherited-v2.9.4,fact_check_all_2000.csv#s117,Unchanged text; prior editorial claim retained. Not independently rechecked in this release.
s118,Parliament That Meets Underwater,dd307aa1add459a4bc13ece1eb18a5e9223217305dbae1eb5f6fea0446c8b873,inherited-v2.9.4,fact_check_all_2000.csv#s118,Unchanged text; prior editorial claim retained. Not independently rechecked in this release.
s119,Diplomatic Immunity That Outlived Its Purpose,3788656f862a38c5f9d6c41e9ecadf3bc62f45c34add2d2b710cb5338b4303b5,inherited-v2.9.4,fact_check_all_2000.csv#s119,Unchanged text; prior editorial claim retained. Not independently rechecked in this release.
s120,The Federation That Never Formally Existed,b61c6048be84992e0f1c5a0c7012fb80956a3a58f32cc54944c67bc069ffe885,inherited-v2.9.4,fact_check_all_2000.csv#s120,Unchanged text; prior editorial claim retained. Not independently rechecked in this release.
s121,Grief That Arrived Years Late,31eab5909881dd0f4f19def686f252811d6c0837f559d66beb569b8b31f15c94,inherited-v2.9.4,fact_check_all_2000.csv#s121,Unchanged text; prior editorial claim retained. Not independently rechecked in this release.
s122,Language Two Siblings Invented,6f97208bba185a1de838a4e6a71c9857160f554d5973d3d91b2c28069fe3513e,inherited-v2.9.4,fact_check_all_2000.csv#s122,Unchanged text; prior editorial claim retained. Not independently rechecked in this release.
s123,The Inheritance of an Unfinished Argument,ffb6c1de98604211f3d1c0263c7eb58dab60a6e513cbdae9828fd8a09a4dbcd8,inherited-v2.9.4,fact_check_all_2000.csv#s123,Unchanged text; prior editorial claim retained. Not independently rechecked in this release.
s124,Correspondence That Outlasted the Marriage,ab34ee247fece48dc74ced15679fa05eed91f82f198e034bbf582227397f7262,inherited-v2.9.4,fact_check_all_2000.csv#s124,Unchanged text; prior editorial claim retained. Not independently rechecked in this release.
s125,Cartographer Who Erased a Kingdom,79b457e2e3eac4f1256d77f3b6666c0de581c35592551bea0a92eb124a7f1e32,inherited-v2.9.4,fact_check_all_2000.csv#s125,Unchanged text; prior editorial claim retained. Not independently rechecked in this release.
s126,The Famine That Rewrote a Legal Code,8dca3516566f696fc53cab349674004a1bd97014ae0ead5425457dec98b785bf,inherited-v2.9.4,fact_check_all_2000.csv#s126,Unchanged text; prior editorial claim retained. Not independently rechecked in this release.
s127,Empire That Governed by Rumor,78062ac483260280f5986f96c082311f6dd1ca90e3a5bc6dcffbc16612cb4252,inherited-v2.9.4,fact_check_all_2000.csv#s127,Unchanged text; prior editorial claim retained. Not independently rechecked in this release.
s128,Scribe Who Forged His Own Death,c518b7d6100c262ae8544aef108f4d11f5ca475769d16d99014cdd27eb11448c,inherited-v2.9.4,fact_check_all_2000.csv#s128,Unchanged text; prior editorial claim retained. Not independently rechecked in this release.
s129,How a Small Biological Change Can Affect a Food Web,90b1c781639f58cd86efe0094cd3197b46669950231fb3a4946de73e2ff175d5,inherited-v2.9.4,fact_check_all_2000.csv#s129,Unchanged text; prior editorial claim retained. Not independently rechecked in this release.
s130,Memory That Exists Outside the Brain,0f5d8107a050474ad2d998da4f9c5528bd71d64e56a0f1eeae69ae3ec8fb93b7,inherited-v2.9.4,fact_check_all_2000.csv#s130,Unchanged text; prior editorial claim retained. Not independently rechecked in this release.
s131,Symmetry That Physics Cannot Explain,3a7fedc522a508e84ebc1feb06005d9fa0c593bf59670494e2b8e9e25cf0c3d1,inherited-v2.9.4,fact_check_all_2000.csv#s131,Unchanged text; prior editorial claim retained. Not independently rechecked in this release.
s132,The Jellyfish That Can Reverse Its Life Cycle,03387ceb998fa0e5d5a8328af74ba10b709fd8c8e91ce1f1957a6cf2dde8f27b,inherited-v2.9.4,fact_check_all_2000.csv#s132,Unchanged text; prior editorial claim retained. Not independently rechecked in this release.
s133,Elizabeth Reconsiders Mr Darcy,3a86842dc845def2514835a23b9b3e69777e27ac1712eac0c9b37a590894a512,inherited-v2.9.4,fact_check_all_2000.csv#s133,Unchanged text; prior editorial claim retained. Not independently rechecked in this release.
s134,The Creature Argues for Justice,fc9b17d1c3a42cb7b736a9ff6d61a761584a85a13d5ee15dbcf8cd74b3d283c0,inherited-v2.9.4,fact_check_all_2000.csv#s134,Unchanged text; prior editorial claim retained. Not independently rechecked in this release.
s135,Gulliver's Travels as Political Satire,e10bb24f6dcab4c3fa6cfafa640b41a3982298af825f3d21fb4fef6339da5e26,inherited-v2.9.4,fact_check_all_2000.csv#s135,Unchanged text; prior editorial claim retained. Not independently rechecked in this release.
s136,Frankenstein and the Creator's Responsibility,f91eced9750884aff2847e6cbeb801f4477c9d59dfcd6b21353c8b2dd91751b5,inherited-v2.9.4,fact_check_all_2000.csv#s136,Unchanged text; prior editorial claim retained. Not independently rechecked in this release.
s137,Chair That Remembers Who Sat In It,7b9766d9541492436c56dd6a38eacdbb7cf73f3709adb0bed0792b2025100eca,inherited-v2.9.4,fact_check_all_2000.csv#s137,Unchanged text; prior editorial claim retained. Not independently rechecked in this release.
s138,The Miller Who Ground Silence Into Flour,9954c8dd19cd9685fbb6a4e0a0f7a277fbfbee1bff061b4f54274facedd5335d,inherited-v2.9.4,fact_check_all_2000.csv#s138,Unchanged text; prior editorial claim retained. Not independently rechecked in this release.
s139,Locksmith Who Sold Second Chances,2ce56dd5a93ef2933b64debacbd65de4f197ea1e624654d9355909f256b9ba34,inherited-v2.9.4,fact_check_all_2000.csv#s139,Unchanged text; prior editorial claim retained. Not independently rechecked in this release.
s140,Shepherd Who Herded Forgotten Wishes,7a85223fe49cf2aa4722e3c24914a5a4bb4e46f41714dfafa104306a426ccd6f,inherited-v2.9.4,fact_check_all_2000.csv#s140,Unchanged text; prior editorial claim retained. Not independently rechecked in this release.
s141,The Glassblower Who Trapped a Single Regret,d4e836de4a96e55da02ad052b0a0af51dc9e7c95cb1940b6fa465c28369dfc78,inherited-v2.9.4,fact_check_all_2000.csv#s141,Unchanged text; prior editorial claim retained. Not independently rechecked in this release.
s142,Astronomer Who Charted a Sky That Wasn't There,406c7018356ca665c2c8988733da88ce39c1bb018a372ec7e4b460c6f27172a1,inherited-v2.9.4,fact_check_all_2000.csv#s142,Unchanged text; prior editorial claim retained. Not independently rechecked in this release.
s143,Squirrel That Plants a Forest by Accident,fd75adc6005cca65fca4dc8b10ee95be8e48e76f0fe0f247b151b90d4ae69193,inherited-v2.9.4,fact_check_all_2000.csv#s143,Unchanged text; prior editorial claim retained. Not independently rechecked in this release.
s144,The Frog That Freezes Solid and Survives,2262833bf21cb943e5450bb634746d40209094837deede10454bba30ba381ccc,inherited-v2.9.4,fact_check_all_2000.csv#s144,Unchanged text; prior editorial claim retained. Not independently rechecked in this release.
s145,Spider That Fishes on the Water,07b85b1760d0b22201d3e49ff38e2d5a95b71e430033f46e8a3336b07cb95eb5,inherited-v2.9.4,fact_check_all_2000.csv#s145,Unchanged text; prior editorial claim retained. Not independently rechecked in this release.
s146,"Black Walnut, Juglone, and Plant Competition",2026b5c3fae4866a02ca05b0a2d90a7c64c576e1c8b5a65924488d34b4b46cf1,inherited-v2.9.4,fact_check_all_2000.csv#s146,Unchanged text; prior editorial claim retained. Not independently rechecked in this release.
s147,The Fish That Changes Sex to Save the Group,3b267ea9e6d31bda562e8214b75bff13fdfb29e3e51c749bcc4b4bfb21c5d140,inherited-v2.9.4,fact_check_all_2000.csv#s147,Unchanged text; prior editorial claim retained. Not independently rechecked in this release.
s148,Genome That Contains an Ancient Virus's Instructions,9e64e3ae418709937c692400bc3a1803f899b0c95a3168ce4b181a5c7bc24e10,inherited-v2.9.4,fact_check_all_2000.csv#s148,Unchanged text; prior editorial claim retained. Not independently rechecked in this release.
s149,Town That Pays Its Bus Fares in Books,a45e5859de3726219a8059579280347f161c16762d3d0acaa25763bcb92a902a,inherited-v2.9.4,fact_check_all_2000.csv#s149,Unchanged text; prior editorial claim retained. Not independently rechecked in this release.
s150,The Country That Sends Its Trash to Make Electricity,8867e06620df6a9986b7e45bb1fe2247ab608a9ec0f3a27e40b873b474a7d985,inherited-v2.9.4,fact_check_all_2000.csv#s150,Unchanged text; prior editorial claim retained. Not independently rechecked in this release.
s151,City That Elected a Committee of Children,7be8f3bfd72b8f48ab2575bb9878ce5f263aed648e6b2d9256acff03a8e78735,inherited-v2.9.4,fact_check_all_2000.csv#s151,Unchanged text; prior editorial claim retained. Not independently rechecked in this release.
s152,Nation That Rents Its Army to the United Nations,bcd615d26f604c7828cecea43d0feff2e3600e316ee5335161ef27a1bffd665c,inherited-v2.9.4,fact_check_all_2000.csv#s152,Unchanged text; prior editorial claim retained. Not independently rechecked in this release.
s153,The Region That Prints Its Own Local Currency Alongside the National One,12eebcc606e85852e96026f7c0947ff17ca24d1a14d312a15878eab1faca22cd,inherited-v2.9.4,fact_check_all_2000.csv#s153,Unchanged text; prior editorial claim retained. Not independently rechecked in this release.
s154,Court That Has No Country to Enforce Its Rulings,06de26b3ef8c2937e198859581e8dcb40974b7b07b90077b1d13fb8f899a63b8,inherited-v2.9.4,fact_check_all_2000.csv#s154,Unchanged text; prior editorial claim retained. Not independently rechecked in this release.
s155,Jar of Coins Saved for Nothing in Particular,18deff79510a1436c9fc2fa030c73e9f6d6efef0160ea976e06ccfc92ed53c93,inherited-v2.9.4,fact_check_all_2000.csv#s155,Unchanged text; prior editorial claim retained. Not independently rechecked in this release.
s156,The Neighbor Who Waters Plants While You're Away,4c0341ca602779dcda6ced3f7eb01923d91afc01697f3670fa9345f59a833e3c,inherited-v2.9.4,fact_check_all_2000.csv#s156,Unchanged text; prior editorial claim retained. Not independently rechecked in this release.
s157,Apartment That Echoes Differently at Night,57b740cdc0b89c45c067dabe58eccc4a2afcf2b7df37705ec78c4b72c8833b22,inherited-v2.9.4,fact_check_all_2000.csv#s157,Unchanged text; prior editorial claim retained. Not independently rechecked in this release.
s158,Promise Kept Long After It Was Forgotten,32198450ecd5d737e782c3352e3e99620dc3701ac52874e4b23a4103f6b1d4c1,inherited-v2.9.4,fact_check_all_2000.csv#s158,Unchanged text; prior editorial claim retained. Not independently rechecked in this release.
s159,The Silence That Followed a Retirement,b887954bb3da0302b463d3041e771cfe2a70e840719167271b56632112a87405,inherited-v2.9.4,fact_check_all_2000.csv#s159,Unchanged text; prior editorial claim retained. Not independently rechecked in this release.
s160,House That Two Siblings Could Not Agree to Sell,33e2c195032bf8931297736ff1a68461f66479fadd15cf18928c353fdd49424e,inherited-v2.9.4,fact_check_all_2000.csv#s160,Unchanged text; prior editorial claim retained. Not independently rechecked in this release.
s161,Well That Never Ran Dry,cf6ae8560f9f26a36cf39be734cd4f01e5eb00f424192bec2ac3a6993b54515c,inherited-v2.9.4,fact_check_all_2000.csv#s161,Unchanged text; prior editorial claim retained. Not independently rechecked in this release.
s162,The Merchant Who Paid His Taxes in Salt,206dd152af86b123b32150e38999322feda299e7ad659f75fde27943608a03ca,inherited-v2.9.4,fact_check_all_2000.csv#s162,Unchanged text; prior editorial claim retained. Not independently rechecked in this release.
s163,Bridge Built to Be Destroyed,ab0aa0a73f4b50ff207f0e57d962954cb923da51ec983afb909bc06d17776fee,inherited-v2.9.4,fact_check_all_2000.csv#s163,Unchanged text; prior editorial claim retained. Not independently rechecked in this release.
s164,Treaty Signed by Two Men Who Never Met,f2cf48481da4442428fe53b8fd2d86ab0a081ea9a0d4dd2e48a4cc4640c4e0b2,inherited-v2.9.4,fact_check_all_2000.csv#s164,Unchanged text; prior editorial claim retained. Not independently rechecked in this release.
s165,The Regent Who Ruled for a Single Afternoon,836411fc7649b0f7fcb8892c614fdba659af22d703cdfa0899d0831b93d99ebf,inherited-v2.9.4,fact_check_all_2000.csv#s165,Unchanged text; prior editorial claim retained. Not independently rechecked in this release.
s166,Archive That Survived by Being Ignored,7a387eb5b282e8ee6ba125b5a156a260bf45ad1b39c736b6489a3f830de7097f,inherited-v2.9.4,fact_check_all_2000.csv#s166,Unchanged text; prior editorial claim retained. Not independently rechecked in this release.
s167,Why Bananas Turn Brown So Quickly,276c847ce8d92617ca898bd0ea9fd23fc26703a677ce6c48232883490358e14b,inherited-v2.9.4,fact_check_all_2000.csv#s167,Unchanged text; prior editorial claim retained. Not independently rechecked in this release.
s168,How Bread Mold Grows Even in the Fridge,0478986b3601abe497ef455a9fdaebbc2f807c77bc923e0490aef7085b894f4b,inherited-v2.9.4,fact_check_all_2000.csv#s168,Unchanged text; prior editorial claim retained. Not independently rechecked in this release.
s169,Reason Metal Feels Colder Than Wood,54a4965a352e8efa8d875e5810ddb610910bc89bf8d26555e82a664c549f06ae,inherited-v2.9.4,fact_check_all_2000.csv#s169,Unchanged text; prior editorial claim retained. Not independently rechecked in this release.
s170,Gas That Makes Deep Divers Talk Strangely,6f228254d715779967080613f7941bdf6e999460ab44319cabe4e4347fb614e7,inherited-v2.9.4,fact_check_all_2000.csv#s170,Unchanged text; prior editorial claim retained. Not independently rechecked in this release.
s171,How Proteins Find a Working Shape,c878b606cdfa64c8479f4668f59b88adc91bb776e2939edaa2ada21d16edcbbb,inherited-v2.9.4,fact_check_all_2000.csv#s171,Unchanged text; prior editorial claim retained. Not independently rechecked in this release.
s172,Vacuum That Isn't Actually Empty,18fd71f86aef2e8ba4efa0dbb6c173f2cf7f2d87b6edfeb95eb23b1731cafa83,inherited-v2.9.4,fact_check_all_2000.csv#s172,Unchanged text; prior editorial claim retained. Not independently rechecked in this release.
s173,The Mutiny Begins,e2475e602e2121a2a9aeb369aee197eeed021087bdbca7a43248ebade89c2b00,inherited-v2.9.4,fact_check_all_2000.csv#s173,Unchanged text; prior editorial claim retained. Not independently rechecked in this release.
s174,Victor Brings the Creature to Life,0862a127c2b0a54b33c50e40963e6d1f531b09da8424b2b4c1b68310fb3a4387,inherited-v2.9.4,fact_check_all_2000.csv#s174,Unchanged text; prior editorial claim retained. Not independently rechecked in this release.
s175,The Bishop and the Candlesticks,0854b4839a4709c4d72fc4cedf786c9cfed9537697593c0b7a4214a479035351,inherited-v2.9.4,fact_check_all_2000.csv#s175,Unchanged text; prior editorial claim retained. Not independently rechecked in this release.
s176,Sydney Carton's Final Choice,c122f6ce7cd6811615fbac5908ea98553f126a6559d4d2c978341bc2972d6f54,inherited-v2.9.4,fact_check_all_2000.csv#s176,Unchanged text; prior editorial claim retained. Not independently rechecked in this release.
s177,Valjean Faces an Impossible Choice,01645cea5151eb0eea9e905a7f2afd716d7dce6f95f08f84b78c71124b23ff8b,inherited-v2.9.4,fact_check_all_2000.csv#s177,Unchanged text; prior editorial claim retained. Not independently rechecked in this release.
s178,"Moby-Dick: Fate, Freedom, and Obsession",ad69d3a6eec3f56c6ef20639547090b3f77169041383bc61fde65b3252990594,inherited-v2.9.4,fact_check_all_2000.csv#s178,Unchanged text; prior editorial claim retained. Not independently rechecked in this release.
s179,Baker's Daughter Who Could Taste Lies,88231f831f4be9c9725a8b029dd21d09d03c78f576ac1311ce41254fd73e8ffe,inherited-v2.9.4,fact_check_all_2000.csv#s179,Unchanged text; prior editorial claim retained. Not independently rechecked in this release.
s180,The Scarecrow That Learned to Whistle,1fe93e79c83f5c51402b3b38a298d260b463ae44ab7d0ecae626041c558a39c5,inherited-v2.9.4,fact_check_all_2000.csv#s180,Unchanged text; prior editorial claim retained. Not independently rechecked in this release.
s181,Cobbler Who Mended Broken Promises,2188ca7f114331b8bbec6404688d9de1c202a190bbe07b778bf5d56250915d88,inherited-v2.9.4,fact_check_all_2000.csv#s181,Unchanged text; prior editorial claim retained. Not independently rechecked in this release.
s182,Ferryman Who Only Crossed at Midnight,0d4cf43c7a6a7d601f0208e018c87b5535a0e84de60ff354abc8c1573d0d1998,inherited-v2.9.4,fact_check_all_2000.csv#s182,Unchanged text; prior editorial claim retained. Not independently rechecked in this release.
s183,The Beekeeper Who Traded Honey for Memories,b3632624718d2caf3431f3797fd394041afbc3f3c450ac253bbf42bd3e6e95ba,inherited-v2.9.4,fact_check_all_2000.csv#s183,Unchanged text; prior editorial claim retained. Not independently rechecked in this release.
s184,Mapmaker's Daughter Who Drew What Wasn't There Yet,96f983f485812742d18f338d92cb1c52c1e3648aa99d84563664a93328e8191a,inherited-v2.9.4,fact_check_all_2000.csv#s184,Unchanged text; prior editorial claim retained. Not independently rechecked in this release.
s185,Potter Who Shaped Silence Into Bowls,99aaf027fd8eb67fb370c6fe521e15befe77b0d4a152cded27e42e630d34ae13,inherited-v2.9.4,fact_check_all_2000.csv#s185,Unchanged text; prior editorial claim retained. Not independently rechecked in this release.
s186,The Watchmaker Who Sold Borrowed Mornings,6bdd771b55b71354f817480e054f3162f5a781aa9db3723d6b304f2970f75c95,inherited-v2.9.4,fact_check_all_2000.csv#s186,Unchanged text; prior editorial claim retained. Not independently rechecked in this release.
s187,How Woodpeckers Withstand Repeated Pecking,0b713fb6f854535453eac33f6db0136a6f3c1eae48eb00df5755716831001f6e,inherited-v2.9.4,fact_check_all_2000.csv#s187,Unchanged text; prior editorial claim retained. Not independently rechecked in this release.
s188,Owl That Hunts by Sound Alone,0704d8fc3c943c231d50f9abb82d170f6f2dc9bf11030196dcb100bcd762278b,inherited-v2.9.4,fact_check_all_2000.csv#s188,Unchanged text; prior editorial claim retained. Not independently rechecked in this release.
s189,The Turtle That Breathes Through Its Skin,34cb858f751caa4df970db099597f9bf7d4e2be5d50338d71f05768bf0a51a22,inherited-v2.9.4,fact_check_all_2000.csv#s189,Unchanged text; prior editorial claim retained. Not independently rechecked in this release.
s190,Plant That Traps Insects for Dinner,dba382453aff705511a36fa8660765a96ec379c823ce07863f922f1184acb7b9,inherited-v2.9.4,fact_check_all_2000.csv#s190,Unchanged text; prior editorial claim retained. Not independently rechecked in this release.
s191,The Bird That Builds a Bower to Attract Mates,aec3cca10e3d47951bec8aca1dc6e2d007fe1d8280188d39c8b8048e78f146ff,inherited-v2.9.4,fact_check_all_2000.csv#s191,Unchanged text; prior editorial claim retained. Not independently rechecked in this release.
s192,The Shrimp That Sees Colors Humans Cannot,05e6421293b3dc0b9c99ec41473bee8be5940742ef4c0bf091b40d65b79bc332,inherited-v2.9.4,fact_check_all_2000.csv#s192,Unchanged text; prior editorial claim retained. Not independently rechecked in this release.
s193,Tardigrade That Survives the Vacuum of Space,22fcd64c4fd93df0bbeef323629ee709f66c075c28d66fb8dd644c7198fa5ca4,inherited-v2.9.4,fact_check_all_2000.csv#s193,Unchanged text; prior editorial claim retained. Not independently rechecked in this release.
s194,A Giant Fungus Beneath the Forest,c4f9ef385199a361f500d3a7ee3048a76c0690f3c6d8d7d4feea65a143474d69,inherited-v2.9.4,fact_check_all_2000.csv#s194,Unchanged text; prior editorial claim retained. Not independently rechecked in this release.
s195,The Town Where Everyone Owns a Piece of the Bakery,0e801353c994b87eaff7515995322945d569b90fc4f4356fe19dd542507d8300,inherited-v2.9.4,fact_check_all_2000.csv#s195,Unchanged text; prior editorial claim retained. Not independently rechecked in this release.
s196,School Bus That Doubles as a Mobile Library,f8a9f3ca355d8ebe8e6dbd0bd95d110d5db1cfd62ae5e35129bd3582166ef25f,inherited-v2.9.4,fact_check_all_2000.csv#s196,Unchanged text; prior editorial claim retained. Not independently rechecked in this release.
s197,City That Turned Its Empty Lots Into Gardens,44b68bffcf99e480a635b6089a86806d1ca2907ad862db3be01697dfe01f61e7,inherited-v2.9.4,fact_check_all_2000.csv#s197,Unchanged text; prior editorial claim retained. Not independently rechecked in this release.
s198,The Country That Requires Every Law to Expire,9cbafbe4c62a1187b3bcc62366ad89998717044c0735ee30c6df53d6a1e74b36,inherited-v2.9.4,fact_check_all_2000.csv#s198,Unchanged text; prior editorial claim retained. Not independently rechecked in this release.
s199,Village That Votes by Placing Stones in Jars,96cec6866b805a547a56738633d75b90006353b13b4e406a37d4ea90e2808212,inherited-v2.9.4,fact_check_all_2000.csv#s199,Unchanged text; prior editorial claim retained. Not independently rechecked in this release.
s200,Nation That Shares Its Border Guards With a Neighbor,cc390260ebccabadc4243168cc47d8c4023038bb9f36780ae385da0a5838fb6a,inherited-v2.9.4,fact_check_all_2000.csv#s200,Unchanged text; prior editorial claim retained. Not independently rechecked in this release.
s201,The City-State That Outsources Its Own Foreign Policy,d205100d93315077df9167ea2f5d5bdc8bf8a3b381120e03dfa3954a3fae6325,inherited-v2.9.4,fact_check_all_2000.csv#s201,Unchanged text; prior editorial claim retained. Not independently rechecked in this release.
s202,Country Whose Constitution Fits on a Single Page,32c525590db7ea9570c05ca38e7e054450477ab1457d0e04322430dd80662a60,inherited-v2.9.4,fact_check_all_2000.csv#s202,Unchanged text; prior editorial claim retained. Not independently rechecked in this release.
s203,Sweater That Outlived Three Winters,23ba7b70eb1e199a89359a84a38ea2be9740d3b8682b803d4622ab18ce3064f2,inherited-v2.9.4,fact_check_all_2000.csv#s203,Unchanged text; prior editorial claim retained. Not independently rechecked in this release.
s204,The Morning Walk That Became a Habit,37a0023c22b0e482c22684ddd6ec5ae93085573de7416262e44d4d4265bd5417,inherited-v2.9.4,fact_check_all_2000.csv#s204,Unchanged text; prior editorial claim retained. Not independently rechecked in this release.
s205,Potluck Dinner That Started By Accident,30d0d898e3dfe039f7368cec76a157580d2f8dece043389f9aefcb51aa38acdd,inherited-v2.9.4,fact_check_all_2000.csv#s205,Unchanged text; prior editorial claim retained. Not independently rechecked in this release.
s206,Spare Key Under the Wrong Mat,4cd5087d70a62ad191b3d911892fa6856db1ec5174a18b434ed9b00aaa5eb033,inherited-v2.9.4,fact_check_all_2000.csv#s206,Unchanged text; prior editorial claim retained. Not independently rechecked in this release.
s207,The Garden Plot Shared by Strangers,f0a1b43fcaa1eba55650df8eb1559344f14c382a340fbd4ccb96e4866b2c6bbf,inherited-v2.9.4,fact_check_all_2000.csv#s207,Unchanged text; prior editorial claim retained. Not independently rechecked in this release.
s208,Voicemail Never Deleted,681150e870f8caa1207c05a053b5baec4ff36da8eeda672ed969339e15fecc66,inherited-v2.9.4,fact_check_all_2000.csv#s208,Unchanged text; prior editorial claim retained. Not independently rechecked in this release.
s209,Chair at the Table No One Sits In,a3ba170e14e194912a87b23499ae6ae9140fa06593dc74fb215fd4271272c41d,inherited-v2.9.4,fact_check_all_2000.csv#s209,Unchanged text; prior editorial claim retained. Not independently rechecked in this release.
s210,The Photographs Nobody Could Agree to Divide,570f59c7bc8cb4900d338ba4eceacab1b798254b87fbcfc3709be89630d68fc3,inherited-v2.9.4,fact_check_all_2000.csv#s210,Unchanged text; prior editorial claim retained. Not independently rechecked in this release.
s211,Baker Who Fed a Whole Army by Accident,d970a3bbf4b80383d7da380b1a38404f01e386c4d275e5b3e97f418df7f5d5ef,inherited-v2.9.4,fact_check_all_2000.csv#s211,Unchanged text; prior editorial claim retained. Not independently rechecked in this release.
s212,Lighthouse Keeper Who Refused to Leave,e9e9ce1d91ea9f6ea743dca8510fec70c664c4516a83d7a7a6eb1e3cf12ea584,inherited-v2.9.4,fact_check_all_2000.csv#s212,Unchanged text; prior editorial claim retained. Not independently rechecked in this release.
s213,The Village That Traded Places With Its Neighbor,c89a65398dd3e85c6a7664b35d664e2a6eb928e5a190495daa6601aad4c8c2aa,inherited-v2.9.4,fact_check_all_2000.csv#s213,Unchanged text; prior editorial claim retained. Not independently rechecked in this release.
s214,Soldier Who Delivered Peace Instead of War,6a6ab902c23db176d7bd2df9f4071900bb0391ecccedd37e902b5f8a688a7099,inherited-v2.9.4,fact_check_all_2000.csv#s214,Unchanged text; prior editorial claim retained. Not independently rechecked in this release.
s215,Judge Who Ruled Against His Own King,acbfadf833e314206baa6e259c7c6aae26cb69605aaa17524f513294674a963f,inherited-v2.9.4,fact_check_all_2000.csv#s215,Unchanged text; prior editorial claim retained. Not independently rechecked in this release.
s216,The Harbor Built by Mistake,f874c814914f2821522ff50845689d3b7afa5925a1bede4d62a5519fe8c7fdeb,inherited-v2.9.4,fact_check_all_2000.csv#s216,Unchanged text; prior editorial claim retained. Not independently rechecked in this release.
s217,Minister Who Governed From Exile,e56bcdddd3e31a2e84cc3fe22bf20e7b437e5cee990389ed3f2e052cf0af6426,inherited-v2.9.4,fact_check_all_2000.csv#s217,Unchanged text; prior editorial claim retained. Not independently rechecked in this release.
s218,Law That Was Never Actually Repealed,6e423a5371089c95713952019f186e308812f3578cf9e037e6f4c6fd778db39f,inherited-v2.9.4,fact_check_all_2000.csv#s218,Unchanged text; prior editorial claim retained. Not independently rechecked in this release.
s219,Why Popcorn Pops,4fd084b98ad0f60f969af27e23c4a03071305ddfc0f3acff0a5e77a6a489b987,inherited-v2.9.4,fact_check_all_2000.csv#s219,Unchanged text; prior editorial claim retained. Not independently rechecked in this release.
s220,How Soap Actually Cleans Your Hands,2f7b0ce1e4e2983329099cfd075d3c8e6a41c78b6e77fc8c39348a798e1414a7,inherited-v2.9.4,fact_check_all_2000.csv#s220,Unchanged text; prior editorial claim retained. Not independently rechecked in this release.
s221,Why the Sky Turns Red at Sunset,e60ece57d93855d06b4019ed1fc80854f9c76bc542dca67bebc610e0713a7b56,inherited-v2.9.4,fact_check_all_2000.csv#s221,Unchanged text; prior editorial claim retained. Not independently rechecked in this release.
s222,How Bicycles Balance Themselves While Moving,a8668597c737683d0563fcc40f69c5e9d8338169a876b63a0d4b4008a923a375,inherited-v2.9.4,fact_check_all_2000.csv#s222,Unchanged text; prior editorial claim retained. Not independently rechecked in this release.
s223,Reason Glass Is Technically a Liquid Myth,f72b3e3ac42314d2cca331ca0113c28f1e1b401cf324a680aa73b3ad03e81788,inherited-v2.9.4,fact_check_all_2000.csv#s223,Unchanged text; prior editorial claim retained. Not independently rechecked in this release.
s224,Why Some Painkillers Take Longer to Work Than Others,c5657fa0d63fbed1b7c8e88f22bf76fed5abb5f7ea7c66388d22db64658838ad,inherited-v2.9.4,fact_check_all_2000.csv#s224,Unchanged text; prior editorial claim retained. Not independently rechecked in this release.
s225,The Chemistry Behind Why Chili Peppers Burn,3cddec91b0aad16117508f1892c7b82c0207adda60d1c78d0aa0610a4314d663,inherited-v2.9.4,fact_check_all_2000.csv#s225,Unchanged text; prior editorial claim retained. Not independently rechecked in this release.
s226,Physics of Why Rainbows Are Always Curved,a40ed29bef756f8cac08522fdf4865fabec8460740ecdec82d35dd8ce0540774,inherited-v2.9.4,fact_check_all_2000.csv#s226,Unchanged text; prior editorial claim retained. Not independently rechecked in this release.
s227,Jim Meets Ben Gunn,91199fa3ae2b9a3f0852faed39c322e0ba162cd39593729e09991735379b9934,inherited-v2.9.4,fact_check_all_2000.csv#s227,Unchanged text; prior editorial claim retained. Not independently rechecked in this release.
s228,Phileas Fogg Makes a Strange Bet,fafba79495a133d1463f693cc5a96147cb668050889393d4cfc6d47f7c0b876f,inherited-v2.9.4,fact_check_all_2000.csv#s228,Unchanged text; prior editorial claim retained. Not independently rechecked in this release.
s229,The Creature Watches a Family,ed7ce7f686d436ae5fb2a943de0e72c4f58a9002cdfa5d0a599b154502ea0962,inherited-v2.9.4,fact_check_all_2000.csv#s229,Unchanged text; prior editorial claim retained. Not independently rechecked in this release.
s230,The Creature Demands an Answer,7072a118f33d9d9f46c42c02a658ca8a5b7fb701bb2c893964d1db5d89510124,inherited-v2.9.4,fact_check_all_2000.csv#s230,Unchanged text; prior editorial claim retained. Not independently rechecked in this release.
s231,Fantine and Jean Valjean,aa9bf1b91ff117d8646fed770ba21fffdcaeae11c9568cff98d355daab138887,inherited-v2.9.4,fact_check_all_2000.csv#s231,Unchanged text; prior editorial claim retained. Not independently rechecked in this release.
s232,The Barricade in Paris,dec1ebfdf23ca1ac7a73ae4646487c7efc6bb86c2e9ca94e03beba98c68edb3c,inherited-v2.9.4,fact_check_all_2000.csv#s232,Unchanged text; prior editorial claim retained. Not independently rechecked in this release.
s233,Gulliver in Lilliput,4716f35eeb26eeba48a92ae3cfa5e14df7c1387b21cf751d4d7bd352135d6447,inherited-v2.9.4,fact_check_all_2000.csv#s233,Unchanged text; prior editorial claim retained. Not independently rechecked in this release.
s234,Gulliver Among the Giants,3b70a82a0626a1b1502afc7f15d3c8f8307df649001356d03ea6cf0abba8cdff,inherited-v2.9.4,fact_check_all_2000.csv#s234,Unchanged text; prior editorial claim retained. Not independently rechecked in this release.
s235,Why Your Stomach Growls When You're Hungry,6f998daaee467ee5acd897c8de8cd902e4906a500952ab6ebf2f2ffa38ea6950,inherited-v2.9.4,fact_check_all_2000.csv#s235,Unchanged text; prior editorial claim retained. Not independently rechecked in this release.
s236,Town Clock That Ran Backward for a Week,b7ab679a0d8703e4ac296fbba6dd6d84dbcfd1ab2a0b6dec362311cddbf0f17f,inherited-v2.9.4,fact_check_all_2000.csv#s236,Unchanged text; prior editorial claim retained. Not independently rechecked in this release.
s237,The Innkeeper Who Never Forgot a Face,5f91eb6ada5a54494488e38342a032ad4d782fc4755162420230b384019d740b,inherited-v2.9.4,fact_check_all_2000.csv#s237,Unchanged text; prior editorial claim retained. Not independently rechecked in this release.
s238,Borrowed Ladder That Started a Friendship,da9e50199dbda1447614eb4177a57abe5233f811544e6bf882f4fc4d6c81203f,inherited-v2.9.4,fact_check_all_2000.csv#s238,Unchanged text; prior editorial claim retained. Not independently rechecked in this release.
s239,Ant That Farms Its Own Food,30d9d9658f311dc124baf58befc1b5c3d68184401dcb0c1574d38fdd9cce961a,inherited-v2.9.4,fact_check_all_2000.csv#s239,Unchanged text; prior editorial claim retained. Not independently rechecked in this release.
s240,The Town That Shares One Ambulance With Three Villages,a0cce42fc74f271989e4aabaec68d6b13d90fe428a9f14e30864ce9b3c9608db,inherited-v2.9.4,fact_check_all_2000.csv#s240,Unchanged text; prior editorial claim retained. Not independently rechecked in this release.
s241,Gulliver and the Houyhnhnms,6fdb934ae881cf90b1f4faf9c16ca32141afd78c761f07c7f6eaa45155bbaa3c,inherited-v2.9.4,fact_check_all_2000.csv#s241,Unchanged text; prior editorial claim retained. Not independently rechecked in this release.
s242,Reason Your Voice Sounds Different on Recordings,a7bfc55460187ad17804210a3b66466bebd3925fd42da9a0514ac0049e9613c7,inherited-v2.9.4,fact_check_all_2000.csv#s242,Unchanged text; prior editorial claim retained. Not independently rechecked in this release.
s243,The Cartographer Who Mapped Only What He'd Lost,4582da8466ba9b50335b33a773d0103d6027e302dbf8bce9a049ca80b901099e,inherited-v2.9.4,fact_check_all_2000.csv#s243,Unchanged text; prior editorial claim retained. Not independently rechecked in this release.
s244,Envoy Who Negotiated With an Empire That No Longer Existed,71f104e28b6fd41e62685f91d76346be0f34ffe1e98a9cd67e79a537b4b219ff,inherited-v2.9.4,fact_check_all_2000.csv#s244,Unchanged text; prior editorial claim retained. Not independently rechecked in this release.
s245,How Nearby Bacteria Coordinate Their Behavior,8c2ca1f9ecc2184994909a86c8e26fee9ab5daf3b63083cd4a956c3ffad4085a,inherited-v2.9.4,fact_check_all_2000.csv#s245,Unchanged text; prior editorial claim retained. Not independently rechecked in this release.
s246,The Diary Two Strangers Kept Without Knowing Each Other,60374f0386b04704fc3aa6d635916d3eb368048565168c600cd2a31fbab97714,inherited-v2.9.4,fact_check_all_2000.csv#s246,Unchanged text; prior editorial claim retained. Not independently rechecked in this release.
s247,Kite That Carried Wishes to the Wind,e3070f611b96fd47670e86ede368864fd903501a7ccde316b5f2d3d1a30340ef,inherited-v2.9.4,fact_check_all_2000.csv#s247,Unchanged text; prior editorial claim retained. Not independently rechecked in this release.
s248,Blacksmith Who Forged Second Chances,5efe912240ff77df15cc2e1fb8bb65bb64a54e489a0d658e6bdbcded4bd11fd6,inherited-v2.9.4,fact_check_all_2000.csv#s248,Unchanged text; prior editorial claim retained. Not independently rechecked in this release.
s249,The Girl Who Collected Fallen Stars,81db2c7a38e7e7b6b2c3a9386735349ec4f2335e6c117fe4397d0504f9335ae8,inherited-v2.9.4,fact_check_all_2000.csv#s249,Unchanged text; prior editorial claim retained. Not independently rechecked in this release.
s250,Librarian Who Lent Books to Ghosts,f741f7eebaf1c7211e3852287fc9d3d9ff79505b388b388c68072bcaf109da55,inherited-v2.9.4,fact_check_all_2000.csv#s250,Unchanged text; prior editorial claim retained. Not independently rechecked in this release.
s251,Tinker Who Repaired Broken Hearts,89627f84eb577233d026c721b9443328265d4a37899cf433139940e16f9862be,inherited-v2.9.4,fact_check_all_2000.csv#s251,Unchanged text; prior editorial claim retained. Not independently rechecked in this release.
s252,The Gardener Who Grew Silence Into Roses,9590f55b3cb661fc27d84405996a3056ed7f6c1052a2f6b261f55190ab956fbc,inherited-v2.9.4,fact_check_all_2000.csv#s252,Unchanged text; prior editorial claim retained. Not independently rechecked in this release.
s253,Weaver Who Stitched Together Torn Fates,1f4a9fdbb4ee99429d05a6d63c96d2d2814e1d63bb16a02687f20a5f12bbd1c7,inherited-v2.9.4,fact_check_all_2000.csv#s253,Unchanged text; prior editorial claim retained. Not independently rechecked in this release.
s254,Innkeeper's Wife Who Dreamed Other People's Dreams,52a444145175a06539ed4ecbe066606de46d64675d7b8021402c3519f972c6b1,inherited-v2.9.4,fact_check_all_2000.csv#s254,Unchanged text; prior editorial claim retained. Not independently rechecked in this release.
s255,The Cooper Who Barreled Up Bad Luck,7a5877213ba95702e45c682095ff39cc4ba0df6b778138dafe66d2e23760ef61,inherited-v2.9.4,fact_check_all_2000.csv#s255,Unchanged text; prior editorial claim retained. Not independently rechecked in this release.
s256,Silversmith Who Melted Down Old Grudges,ac943820841df93fea8b4f1ba989d84b79f3b29c90b86e2f8d15fc87b8d1e272,inherited-v2.9.4,fact_check_all_2000.csv#s256,Unchanged text; prior editorial claim retained. Not independently rechecked in this release.
s257,Midwife Who Delivered More Than Babies,bc1c00952e843853ebe2dc0426dcde802dc7b1aee3de2f9b5ec0e51680108f3d,inherited-v2.9.4,fact_check_all_2000.csv#s257,Unchanged text; prior editorial claim retained. Not independently rechecked in this release.
s258,The Ropemaker Who Braided Fortune and Misfortune Together,b8371cc7b3a51e8550a0e9c62d5f7235a6999bca66862a9ceab0fa37634996ee,inherited-v2.9.4,fact_check_all_2000.csv#s258,Unchanged text; prior editorial claim retained. Not independently rechecked in this release.
s259,How Giraffes Control Blood Pressure,280ef542c55249e0313b1e31767d00ddc2ca0b0d3643c91a0f6b0f5d93da122e,inherited-v2.9.4,fact_check_all_2000.csv#s259,Unchanged text; prior editorial claim retained. Not independently rechecked in this release.
s260,Beetle That Rolls Its Dinner Uphill,8df941ce0b326d4b44b1b0ac8685e68849e46231526cc76ae963b2697cff848d,inherited-v2.9.4,fact_check_all_2000.csv#s260,Unchanged text; prior editorial claim retained. Not independently rechecked in this release.
s261,How Chameleons Really Change Color,daafbe3aef4a05c1f30a08fe8c6d5b106b2954a48c1c4258127f6ff018c86451,inherited-v2.9.4,fact_check_all_2000.csv#s261,Unchanged text; prior editorial claim retained. Not independently rechecked in this release.
s262,Fish That Lives Out of Water for Days,7e227c7a3b1c2465957d641017ace3e786915fdcc76179ceaf48558b250a8b7f,inherited-v2.9.4,fact_check_all_2000.csv#s262,Unchanged text; prior editorial claim retained. Not independently rechecked in this release.
s263,Bird That Steals Nests Instead of Building Them,683c0d377e0ea807e623835fb2d29c52b25b646cec2497fb8e627e63b0609e4e,inherited-v2.9.4,fact_check_all_2000.csv#s263,Unchanged text; prior editorial claim retained. Not independently rechecked in this release.
s264,The Ant That Explodes to Protect Its Colony,aea3c5923ebc5f72900e9c9e8c3342e4f27364147ec5a5efde66118c527338cd,inherited-v2.9.4,fact_check_all_2000.csv#s264,Unchanged text; prior editorial claim retained. Not independently rechecked in this release.
s265,Mammal That Lays Eggs Instead of Giving Birth,7df1b483e36ddd9375e07520747827baa792fbd85465587e59e6febd9779208e,inherited-v2.9.4,fact_check_all_2000.csv#s265,Unchanged text; prior editorial claim retained. Not independently rechecked in this release.
s266,Fish That Uses Tools to Crack Shells,e5466dba49dfe798555919308ac23a36de19a6ec1e9a53bfb880d5849a13145d,inherited-v2.9.4,fact_check_all_2000.csv#s266,Unchanged text; prior editorial claim retained. Not independently rechecked in this release.
s267,The Bird That Remembers Thousands of Hiding Spots,7e3c8a42dc73942ac4248de24fe53a5312ee8e3a0db3b04455727287471c2df4,inherited-v2.9.4,fact_check_all_2000.csv#s267,Unchanged text; prior editorial claim retained. Not independently rechecked in this release.
s268,Deep-Sea Creature That Makes Its Own Light,31a95dc8044e5bd62299b0e502cb8f91a2f09da611182949ffe6ab64b28f0ec7,inherited-v2.9.4,fact_check_all_2000.csv#s268,Unchanged text; prior editorial claim retained. Not independently rechecked in this release.
s269,Insect That Mimics a Leaf to Survive,7ff5aeaa1bcfbd7e50deb30c624a7dfc9165e670cb75cdb04721544087f77a4c,inherited-v2.9.4,fact_check_all_2000.csv#s269,Unchanged text; prior editorial claim retained. Not independently rechecked in this release.
s270,How Newborn Mice Can Repair Heart Tissue,3a34072350a23ea8f8af742b6b1ff44cecb693cc569d8e77db2aa5f0ddc38cd6,inherited-v2.9.4,fact_check_all_2000.csv#s270,Unchanged text; prior editorial claim retained. Not independently rechecked in this release.
s271,Town That Built a Playground Out of Old Boats,8da24583e46dbbd6256b524513501da1f9a89bbeb8fbc2bf16cf7ef4585550ce,inherited-v2.9.4,fact_check_all_2000.csv#s271,Unchanged text; prior editorial claim retained. Not independently rechecked in this release.
s272,Village That Shares a Single Tractor,9ba8c1a4715a1d83aac5b4bc14b8af116937277fff96a43581db7170817e966b,inherited-v2.9.4,fact_check_all_2000.csv#s272,Unchanged text; prior editorial claim retained. Not independently rechecked in this release.
s273,The City That Paints Its Crosswalks Like Rainbows,088bf62ae8e1cc226ce4fa91d3cc771fd82a41241347f0e6e0bb527354452e50,inherited-v2.9.4,fact_check_all_2000.csv#s273,Unchanged text; prior editorial claim retained. Not independently rechecked in this release.
s274,Country That Grows Its Own National Forest,17be188c1db04bee783db67033631831aec57143f542162ff597fc98a21d351d,inherited-v2.9.4,fact_check_all_2000.csv#s274,Unchanged text; prior editorial claim retained. Not independently rechecked in this release.
s275,Town That Turned Its Water Tower Into a Museum,7d71fc578a5e7c1c69a33d0a3c8c972c42bdf0a4407d2c14138bc81650e8ba3b,inherited-v2.9.4,fact_check_all_2000.csv#s275,Unchanged text; prior editorial claim retained. Not independently rechecked in this release.
s276,The City That Lets Citizens Design Their Own Parks,a98ce34449e3554520088628814c5b9ff36957f3710864a4b9492323d21381ec,inherited-v2.9.4,fact_check_all_2000.csv#s276,Unchanged text; prior editorial claim retained. Not independently rechecked in this release.
s277,Nation That Trains Farmers to Become Diplomats,662a16a60f3b903f7f02641ceb20cb0f25c92d4dc247ebc4e397f95c615e524a,inherited-v2.9.4,fact_check_all_2000.csv#s277,Unchanged text; prior editorial claim retained. Not independently rechecked in this release.
s278,Region That Shares a Single Power Grid Across Three Countries,9425af60bf3490102fd7195bb01372d31968504b8a1b63ce7ed8fa8d0b95e355,inherited-v2.9.4,fact_check_all_2000.csv#s278,Unchanged text; prior editorial claim retained. Not independently rechecked in this release.
s279,The Nation That Negotiates Its Fishing Rights Every Season,d11d083f09213267a76713dcf0cd39e005b53c70820901983a7a94b053fb8030,inherited-v2.9.4,fact_check_all_2000.csv#s279,Unchanged text; prior editorial claim retained. Not independently rechecked in this release.
s280,Union of Towns That Shares One Fire Department,cf7cc0a314ae42aee9061c6873339a61383794fa0eaf268ccdb4af973585c03c,inherited-v2.9.4,fact_check_all_2000.csv#s280,Unchanged text; prior editorial claim retained. Not independently rechecked in this release.
s281,Nation That Publishes Its Government Budget as a Children's Book,e56db49ef0d8a0f3e6111035a34aef8bdc89dae6eae51f6d9cb5f9fb5ec1079b,inherited-v2.9.4,fact_check_all_2000.csv#s281,Unchanged text; prior editorial claim retained. Not independently rechecked in this release.
s282,The Umbrella Stand That Became a Neighborhood Tradition,d8528a28388a987cfb924b6261a932ea18d58534f2369bc1330e46d90a13fad3,inherited-v2.9.4,fact_check_all_2000.csv#s282,Unchanged text; prior editorial claim retained. Not independently rechecked in this release.
s283,Recipe Passed Down Through a Single Photograph,34cd07cc2899c71b2bbc73e3735fc59da7a1a76141353c5335e2dced518889ba,inherited-v2.9.4,fact_check_all_2000.csv#s283,Unchanged text; prior editorial claim retained. Not independently rechecked in this release.
s284,Bench Where Strangers Became Regulars,b5770435a5dd2c1db4361edf76c895d416ae0ea4daa6d9576bcc085a54b78d18,inherited-v2.9.4,fact_check_all_2000.csv#s284,Unchanged text; prior editorial claim retained. Not independently rechecked in this release.
s285,The Shared Toolbox in the Apartment Basement,ded92a220a7d38b815e0dac9a5f683445ebbaa44fa9a084736eda4122a1cb54c,inherited-v2.9.4,fact_check_all_2000.csv#s285,Unchanged text; prior editorial claim retained. Not independently rechecked in this release.
s286,Coat Left at a Party for Years,5c6b3728f7413d90c215fde66af50eb81c7ff58ed41df9f4926477c2a1a38976,inherited-v2.9.4,fact_check_all_2000.csv#s286,Unchanged text; prior editorial claim retained. Not independently rechecked in this release.
s287,Piano No One in the Family Could Play,ef75fd5035619e1d380c90fa8c580c3948a685844c3ea5fea2cc31ac718e162f,inherited-v2.9.4,fact_check_all_2000.csv#s287,Unchanged text; prior editorial claim retained. Not independently rechecked in this release.
s288,The Attic Box Neither Sibling Wanted to Open,c0f1b78ead6f0d7ceb24845e4ce2b172e2d3aa7fac6fac203a5179cbd9474a8e,inherited-v2.9.4,fact_check_all_2000.csv#s288,Unchanged text; prior editorial claim retained. Not independently rechecked in this release.
s289,Sunday Ritual That Survived a Divorce,489afa1f464a9458b18a6e37523fd291c5fcbd9466ed8d4869a4d313eab2e214,inherited-v2.9.4,fact_check_all_2000.csv#s289,Unchanged text; prior editorial claim retained. Not independently rechecked in this release.
s290,Handwriting That Outlived the Letter Writer,3914bd1b9a8766b2c9ae88795794965f2c6d73acc66b6a7be094537a67123ee0,inherited-v2.9.4,fact_check_all_2000.csv#s290,Unchanged text; prior editorial claim retained. Not independently rechecked in this release.
s291,The Garden Left Exactly as the Owner Had Planted It,1873c0f290f62721c6453ed4eab6dd8a7e79baa238ea598779cf38162756e6b1,inherited-v2.9.4,fact_check_all_2000.csv#s291,Unchanged text; prior editorial claim retained. Not independently rechecked in this release.
s292,Silence Between Two Old Friends Who Never Apologized,5ae08160bc8da9df789b2d26eaeac055d92210dd5c51bcbbf4a0434d4b5315ec,inherited-v2.9.4,fact_check_all_2000.csv#s292,Unchanged text; prior editorial claim retained. Not independently rechecked in this release.
s293,Fisherman Who Warned of a Coming Storm,92027920fe197b2b8c7ee644dc7f4fadc410a63efa50dc6e461281881c64eda4,inherited-v2.9.4,fact_check_all_2000.csv#s293,Unchanged text; prior editorial claim retained. Not independently rechecked in this release.
s294,The Child Who Carried a Kingdom's Only Seed,a52c36714d911a15af2d13ac3117e833ad4442eacc4f8a68bf94df33421cebca,inherited-v2.9.4,fact_check_all_2000.csv#s294,Unchanged text; prior editorial claim retained. Not independently rechecked in this release.
s295,Innkeeper Who Hid a Fugitive Prince,c334f686c53a03e215a6671b7cd85537f4ee4ed2c8460a4cb506e6c459488ea2,inherited-v2.9.4,fact_check_all_2000.csv#s295,Unchanged text; prior editorial claim retained. Not independently rechecked in this release.
s296,Toll Collector Who Refused a King's Coin,5f5bc0de0151e3509250901e272c6afd83f24ef76b3abc2294e06b6378aae9c8,inherited-v2.9.4,fact_check_all_2000.csv#s296,Unchanged text; prior editorial claim retained. Not independently rechecked in this release.
s297,The Widow Who Ran a Trading Post Alone,1f404678e91cef06627e8f6db1e9819d0b4b9fc7fd30ab57570975ad8752380b,inherited-v2.9.4,fact_check_all_2000.csv#s297,Unchanged text; prior editorial claim retained. Not independently rechecked in this release.
s298,Carpenter Who Built a Bridge in a Single Night,a7fc62c41a41e1abbdeef272612f93c881a841b9f6e1908077ad84226c37a3be,inherited-v2.9.4,fact_check_all_2000.csv#s298,Unchanged text; prior editorial claim retained. Not independently rechecked in this release.
s299,Scholar Who Hid a Library in Plain Sight,72a2a7a46e10a8e0fa50c974a6054e82e26e21d11d6aa6b6cc21178d75ebc5f5,inherited-v2.9.4,fact_check_all_2000.csv#s299,Unchanged text; prior editorial claim retained. Not independently rechecked in this release.
s300,The Messenger Who Delivered News a Century Late,7455d0d25b9736a3ceaad2f7660506c3339cb5e8ba6048f9635cfcb2f49e0765,inherited-v2.9.4,fact_check_all_2000.csv#s300,Unchanged text; prior editorial claim retained. Not independently rechecked in this release.
s301,Farmer Who Fed Both Sides of a War,0604da08b7bfc4b78bbc04572d630f62634ce6786a8efe5f6160db546e442a0b,inherited-v2.9.4,fact_check_all_2000.csv#s301,Unchanged text; prior editorial claim retained. Not independently rechecked in this release.
s302,Ambassador Who Negotiated Peace With No Authority to Do So,2fe0cb6b8c204b50cd2a35c3d046c476c0b793dc00117429e2caf93e573589b9,inherited-v2.9.4,fact_check_all_2000.csv#s302,Unchanged text; prior editorial claim retained. Not independently rechecked in this release.
s303,The Cartographer Who Mapped a Border That Kept Moving,6450319eb88f46ade8e566d155683ff6382d37113e4f1a05e5f389aa6e538b1c,inherited-v2.9.4,fact_check_all_2000.csv#s303,Unchanged text; prior editorial claim retained. Not independently rechecked in this release.
s304,Scribe Who Recorded a History No One Wanted Told,cab967ba7981a0fc2822a67f6faf37ff004fa26b0e2c2e76f62223e79049f786,inherited-v2.9.4,fact_check_all_2000.csv#s304,Unchanged text; prior editorial claim retained. Not independently rechecked in this release.
s305,Umbrella Rack That Never Stayed the Same,e91a9129d2dc881156c56ced7b639ec281a5312edce46c752816689c07d64e1d,inherited-v2.9.4,fact_check_all_2000.csv#s305,Unchanged text; prior editorial claim retained. Not independently rechecked in this release.
s306,The District That Elects Representatives by Random Selection,0ba6950f2a42723db15c8ef5b489083fc96d29ab6e46e8a98a16eb4c8d0701ef,inherited-v2.9.4,fact_check_all_2000.csv#s306,Unchanged text; prior editorial claim retained. Not independently rechecked in this release.
s307,Why Ice Floats Instead of Sinking,2039c6d717a1562b075fbe76fd1c35a8146c3846ba500e8a793f3fcc232c695c,inherited-v2.9.4,fact_check_all_2000.csv#s307,Unchanged text; prior editorial claim retained. Not independently rechecked in this release.
s308,How Your Body Knows When to Sleep,0c9e6926de0363aa58fc00d041b857e2f14748631d98f2a7666b4f32cd8e4840,inherited-v2.9.4,fact_check_all_2000.csv#s308,Unchanged text; prior editorial claim retained. Not independently rechecked in this release.
s309,Why Some Fruits Have Seeds and Others Don't,0fe772d42bd81048f1f1b4d6f9eb1fc7a4382013643fcabe1c495a86e910acae,inherited-v2.9.4,fact_check_all_2000.csv#s309,Unchanged text; prior editorial claim retained. Not independently rechecked in this release.
s310,How Vaccines Teach the Body to Fight Back,f427caa24c2c0b26639b9709b126dd15838707e80d7292dae07af37721abd9ef,inherited-v2.9.4,fact_check_all_2000.csv#s310,Unchanged text; prior editorial claim retained. Not independently rechecked in this release.
s311,Why Deserts Get So Cold at Night,06698626c82ecff04fda96670b7a68deb8d0a8e2f8b30d4ca3a9fce316082fdf,inherited-v2.9.4,fact_check_all_2000.csv#s311,Unchanged text; prior editorial claim retained. Not independently rechecked in this release.
s312,How Fireflies Make Light Without Heat,d217b2dd8c720372ace2d6f3b820a98e5f0c97349cea339ceafc6395f3fa2118,inherited-v2.9.4,fact_check_all_2000.csv#s312,Unchanged text; prior editorial claim retained. Not independently rechecked in this release.
s313,Reason Muscles Get Sore After Exercise,3161594499a1ed0ea900521d529d49262aef30c90764078c1522e50fe3707c59,inherited-v2.9.4,fact_check_all_2000.csv#s313,Unchanged text; prior editorial claim retained. Not independently rechecked in this release.
s314,Why a New Language Can Feel More Difficult,c0ce9e0cdebb0581da9450de053fc3ffd3b8777e6bfcf8316626cc71977ad038,inherited-v2.9.4,fact_check_all_2000.csv#s314,Unchanged text; prior editorial claim retained. Not independently rechecked in this release.
s315,Why Yawning Can Be Contagious,a790e7f29c060885871c3ec597242a9c84e9044be5cea6beb22ad2961a17bde2,inherited-v2.9.4,fact_check_all_2000.csv#s315,Unchanged text; prior editorial claim retained. Not independently rechecked in this release.
s316,Why Old Books Have a Distinctive Smell,dd12ef911f4e76a3189d9bf623ed86477e50279667a951c9d1c230b01b2a6188,inherited-v2.9.4,fact_check_all_2000.csv#s316,Unchanged text; prior editorial claim retained. Not independently rechecked in this release.
s317,Physics Behind Why Mirrors Reverse Left and Right But Not Up and Down,a1f3a3956efa2c180cb26edbf0f3ec092cf40c99961646979c1325ddf38886ed,inherited-v2.9.4,fact_check_all_2000.csv#s317,Unchanged text; prior editorial claim retained. Not independently rechecked in this release.
s318,Why Some People Are Exceptional at Recognizing Faces,1548dfae6d4eb22b1bcb21654bcbf4e1bc95f2eacd66f59719ce94f8fcb82034,inherited-v2.9.4,fact_check_all_2000.csv#s318,Unchanged text; prior editorial claim retained. Not independently rechecked in this release.
s319,A Rescue During the Journey,5c24cae6869907fa25b6a8fd4765d415b8aa86fe418f42ef3bf19678b7db93ae,inherited-v2.9.4,fact_check_all_2000.csv#s319,Unchanged text; prior editorial claim retained. Not independently rechecked in this release.
s320,The Journey Down the Volcano,760eb9a8aacc5a99fdbe4dcd3dffcc9612bbde3866301fd0a11b6451bc7bbb6b,inherited-v2.9.4,fact_check_all_2000.csv#s320,Unchanged text; prior editorial claim retained. Not independently rechecked in this release.
s321,The Underground Sea,d932ae5492b5236c2bb051816f801b502fa53ae72faee284466506283428f192,inherited-v2.9.4,fact_check_all_2000.csv#s321,Unchanged text; prior editorial claim retained. Not independently rechecked in this release.
s322,Oliver Asks for More,c3131aeb6b937de5549d1511f593e0d371e4ca3960f5ef44b6a350e972f6f7fd,inherited-v2.9.4,fact_check_all_2000.csv#s322,Unchanged text; prior editorial claim retained. Not independently rechecked in this release.
s323,Oliver Enters Fagin's London,7809b91862e821f18c9cc1b357d8c195b92e6e1eead521180fa9671ad0932eed,inherited-v2.9.4,fact_check_all_2000.csv#s323,Unchanged text; prior editorial claim retained. Not independently rechecked in this release.
s324,Nancy Makes Her Choice,41d3e1561e01fce211b18060579819fd4dc53b222b94096f6cbc7206e0fd4e88,inherited-v2.9.4,fact_check_all_2000.csv#s324,Unchanged text; prior editorial claim retained. Not independently rechecked in this release.
s325,Ishmael Meets Queequeg,09b1a48337a2860cd6f3b772495a687a99dd777b5b4bbeb651602a292943ce5e,inherited-v2.9.4,fact_check_all_2000.csv#s325,Unchanged text; prior editorial claim retained. Not independently rechecked in this release.
s326,Hester Stands on the Scaffold,4cfd4ba675bf1173c7429300dd781bf58afd5cded9ee5880ff76ac792f9cb712,inherited-v2.9.4,fact_check_all_2000.csv#s326,Unchanged text; prior editorial claim retained. Not independently rechecked in this release.
s327,Captain Ahab and the White Whale,bbf5734318f0d5d653aa0eee0fa4d50b01251956e36c081bf4396d860b0d91e2,inherited-v2.9.4,fact_check_all_2000.csv#s327,Unchanged text; prior editorial claim retained. Not independently rechecked in this release.
s328,Dimmesdale Keeps His Secret,8195957d185995d5172b256175080f67bd29df2959d990e2aede66e225b35b5b,inherited-v2.9.4,fact_check_all_2000.csv#s328,Unchanged text; prior editorial claim retained. Not independently rechecked in this release.
s329,The Final Confession,a4d32094f30633f0b90909dc20ba28347d17189cd7f754ad7033414ceeb5ceaf,inherited-v2.9.4,fact_check_all_2000.csv#s329,Unchanged text; prior editorial claim retained. Not independently rechecked in this release.
s330,The Count Returns to Paris,8d4f95155e1ddc83444b1eebfac919b0d72d524d18352cda014484fbf2c1ff90,inherited-v2.9.4,fact_check_all_2000.csv#s330,Unchanged text; prior editorial claim retained. Not independently rechecked in this release.
s331,A Small Dog and a Big Star,47cb2480bc7b19a269d960a66be07cc2229c75d3962b87ed038150d45c57019c,fiction-language-reviewed,content/editorial-batch-2.11.3.json#s331,"Retain the clear present-tense dog-and-star fantasy; dialogue punctuation, references and ending are coherent. Always there is the fictional dog's repeated experience, not an astronomy lesson."
s332,Little Boat,21d1b3ca70aa09f00a1d1cb081af8772d7b998ec71043ad6e17c6469e58a7058,fiction-language-reviewed,content/editorial-batch-2.11.3.json#s332,"Retain the personified boat story. Short present-tense actions, repeated boat/water and return-home ending support Level 1."
s333,A Girl and Her Cat,114d0f85bbb7f4d9f0190c8229a54210d3ac97911a7c4c2e666cf0704adb4da0,fiction-language-reviewed,content/editorial-batch-2.11.3.json#s333,Retain the simple daily play and bedtime sequence. Repeated girl/cat references are clear and the emotional claims belong to this fictional pair.
s334,Magic Hat,f692492a2914b1bf14bb8d9c97f1a3fc284b55b3903d07a74bae1d6395ce4d70,editorial-revision-2026-09-24,content/editorial-batch-2.11.9l.json#s334,The magical event and its one-day limit are clear. Lowercase said after exclamation marks in dialogue tags.
s335,A Friend in the Tree,384fae9078899be0fa8798cfc9fdefac2c5bf622349f84f25c315e05e396cd29,editorial-revision-2026-09-24,content/editorial-batch-2.11.9l.json#s335,Correct a capitalized dialogue tag and replace the small owl sheltering a child across town with an actionable warning about rain; preserve their friendship and the talking-owl premise.
s336,The Little King,0661c361b518b3fee942ffe9f3999f77dec9f543d3c8dc644b1167a37d0a19fe,inherited-v2.9.4,fact_check_all_2000.csv#s336,Unchanged text; prior editorial claim retained. Not independently rechecked in this release.
s337,Boy and the Talking Fish,cc7a5132b9a3e83e460aa7529c43bfa1a7dd47a29f749971de3304aae679b8a4,language-revised,fact_check_all_2000.csv#s337,"Language revision; retained/simplified narrative or source plot. Prior factual provenance retained, not a new independent source audit."
s338,A New Friend at the Lake,f6c19a54244f3cde7832f911e2d36107f0c891dac8e277f108ec79d0122255bc,editorial-revision-2026-09-25,content/editorial-batch-2.11.9y.json#s338,Bread crumbs are poor food for ducks. Let the friends observe wild ducks at a distance while keeping their lakeside friendship.
s339,The Small Dragon,01d3f2045b7618cf2d31388cd6b8364c8045889933f15e51292b0e2450909e2b,editorial-revision-2026-09-25,content/editorial-batch-2.11.9y.json#s339,Correct the capitalized dialogue tag after an exclamation mark; the tiny dragon’s growth remains explicitly fantastical.
s340,Girl Who Found a Map,28de401794e08c4c2e81ee159ed4fc96029288aaa04273e2276d6665381d5852,editorial-revision-2026-09-25,content/editorial-batch-2.11.9ag.json#s340,"The original assumes that the grandmother both created and forgot a magic garden without evidence, and the child enters a forest alone. Keep the glowing flowers as explicit fantasy, have Camila ask permission and let her grandmother identify the bench and its history."
s341,Old Wizard's Garden,233ff17ba5bfc85b62198d7b890062c407cebfafa240e6f44b1a1145b526f60d,editorial-revision-2026-09-25,content/editorial-batch-2.11.9ag.json#s341,"The original uses an incorrectly capitalized dialogue tag and normalizes a child entering a feared stranger’s garden alone; the final rumor reversal depends only on his testimony. Establish a family-accompanied visit and a visible village open day, while preserving the gentle magical flowers."
s342,A Night in the Forest,ea60dc1dd054977c99f90a8f9c7772093aab3633c51fcb98c2856751697e013c,editorial-revision-2026-09-25,content/editorial-batch-2.11.9ag.json#s342,"The original says help cannot arrive until morning, but the father repairs the car minutes later; the children ignore a safety instruction and follow lights into a forest. Repair the timeline and keep the magical observation close to the parked car with the family together."
s343,Cat Sleeps,cac5ad287e242cf3a776bd96bcf5590ba7957f594d71dcb7ed623280dd9ae6bd,editorial-revision-2026-09-24,content/editorial-batch-2.11.9g.json#s343,"One particular cat sleeps, eats and returns to bed; its happiness is the narrator’s imaginative interpretation. Classify the small scene as fiction rather than a general account of cats."
s344,A Big Fish,2175ac0b4a9028e7b78e0f726976ccb77b174e0137257cfa9c44ff211a4a0957,editorial-revision-2026-09-24,content/editorial-batch-2.11.9g.json#s344,"The blue fish, fleeing smaller fish and its supposed indifference to cold form an invented scene, not species-level marine biology. Fiction classification makes the subjective language appropriate."
s345,Birds in the Sky,657d06e712159b7a1cf708ca15a9766bee7490455e8f17d56f70db085d2eae7f,editorial-revision-2026-09-24,content/editorial-batch-2.11.9g.json#s345,"The text follows a few birds singing, resting and flying again. Correct its unrelated plants-and-fungi subtopic and identify the birds’ happiness as part of a fictional scene."
s346,Dog and the Ball,8800c207ff4dc192c5b7e52dbabd8076650ac4995597ddc151b0179f4b3aaa0e,fiction-language-revised,content/editorial-batch-2.11.1.json#s346,Shorter action sentences; concrete ending; correct fictional classification and animal subtopic.
s347,Ants Work Together,ab2b1213be5c8b54240fb1628cff18112df0308dc41daa89d68e7432cdfffe01,editorial-revision-2026-09-24,content/editorial-batch-2.11.9l.json#s347,"A named ant makes choices and learns a lesson in a fictional scene, so classify this as animal fiction and label its ant subject rather than plants or fungi."
s348,A Bee and a Flower,6c9c578ec2f1f9ac99665bfc84e87f9424c2961e77cf6c7798804aee2d638fef,editorial-revision-2026-09-24,content/editorial-batch-2.11.9l.json#s348,"This is a named-bee episode, so classify it as animal fiction. Foraging honey bee workers are female; use she, identify nectar and explain that pollen on the body can reach another flower instead of asserting a guaranteed seed outcome."
s349,How Birds Build Nests,b07dbfdea930317b390e7ab43a509685e67a5c43f857ae13416e4027c8bd9f6e,editorial-revision-2026-09-25,content/editorial-batch-2.11.9y.json#s349,"The original treats one cup-nest sequence as universal, implies all birds use string and both parents incubate. Show varied nesting strategies and match the subtopic."
s350,Fast Rabbit,20dc45130b620a17fff55a36542435d869b93c889b0277491be54569e6635613,fiction-language-revised,content/editorial-batch-2.11.2.json#s350,Explicit animal fiction; remove universal predator-escape advice.
s351,A Day at the Farm,e6a13799048f0717127e7656c73945ed30931d9b03bea026eed4f3afa3709e15,editorial-revision-2026-09-25,content/editorial-batch-2.11.9y.json#s351,This is a specific imagined day with Mia and her uncle. Classify as narrative fiction and leave the modest farm scene intact.
s352,Why Owls Hunt at Night,2e554368c15d34b4c666c1622c3090f5029e3c17706b7055c87b8a7ce545d591,source-verified-editorial-revision-2026-09-26,https://academy.allaboutbirds.org/product/the-wonderful-world-of-owls/; https://www.owlresearchinstitute.org/owls-1,"Cornell Lab and the Owl Research Institute support the statements about nocturnal activity, eyesight, hearing, talons, specialized feathers and variation among species. Remove the unsupported anatomical detail about uneven ear openings and avoid implying that all owls hunt only at night."
s353,The Young Bear at the River,76a05101e96d94c5b0b8a3569d702e8486e050f0161e44a3e7072d944372f781,editorial-revision-2026-09-26,content/editorial-batch-2.11.9ap.json#s353,"The original is an invented animal story mislabeled as nonfiction, uses a place name as the cub’s name, repeats “showed,” and claims future survival from one season. Make the fictional scope explicit and keep the observed learning modest."
s354,How Fish Use Gills,02ea798b4e4db4a13e075fb1bead84409daf8aeb19cf6cfd6556952bf8e4bd70,source-verified-editorial-revision-2026-09-26,https://www.nps.gov/articles/blue-in-the-face-breathing-underwater.htm; https://www.usgs.gov/water-science-school/science/dissolved-oxygen-and-water,"The core description of dissolved oxygen crossing thin, blood-rich gill tissue is supported by NPS and USGS. Remove broad claims about air-breathing fish and engineering devices, which the checked sources do not establish, and explain that oxygen is dissolved in water rather than taken from the water molecule."
s355,A New School,0f18dfc0a458450219b74ffb9fa9902bf52e7ece64aa8d68735ab25394f0cad3,fiction-rechecked,content/editorial-batch-2.11.5.json#s355,Changed a supposedly explanatory universal praise of a school into a bounded invented scene. Clear sequence from opening to the first day and a concrete ending; no claim that a school benefits every resident.
s356,Big City,c334e15a7940d46a99d5d53a7374b414a51f2cf48b270d22fa943f3ebfa63663,fiction-rechecked,content/editorial-batch-2.11.5.json#s356,Made the city explicitly imaginary and replaced never sleeps and always something to see with a bounded route home. Short present-tense clauses and stable woman/friend references suit Level 1.
s357,People Help Each Other,f5db0800d74035805d31791623ba10d548910854b1c4131f9020c8250f83fc55,fiction-rechecked,content/editorial-batch-2.11.5.json#s357,"Removed all people are kind and town is a good place as unbounded social claims. The neighbor helps with bags, gets thanks, and returns a wave in an expressly fictional scene."
s358,A Town by the Sea,095b96ccdb7cbb5102b5f4cc51bbc53dcd05ff5999a1fd05508e7e901db4df0f,editorial-revision-2026-09-24,content/editorial-batch-2.11.9l.json#s358,"The town is expressly invented, so mark it fiction. A fish farm needs continuing work and cannot guarantee food in rough seas or safety for everyone; make the outcome conditional and specific."
s359,Market Day,8ff21662d8d1f40afa907e0128fee4ec97cefbdef2f551463f246908ec2b26ec,editorial-revision-2026-09-24,content/editorial-batch-2.11.9l.json#s359,Mia and the farmer take part in an explicitly made-up market episode. Correct the content type to fiction; the basket exchange and return next week are clear.
s360,New Neighbors,b983fe509f71c445dfc96808ff873eac5d6637efe2a217c96de1e76136c5b843,editorial-revision-2026-09-24,content/editorial-batch-2.11.9l.json#s360,Daniel and Amir are characters in an expressly made-up neighbors story. Change the content type to fiction; the shared game supplies a concrete language-learning moment.
s361,A School for Everyone,6550a11e0560c23da9c9e1650242fc56dd6b00149d94000452bb559bf9b68f3c,fiction-language-revised,content/editorial-batch-2.11.2.json#s361,Correct possessive grammar; concrete school planning; avoid universal guaranteed success.
s362,Clean River Project,3b1e88f3d5ed01be0e51f602a3b0d66ea24fb105f2e485f87f09d7eb292e8a80,fiction-language-revised,content/editorial-batch-2.11.2.json#s362,Separate litter removal from industrial pollution; do not equate appearance with water safety.
s363,A Small Farm Grows Big,5fffe1538f2fb1d1504f87eff3f61aac4a776ddd8ba07799fc4e889bd420368e,fiction-language-revised,content/editorial-batch-2.11.2.json#s363,Correct countable noun comparison; describe a limited fictional farming trial rather than guaranteed growth.
s364,Planning a Town Park,c6c474c59c176604c653dc353e437e12e9e0ff5264eeca69604320daacaec2c9,editorial-revision-2026-09-26,content/editorial-batch-2.11.9ap.json#s364,"The fictional policy example lets volunteers build play equipment without approvals or safety review and asserts universal community benefits. Keep public decisions, site checks and qualified construction explicit."
s365,Two Villages Consider a Bridge,a3209fc419a55d3e551ce778e883cbb26a27f23412400ac8607d93e6ad618b63,editorial-revision-2026-09-26,content/editorial-batch-2.11.9ap.json#s365,"The original compresses land rights, hydrology, funding, design approval and a two-year bridge build into a simple volunteer success, then claims broad trade and family outcomes. Make the fictional example a feasibility decision rather than an unsupported completed megaproject."
s366,Sharing Water During a Drought,8505b057ddaea99eb2a06fc2ba205b18217571d3528c418140f915626d8b0e3e,editorial-revision-2026-09-26,content/editorial-batch-2.11.9ap.json#s366,"The original presents an effortless national water-allocation success, shifts tense, and ignores measurement, drinking water, ecosystems, law and drought uncertainty. Turn it into an invented negotiation with explicit unresolved trade-offs."
s367,My Day,6d5d5109fca3250af8bd55aa42c83d1aad18c05b21de8f4f82c26ea38b72d295,fiction-language-reviewed,content/editorial-batch-2.11.3.json#s367,Retain the short first-person daily routine. Present simple and chronological school/home events are natural for a first reading.
s368,A Cup of Tea,83636328248256bc294ad6b60db772c99c4e411ded755e9d9226bc14a12cc9a1,fiction-language-reviewed,content/editorial-batch-2.11.3.json#s368,Retain the shared-tea vignette. Tea is gone transparently means they finish drinking; the quiet shared ending is coherent.
s369,The Red Umbrella,f0266755dbc16c35f784170b2bd6e18431c8ccc0caaec99f580af9b2c6ebfc0e,fiction-language-reviewed,content/editorial-batch-2.11.3.json#s369,Remove present perfect and abstract moral; replace unsupported warm-and-dry outcome for a wet friend with a concrete shared umbrella scene.
s370,A Walk in the Park,6fca06329e239dc8859fbab30c8fa6e23fd6ab6475352eb6cb9664e00740e1eb,language-revised,fact_check_all_2000.csv#s370,"Language revision; retained/simplified narrative or source plot. Prior factual provenance retained, not a new independent source audit."
s371,Making Dinner,c18a97ead19160e215caf3d4ebfd689dceff0490f46ad14702e5a2e788da81de,editorial-revision-2026-09-24,content/editorial-batch-2.11.9l.json#s371,Remove the unqualified “safe knife” claim and awkward “closely to the pot”; tighten repeated dialogue and let the father cut vegetables while Sara helps with lower-risk tasks.
s372,The Lost Key,acc858b73490cb879d410a75ae4c37531922958c07390b9b613af122d6194d87,editorial-revision-2026-09-24,content/editorial-batch-2.11.9l.json#s372,"Use “might have fallen” for an uncertain past event and end with a practical habit, without predicting he never loses the key again."
s373,A Trip to the Store,af7fab6625073a692eeb026ac5994f7e72e220ea6dcf44286f40120ad753d678,editorial-revision-2026-09-25,content/editorial-batch-2.11.9y.json#s373,Remove generic praise and age-based assumptions; clarify permission to help and end on the specific shopping action.
s374,New Neighbor,c2c042d3b1ac441f220635b8f732db4517e0dc6fd64e48664f9152c34dcb8b9b,inherited-v2.9.4,fact_check_all_2000.csv#s374,Unchanged text; prior editorial claim retained. Not independently rechecked in this release.
s375,A Rainy Day at Home,d5864ee70e82f065bd1d4c4a53ffd1373b5115c4fc523df4f063db66eed12d0b,fiction-language-revised,content/editorial-batch-2.11.2.json#s375,Replace awkward sipping phrase and long participle chains with connected actions.
s376,Old Photo Album,f273887fa9d11cb0fa2493f90999f51aa4efcf3b02d06237da938c376734c3a2,editorial-revision-2026-09-25,content/editorial-batch-2.11.9ag.json#s376,"The original makes a present-day grandfather’s first car sound like the first automobile and ends with repetitive, awkward moralizing. Specify his first used car and let one old photograph prompt a concrete, personal family memory."
s377,A Birthday Surprise,38e4d4b4bdcba05a6fe3202099f614ac29ab72f31bfcc1180c574563af6120ec,editorial-revision-2026-09-25,content/editorial-batch-2.11.9ag.json#s377,"The original repeats secret/surprise and careful coordination, places “Together” outside the shouted dialogue, and overstates every guest’s response. Follow Sofia’s practical plan and Valentina’s reaction in natural Level 4 English."
s378,Learning to Cook,fd29f1b24ceccd4686953be65ad971b8bc59c5dd9f2b0e03621b347101b8aaae,editorial-revision-2026-09-25,content/editorial-batch-2.11.9ag.json#s378,"The original repeats proper/first/attempt and teaches that burnt rice must mean incorrect water quantity, though heat and time matter. Let Diego and his mother check heat, water and timing and show modest skill growth."
s379,An Old House,54018f1803e2d7828d71234f3c66fd75b9411518e4185dc8783bc897012f341f,inherited-v2.9.4,fact_check_all_2000.csv#s379,Unchanged text; prior editorial claim retained. Not independently rechecked in this release.
s380,First King,3180b7bc11a69489cbdac04d3105013a8273be002c5760012b9ee226e22e915c,inherited-v2.9.4,fact_check_all_2000.csv#s380,Unchanged text; prior editorial claim retained. Not independently rechecked in this release.
s381,A Long Trip,5dc037fe1e23df267389a9350bf831ded4f30bb2f75903e1b3147db5ed2896c5,inherited-v2.9.4,fact_check_all_2000.csv#s381,Unchanged text; prior editorial claim retained. Not independently rechecked in this release.
s382,Old Bridge,273302ca772b65ef7a4bbfc46e52ee0019e112025477f8367a7f1bd1fdfa3732,editorial-revision-2026-09-24,content/editorial-batch-2.11.9l.json#s382,The story states it is invented and offers no dated or named historical event. Reclassify the village bridge episode as fiction; maintenance after years follows its construction.
s383,A Small Village Long Ago,3b94abb9453ba5f05aad7c6884c74373a02611ddfba37021feada4cc6e82ce5f,editorial-revision-2026-09-24,content/editorial-batch-2.11.9l.json#s383,The family is part of an explicitly fictional past setting. Classify as fiction and use a subtopic about seasonal village work instead of war and social change.
s384,The First Train,ebf43fb50cf8f6dd5178b66554977ca2c122162084c1d94b55cbd118d7cc0b06,editorial-revision-2026-09-24,content/editorial-batch-2.11.9l.json#s384,The town and its first train are made up. Change the content type and subtopic; narrow the outcome to some farmers and families rather than implying universal benefit.
s385,Marisol Learns to Build a Boat,9ba37a7baaafcfae171e9ec6ced44009f67e1047941c686b51df13ad103b339f,editorial-revision-2026-09-26,content/editorial-batch-2.11.9ap.json#s385,"The child secretly builds and sails a boat with scrap wood, creating an unsafe sequence, and the ending asserts generational social change without evidence. Make the historical setting explicitly imagined and the build supervised and tested."
s386,A King and His People,066467c5ca347858132719283ad7790ad9f484380cb0f41f5548e13ed79678b2,fiction-language-revised,content/editorial-batch-2.11.2.json#s386,Remove fictitious historians and universal success; keep fictional historical setting clear.
s387,The Ledger of the Old Market,49025ac9da05f950b68f04397fa9b80b90bd2bf5d6f2f8de62445808dcd58d4a,editorial-revision-2026-09-26,content/editorial-batch-2.11.9ap.json#s387,"The closing suddenly treats the invented market as a real site with preserved records and historians, contradicting the fiction label. Use a fictional clerk and surviving ledger within the story without presenting it as actual history."
s388,Village by the River,a31955997a24ca3f1992975f46ace2b27876905a54caa179a3308a4becd410de,inherited-v2.9.4,fact_check_all_2000.csv#s388,Unchanged text; prior editorial claim retained. Not independently rechecked in this release.
s389,How the Town Got Its Name,91fafbec1add44a0f3055bb2a74678a8a8a2a2e2e949c6a2e5fe2704c1873ea5,editorial-reviewed-2026-09-26,content/editorial-batch-2.11.9ap.json#s389,"The complete story clearly labels itself as fictional, distinguishes oral tradition from documentary evidence, and uses uncertainty responsibly. Grammar, chronology and Level 4 language are coherent; no revision is needed."
s390,A Letter From Long Ago,5c4a80f0b03576641aaca5d312e197c7c7424ed97ceec7172a4839684f3566fc,inherited-v2.9.4,fact_check_all_2000.csv#s390,Unchanged text; prior editorial claim retained. Not independently rechecked in this release.
s391,Water and Ice,c1475b1f07920af1596cd255da3c7f299949c618f970018f6b3e5af7c23e6984,source-rechecked,https://water.usgs.gov/edu/watercycle-kids-beg.html,"Replaced incorrect soft water and mere tactile difference with flow, solid shape, freezing and melting. USGS confirms liquid and ice as forms of water; temperature is stated qualitatively."
s392,Sun Is Hot,de1e5f87f5da8dfee65005dcec10a4bc7decc496324d3f4208787729a6587d64,source-rechecked,https://science.nasa.gov/sun/facts/; https://starchild.gsfc.nasa.gov/docs/StarChild/questions/question14.html; https://www.nasa.gov/earth-and-climate/nasas-ecostress-mission-sees-plants-waking-up-from-space/,"Qualified the daily sunrise for latitude and season and explained apparent solar motion through Earth’s rotation. NASA confirms light, heat and photosynthesis; Level 1 syntax stays short."
s393,Plants Need Water,7caadbced9c709a1edb15fe7ba9b381fac6140477982afb070de829ac4a13269,source-rechecked,https://aglab.ars.usda.gov/let-s-get-to-work/plant-growth-and-osmosis,Replaced blanket daily watering and drinks the water with roots taking in water and checking need; avoids implying all plants need water every day. USDA source supports roots and growth.
s394,Why We Sleep,afaf5c7b74efa02b749938a20acfca10013dd48518bfec4d2ad9fff7c24d728f,source-rechecked,https://www.nhlbi.nih.gov/health/sleep/why-sleep-important,Revised prose checked against the listed source; no new live experiment claimed.
s395,How Rain Falls,09103349793f90344725f262cedb973b0894a9e72bde708b866648fc8e46e9e7,inherited-v2.9.4,fact_check_all_2000.csv#s395,Unchanged text; prior editorial claim retained. Not independently rechecked in this release.
s396,Why Leaves Fall,f2d3b0748c4d8de7e40dc49531b5bda3d1f89ed9b7784876bb9b67e4a90ce225,editorial-revision-2026-09-24,content/editorial-batch-2.11.9l.json#s396,"Limit leaf fall to many deciduous trees, distinguish existing yellow/orange pigments from red pigment formed in some leaves, and use the relevant tree-and-season subtopic."
s397,How Plants Grow,9dd1fb44686c79c00ca42f78abe2dc4799c3ef586629c9cbb53e53adcd63bdbd,editorial-revision-2026-09-25,content/editorial-batch-2.11.9y.json#s397,"The topic is science but the subtopic falsely says physics and space. Limit the universal tree claim, distinguish water uptake from food-making, and retain a simple sequence."
s398,Why the Moon Changes,47461e35f1480744d2d4fdb652bb000e50419f4c53919304b8b37702d1904161,inherited-v2.9.4,fact_check_all_2000.csv#s398,Unchanged text; prior editorial claim retained. Not independently rechecked in this release.
s399,How We Hear Sounds,a1d778ddbc9bc9c4c3d00d09d5a3faffe581b29034c97cd5153074b7ed0ac56a,inherited-v2.9.4,fact_check_all_2000.csv#s399,Unchanged text; prior editorial claim retained. Not independently rechecked in this release.
s400,Why the Sky Looks Blue,a409c42bb4cf8bd701f8ad1bf4e6400829f7d3d75bcf59aa4de75931dc1a6faa,source-verified-editorial-revision-2026-09-26,https://spaceplace.nasa.gov/blue-sky/en/,"NASA supports the white-sunlight, wavelength, atmospheric scattering and sunset claims. Correct the original tense shifts (“This caused/allowed”), remove padding and state the mechanism without implying blue is the shortest visible wavelength."
s401,How Bees Make Honey,e3f5963b01095366cbf4804b85dfc4afe641ff932491e871255c6bf8dbed4c80,inherited-v2.9.4,fact_check_all_2000.csv#s401,Unchanged text; prior editorial claim retained. Not independently rechecked in this release.
s402,Why We Need to Eat,d586a66894687bc2641e6a95a140b5f4b0dba3855df5fe2c594f04bfa091e25b,primary-or-official-source-verified-editorial-revision-2026-09-26,https://www.niddk.nih.gov/health-information/digestive-diseases/digestive-system-how-it-works,"The original contains agreement errors (“food ... are,” “These essential food provide”), repetition (“food from our food”), an incorrect shift to past tense, and oversimplifies absorption. Rewrite the complete explanation to match NIDDK’s account of digestion, nutrient absorption and the uses of nutrients."
s403,The Lion and the Mouse,09a3e3d8d788acfae1ff61b3fea51c0102249cbf49862ea6ddbe42896436f2a1,inherited-v2.9.4,fact_check_all_2000.csv#s403,Unchanged text; prior editorial claim retained. Not independently rechecked in this release.
s404,The Tortoise and the Hare,120ea0d191d3c7301cb2a9df632c2a750ba237a329244212fea024ff7c7ed1c9,inherited-v2.9.4,fact_check_all_2000.csv#s404,Unchanged text; prior editorial claim retained. Not independently rechecked in this release.
s405,The Boy Who Cried Wolf,767ed4a9b397907412a9690c9dc1b1ee96c3ac2bc9e1e99745d40ff6b725fd19,inherited-v2.9.4,fact_check_all_2000.csv#s405,Unchanged text; prior editorial claim retained. Not independently rechecked in this release.
s406,The Ant and the Grasshopper,ce687b79e8c06f0dcde4f1b145a310c2bb65d6d484ded7c61126f3af1cc7b851,inherited-v2.9.4,fact_check_all_2000.csv#s406,Unchanged text; prior editorial claim retained. Not independently rechecked in this release.
s407,Cinderella Goes to the Ball,6e395aaca08657411e9b11fe0ee6ee3832c5c4e5af8993d94733b4bae2c8132f,inherited-v2.9.4,fact_check_all_2000.csv#s407,Unchanged text; prior editorial claim retained. Not independently rechecked in this release.
s408,The Town Mouse and the Country Mouse,1945e67e46fe91cca87f0d566f58807d5283adff5483a869f4e0f68f59864d3b,inherited-v2.9.4,fact_check_all_2000.csv#s408,Unchanged text; prior editorial claim retained. Not independently rechecked in this release.
s409,Rapunzel in the Tower,fedbb56d0f1c0965664cfc70c40ac9faf9bee146dbdf0ddde5facab3e478fa59,editorial-revision-2026-09-25,content/editorial-batch-2.11.9ab.json#s409,The prince’s repeated account of markets and roads is invented. Preserve the hair-entry scene but add Rapunzel’s own idea for a silk ladder from the Grimm source.
s410,Snow White Finds a Small House,68d0419c2880a013d331cd9554d6325754653b8540646c182f6b71a07f2fc25a,editorial-revision-2026-09-25,content/editorial-batch-2.11.9ab.json#s410,The source calls the seven hosts dwarfs and puts Snow White to sleep in the seventh bed after trying the others. Correct these details and retain this episode only.
s411,Alice Follows the White Rabbit,b4d66d03cd049718e31c9cdc6d3dfad8a256e535155ac3523cf7e785b1a52998,inherited-v2.9.4,fact_check_all_2000.csv#s411,Unchanged text; prior editorial claim retained. Not independently rechecked in this release.
s412,Alice at the Mad Tea Party,3ac0be9e87208c083e1f9e5a0884843276047f587db932ff9981cc1a37525c3a,primary-text-verified-editorial-revision-2026-09-26,https://www.gutenberg.org/files/11/11-h/11-h.htm,"Compare the complete retelling with Chapter VII. Correct the March Hare’s offer of wine (not more tea), identify the Hatter and Dormouse, and replace the invented look-back ending with Alice finding the tree door after leaving the party."
s413,Alice Plays Croquet with the Queen,19fb22f497912ebacc683f82302e8dcb3c421773c5c2f6d82dcea8c826a65d92,primary-text-verified-editorial-revision-2026-09-26,https://www.gutenberg.org/files/11/11-h/11-h.htm,"Compare the complete retelling with Chapter VIII. Preserve the flamingo mallets, hedgehog balls and chaotic play, but remove the invented moral and the inaccurate claim that Alice quietly leaves the game at the execution dispute. End with the original dispute and the Duchess being summoned."
s414,Alice Meets the Cheshire Cat,f7cf686a2d60eb9a280615cf6c5cfc3dbb9a6b719a505f6a86180804a32db6d3,primary-text-verified-editorial-revision-2026-09-26,https://www.gutenberg.org/files/11/11-h/11-h.htm,"Compare the complete retelling with Chapter VI. Restore the Cat’s point that Alice will reach somewhere if she walks long enough, its claim that Alice is mad too, and the two-stage disappearance in which it first vanishes and later fades slowly from tail to grin."
s415,A Small Light in the Dark,665a81f50a8208308bd3654c58e0e5291bee80e6f0cb3c2f359bdc01ae02646c,fiction-language-reviewed,content/editorial-batch-2.11.3.json#s415,Use explicit path-home sequence and simple current actions; remove an unconditional future promise about the magical light.
s416,Singing Well,1250c3e60ec6ee3da39eae176435aeae0470daab8ab3ccff522337fae3745d53,inherited-v2.9.4,fact_check_all_2000.csv#s416,Unchanged text; prior editorial claim retained. Not independently rechecked in this release.
s417,A Cloud That Followed a Boy,daf33cb5fec56e752ea5acbd4ac75aee0493239383c082454f9460b669457a4d,editorial-revision-2026-09-25,content/editorial-batch-2.11.9z.json#s417,"The immediate rise of a pond after a small personal rain cloud created a misleading rescue mechanism. Keep the fantastical cloud but make its benefit a small, bounded act: watering dry garden beds. Check the sequence of Diego’s embarrassment, discovery and changed feeling. Final read-through clarified that the small cloud waters the ground where Diego walks."
s418,Painter Who Used Real Colors,6012eb06cbe1e355dc19159be4d1ac519a550efd71f34a63b7bd4563d29f3e5b,editorial-revision-2026-09-25,content/editorial-batch-2.11.9ag.json#s418,"“Paints were made from real captured colors” is vague, and the villagers’ magic is presented as a direct natural claim. Make the painting’s strange effects part of an unambiguous fantasy scene with one observer and keep the painter’s method mysterious."
s419,Clockwork Sparrow,0eb180689118cc8aaa4a9369754a0ec1bb96bb34635309e099fb8d015818ce58,inherited-v2.9.4,fact_check_all_2000.csv#s419,Unchanged text; prior editorial claim retained. Not independently rechecked in this release.
s420,The Baker's Invisible Cat,00734ace28f895c2b08938e0ab287aca69eb371493f4580a12a5909037555860,inherited-v2.9.4,fact_check_all_2000.csv#s420,Unchanged text; prior editorial claim retained. Not independently rechecked in this release.
s421,Violinist Who Played for Trees,21c991f0b4493a292f2870a9530b856f3f4c0588ef8a32acb6b0efc33a63eeca,inherited-v2.9.4,fact_check_all_2000.csv#s421,Unchanged text; prior editorial claim retained. Not independently rechecked in this release.
s422,Cartographer's Missing Street,07cd51cfcaa433124120407503c9db2a808386b2323568f9a473e4ca21157221,inherited-v2.9.4,fact_check_all_2000.csv#s422,Unchanged text; prior editorial claim retained. Not independently rechecked in this release.
s423,The Alchemist's Borrowed Shadow,d08577cc83e51e446900ec5d56c51d83ad819a74f758317e6e84f5b94dd8e72e,inherited-v2.9.4,fact_check_all_2000.csv#s423,Unchanged text; prior editorial claim retained. Not independently rechecked in this release.
s424,Loom That Wove Forgotten Names,250919acd67150316806ad8175940fdb94f6942e727c3ed7f36cd6e3e901fd19,inherited-v2.9.4,fact_check_all_2000.csv#s424,Unchanged text; prior editorial claim retained. Not independently rechecked in this release.
s425,A Frog in the Pond,2bf6d60adb39c8b60482cbd92dbfed895b10f504703968f9c6c32b37841af698,source-rechecked,https://www.nationalzoo.si.edu/animals/gray-tree-frog,Removed unverified frog happiness and singing as a universal behavior. Framed one frog as imaginary; insect predation and male calls at night are grounded in Smithsonian descriptions of specific frog species.
s426,The Busy Squirrel,38c2046d2cd3381646a70fc2624a2b7dbd3053bf43c04d79dc72720f9caf5150,editorial-revision-2026-09-24,content/editorial-batch-2.11.9m.json#s426,Nutkin is a named character and the closing lesson belongs to a fictional animal scene. Correct its content type and label the squirrel and seed subject; distinguish acorns from a generic collection of nuts and avoid promising that every hidden nut grows.
s427,How Snails Move,a3b6f30887f205688c9314405e89e3b657c443ac6e1c73f286ae1628cc2c43b3,source-rechecked,https://arxiv.org/abs/cond-mat/0608363,Retain muscular foot and mucus mechanism; remove claims about safe sharp edges and almost any surface.
s428,Why Peacocks Show Their Feathers,bd6367dc9d9363acc1a9f905fdfc0400f6e9ad51f0e809cf70e7cbd8ea8385bc,inherited-v2.9.4,fact_check_all_2000.csv#s428,Unchanged text; prior editorial claim retained. Not independently rechecked in this release.
s429,The Octopus That Hides in a Shell,44cefd216ad058c2bee92f20187108f57f8ed99e2e31669c20bbbcbe40064499,inherited-v2.9.4,fact_check_all_2000.csv#s429,Unchanged text; prior editorial claim retained. Not independently rechecked in this release.
s430,Bird That Flies Without Landing,edcc912111c19a03eba64a34a58e6126eee4ac887874b26f87031aa489ffd9e7,inherited-v2.9.4,fact_check_all_2000.csv#s430,Unchanged text; prior editorial claim retained. Not independently rechecked in this release.
s431,Fish That Changes Color at Night,7a624ba2eec914e299ff57651e63d67cc8e1434ecff8426172d2e3573aad485e,inherited-v2.9.4,fact_check_all_2000.csv#s431,Unchanged text; prior editorial claim retained. Not independently rechecked in this release.
s432,The Insect That Looks Like a Twig,7c6f7eed6cf7ad139612f76610a2bfcdfe73cd12fdd209c892ac3aa496dc3b9e,inherited-v2.9.4,fact_check_all_2000.csv#s432,Unchanged text; prior editorial claim retained. Not independently rechecked in this release.
s433,Coral That Builds an Entire Reef,f970f6498620adaae87e6e856fa6ef9bc408efdee85778ef2e657a693e1a7dfb,inherited-v2.9.4,fact_check_all_2000.csv#s433,Unchanged text; prior editorial claim retained. Not independently rechecked in this release.
s434,Microbe That Lives in Boiling Water,cfe85dcb9f36cc766b3eac71805f416e2255ecb6a85995aa5e2ce319b52b6d0b,inherited-v2.9.4,fact_check_all_2000.csv#s434,Unchanged text; prior editorial claim retained. Not independently rechecked in this release.
s435,A New Road,95ee9b3e8d2b641434d4d4deb0b29221f33b77d41aeb7b0d92ca36618f56d283,editorial-revision-2026-09-24,content/editorial-batch-2.11.9g.json#s435,The opening explicitly calls this a made-up town; classify it as an illustrative fiction. Replace the absolute claim that every resident benefits with a modest ending acknowledging unequal effects.
s436,Town Meeting,f7008f72dfde876b13a4bf0c074be6e0788699279d078fe1668bab3a6041161e,editorial-revision-2026-09-24,content/editorial-batch-2.11.9m.json#s436,The town meeting is expressly invented and presents a particular vote and its tradeoff. Classify the scene as fiction; the hall roof and next-year list are clear.
s437,A Well for the Village,c0618cdedc969d2bbf15fd1886a11c31a4103fbc9a2cfda44693f5ec27c9e5d6,fiction-language-revised,content/editorial-batch-2.11.2.json#s437,"Avoid assuming any well is clean; fictional site assessment, water testing and maintenance."
s438,The Shared Garden,c2b39ed2f6703dedab5f6020bc1874ecbb6d00dcae7bdc955f7ef20ab69af116,fictional-policy-example-editorially-verified-2026-09-26,Explicit fictional framing; individual internal-coherence and language review,"The passage explicitly identifies itself as a made-up policy example, so explanatory-nonfiction is the wrong classification. Rewrite the generic claims as a concrete fictional scenario, keep the policy trade-offs visible, and avoid presenting invented resident reports as evidence."
s439,City That Recycles Everything,532522a32d2a5ab34c56c64c4a5709cb6f53464411bc5101ad91e060f10ce121,inherited-v2.9.4,fact_check_all_2000.csv#s439,Unchanged text; prior editorial claim retained. Not independently rechecked in this release.
s440,Village That Trades Skills Instead of Money,0147acd2cc55a2eb10da34154cc423fbaabf3433787bcfbdb8119fe57a878bb8,inherited-v2.9.4,fact_check_all_2000.csv#s440,Unchanged text; prior editorial claim retained. Not independently rechecked in this release.
s441,The Town With Free Bicycles,b21592a869be8a93b9fb669ccfef8f0c16ec6eec6a76341cb20cf3ccc97a40bb,inherited-v2.9.4,fact_check_all_2000.csv#s441,Unchanged text; prior editorial claim retained. Not independently rechecked in this release.
s442,Region That Shares a Language School,9d2c418d485d5659b255798cb79a766b99c6a1b1943a15d226d1d2a60ac1abb7,inherited-v2.9.4,fact_check_all_2000.csv#s442,Unchanged text; prior editorial claim retained. Not independently rechecked in this release.
s443,Nation That Funds Small Inventions,764f0bfdcb939da1af57b405c9dbe197442cfba2486b4e0fe0a169508a097b2d,inherited-v2.9.4,fact_check_all_2000.csv#s443,Unchanged text; prior editorial claim retained. Not independently rechecked in this release.
s444,The Council That Meets in Every Village Once a Year,ce135207650826caf82c44022bf874fd2f947af7ec5c917adfd8c0076ca6ccb7,inherited-v2.9.4,fact_check_all_2000.csv#s444,Unchanged text; prior editorial claim retained. Not independently rechecked in this release.
s445,A Quiet Morning,b1d48feadcc73414ba3dd671418aea77bfcbdc6279fc1445cdc35a58f2089aff,fiction-language-reviewed,content/editorial-batch-2.11.3.json#s445,"Retain the simple morning sequence and contrast of quiet/noisy. Orange then blue is an observation in a fictional morning, not a universal sunrise rule."
s446,Missing Sock,d8d8e172441185e1a99eb06c11965f90b4cfda247097fc6ed4427a7e0b883f9a,language-revised,fact_check_all_2000.csv#s446,"Language revision; retained/simplified narrative or source plot. Prior factual provenance retained, not a new independent source audit."
s447,A Trip to Grandma's,19cc8491e9e77a2a0e2c5d815a821c769784d7d9f6e568b19684887d2c0c7211,editorial-reviewed-2026-09-25,content/editorial-batch-2.11.9z.json#s447,"Full read: chronological car trip, baking lesson and departure are clear. Leo, Grandma and the pronouns have distinct referents; Level 3 vocabulary is accessible. The visit is invented, with no external factual claim."
s448,Broken Umbrella,708329ccdc8a466bc4c3501eff364761af0c369be0ff1dde0d59e022bc5797e4,editorial-revision-2026-09-25,content/editorial-batch-2.11.9ag.json#s448,"The story is coherent, but “under the roof of a shop” is imprecise and the closing explains a moral twice. Clarify the sheltered place and let the last gesture convey the result."
s449,Note on the Fridge,04db39e6eb0ddefc7882f9fb870e789184d7576971015e5d2dd033386e5cc93a,inherited-v2.9.4,fact_check_all_2000.csv#s449,Unchanged text; prior editorial claim retained. Not independently rechecked in this release.
s450,The Borrowed Book,09f73baeec674b2e185f09ca7ccbf6380262d8fef9cd8b30de6451d367a4c9b8,inherited-v2.9.4,fact_check_all_2000.csv#s450,Unchanged text; prior editorial claim retained. Not independently rechecked in this release.
s451,Empty Chair at Dinner,418bef4f1c78c7b3867d8f75c11e58c29ca5f9b14651d422ee094a501b45fb18,inherited-v2.9.4,fact_check_all_2000.csv#s451,Unchanged text; prior editorial claim retained. Not independently rechecked in this release.
s452,Recipe Written in the Margins,e33ad2c490beeb14d6287ef0e20bc835f4328e3902ff6dfc468574e1fc458bc1,inherited-v2.9.4,fact_check_all_2000.csv#s452,Unchanged text; prior editorial claim retained. Not independently rechecked in this release.
s453,The Silence After the Kids Left Home,aa0d41adb0096745ff5aff98bede335be8a2e8b9b1ec112fc0a07f6d29c87d23,inherited-v2.9.4,fact_check_all_2000.csv#s453,Unchanged text; prior editorial claim retained. Not independently rechecked in this release.
s454,Letter Kept in a Drawer for Years,a5509016da4c1c4aa103ecb0bc9fa7adaa502f0481f5c7920c53ab14d7ffc655,inherited-v2.9.4,fact_check_all_2000.csv#s454,Unchanged text; prior editorial claim retained. Not independently rechecked in this release.
s455,Old Well,422dd923e2025b18c2586b1cd3b93d9e60dd2d03e5fb679b0b275ea674eafcc3,inherited-v2.9.4,fact_check_all_2000.csv#s455,Unchanged text; prior editorial claim retained. Not independently rechecked in this release.
s456,A Village Fire,74dcd0db805740e3f297af1c26a5b9ed8cf8e148b19c0fcb0fc8fc63cf07f751,editorial-revision-2026-09-24,content/editorial-batch-2.11.9m.json#s456,The village and fire are explicitly made up and have no historical referent. Mark it as fiction and replace the war label with village mutual aid.
s457,First Map,776d1e758cbb4dfa10cf47d2c10197b20e976c191028a5d594163bfa0fa37af3,fictional-editorial-review-2026-09-26,Explicit fictional framing; individual full-text language and internal-coherence review,"The complete fictional historical narrative clearly states that Aldric and the event are invented. Vocabulary, pronouns, chronology, verification steps and the role of local knowledge are coherent and suitable for Level 4; retain the text unchanged."
s458,Long Winter,03201fe92b76885f436817179782feac54647c35b929e3c8a0220b6fe6dbaaef,fictional-editorial-revision-2026-09-26,Explicit fictional framing; individual full-text language and internal-coherence review,"Keep the explicit fictional framing, but replace inflated and repetitive wording, avoid the unsupported claim that an entire community survived, and present practical choices and an uncertain outcome through a concrete family-level narrative."
s459,The Messenger's Horse,2cc39082648903093b9c79cf7dab3d4f937ee0a210d884de9407606ef8d651ed,inherited-v2.9.4,fact_check_all_2000.csv#s459,Unchanged text; prior editorial claim retained. Not independently rechecked in this release.
s460,Coin From a Lost Kingdom,1c71649d51bd8bfc93d147e8004fec8535ba13407d7eb0f07a93c65d8f09706b,inherited-v2.9.4,fact_check_all_2000.csv#s460,Unchanged text; prior editorial claim retained. Not independently rechecked in this release.
s461,Scholar's Hidden Notes,eb6d95fdd6ed8373e71d96dd0874f08333d7a5bc536d736505e63355963a77ee,inherited-v2.9.4,fact_check_all_2000.csv#s461,Unchanged text; prior editorial claim retained. Not independently rechecked in this release.
s462,The Treaty Signed in the Rain,657e9091806296511ea5f87c032d1ae12e8019dc528fe5ff6b5f6f5e836fbd6d,inherited-v2.9.4,fact_check_all_2000.csv#s462,Unchanged text; prior editorial claim retained. Not independently rechecked in this release.
s463,General Who Refused to Fight,4a9067988b82b9abd243ca2cb03f6a200b298cf62e086c17e50c6c424f13b904,inherited-v2.9.4,fact_check_all_2000.csv#s463,Unchanged text; prior editorial claim retained. Not independently rechecked in this release.
s464,City Buried Under Sand,f2316f4ed4a0d7e893a5f1dde863dd04ef4f3143fafd77adbfd795667447f021,inherited-v2.9.4,fact_check_all_2000.csv#s464,Unchanged text; prior editorial claim retained. Not independently rechecked in this release.
s465,Why We Blink,a497b348a94df54afaee3f85534526dccf51a25cda5baf5eded6878d576e0bff,source-rechecked,https://www.nei.nih.gov/eye-health-information/healthy-vision/how-eyes-work/how-tears-work,"Replaced overly direct dust removal by every blink with NEI’s tear-film explanation. Eyes wet, dirt/dust protection and seeing clearly are supported; short clauses retain a clear chain."
s466,How Soap Bubbles Form,1bbfc1cbe8a66153045d221b64c2610a24fac141dd566b596bae7b836fc9b7c8,editorial-revision-2026-09-24,content/editorial-batch-2.11.9m.json#s466,Replace the inaccurate phrase about soap changing the outside of water and the vague “very little skin” explanation with a thin soapy film whose surface tends toward a round shape; a film breaks when it dries or touches something.
s467,Why Metal Feels Cold,677bc35fafb22e53dd7f53ee7bd7cebee2844636d3b40f2b36772f6c07c10e8d,source-rechecked,https://www.exploratorium.edu/snacks/cold-metal,Limit example to thermal equilibrium below skin temperature; correct tense and always-cold claim.
s468,How Volcanoes Erupt,ec570a3621f0f1fe36e0acecc0f37005365c1b5c51c1888739a9a5f498682d05,inherited-v2.9.4,fact_check_all_2000.csv#s468,Unchanged text; prior editorial claim retained. Not independently rechecked in this release.
s469,Why the Ocean Is Salty,fd882d650ae5dbb50f370734a69df18ad86dec70120d299786a53bfb97e05576,inherited-v2.9.4,fact_check_all_2000.csv#s469,Unchanged text; prior editorial claim retained. Not independently rechecked in this release.
s470,How Bats See in the Dark,797ad677e8ca7d05dee8bbcc3240d34ac8c05fbb700d783f28cd6c2cca510ba0,inherited-v2.9.4,fact_check_all_2000.csv#s470,Unchanged text; prior editorial claim retained. Not independently rechecked in this release.
s471,The Chemistry of Rust,1eed785d1f746aab31f445cb245f6397f25a25ea563dfefe81850a9d0263dd78,inherited-v2.9.4,fact_check_all_2000.csv#s471,Unchanged text; prior editorial claim retained. Not independently rechecked in this release.
s472,Why Some Stars Twinkle,961085cb4b8ee378965bed9d8f62df7b88fcf2ca6d32421a48eb60a330cc191a,inherited-v2.9.4,fact_check_all_2000.csv#s472,Unchanged text; prior editorial claim retained. Not independently rechecked in this release.
s473,Physics of a Soap Bubble's Colors,c52beb7f94903a7826bc93e0999ba45b9f2d3ffd64fbf3aa6924f9f342929d78,inherited-v2.9.4,fact_check_all_2000.csv#s473,Unchanged text; prior editorial claim retained. Not independently rechecked in this release.
s474,The Biology of Why Wounds Heal,7f9e37e3c8ad3d1330c001b3b2f2857f0efc2ce6888907390407c3a476ae11b0,inherited-v2.9.4,fact_check_all_2000.csv#s474,Unchanged text; prior editorial claim retained. Not independently rechecked in this release.
s475,The Fox and the Grapes,d62dad8458e8728137cef02e4e3889115599a193df1bcc07abb3727d1aa04b47,inherited-v2.9.4,fact_check_all_2000.csv#s475,Unchanged text; prior editorial claim retained. Not independently rechecked in this release.
s476,Hansel and Gretel,a652c736ff7feb4a033eac785be6b69e2b9f1b9cf537ee54d3953084b015d2fa,editorial-revision-2026-09-24,content/editorial-batch-2.11.9m.json#s476,"The Grimm version has the edible house, the witch imprisoning Hansel, Gretel escaping the oven trap, and a journey home. Add the missing imprisonment and the trick that frees Hansel so the retelling does not skip its key causal turn; retain gentle language."
s477,Alice Drinks from the Little Bottle,3c5e36ae9e14feada99f871c43281f2fbdba2c33e4ae2d69e7013fa524967d28,editorial-revision-2026-09-25,content/editorial-batch-2.11.9ab.json#s477,"The source says Alice checked for a poison label, not that smelling the unknown bottle established safety. Retell the check without presenting it as a reliable test; preserve the forgotten key."
s478,Jim Finds the Treasure Map,27795dccb018c4fc351e49f8f543b8ee522060293093033beffdae9d13924eeb,primary-or-official-source-verified-editorial-revision-2026-09-26,https://www.gutenberg.org/files/120/120-h/120-h.htm,"Compare the complete retelling with Treasure Island, Chapters III–VI. Correct the sequence: the blind man gives Billy Bones the black spot, Billy dies; Jim and his mother take only the debt and oilskin packet before the pirates arrive; Dr. Livesey and Squire Trelawney later open the packet and find an account book plus the map."
s479,Jo Sells Her First Stories,10ccdfefc831ba6eb5ce70f6f27bad53fb3898171fde4272453c9253a1802eb6,inherited-v2.9.4,fact_check_all_2000.csv#s479,Unchanged text; prior editorial claim retained. Not independently rechecked in this release.
s480,Edmond Dantès Is Betrayed,4a20501272cff66003646cc0de3bcccdae3bef2a5aa4f26bb6d54a3696dbea58,inherited-v2.9.4,fact_check_all_2000.csv#s480,Unchanged text; prior editorial claim retained. Not independently rechecked in this release.
s481,The Final Chase,b0d00119dbd0119b2544f35f33f407c0aaa401c73d5efbf1cc89a9453d47cbcc,inherited-v2.9.4,fact_check_all_2000.csv#s481,Unchanged text; prior editorial claim retained. Not independently rechecked in this release.
s482,The Count Begins His Revenge,4a6099df3ae0a88ad8fa199bb486fe80fe4015a50bf9a457a3c2d9ea0437ec88,inherited-v2.9.4,fact_check_all_2000.csv#s482,Unchanged text; prior editorial claim retained. Not independently rechecked in this release.
s483,Ahab's Obsession Takes Command,7dd46a9e02f82a849a38d1d86f415cb0670cc07bc33e7322b7186c1df924fd6f,inherited-v2.9.4,fact_check_all_2000.csv#s483,Unchanged text; prior editorial claim retained. Not independently rechecked in this release.
s484,"Pride and Prejudice: Judgment, Marriage, and Class",e938cb9e02c3ddb3ba848583df833c93555251491058c44e840ab2c0d02f5b8a,inherited-v2.9.4,fact_check_all_2000.csv#s484,Unchanged text; prior editorial claim retained. Not independently rechecked in this release.
s485,Sleepy Moon,c7c147ececfbd0b83440dcdc9368c3692417e912ee4102a55e598088d75dbd01,fiction-language-reviewed,content/editorial-batch-2.11.3.json#s485,"Retain short present-tense moon/star fantasy. Sleep and song are clear personification, not a factual account of astronomy."
s486,The Garden That Grew at Night,2bf0c6ae937f6fa8358666c9e0faa202edb1b51594ae8c1bd83429bf4ca9d797,inherited-v2.9.4,fact_check_all_2000.csv#s486,Unchanged text; prior editorial claim retained. Not independently rechecked in this release.
s487,Door With No Handle,ee36b5d8486150ad5fab4a53d18b3d66fda7453719e9ce7fc3f04530e2356ba5,fiction-language-revised,content/editorial-batch-2.11.2.json#s487,Preserve magic door plot; add a concrete ending and remove clause stacking.
s488,Umbrella That Changed the Weather,403f60851901c68ee48dc13e671a3f8d08a8c1403afb5babf9391778df31336a,editorial-revision-2026-09-25,content/editorial-batch-2.11.9ag.json#s488,"The invented weather magic is clear, but the summer garden implies a broad, controllable rain outcome from an indoor umbrella with no local limit established. Test the limited effect explicitly, ask the neighbor before using it and avoid a moralizing final maxim."
s489,The Tailor's Thread of Patience,d82eed4ba1ea75f898797bad3b179618a08440bde76cba19ef9f95e10314135d,inherited-v2.9.4,fact_check_all_2000.csv#s489,Unchanged text; prior editorial claim retained. Not independently rechecked in this release.
s490,Postman Who Delivered Dreams,53d2943c6970f354022b5ed790366c3796fadddc8940912b4675a24408d12271,inherited-v2.9.4,fact_check_all_2000.csv#s490,Unchanged text; prior editorial claim retained. Not independently rechecked in this release.
s491,Cartographer Who Drew Feelings Instead of Land,3bfdb917533bc943ec73de45085df2b5ab55f37784e196444c37e0b8914261d5,inherited-v2.9.4,fact_check_all_2000.csv#s491,Unchanged text; prior editorial claim retained. Not independently rechecked in this release.
s492,The Glassblower's Frozen Moments,73f4fec48e6d28cf9247ca8cb0bb88a937f9d72465c31203f1934f22de69a187,inherited-v2.9.4,fact_check_all_2000.csv#s492,Unchanged text; prior editorial claim retained. Not independently rechecked in this release.
s493,Bookbinder Who Sewed Together Broken Time,1f54bc9b31cfded949279c15da0cf533186692fa5196baa503c66abfd5595f01,inherited-v2.9.4,fact_check_all_2000.csv#s493,Unchanged text; prior editorial claim retained. Not independently rechecked in this release.
s494,Cartomancer Who Read the Future in Reverse,316cb249dcc813bb3fc1815dd693084720a227c5c2947ac11fd0034f64656c74,inherited-v2.9.4,fact_check_all_2000.csv#s494,Unchanged text; prior editorial claim retained. Not independently rechecked in this release.
s495,A Duck on the Pond,ae8024949c4ccfed584548dfc7a17f409dd46b4a2cd89bff8b6c82bcf40b9b63,editorial-revision-2026-09-24,content/editorial-batch-2.11.9g.json#s495,"The episode describes one mother duck and her ducklings on a pond, so identify the adult at the start and mark the scene as fiction. Avoid assuming the duck’s internal happiness."
s496,Spider's Web,ce9f0b444a4bb4397218cf3c609b2e77a5158411042af506369ec3575d1d8993,editorial-revision-2026-09-24,content/editorial-batch-2.11.9m.json#s496,Clara watches a specific spider rebuild after wind. The claim that it “did not seem angry” is a human inference; describe visible behavior and keep the human lesson in Clara’s thoughts.
s497,Why Cats Purr,b0c2ccc4b2da9aad5e7bd25088cb2aa24253ebf1cdb8d713e054b6aa880712e3,editorial-revision-2026-09-25,content/editorial-batch-2.11.9ab.json#s497,Purring can occur in varied contexts; the mechanism is complex and “helps a cat stay calm” is not established by the cited physiology. Limit the description to production and observation.
s498,The Migration of Monarch Butterflies,980fc1e29d18b5e1ead23cd4b20184d278c626a05e287cf429cfeb574a2abc76,inherited-v2.9.4,fact_check_all_2000.csv#s498,Unchanged text; prior editorial claim retained. Not independently rechecked in this release.
s499,Hedgehog's Winter Sleep,6194ec36b203c694cc27c53d1d1767be34a71e3238d74e4754f87507ac1da245,inherited-v2.9.4,fact_check_all_2000.csv#s499,Unchanged text; prior editorial claim retained. Not independently rechecked in this release.
s500,Elephant's Remarkable Trunk,b4d26f1680545ff7671cde03cba5f07fc45cc8bedf59be15df34b0b7703e53e2,inherited-v2.9.4,fact_check_all_2000.csv#s500,Unchanged text; prior editorial claim retained. Not independently rechecked in this release.
s501,The Termite Mound's Natural Air Conditioning,05941ad28cc13ea333576524abcf3e943c4103184cbe6002a9659448b6ca2103,inherited-v2.9.4,fact_check_all_2000.csv#s501,Unchanged text; prior editorial claim retained. Not independently rechecked in this release.
s502,Cuttlefish's Remarkable Camouflage,72fee9166b45b7c6101ab5b9c0463007020146f081b2ac381240748765d417aa,inherited-v2.9.4,fact_check_all_2000.csv#s502,Unchanged text; prior editorial claim retained. Not independently rechecked in this release.
s503,Naked Mole Rat's Unusual Biology,6fa0d4f79dec3ce8dd6a85458384cdb6eba3a0f5792b287166998c4d42e6bae4,inherited-v2.9.4,fact_check_all_2000.csv#s503,Unchanged text; prior editorial claim retained. Not independently rechecked in this release.
s504,The Deep-Sea Anglerfish's Unusual Reproduction,e2ed87b9cb519f856873d5b5954d402e570a8a53d07f593936ab7a83d9244f33,inherited-v2.9.4,fact_check_all_2000.csv#s504,Unchanged text; prior editorial claim retained. Not independently rechecked in this release.
s505,A Free Meal,51b00c0ab85ec630be8dcbbfe88386e848bb2446deb5316d9e05e77bf63ea9e3,editorial-revision-2026-09-24,content/editorial-batch-2.11.9g.json#s505,A particular restaurant and diners are a made-up social scene. Replace “all the people” with people in the room and mark the example as fiction.
s506,Free Bus Ride,353bc98ffd8a94e1341e5131bc18ff1a61d986cef5912bb9493ed42767484e20,editorial-revision-2026-09-24,content/editorial-batch-2.11.9m.json#s506,"This is explicitly a made-up city and Maria’s individual choice, so the content type is fiction. The final sentence limits the bus benefit to the journey she tried."
s507,The Neighborhood Watch,69ce2325cbc54f7f3dd4b288a3bb0ebf5b2194fa6d91e051bf66d3abeb2e296c,fiction-language-revised,content/editorial-batch-2.11.2.json#s507,Retain uncertainty about crime reduction; replace vague praise with a concrete social outcome.
s508,City's Free Repair Café,1f8746a376dc93a887043084ab0f10390ebe0458d105bc9c7a1951a5e1ab524f,fictional-editorial-revision-2026-09-26,Explicit fictional framing; individual full-text language and internal-coherence review,"The passage calls itself a made-up policy example but is classified as nonfiction and invents participant reports, waste totals and adoption by other cities. Reclassify it as fiction and turn the claims into a transparent trial with measurable records and unresolved limits."
s509,Village That Adopted a River,9753a6e9d55cf24d86e81132f465cb2626324077bdcfce505cfa5c3c32d9d6ae,inherited-v2.9.4,fact_check_all_2000.csv#s509,Unchanged text; prior editorial claim retained. Not independently rechecked in this release.
s510,The Town That Banned Single-Use Plastic,ac714c85687dfbc82c22955bc87b408a5116112a8c3256f3e088b55de77ce7d2,inherited-v2.9.4,fact_check_all_2000.csv#s510,Unchanged text; prior editorial claim retained. Not independently rechecked in this release.
s511,Region That Built Affordable Housing Together,3f772ff966993b8eeb8c24eb6008b77bdabcab3c5683997ced26b0b1389a832f,inherited-v2.9.4,fact_check_all_2000.csv#s511,Unchanged text; prior editorial claim retained. Not independently rechecked in this release.
s512,Nation That Requires Environmental Impact Voting,ed0cefa60d9327d470e39531f0c9811fd5f4109206c681749b357e7a4293a0f8,inherited-v2.9.4,fact_check_all_2000.csv#s512,Unchanged text; prior editorial claim retained. Not independently rechecked in this release.
s513,The Federation That Shares Disaster Response Equipment,a9b5944131c4a9e7a1dc456fe9b9bf74faacad664907e7879b39310df980549e,inherited-v2.9.4,fact_check_all_2000.csv#s513,Unchanged text; prior editorial claim retained. Not independently rechecked in this release.
s514,Confederation That Rotates Its Capital City,67a46488b6910460148edaa90290f3797e639e2abf40665b71223b1e37a624d9,inherited-v2.9.4,fact_check_all_2000.csv#s514,Unchanged text; prior editorial claim retained. Not independently rechecked in this release.
s515,Breakfast Together,8a8b3a767447df31603e84286668e02343ba425ed15aef748957994cd6a25143,fiction-language-reviewed,content/editorial-batch-2.11.3.json#s515,Retain the family breakfast scene. Day ahead is a familiar transparent time phrase; sharing food/stories/smiles is supported by breakfast context.
s516,The Family Recipe Box,1a842ca67189c19ade247d7fa2609b74822795c4f4a5b288ffefff5ef4e2c7c7,language-revised,fact_check_all_2000.csv#s516,"Language revision; retained/simplified narrative or source plot. Prior factual provenance retained, not a new independent source audit."
s517,Overgrown Backyard,8279c0685df3a711d1226bdaee9f2df4a914cde86d65ac184869bf75e5287f08,editorial-revision-2026-09-25,content/editorial-batch-2.11.9z.json#s517,"The garden develops over several weekends, but the final phrase “many small days” sounded unnatural. Replace it with a natural time phrase while retaining the neighbor’s role and the incremental work."
s518,Neighborhood Book Exchange,168a7af6f21bf22da71aa9c4c36938e631ba597e9290524f5813b478157e99d4,editorial-revision-2026-09-25,content/editorial-batch-2.11.9ag.json#s518,"The original says the shelf can be placed by mailboxes without permission, uses “cook book” and “notes in the side,” and claims communitywide savings without evidence. Ask for the building’s agreement, correct the wording, and show neighbors exchanging specific books."
s519,The Stranger Who Returned a Wallet,61bff815b2988c6c0bc40d7500536e3867d90cab4b73b357e03206fd325d4157,inherited-v2.9.4,fact_check_all_2000.csv#s519,Unchanged text; prior editorial claim retained. Not independently rechecked in this release.
s520,Retirement Party That Almost Didn't Happen,f78c195f5e3eaeff92e68cc91f04dbb5f78cf90bd982395b78176fc52b56a38a,inherited-v2.9.4,fact_check_all_2000.csv#s520,Unchanged text; prior editorial claim retained. Not independently rechecked in this release.
s521,Apartment Building's Unofficial Historian,c2dc9d03ee19438acb86abcea0e50ddba982da9d4ce5f2548d16a17f9a995789,inherited-v2.9.4,fact_check_all_2000.csv#s521,Unchanged text; prior editorial claim retained. Not independently rechecked in this release.
s522,The Widower's New Sunday Ritual,2f4b6676db58feb2fa41f4af87d0bba55a0c094b67644e6d180bb9c8e3fc2613,inherited-v2.9.4,fact_check_all_2000.csv#s522,Unchanged text; prior editorial claim retained. Not independently rechecked in this release.
s523,House That Held Three Generations of Arguments,f47cadcd73a70b1d03f408db9658683661b637bb69f2974df954cb22d35839a9,inherited-v2.9.4,fact_check_all_2000.csv#s523,Unchanged text; prior editorial claim retained. Not independently rechecked in this release.
s524,Correspondence That Spanned a War and Outlasted It,2e36570a9880f859074cc49f279960ac7d3df4bb8232ff75562be825984841de,inherited-v2.9.4,fact_check_all_2000.csv#s524,Unchanged text; prior editorial claim retained. Not independently rechecked in this release.
s525,The Old Wagon,5891bf24a1a242970db6e819bb9852fe78d2e1aebc4d73d97db6fc9ac7f100a2,inherited-v2.9.4,fact_check_all_2000.csv#s525,Unchanged text; prior editorial claim retained. Not independently rechecked in this release.
s526,Village Blacksmith,7b0291d2c33a8f5dc7fb19c036bf4b5bd301b8f4eb02e63db9db771f7fcc57f6,editorial-revision-2026-09-24,content/editorial-batch-2.11.9m.json#s526,"Gustaf is an invented historical-style character, not a documented biography. Reclassify as fiction and replace an unrelated politics subtopic with village metalworking. The apprentice resolves the skill-transfer concern."
s527,Traveling Storyteller,ae7e6f950308c92e01374bbfd05fc3cb397990902b223af88da67166148ea35c,fictional-editorial-review-2026-09-26,Explicit fictional framing; individual full-text language and internal-coherence review,"The full text explicitly presents Aldous as fictional. The route-memory method, correction by local elders, teaching of younger speakers and acknowledgment that oral stories change form a coherent Level 4 narrative without asserting a real biography; retain unchanged."
s528,The Winter Market,e5638dc75a4d2123270cbd5a96e32beeddc3642ef9768eeaca2425007a477622,fictional-editorial-revision-2026-09-26,Explicit fictional framing; individual full-text language and internal-coherence review,"The original shifts from past to present, uses repetitive intensifiers, and reports a fabricated market, regulations and economic effects as if documented. Keep it fictional and make the ice-safety decisions part of a concrete narrative without implying a real tradition."
s529,Apprentice Who Became a Master,8bbc6639abebb1360799361a765911077a00423fff64210090a7e2cedab6f10c,inherited-v2.9.4,fact_check_all_2000.csv#s529,Unchanged text; prior editorial claim retained. Not independently rechecked in this release.
s530,Plague Doctor's Notebook,a94f12ae1b8900178bf4448acc740d1f58b2eb1d5548dea76b1689fd6c9b98ab,inherited-v2.9.4,fact_check_all_2000.csv#s530,Unchanged text; prior editorial claim retained. Not independently rechecked in this release.
s531,The Merchant Fleet That Sailed Without Maps,751aeb91d6533cdc5b569d648250c21b45e039397fec19c9672cb14b8a951f5e,inherited-v2.9.4,fact_check_all_2000.csv#s531,Unchanged text; prior editorial claim retained. Not independently rechecked in this release.
s532,Court Painter Who Recorded Dissent,cf85117e18aedb57e7f5ec5e24ea2e0796a08134459ce3e7f51a91dd1ac25060,inherited-v2.9.4,fact_check_all_2000.csv#s532,Unchanged text; prior editorial claim retained. Not independently rechecked in this release.
s533,Cartographer Who Refused to Finish His Final Map,16c4991b24d0b6f020d38c3ecb62b5160f601125625af162750bc482af06f72b,inherited-v2.9.4,fact_check_all_2000.csv#s533,Unchanged text; prior editorial claim retained. Not independently rechecked in this release.
s534,The Diplomat Whose Silence Ended a War,3d23a35410e59798cf2abe59f7097ea7cb330ffe79980e9b2aff68e1eb0482b2,inherited-v2.9.4,fact_check_all_2000.csv#s534,Unchanged text; prior editorial claim retained. Not independently rechecked in this release.
s535,Why Fire Is Hot,ed5c34d5f764ab50cfb5c12327cdd15a9501be444a6985417e7a3974321c4187,source-rechecked,https://www.energy.gov/cmei/fuels/full-text-glossary; https://content.nfpa.org/-/media/Project/Storefront/Catalog/Files/Research/NFPA-Research/US-Fire-Problem/Fire-causes/oscooking.pdf,Retained simple fire/heat/light/cooking/safety claims. DOE identifies combustion as producing heat and usually light; NFPA discusses cooking-fire safety. No experiment or guarantee is implied.
s536,Why Bread Gets Hard,8946c331d12ccc4fa6839a2f8715bb7328e0e8626d8e046cb59e62027a92a3fc,editorial-revision-2026-09-24,content/editorial-batch-2.11.9m.json#s536,The text correctly mentions water loss and changes in starch but wrongly says a closed bag slows both. Specify that covering mainly reduces drying and cannot stop bread becoming firm as starch changes; avoid a general storage recommendation that overlooks mold.
s537,How Our Skin Protects Us,7103f380229083c444e11a4c5f018b0d51c90b92581a07572a63d8c625e1665c,source-rechecked,https://newsinhealth.nih.gov/2015/11/keep-your-skin-healthy; https://www.niams.nih.gov/grants-funding/supported-scientific-areas/extracellular-matrix-biology-and-diseases,Present-tense biological explanation; no medical treatment advice or absolute protection claim.
s538,How Airplanes Stay in the Air,39307dc0c204dd24625d941c6f072ef12a7e14103f297c81bd9b5d444fda186a,inherited-v2.9.4,fact_check_all_2000.csv#s538,Unchanged text; prior editorial claim retained. Not independently rechecked in this release.
s539,Science of Why We Get Goosebumps,3c472bc410f9cc455e3d874b19d031a57fcc4ff3368facb1d213ac9f2076a96d,inherited-v2.9.4,fact_check_all_2000.csv#s539,Unchanged text; prior editorial claim retained. Not independently rechecked in this release.
s540,How Antibiotics Fight Bacteria,c7945a7ae92444f2e499e8a6932ddf3617c5200579b1487c5e03057a6050f001,inherited-v2.9.4,fact_check_all_2000.csv#s540,Unchanged text; prior editorial claim retained. Not independently rechecked in this release.
s541,Physics of Why We Feel Weightless in Free Fall,c4635ecc5afc39d21498189eb97d277bea4ba9bfd412e7c420e83632f134fb65,inherited-v2.9.4,fact_check_all_2000.csv#s541,Unchanged text; prior editorial claim retained. Not independently rechecked in this release.
s542,Chemistry Behind Why Certain Foods Taste Better Together,fd34887e6cd4d11175d106fe106c113bc1474e7f23ed43d6ed4b1e4d8d53ac5a,inherited-v2.9.4,fact_check_all_2000.csv#s542,Unchanged text; prior editorial claim retained. Not independently rechecked in this release.
s543,The Neuroscience of Why Music Gives Us Chills,d4f37d3ecb099ecb4369cb75b10c3a28623af517a6fbd5aa5e8cacceab2d4de2,inherited-v2.9.4,fact_check_all_2000.csv#s543,Unchanged text; prior editorial claim retained. Not independently rechecked in this release.
s544,Quantum Mechanics of Why Certain Materials Become Superconductors,2f8d16931ac0f86ed925d72d783cfa2714426f98bedf043e9a1d8943067ab7e0,inherited-v2.9.4,fact_check_all_2000.csv#s544,Unchanged text; prior editorial claim retained. Not independently rechecked in this release.
s545,Little Red Riding Hood,e23af5d83b3e24eea02c7fdec7326db64a4c46a05049ceb2dc733a6a09e3fa7b,editorial-revision-2026-09-24,content/editorial-batch-2.11.9g.json#s545,"In the old text Grandma was not located, yet the ending said she was safe. Show her hiding and let the girl call the nearby worker, so the wolf’s departure resolves both people’s danger."
s546,The Emperor's New Clothes,b66175ecadfe4d12973c8d3ea8a21b374912f2cde451757b78bfefa1ddecab11,inherited-v2.9.4,fact_check_all_2000.csv#s546,Unchanged text; prior editorial claim retained. Not independently rechecked in this release.
s547,Pinocchio Runs Away from Home,9c397c5563f818a2fbd6e96fbe4e2e1c3f6a451fa900a184f3e2732e67928002,inherited-v2.9.4,fact_check_all_2000.csv#s547,Unchanged text; prior editorial claim retained. Not independently rechecked in this release.
s548,Jim Meets Long John Silver,bb34d24d4eb9ce27a568878ae2aacc410d92ba125b23fb08ea9107abf57a71e7,primary-text-verified-editorial-revision-2026-09-26,https://www.gutenberg.org/files/120/120-h/120-h.htm,"Compare the complete retelling with Treasure Island, Chapter VIII. Correct the wooden-leg detail to a missing left leg and crutch, keep Jim’s fear and Black Dog’s escape in their proper order, and end with the adults’ favorable judgment rather than an omniscient statement about Silver’s hidden knowledge."
s549,Beth and the Quiet Piano,1e46931d9569ccd5d1dbd8d291f16743fe59b6948ec1cbcaccceaa60684e5f6e,inherited-v2.9.4,fact_check_all_2000.csv#s549,Unchanged text; prior editorial claim retained. Not independently rechecked in this release.
s550,Escape from the Château d'If,30908351ff325cc6ba70e49fc73e8b2c78545dbec55afc68072cb1ee8723520c,inherited-v2.9.4,fact_check_all_2000.csv#s550,Unchanged text; prior editorial claim retained. Not independently rechecked in this release.
s551,The Portrait Begins to Change,a6256799d73f48e04dbcc1e0387ae6a0bfb5f399294514a3ba0519328ef3b411,inherited-v2.9.4,fact_check_all_2000.csv#s551,Unchanged text; prior editorial claim retained. Not independently rechecked in this release.
s552,The Count Learns to Show Mercy,c4a68d18bd6b89801979fef5c0e22273a9125da8f12a2c593d775ef3ed1cede0,inherited-v2.9.4,fact_check_all_2000.csv#s552,Unchanged text; prior editorial claim retained. Not independently rechecked in this release.
s553,Pip Reconsiders What Makes a Gentleman,2830aa02deca21103a41335d80ce710de30078d1e1aa4574ed22a3955c376c2d,inherited-v2.9.4,fact_check_all_2000.csv#s553,Unchanged text; prior editorial claim retained. Not independently rechecked in this release.
s554,"Les Misérables: Law, Mercy, and Moral Change",2726e86c3c9cd6b028066a5d3edb147c519d5c731478685786d4ecfafff2021f,inherited-v2.9.4,fact_check_all_2000.csv#s554,Unchanged text; prior editorial claim retained. Not independently rechecked in this release.
s555,The Fox With Two Tails,adb43bfb767376013915ddf48b30c2267dce0fc9e7812f3b62934f1807b71008,fiction-language-reviewed,content/editorial-batch-2.11.3.json#s555,"Retain the two-tailed fox as a fantasy character. Its balance and speed are story attributes, not claims about real fox anatomy."
s556,Talking Rock,b90a5829dc3f402b98808bba52826014893bf94c7eb21dcf615e97b02ed7a129,fiction-language-reviewed,content/editorial-batch-2.11.3.json#s556,Retain the short talking-rock fantasy and clear dialogue. Visits every day resolves the meeting naturally.
s557,Shoemaker's Extra Pair,b41b3bbda521f93d60a0972ff00c41dfa8abff3c221cda0a28ac9a3c85f4c81d,editorial-revision-2026-09-24,content/editorial-batch-2.11.9m.json#s557,"The existing fantasy topic is fixed for compatibility. Give the generous shoemaker one small, observable magical event when he offers a spare pair, and classify the subtopic as everyday magic."
s558,The Cloud Shepherd,d3afc2c6e724c355f373507a6e8043dc0798857b8481b41dd8cdd7c41e3ff192,editorial-revision-2026-09-24,content/editorial-batch-2.11.9m.json#s558,Cloud guiding is left as a possible village belief in a fantasy story. The subtopic should refer to weather magic rather than objects and transformations.
s559,Wishing Bench,7afa1d8adccc8e651ab10edcf0c11bfe76f851b988f94b9e57653e9a869d6f19,editorial-revision-2026-09-25,content/editorial-batch-2.11.9z.json#s559,"The old wish benefited the shopkeeper alone, contrary to the bench’s explicit rule; later bench repair did not account for how that wish was granted. Make Josef’s wish include the neighbors at the outset and show how the parade earnings lead to shared food. Final read-through clarified that Josef owns the bakery and sold the bread he baked."
s560,Painter's Missing Color,333f7ec0b73d9c236cc596637a61f40784ebce2e7e23199f226a1bfb4aec94ea,fiction-language-revised,content/editorial-batch-2.11.2.json#s560,Replace abstract repetition with a coherent search and open-ended artistic outcome.
s561,The Locksmith's Final Key,dba5269b24d2c6b23941a479b0d667ddc235aa02214ab48c2fb9c0724c0e4632,editorial-revision-2026-09-25,content/editorial-batch-2.11.9ah.json#s561,"The original repeats claims of greatest craftsmanship without showing how the keys work, and the photo’s owner and lost key remain unclear. Give the customer a reason to request help, show a bounded locksmith trial and let the photo’s meaning emerge through dialogue."
s562,Weathervane That Remembered,9f33d827436670d80d4f84da8e12e6c9be95663c6ecd712de159c93799194253,editorial-revision-2026-09-25,content/editorial-batch-2.11.9ah.json#s562,"The tale presents supposedly archived impossible weather observations as historical evidence. Define an imagined town and have Mara distinguish notes from legend, preserving the ambiguity without asking readers to accept a documented event."
s563,Cobbler Who Mended Time,7ee87b20992518facbe5930a8edd26e54e31d018e06fea223bd5a6b6716bf125,inherited-v2.9.4,fact_check_all_2000.csv#s563,Unchanged text; prior editorial claim retained. Not independently rechecked in this release.
s564,The Baker Who Kneaded Memories,34cb749d298112b54579efa7319ab9c094db398268c20c220aeb3a843f4ee6b4,inherited-v2.9.4,fact_check_all_2000.csv#s564,Unchanged text; prior editorial claim retained. Not independently rechecked in this release.
s565,Cartwright Who Built Roads to Nowhere,841ce0d03035d34d17b04ad994b211ace404a5f113d8a5b0e09f73632a3e43f1,inherited-v2.9.4,fact_check_all_2000.csv#s565,Unchanged text; prior editorial claim retained. Not independently rechecked in this release.
s566,Weaver's Loom of Quiet Places,a68d015173ba69fa16e769270d2e9d942fcf186341840a3403a499c75784d2c5,inherited-v2.9.4,fact_check_all_2000.csv#s566,Unchanged text; prior editorial claim retained. Not independently rechecked in this release.
s567,The Apothecary Who Bottled Courage,f58ed538bcfc51ee8a1c40fba0ceb92e72c1e759012c509f8f41df7b4f0810e5,inherited-v2.9.4,fact_check_all_2000.csv#s567,Unchanged text; prior editorial claim retained. Not independently rechecked in this release.
s568,Chandler Who Sold Borrowed Light,581049d787b025afe28d652e76739e2203d41be24c5dcf2bc6cd15c975d854a9,inherited-v2.9.4,fact_check_all_2000.csv#s568,Unchanged text; prior editorial claim retained. Not independently rechecked in this release.
s569,Instrument Maker Who Tuned Grief,c1dc26b42eeda6987614443d6487030786a0a5bdbce8fe2daa48828b0058b9d0,inherited-v2.9.4,fact_check_all_2000.csv#s569,Unchanged text; prior editorial claim retained. Not independently rechecked in this release.
s570,The Mapmaker Who Charted Regret,ba19b39e972e7bba36c68eabfb571fbe77477fd796b19e14034dfe1200238386,inherited-v2.9.4,fact_check_all_2000.csv#s570,Unchanged text; prior editorial claim retained. Not independently rechecked in this release.
s571,Glazier Who Trapped Sunsets,6af9f04dbab1a67c35a21f7a828cda3e2e9b3b006fd6e176f552c3097929df90,inherited-v2.9.4,fact_check_all_2000.csv#s571,Unchanged text; prior editorial claim retained. Not independently rechecked in this release.
s572,Silversmith Who Forged Second Voices,f1df0aa8037413d0eed1ee7cb9b48a024838792ce59e3b4e7292edc403893c7e,inherited-v2.9.4,fact_check_all_2000.csv#s572,Unchanged text; prior editorial claim retained. Not independently rechecked in this release.
s573,The Bell Founder Who Cast Forgiveness,a4f630b621ad6e45a54d3599d7fb4d70a530cdcd2e4ff269d8f06787f89103af,inherited-v2.9.4,fact_check_all_2000.csv#s573,Unchanged text; prior editorial claim retained. Not independently rechecked in this release.
s574,Archivist Who Catalogued Unspoken Apologies,fc7c861d09c2d9f6d8f82568aa8b790314523ad549a5243f5e6542cadcacfc2e,inherited-v2.9.4,fact_check_all_2000.csv#s574,Unchanged text; prior editorial claim retained. Not independently rechecked in this release.
s575,A Rabbit in the Grass,80d6d6f4086d269b4f7f9126624b48aeded368459a4dcb1d808c0c71480af28f,editorial-revision-2026-09-24,content/editorial-batch-2.11.9g.json#s575,"The rabbit hears a sound, runs and hides. It is a plausible event involving one particular rabbit, so classify it as fiction rather than a universal description of rabbit behavior."
s576,The Little Ant,2f42417c9abc3115c35b6091d7c9bdf2daa20d1b0e81d3e09a2cde06b9cae813,editorial-revision-2026-09-24,content/editorial-batch-2.11.9g.json#s576,"The ant with a leaf and its helpers are individual story characters. The brief scene has a clear task and ending, but is not a general account of all ants."
s577,Woodpecker's Loud Knock,f2b483122f03817b197c58f31bc50c26771f231689729c35e13b7702f20bea34,editorial-revision-2026-09-24,content/editorial-batch-2.11.9m.json#s577,"The grandfather’s explanation addresses one woodpecker searching for insects, but a named child draws a personal lesson, making this fiction. Replace the plant/fungi label; avoid suggesting every knock is food seeking."
s578,Turtle's Slow Journey,37eca759bd4b53ce276a81d2153a560d85702ddaccee18296dc830755bdec1f6,editorial-revision-2026-09-24,content/editorial-batch-2.11.9m.json#s578,"This is a didactic turtle story with observing children, so classify it as fictional animal narrative. Remove the unsupported general claim that fast animals miss danger and the claim that the turtle avoids danger because she moves slowly."
s579,The Clever Crow's Trick,6c26da84bcca6db8f58ead44674984d1d5e0c6509aaf18bd261e78ae1a8b0d3c,editorial-revision-2026-09-25,content/editorial-batch-2.11.9ab.json#s579,The specific crow’s choices and traffic-light intention are invented; the evidence on car-assisted nut cracking is not enough to treat this exact event as observation. Label it fiction and avoid suggesting a person approach traffic.
s580,Bat's Nighttime Feast,6da9d49ff16970ae006dbd0d0937049df77dad4f2cfbb5907d217c26c97d9e8e,editorial-revision-2026-09-25,content/editorial-batch-2.11.9ab.json#s580,The claim about all bats and protecting crops is too broad. Describe insect-eating bats and frame crop effects as possible rather than an observed result for invented farmers.
s581,How Salmon Find Their Way Home,6e960cd796e7b397bd4c6b6f3a091adf2164871c437770419bd3ab99bb3eaff9,inherited-v2.9.4,fact_check_all_2000.csv#s581,Unchanged text; prior editorial claim retained. Not independently rechecked in this release.
s582,The Chameleon's Sticky Tongue,146f34181af9c9ce6cc2602233632b089b53a8303e5d6764bd5240dd6e651c22,inherited-v2.9.4,fact_check_all_2000.csv#s582,Unchanged text; prior editorial claim retained. Not independently rechecked in this release.
s583,Remarkable Homing Ability of Pigeons,3fb4c100261d85aad8fc8e3dc64cf0386e4f8d8d2c62f727a549894de635a3de,inherited-v2.9.4,fact_check_all_2000.csv#s583,Unchanged text; prior editorial claim retained. Not independently rechecked in this release.
s584,Praying Mantis's Patient Hunting Strategy,d1fe0a9522bfd681a98e0d41752c100da6a82db16d71cf0dccb09db9df45d067,inherited-v2.9.4,fact_check_all_2000.csv#s584,Unchanged text; prior editorial claim retained. Not independently rechecked in this release.
s585,The Symbiotic Relationship Between Clownfish and Sea Anemones,9e99d2737504f9da5092fa1e3d482ac988adc79ef25ac0b568d087170f5fed1f,inherited-v2.9.4,fact_check_all_2000.csv#s585,Unchanged text; prior editorial claim retained. Not independently rechecked in this release.
s586,Complex Communication System of Prairie Dogs,d27933eb7b68ac71617852a4849d7028988c3dc3d316a7a0087146fcd55dd99a,inherited-v2.9.4,fact_check_all_2000.csv#s586,Unchanged text; prior editorial claim retained. Not independently rechecked in this release.
s587,Remarkable Regenerative Abilities of Starfish,53fbd0a40d35edee9375c2186a800b3dc435e4cbd6c04401331ce9ef2613a758,inherited-v2.9.4,fact_check_all_2000.csv#s587,Unchanged text; prior editorial claim retained. Not independently rechecked in this release.
s588,The Unusual Hunting Technique of Archer Fish,10ea9e6b917d3664948e4403e59d9f6b40fa9d42d0a35d468851650b617ac8c0,inherited-v2.9.4,fact_check_all_2000.csv#s588,Unchanged text; prior editorial claim retained. Not independently rechecked in this release.
s589,Extraordinary Migration of Arctic Terns,e779a4f56f377cf6b6f0440ad386cdeccc575a4c07378b614471f7b9a3e51c5a,inherited-v2.9.4,fact_check_all_2000.csv#s589,Unchanged text; prior editorial claim retained. Not independently rechecked in this release.
s590,Complex Social Structure of Orca Pods,2fb3bf5475db6befb9f4ff8f13693ebb232f993433fe9da8c9be2798ec66df07,inherited-v2.9.4,fact_check_all_2000.csv#s590,Unchanged text; prior editorial claim retained. Not independently rechecked in this release.
s591,The Fungal Networks That Connect Forest Ecosystems,a965104df5ec4dbb133d26e822678debcfac8a84d16ebfbf8973b4c872447189,inherited-v2.9.4,fact_check_all_2000.csv#s591,Unchanged text; prior editorial claim retained. Not independently rechecked in this release.
s592,Sophisticated Tool Use of New Caledonian Crows,d6e04c8730a70f910c0688e151ffe2d5754510b27ae15b6ab34bdfc2b747dbf1,inherited-v2.9.4,fact_check_all_2000.csv#s592,Unchanged text; prior editorial claim retained. Not independently rechecked in this release.
s593,Extremophile Organisms Redefining the Boundaries of Life,2017d82d261c0ca07c5581ae11767b6c70f6567a603ae66fd93bd0877381e574,inherited-v2.9.4,fact_check_all_2000.csv#s593,Unchanged text; prior editorial claim retained. Not independently rechecked in this release.
s594,The Epigenetic Inheritance of Environmental Memory,a168896a175473879b8efc868b955d5b83a3db768ac3a4d9a6032d9bb1e69a32,inherited-v2.9.4,fact_check_all_2000.csv#s594,Unchanged text; prior editorial claim retained. Not independently rechecked in this release.
s595,A New Bridge,947a41bd09cea7d5473529a1c77f29941d3ce7072b3b51b39bd5032817dbba93,editorial-revision-2026-09-24,content/editorial-batch-2.11.9g.json#s595,The bridge and unanimous happiness belong to an invented town. Mark the account as fiction and remove the claim that everyone benefits.
s596,Sharing Food,52ed0977364b722325743e90a7ef3bc82b595882dc3958328adc181f789744aa,editorial-revision-2026-09-24,content/editorial-batch-2.11.9g.json#s596,The food-sharing family and neighbors are an illustrative fictional episode. Clarify that the neighbors share food the following week rather than guaranteeing that everyone in the street does so.
s597,The Community Clean-Up Day,86ac20c8fe505280eff439cd62724000f23112e7230f80ea2faf5693cf0a861e,editorial-revision-2026-09-24,content/editorial-batch-2.11.9m.json#s597,The group is explicitly invented. Classify the clean-up as fiction and use a community action subtopic rather than migration or rights.
s598,School Supply Drive,964735ed9cd4705a06779a1aba4ac352164f8df1fcf8b4a4d6c713c4af268925,fiction-language-revised,content/editorial-batch-2.11.2.json#s598,"Concrete donation sequence, recipient choice and planning record."
s599,Town's First Community Center,3fcc17206b7fca33d603435a2811cb677e6eee31b098e29236003fb013c0e478,editorial-revision-2026-09-25,content/editorial-batch-2.11.9ab.json#s599,"The town and policy are explicitly invented, so classify narrative fiction. Show approval and a limited trial before claims of lasting community use."
s600,The Volunteer Tutoring Program,cd3ac3ddce938b7fc739fe1562ea20b851928a84bc07d61f7be5eeb0eab9d47e,fiction-language-revised,content/editorial-batch-2.11.2.json#s600,Remove much more students error and general success guarantees; show individual learning differences.
s601,City's Bike Lane Expansion,f05a8d1caf9c0df97724c07adf8fd4c4f3136fea9fd182002dee2337dc1b6a62,inherited-v2.9.4,fact_check_all_2000.csv#s601,Unchanged text; prior editorial claim retained. Not independently rechecked in this release.
s602,Rural Internet Access Initiative,743340f829218c6ef1e669050e02b4f56f6d8421a3f9cf0f6637b435e7b45408,inherited-v2.9.4,fact_check_all_2000.csv#s602,Unchanged text; prior editorial claim retained. Not independently rechecked in this release.
s603,The Cooperative Housing Model,87a89c0a1fbbe6bd7f9b6373307adbfb2e2b4e3beaa6a414ddfe205e267b2bdd,inherited-v2.9.4,fact_check_all_2000.csv#s603,Unchanged text; prior editorial claim retained. Not independently rechecked in this release.
s604,Municipal Composting Program,31578edeb1195c1e82823b2b03860de12cf85f6abbba396eb102dc191d6f5713,inherited-v2.9.4,fact_check_all_2000.csv#s604,Unchanged text; prior editorial claim retained. Not independently rechecked in this release.
s605,Cross-Border Water Management Agreement,0e9516a3b580d8038daf7c36d45b999e1e0104794d0c3723ab421eb70482d712,inherited-v2.9.4,fact_check_all_2000.csv#s605,Unchanged text; prior editorial claim retained. Not independently rechecked in this release.
s606,The Regional Renewable Energy Cooperative,b32addd3b4ce99424c55b10efe54b626c13afc500328dd9623520e39edf03060,inherited-v2.9.4,fact_check_all_2000.csv#s606,Unchanged text; prior editorial claim retained. Not independently rechecked in this release.
s607,National Apprenticeship Modernization Program,fa5e22b717dcc672df37656ccda5d04019471fc3016782a6f212858775159f10,inherited-v2.9.4,fact_check_all_2000.csv#s607,Unchanged text; prior editorial claim retained. Not independently rechecked in this release.
s608,Multi-Municipal Emergency Medical Service,d409919c4e3beaaf5e8e991b05f785c1067779adadb5c9f281413d32fadaccd9,inherited-v2.9.4,fact_check_all_2000.csv#s608,Unchanged text; prior editorial claim retained. Not independently rechecked in this release.
s609,The National Community Land Trust Initiative,4dabd5447a9322b4a13383142dcaa7b256944819e6d610641caac5086c807520,inherited-v2.9.4,fact_check_all_2000.csv#s609,Unchanged text; prior editorial claim retained. Not independently rechecked in this release.
s610,Regional Circular Economy Partnership,6c33463ac5ba382e0a1c8b1f27267fc16b31ad5249627ad25bdfccc663c57584,inherited-v2.9.4,fact_check_all_2000.csv#s610,Unchanged text; prior editorial claim retained. Not independently rechecked in this release.
s611,International Knowledge-Sharing Network for Sustainable Agriculture,d4eb677e073c20cbb993f9e4d8513e5c79c88d5aa30d2d63d7068a41fdce2e65,inherited-v2.9.4,fact_check_all_2000.csv#s611,Unchanged text; prior editorial claim retained. Not independently rechecked in this release.
s612,The Federated Approach to Regional Refugee Resettlement,35c234bc53ab26be71bdfb124383232dfb676a2f4556846991bf8b8ce3970a76,inherited-v2.9.4,fact_check_all_2000.csv#s612,Unchanged text; prior editorial claim retained. Not independently rechecked in this release.
s613,Polycentric Governance Model for Transboundary Environmental Management,1e7f742aa0f67517b770f935c351cf3a5e80d39952a8a47986d3a8e5122c43f5,inherited-v2.9.4,fact_check_all_2000.csv#s613,Unchanged text; prior editorial claim retained. Not independently rechecked in this release.
s614,Deliberative Mini-Public Model for Contested Infrastructure Decisions,e00f375d39f50007c5091da53be47e92031ffa7412ab0b56d06e47d618f05042,inherited-v2.9.4,fact_check_all_2000.csv#s614,Unchanged text; prior editorial claim retained. Not independently rechecked in this release.
s615,A Cup of Coffee,dd186939de5aa3b5fadbf35995067406fd1c8fb7409e1330dd24dbadc2aac8cb,fiction-language-reviewed,content/editorial-batch-2.11.3.json#s615,"Retain the first-person coffee routine. Helps me wake up is the fictional speaker's experience, not a universal medical recommendation."
s616,Cleaning My Room,6842c9ad378794e0c7e753a9fe0baec31b68c3744cf0a1b6c205c75015c84ce1,fiction-language-reviewed,content/editorial-batch-2.11.3.json#s616,"Retain the concrete room-cleaning sequence. Messy is explained by clothes, bed and books; the tidy result is clear."
s617,Forgotten Birthday Card,fe16e9e56055f257d3324260db0591f838234df1d203f038ed1a95a0a4025d2d,inherited-v2.9.4,fact_check_all_2000.csv#s617,Unchanged text; prior editorial claim retained. Not independently rechecked in this release.
s618,The New Kitchen Gadget,5a67faae3714eddcc90661a1b4e0a3a5fb4540173238c09281fae1afe0dd8c66,editorial-revision-2026-09-24,content/editorial-batch-2.11.9n.json#s618,"A generic unnamed gadget and unspecified mistakes make the lesson hard to picture. Use a simple hand juicer with a clear error and correction, retaining the three tries."
s619,Surprise Visit,becfb07190b5f921b6198855386609069ff42ef3a81adde1d870edd8d9415811,fiction-language-revised,content/editorial-batch-2.11.2.json#s619,Fix dangling opening and dense backstory; preserve reunion and next contact.
s620,Community Garden Plot,9f657bd013a6834a7d501e9fc235ff1a1575349113b8cdf973911e185f5f0780,source-rechecked-2026-09-25,https://extension.umn.edu/garden-and-home/yard-and-garden/gardening-in-minnesota/growing-tomatoes; https://extension.umn.edu/garden-and-home/yard-and-garden/gardening-in-minnesota/raised-bed-gardens,"The original suggested plants leaning toward a fence because of sun, but did not state that the fence shaded Nora’s plot. Clarify shade and careful transplanting of two young plants into the sunnier part of her own plot; avoid taking the neighbor’s plot. University of Minnesota Extension supports full sun, careful transplant and watering at soil level."
s621,The Unexpected Career Change,4dd6af0d1866d256397e911a44b633f42daa704efa5161f95fe21c72b2eaf6bb,editorial-revision-2026-09-25,content/editorial-batch-2.11.9ah.json#s621,"The original uses layered abstract clauses and stigmatizing speculation about a “premature midlife career crisis,” then guarantees success. Give Priyanka a staged small bakery trial, a realistic accounting advantage, and a limited outcome without claiming passion alone secures a business."
s622,Long-Distance Friendship,f6934106811439582dbe411da9c6e32eb748c4e15093696702accf942b6eacdc,editorial-revision-2026-09-25,content/editorial-batch-2.11.9ah.json#s622,"The original repeats distance, challenges and connection without a particular event or clear named friend. Show the time-zone obstacle once and two friends adapting their calls during a meaningful life event."
s623,Inherited Responsibility,82e3171592846ae0f53acc28c7c00161287f1eb477472da2024444b6e5dfcfb7,inherited-v2.9.4,fact_check_all_2000.csv#s623,Unchanged text; prior editorial claim retained. Not independently rechecked in this release.
s624,The Roommate Situation,c160b933baa79b109d8773f9744d57e1ed4beff680291c3f9ff7f533ef9f7f9e,inherited-v2.9.4,fact_check_all_2000.csv#s624,Unchanged text; prior editorial claim retained. Not independently rechecked in this release.
s625,Family Business Succession,cd622ff144aa2649d6fe29c8beb5bc8be6d88f763cca209c5d1d0463e00983bd,language-revised,fact_check_all_2000.csv#s625,"Context-specific idiomatic correction; prior factual provenance retained, not independently reverified."
s626,Blended Family Adjustment,c6a3647c265d790cac39d97cdacf6812be17bf2a1ea63c1076b44c60de5ad613,inherited-v2.9.4,fact_check_all_2000.csv#s626,Unchanged text; prior editorial claim retained. Not independently rechecked in this release.
s627,The Caregiver's Difficult Balance,af911ce52d08e0e874f21f565adb68ca2bf667ec9e2b49633c3976467192a7cf,inherited-v2.9.4,fact_check_all_2000.csv#s627,Unchanged text; prior editorial claim retained. Not independently rechecked in this release.
s628,Empty Nest Transition,36e595cae9f66e363152bff78a37f602730362cabb9ff866bd9caa65b77786ea,inherited-v2.9.4,fact_check_all_2000.csv#s628,Unchanged text; prior editorial claim retained. Not independently rechecked in this release.
s629,Reconciliation After Decades of Silence,b718707e9ac3211740adbf7ba6b09896e08b980ebcf6d4b3416b2e66491de62d,inherited-v2.9.4,fact_check_all_2000.csv#s629,Unchanged text; prior editorial claim retained. Not independently rechecked in this release.
s630,The Late-Life Career Reinvention,6586533046bd8d0f1a0b2f8e58b93a9c0da29168dfc34a983eac90f062a96834,inherited-v2.9.4,fact_check_all_2000.csv#s630,Unchanged text; prior editorial claim retained. Not independently rechecked in this release.
s631,Multigenerational Household Experiment,6b3429ec0b4c445999895925ca009e96ee49b37cdefc5d4159b84ab90d21aa98,inherited-v2.9.4,fact_check_all_2000.csv#s631,Unchanged text; prior editorial claim retained. Not independently rechecked in this release.
s632,Friendship Tested by Financial Success,f19b503fc1d06ba69a9f956e24e07042f5fca6df67c6976e03eea9553ae28fbc,inherited-v2.9.4,fact_check_all_2000.csv#s632,Unchanged text; prior editorial claim retained. Not independently rechecked in this release.
s633,The Inheritance That Revealed a Hidden Family History,566234d483210a8e1dbdbb174e76bdf71ecba85f6ed692a96010495d9c171aba,inherited-v2.9.4,fact_check_all_2000.csv#s633,Unchanged text; prior editorial claim retained. Not independently rechecked in this release.
s634,Decades-Long Correspondence With a Childhood Pen Pal,2ba5a506f40ec91ae8c698533bb9fdc5656c18568a312e013c3f3fbd1e5a1188,inherited-v2.9.4,fact_check_all_2000.csv#s634,Unchanged text; prior editorial claim retained. Not independently rechecked in this release.
s635,Old Tower,617396978229057092272600cbfb8ac3c91212e7468383b9164e7d7205643353,inherited-v2.9.4,fact_check_all_2000.csv#s635,Unchanged text; prior editorial claim retained. Not independently rechecked in this release.
s636,The First Trade,b1f7df4d2df0159a51269a8278b9d3b0094a4dcda8972641dec3a345f50ea787,inherited-v2.9.4,fact_check_all_2000.csv#s636,Unchanged text; prior editorial claim retained. Not independently rechecked in this release.
s637,Town Crier,0e40c1cffb77e97e6bc33aa704ad48f50cafe42ef6037101e44e6842d3ccf624,editorial-revision-2026-09-24,content/editorial-batch-2.11.9n.json#s637,"Bertram and his town are declared invented, so classify as fiction. “Before towns had papers or radio” wrongly implies a universal sequence; frame it as one town before a local printed paper became common. Avoid guaranteeing trust from volume alone."
s638,Traveling Peddler,c2ad72c4b70cec32456aa421d30fec19774b42d6d1c1b69847b393cf23746e7f,inherited-v2.9.4,fact_check_all_2000.csv#s638,Unchanged text; prior editorial claim retained. Not independently rechecked in this release.
s639,The Lighthouse Keeper's Daughter,594587ffae4d2266fc423e792bcd58fc737b340b50152aa76f8374f8db8b5f14,fiction-language-revised,content/editorial-batch-2.11.2.json#s639,Adult fictional daughter; remove invented historical first and unverified ships-saved claims.
s640,Orphan Clockmaker,d04a32f7993651dca77fa390fe6d7d007add4d5eae289d952d0282aa266f9334,inherited-v2.9.4,fact_check_all_2000.csv#s640,Unchanged text; prior editorial claim retained. Not independently rechecked in this release.
s641,Printer Who Risked Everything,8417a0356ec14de9a3591f7959c7099447f019372603e59a6ddfc71223a0945e,inherited-v2.9.4,fact_check_all_2000.csv#s641,Unchanged text; prior editorial claim retained. Not independently rechecked in this release.
s642,The Midwife's Secret Knowledge,05a3954e070de4a90bf76b1a3e1073048baae82fe655b43393196a1770872d7c,inherited-v2.9.4,fact_check_all_2000.csv#s642,Unchanged text; prior editorial claim retained. Not independently rechecked in this release.
s643,Interpreter Who Prevented a War,ec05e3bcd8e23065b617a3f4b5ff5cb56695c217e041d9899a58a6334cb41126,inherited-v2.9.4,fact_check_all_2000.csv#s643,Unchanged text; prior editorial claim retained. Not independently rechecked in this release.
s644,Astronomer Who Corrected an Ancient Error,7be28783467ec3ff0bec731719c8c6c45a106a7b3966a257a248ae14a805edba,inherited-v2.9.4,fact_check_all_2000.csv#s644,Unchanged text; prior editorial claim retained. Not independently rechecked in this release.
s645,The Diplomat's Unconventional Peace Proposal,e8a0bf520c8e00116513ebf334e767467c177ee281e45a6e2a1177cde85359d2,inherited-v2.9.4,fact_check_all_2000.csv#s645,Unchanged text; prior editorial claim retained. Not independently rechecked in this release.
s646,Merchant Who Funded a Library,f2de99ec75bf36652fff3f06fc27cf88bbaf5e35d8aca4d193e8d17e481fcd26,inherited-v2.9.4,fact_check_all_2000.csv#s646,Unchanged text; prior editorial claim retained. Not independently rechecked in this release.
s647,Regent Who Governed by Committee,deac34b79da99ebc7ce636885125953afcc0f9132906b0858c0cea43c0871f3a,inherited-v2.9.4,fact_check_all_2000.csv#s647,Unchanged text; prior editorial claim retained. Not independently rechecked in this release.
s648,The Cartographer's Deliberate Error,a22e369e6673560c6a50fc23cca7bb27ba60f27aeb370fd2d9e0d4115c9dab21,inherited-v2.9.4,fact_check_all_2000.csv#s648,Unchanged text; prior editorial claim retained. Not independently rechecked in this release.
s649,Translator Who Preserved a Dying Language,0f6a59f33fd58feada564b8f0a2e24ea70b09f60e71c52ef1b3e00c8385f4b02,inherited-v2.9.4,fact_check_all_2000.csv#s649,Unchanged text; prior editorial claim retained. Not independently rechecked in this release.
s650,Engineer Who Refused to Certify an Unsafe Bridge,31b378b1c5e30263b351d8795f833c2e23918c4dc1369754e79483ccf9a42b24,inherited-v2.9.4,fact_check_all_2000.csv#s650,Unchanged text; prior editorial claim retained. Not independently rechecked in this release.
s651,The Archivist Who Smuggled a Nation's Memory,dc3ef9dd7bf9a4bf84e4bc9646467e6268d47c6fd5e4a8c958a9e1510a9dca3f,inherited-v2.9.4,fact_check_all_2000.csv#s651,Unchanged text; prior editorial claim retained. Not independently rechecked in this release.
s652,Economist Whose Warnings Went Unheeded,948e41ee95bb19d34f4aa265c2b71028a06a41c277491c9c4761d9b9f19c7a99,inherited-v2.9.4,fact_check_all_2000.csv#s652,Unchanged text; prior editorial claim retained. Not independently rechecked in this release.
s653,Historian Who Documented Her Own Erasure,558d092dca911784bd73ac3140003da8a53026a2b9b4d1588bbf1f06b7dee931,inherited-v2.9.4,fact_check_all_2000.csv#s653,Unchanged text; prior editorial claim retained. Not independently rechecked in this release.
s654,The Cryptographer Whose Code Remained Unbroken for a Century,acc666871fe95e5fa3d5845744c53a202b7203e6c90909fcfc66b65b8ad6e43c,inherited-v2.9.4,fact_check_all_2000.csv#s654,Unchanged text; prior editorial claim retained. Not independently rechecked in this release.
s655,Why We Sneeze,5357d4243ae89c04155ec768c8bc1d6801b55fc2e35dec23b496b82a13c4dafc,editorial-revision-2026-09-24,content/editorial-batch-2.11.9g.json#s655,The NIH MedlinePlus description supports irritation from dust and sneezing; replace the overly absolute claim that every sneeze cleans the nose with a qualified explanation.
s656,What Magnets Can Do,054abe9c377f8c371d5406c89c2dfe960201af5301d25baefe4d8d1d5412e9d6,source-rechecked,https://pwg.gsfc.nasa.gov/Education/wmfield.html; https://science.nasa.gov/learn/heat/big-ideas/big-idea-3-1/,"A metal spoon may be nonmagnetic, so replaced it with iron nail. Revised title admits magnets can attract or repel; NASA supports iron attraction and magnetic interaction without contact."
s657,Why Ice Cream Melts,f05ed62bf62bfc6c89d89595cc2bac5ab1feeea8f2e5678fbeaff51f8153301a,editorial-revision-2026-09-24,content/editorial-batch-2.11.9n.json#s657,"Ice crystals melt as heat moves into ice cream. Fat and air also shape the texture, but “frozen water and fat begin to turn into liquid” overstates a single simple phase change. Use a level-appropriate account of lost shape."
s658,How Plants Drink Water,ae195670ce8c47a49e8e109ee27b5052e1af4d013910fdcb98213b54f89a3f76,editorial-revision-2026-09-24,content/editorial-batch-2.11.9n.json#s658,"Roots take up water with dissolved minerals, not “food from the soil”; plants make food using light. Remove the promise that water alone guarantees continuing growth."
s659,Why Some Objects Float and Others Sink,5a62b42c0e3379a73d83dcd2ee3098ed5530af788e85bc754df9b250a4af8f0f,inherited-v2.9.4,fact_check_all_2000.csv#s659,Unchanged text; prior editorial claim retained. Not independently rechecked in this release.
s660,The Science of Static Electricity,1bc9378accb1145cc8a0060fcc3da72a7a24f4245e6733f2fdcac8cdb30dd6c7,editorial-revision-2026-09-25,content/editorial-batch-2.11.9ac.json#s660,The physics text is misfiled under biology and medicine; identify charge transfer and distinguish a neutral material from opposite net charges without implying every balloon experiment is identical.
s661,How Vaccines Prevent Disease Outbreaks,4ea7a5a2f1bd36e23d7ecd894f003a1706a1e1461e56a37f4d58621877909286,inherited-v2.9.4,fact_check_all_2000.csv#s661,Unchanged text; prior editorial claim retained. Not independently rechecked in this release.
s662,Physics of Why Sound Travels Differently Through Different Materials,a4629924af7bc479b6eda432ca4b0d3268a2aef8d6a688cd94a7ca0851a591ff,inherited-v2.9.4,fact_check_all_2000.csv#s662,Unchanged text; prior editorial claim retained. Not independently rechecked in this release.
s663,Why Yawning May Be Contagious,919336b392dd0309344eac3f363889a98dca7b0e6a73df7d0db629a465ea647a,inherited-v2.9.4,fact_check_all_2000.csv#s663,Unchanged text; prior editorial claim retained. Not independently rechecked in this release.
s664,How Our Bodies Convert Food Into Usable Energy,d2e936dba9ed8ed1764041fab02c85faa25b0238ff513dfcde5414799a71cb84,inherited-v2.9.4,fact_check_all_2000.csv#s664,Unchanged text; prior editorial claim retained. Not independently rechecked in this release.
s665,Neuroscience of Habit Formation,9d39bb858b84f50df281318c544a8da6654dacf4b3cf4c85f54a736138e42b7b,inherited-v2.9.4,fact_check_all_2000.csv#s665,Unchanged text; prior editorial claim retained. Not independently rechecked in this release.
s666,How Coral Bleaching Threatens Ocean Ecosystems,3a415dcdf22e4c456b4b10b0c418cf8e55173464c333ce0017f72d9cfe0e040c,inherited-v2.9.4,fact_check_all_2000.csv#s666,Unchanged text; prior editorial claim retained. Not independently rechecked in this release.
s667,Chemistry of Why Certain Metals Corrode Faster Than Others,3b04ef9240b66e636bc7a7819a98fd79599ee0360876ce7a4f86ee29adbad0ba,inherited-v2.9.4,fact_check_all_2000.csv#s667,Unchanged text; prior editorial claim retained. Not independently rechecked in this release.
s668,Physiology of Altitude Sickness,d3e32f64085794303a1163131549a25101dc1253d3fdbcf43497c43bf81596d3,inherited-v2.9.4,fact_check_all_2000.csv#s668,Unchanged text; prior editorial claim retained. Not independently rechecked in this release.
s669,The Genetics of Why Identical Twins Aren't Perfectly Identical,23357bf4a14f687fb7b2f9c61fff095c593e3f937177f042cd4f71d637003625,inherited-v2.9.4,fact_check_all_2000.csv#s669,Unchanged text; prior editorial claim retained. Not independently rechecked in this release.
s670,Physics of Why GPS Requires Correcting for Relativity,5512fc2ffc8e266cdea590305f3b1234c01d67d9ee2eb1325d2791833729121f,inherited-v2.9.4,fact_check_all_2000.csv#s670,Unchanged text; prior editorial claim retained. Not independently rechecked in this release.
s671,Microbiome's Influence on Human Health and Behavior,4088ddd2e5edeabfcb1a308177fa945347f4e751a6fcb859e7889bb88d69ca5a,inherited-v2.9.4,fact_check_all_2000.csv#s671,Unchanged text; prior editorial claim retained. Not independently rechecked in this release.
s672,The Astrophysics of Gravitational Waves,795324fc6fea37286d051d802da34588ca5e95d2c3eab99839c16ccae472be33,inherited-v2.9.4,fact_check_all_2000.csv#s672,Unchanged text; prior editorial claim retained. Not independently rechecked in this release.
s673,Theoretical Physics of Quantum Entanglement and Its Implications,4c539e0e4a9daa0161fd52efb390465e612d3a47a6608dab50613fd8a2d1ecaf,inherited-v2.9.4,fact_check_all_2000.csv#s673,Unchanged text; prior editorial claim retained. Not independently rechecked in this release.
s674,Molecular Biology of CRISPR Gene Editing Technology,db0bc43678010054c992efc1e778368303c678dc60bfeb1cf1fa14e9f80246df,inherited-v2.9.4,fact_check_all_2000.csv#s674,Unchanged text; prior editorial claim retained. Not independently rechecked in this release.
s675,The Ugly Duckling,fe0194de79651d3c43e684e597208a309882f4d4f808e55c5ac3fc25f98b200c,inherited-v2.9.4,fact_check_all_2000.csv#s675,Unchanged text; prior editorial claim retained. Not independently rechecked in this release.
s676,The Princess and the Pea,5d53e592357827f0d7a9704cf2be9c82f0bc428089abd7bd374ce40bc8dc66bc,editorial-revision-2026-09-24,content/editorial-batch-2.11.9g.json#s676,"Beds stacked on top of a pea make the scene physically confused. Use mattresses, as in the fairy tale; the unusual word is needed for this plot and is supported by the immediately following blankets and bed context."
s677,The Bremen Town Musicians,8c85b322bc81052cb1fc26605b181952309bcf66e966e91a87ce1c363df6ae29,inherited-v2.9.4,fact_check_all_2000.csv#s677,Unchanged text; prior editorial claim retained. Not independently rechecked in this release.
s678,Pinocchio Meets the Talking Cricket,21c734bedebb976643087b11c9b2385aa6222d5978a29c2f1cfcccc4ca0ba0c4,editorial-revision-2026-09-24,content/editorial-batch-2.11.9n.json#s678,"Collodi’s Talking Cricket warns Pinocchio; Pinocchio angrily throws a hammer. The current ending invents an immediate lesson and turns the scene into a moral conclusion. End with his refusal and consequence in the actual episode, in restrained language."
s679,Pinocchio Meets the Fox and the Cat,a41906837e3ed377193984fb9b0ab62fe85f6dc6571e519b7a1732ba8570aefd,inherited-v2.9.4,fact_check_all_2000.csv#s679,Unchanged text; prior editorial claim retained. Not independently rechecked in this release.
s680,Thumbelina Leaves Her Home,fd0f67b81b8a3ca09ce3a0924d1e2c47fd1c7aa8791e191dbf727264f0cba424,editorial-revision-2026-09-25,content/editorial-batch-2.11.9ac.json#s680,"In Andersen's source the creature is a toad, not a frog, and the fish bite through the leaf's stem. Correct the animal while retaining the first escape episode."
s681,Marley's Ghost Visits Scrooge,01422f4ea80075d5c76bd7e912891c5629444fc0f1b9137db564f4a349879bd8,inherited-v2.9.4,fact_check_all_2000.csv#s681,Unchanged text; prior editorial claim retained. Not independently rechecked in this release.
s682,The Treasure of Monte Cristo,525ae230b65e847c5b322d45fa295b7be4da2556eeb3e0194811f12b981bf770,inherited-v2.9.4,fact_check_all_2000.csv#s682,Unchanged text; prior editorial claim retained. Not independently rechecked in this release.
s683,Robinson Crusoe Is Shipwrecked,90ced43a0f0a74f7f7a81bcc465847e91003833c1df9fa08902151d3d4cc8c5f,inherited-v2.9.4,fact_check_all_2000.csv#s683,Unchanged text; prior editorial claim retained. Not independently rechecked in this release.
s684,The Footprint in the Sand,723d66a7c58f679a88a25e859fa84a1b438b7d090029d939fb9057ff61b5640d,inherited-v2.9.4,fact_check_all_2000.csv#s684,Unchanged text; prior editorial claim retained. Not independently rechecked in this release.
s685,D'Artagnan Arrives in Paris,3791dc0a09ed1299e6be69c9dc9ecc3e1150e4e6e7dcc4754bc26d8037db92d4,inherited-v2.9.4,fact_check_all_2000.csv#s685,Unchanged text; prior editorial claim retained. Not independently rechecked in this release.
s686,The Queen's Diamonds,6e5c57ba3fede8fa3772cf99b609c3b70668f10b4ca513607df1c9be8a1e2466,inherited-v2.9.4,fact_check_all_2000.csv#s686,Unchanged text; prior editorial claim retained. Not independently rechecked in this release.
s687,Dorian's Double Life,721fc0b2c8596f2dd9259f971be5422179a3a397b1b58905a3ede5f41c6ca20b,inherited-v2.9.4,fact_check_all_2000.csv#s687,Unchanged text; prior editorial claim retained. Not independently rechecked in this release.
s688,Dorian Faces the Portrait,aeae3a304093a7e576d7c2c80a8605085a206c0fb952a6b3425be41353baa2bd,inherited-v2.9.4,fact_check_all_2000.csv#s688,Unchanged text; prior editorial claim retained. Not independently rechecked in this release.
s689,Captain Nemo's Hidden World,416e41a8a0be4f22b8542f2f1fb4159938a295e36e332f37b85fe267456c394f,inherited-v2.9.4,fact_check_all_2000.csv#s689,Unchanged text; prior editorial claim retained. Not independently rechecked in this release.
s690,The Attack of the Giant Squid,e923818321072e5ca066f3683f811e79ee5ef056eaecb23e7369799812486a21,inherited-v2.9.4,fact_check_all_2000.csv#s690,Unchanged text; prior editorial claim retained. Not independently rechecked in this release.
s691,Revolution and Justice in Paris,c8395937bca8ba2e3cb6d0bedef7fcc8cfdb3a24bbec311c0d9fd49692f38579,inherited-v2.9.4,fact_check_all_2000.csv#s691,Unchanged text; prior editorial claim retained. Not independently rechecked in this release.
s692,Dorian Gray and the Cost of Beauty,ece96a6aa4e83779f65aa26382f07b536a8d870c161da86350ebdd29e7643fdd,inherited-v2.9.4,fact_check_all_2000.csv#s692,Unchanged text; prior editorial claim retained. Not independently rechecked in this release.
s693,A Tale of Two Cities: Sacrifice and Political Violence,63fa8a2cfc1daaf7beccbcb6fcf14151ce095af6ce21c145486641440988f9b6,inherited-v2.9.4,fact_check_all_2000.csv#s693,Unchanged text; prior editorial claim retained. Not independently rechecked in this release.
s694,"The Scarlet Letter: Guilt, Identity, and Public Morality",d1a8f3c6e913dcd9efc5b44f3075852fb583e20701b2e141c1d91b2e9b44fcab,inherited-v2.9.4,fact_check_all_2000.csv#s694,Unchanged text; prior editorial claim retained. Not independently rechecked in this release.
s695,The Blue Kite,33f8ffd147f19252f66df6df62376a3f9a6c03b58cc462220fc0e87733a2d5e9,fiction-language-reviewed,content/editorial-batch-2.11.3.json#s695,Use present-tense kite events and a clear note; retain the unexplained disappearance as the fantasy ending.
s696,The Little Red Boat,39a081a709055468dbbec73f299f0b9f2bebe6173f8fa510245b029442d9a33c,fiction-language-reviewed,content/editorial-batch-2.11.3.json#s696,Remove past-perfect ending; show the new friendship through a written greeting and returned wave.
s697,A Bird at My Window,9500744b3c7fef77a1273b0c40b1596b5092e3bbba7bcb3ca3771fe8c7135653,fiction-language-revised,content/editorial-batch-2.11.1.json#s697,"Use present simple, in the same place, clear noun references and contextual support for nest; mark fiction."
s698,The Busy Ant Trail,8e6a29701deab17dbe2138a071e17fe9be429ad4e168cc456faa870e95ae2e4a,editorial-revision-2026-09-24,content/editorial-batch-2.11.9g.json#s698,Sara observes one specific group of ants. The apple and shared path are part of a fictional garden episode; reclassify it from generalized nonfiction. The order from discovery to gathering stays clear.
s699,A New Well for the Village,8103b6166494636d2b7b25cbc47173cb662a99a469008543797410fd5b96c0fb,editorial-revision-2026-09-24,content/editorial-batch-2.11.9g.json#s699,"The village and new well present a specific invented sequence without a documented place. Mark it as fiction, while retaining the drought, assistance, second well and hygiene rule as coherent details."
s700,The Market Gets a Roof,bb9e21e8cd73e92b9160eed4541095107cf4506d146d69f6d10c5af2ebf0a21f,editorial-revision-2026-09-24,content/editorial-batch-2.11.9h.json#s700,"The town’s roof, shopkeepers and negotiated market days form one invented policy episode. Classify the concrete town as fiction; the qualification that the roof solves only part of the problem is useful."
s701,The Key Under the Chair,e979d7821840241e72504145f6f91c3304aba2fd7fea490ee6c4eda1145c544f,fiction-language-revised,content/editorial-batch-2.11.1.json#s701,Remove past perfect; use a clear present-tense search sequence and natural questions.
s702,My Quiet Morning,40c4ccd8c406413b26ca84e62741dc6c6cbf7177e533e023eb0dcd0d72191568,fiction-language-reviewed,content/editorial-batch-2.11.3.json#s702,Use a present-tense morning scene and concrete alarm/putting-away ending instead of an abstract time reflection.
s703,Bread in Ancient Egypt,b99c35cd398f529922b7f9f82a20c2491148ea0a7c43cca9d808457893b8be3b,editorial-revision-2026-09-24,content/editorial-batch-2.11.9h.json#s703,The Metropolitan Museum documents Egyptian bread making and bread rations. Avoid “every day” for every person and narrow the pay statement to some workers; use explanatory nonfiction for this historical overview.
s704,A Roman Road,bccb317870565307b9058b8051cc40a7b0092a06854c17e9e2cfb95d110bab6b,editorial-revision-2026-09-24,content/editorial-batch-2.11.9h.json#s704,"English Heritage documents varied Roman road construction under military oversight. The original overview is explanatory, not a single historical event; replace “stone and small stones” with natural beginner wording and avoid implying every road was straight."
s705,Why Ice Melts,1048d51af7ad212584e8c4d48b71ad1f20f1a9778affcbe2651b5203ac662555,editorial-revision-2026-09-24,content/editorial-batch-2.11.9h.json#s705,“The water tiny parts” is ungrammatical and the original implies a temperature rise throughout melting. Explain heat and freer motion with short Level 1 clauses while retaining the reversible state change.
s706,A Shadow Moves,a001aa3814b7f5108e09d5c203b538ca580de5c7c87695e18cbc91e6d075f0d6,editorial-revision-2026-09-24,content/editorial-batch-2.11.9h.json#s706,NASA describes shadow motion and sundials. Use the correct common term “sundial” instead of “sun clock”; qualify noon shadows for a clear sunny setting.
s707,The Dog and His Reflection,2ff362bdd9348fbb36dca3e428e0207dd72f53eacb98769ce0a6dc5263528010,inherited-v2.9.4,fact_check_all_2000.csv#s707,Unchanged text; prior editorial claim retained. Not independently rechecked in this release.
s708,The Golden Goose,bfdc52c31adb7158faf3df5c77a9c1f153d0ba8b1afa9b6ba1240672d51869c2,editorial-revision-2026-09-24,content/editorial-batch-2.11.9h.json#s708,"The Grimm tale has a kind young man share his food, then find the goose beneath a tree. Restore this causal step instead of saying the stranger handed him the goose; retain the procession and princess’s laughter."
s709,The Door in the Tree,336ea60f8940c819c1cdb24633877696d4d0f1a0247aabc078f4c06590aa1f3f,editorial-revision-2026-09-24,content/editorial-batch-2.11.9n.json#s709,The tree’s tiny room and overnight branch are magical fiction. Replace a comparative claim about all river trees with an observable later change.
s710,Mina and the Moon Bell,3657e91f62b1d11b0f3e1b22ab0fdd3a087671737b27b422379ec738ea2a12b0,inherited-v2.9.4,fact_check_all_2000.csv#s710,Unchanged text; prior editorial claim retained. Not independently rechecked in this release.
s711,The Frog in the Garden,5f3daafcfc82538bcaa8f70d9dea044f42d939103a4ce078ea09bddfb94903b4,editorial-revision-2026-09-24,content/editorial-batch-2.11.9n.json#s711,"Jun is a named character who changes a gardening habit; classify as fiction and use a frog-and-garden label. More frogs and fewer pests follow in this imagined garden, without a broad guarantee for all gardens."
s712,Why Cats Move Their Ears,f26c1f3bfe843fd8e8830a6a8db70bf92ce9d34bb012413dd108f0ea43e22361,editorial-revision-2026-09-24,content/editorial-batch-2.11.9n.json#s712,"Cats can move their ears to locate sounds, and ear position may help indicate mood. Qualify any reading of fear or irritation because ears alone do not tell the whole state."
s713,A Town Shares Its Water,e0e2f8aca9f1879eed24b4dd9f56f56f0a1570ff5e4afb7dd6e5eb725e846c1d,editorial-revision-2026-09-24,content/editorial-batch-2.11.9n.json#s713,"The two towns and their agreement are an invented worked example, not reporting a particular real river dispute. Explicitly label the fiction and classify it as a narrative."
s714,When the Market Moved Indoors,f80fdd790d6df3741f54cd52e6487ea4cb8cdc57a1f6743b3c5d8a35cbe850f9,editorial-revision-2026-09-24,content/editorial-batch-2.11.9n.json#s714,"The city, meetings and negotiated market move are a specific invented episode. Label it as fiction and remove the absolute claim that a consultation always works better; show this group’s mixed outcome."
s715,The Wrong Bus Home,bd63e9ec2b4a0a7a6fdc4a9ad81c84576e1a492ee98a645880bb1dfdc78b1aa0,editorial-revision-2026-09-24,content/editorial-batch-2.11.9n.json#s715,"The wrong bus, helpful rider and return trip are coherent. Relabel the subtopic as transport and routines rather than work responsibility."
s716,Cooking Rice for Two,5cde6d02ee927d8e85476f2ee219cccf8280c98a3e1bb01f53138f075e1fdd12,fiction-language-revised,content/editorial-batch-2.11.1.json#s716,Remove past perfect and vague closing phrase; show a concrete learning outcome through a cooking note.
s717,A Day in Ancient Pompeii,ec7aa035758921ed9e159a9ec96c9f2144cd9f92dcf4bf0624b706a3f44c93a4,source-rechecked,https://pompeiisites.org/en/pompeii-map/analysis/pompeii-after-the-eruption/; https://pompeiisites.org/en/archaeological-park-of-pompeii/press-kit/; https://pompeiisites.org/en/press-releases/from-the-12th-august-the-thermopolium-of-regio-v-is-opening-to-the-public/,Explain erupted immediately; separate disaster and archaeological evidence; avoid claiming that all remains stayed safe.
s718,How Vikings Used Longships,148b5647e758e89607d57aba8f3f8bcf645381b6b87f0833fcab87dde4d63de9,editorial-revision-2026-09-24,content/editorial-batch-2.11.9n.json#s718,"This is a general explanation, not a historical narrative. Distinguish Viking longships used for carrying crews from other ships used for trade; verify narrow design, sail and oars against the Viking Ship Museum."
s719,How Soap Cleans Your Hands,3351d5027ca0ee0262c531d51a74d413f8c30dd68ce5f531c05a164fbd4db2b0,inherited-v2.9.4,fact_check_all_2000.csv#s719,Unchanged text; prior editorial claim retained. Not independently rechecked in this release.
s720,Why We See the Moon,676c103e1fa7d91d6c08f163a255e1cd835fea9ad2fba0477075361e2d960329,editorial-revision-2026-09-24,content/editorial-batch-2.11.9n.json#s720,NASA confirms reflected sunlight and phases. Clarify that we see different portions of the lit half as the Moon orbits Earth; do not imply sunlight always lights a changing fraction of the Moon.
s721,The Fisherman and His Wife,b2e85e96870e5e0a2504e835844f7edffb65bccb3a6f4d853e4521bf38e355d4,inherited-v2.9.4,fact_check_all_2000.csv#s721,Unchanged text; prior editorial claim retained. Not independently rechecked in this release.
s722,The Little Match Girl,2635eb4b2749a896b683a06c2df5e114e252e6a9397ee28e65f6bd19e10028e2,editorial-revision-2026-09-24,content/editorial-batch-2.11.9n.json#s722,Andersen’s story ends with the girl dying on the cold street and imagining her grandmother. The current piece stops before that crucial ending and describes only reader lessons. Restore the outcome in gentle direct language.
s723,The House That Moved at Night,20c0c097b0134b807190bd505663adf08d5ec221e9039e1e9375b478eec0f511,editorial-revision-2026-09-25,content/editorial-batch-2.11.9z.json#s723,"The walking house reached an old woman but then inexplicably appeared near a hospital. Show her entering, traveling and stepping out near the hospital at dawn; make the house’s helpful role specific without suggesting it provides medical care."
s724,The Boy Who Borrowed a Cloud,4f1bfaa3f22e3875acf72acccce14842d56485fac5bc1c28189dc0bb96648b5a,editorial-revision-2026-09-25,content/editorial-batch-2.11.9z.json#s724,"An explicitly magical cloud may travel and gather mist, but the earlier sentence made warm air rising from the sea sound like a complete literal account of cloud growth. Rephrase the scene as magic and keep the limited drops, overnight return and other clouds."
s725,The Night of the Fireflies,ce860b67f48c7771641718a4d4a8c9674d6289444f40fcc40bd730825e07c8d6,editorial-revision-2026-09-25,content/editorial-batch-2.11.9ac.json#s725,"The invented Hana-and-grandfather conversation is presented as an observed nonfiction event. Recast as explanatory prose, preserving the supported low-heat light and species-specific communication."
s726,How a Young Seal Learns to Swim,197c3520c7ab2ee63d625dca32b1c419d7c1e105a773d95718817246a975b862,editorial-revision-2026-09-25,content/editorial-batch-2.11.9ac.json#s726,"The source varies by seal species; a pup does not necessarily learn by following its mother underwater, and some are swim-ready soon after birth. Name the harbor seal and limit developmental claims."
s727,Why Cities Plant More Trees,e6a886531d087c5af3f42e5bf9985ccc4e03223fad8f783f10e4906c170a0167,editorial-revision-2026-09-25,content/editorial-batch-2.11.9ac.json#s727,"Urban trees can shade and intercept runoff, but the socioeconomic contrast is not universal. Qualify it to some neighborhoods and stress planning and maintenance."
s728,A Small Island Builds Higher Roads,0c9a369ed77c1feb64a11ebdd17004e48f31a420988a59023d30107ec3409a76,editorial-revision-2026-09-25,content/editorial-batch-2.11.9ac.json#s728,The island's multi-year road project and its success in the next storm are invented but were framed as nonfiction. Mark the scenario as fiction and keep the trade-off and partial result.
s729,A Phone Call from an Old Friend,259884cb1deddbe76052beb51f076120a4f7bee573fbb470196c55416290a5bf,editorial-reviewed-2026-09-25,content/editorial-batch-2.11.9z.json#s729,"Full read: the call establishes who speaks, their shared history, a quiet emotional change and a fitting ending. Past tense, references and Level 3 narrative flow are clear; no claim about a real call is made."
s730,The Umbrella Left at the Cafe,83e06843927abac1554bea8d5225ac5aa76cec6a0f8ea4a8262f6dea41e0a946,editorial-revision-2026-09-25,content/editorial-batch-2.11.9z.json#s730,"Taro cannot notice the umbrella only after closing and still hand it to staff for the next morning. Set the discovery as staff close the café, give the umbrella to staff, and align his later explanation with what he actually did."
s731,A Messenger on the Inca Roads,1e1007b21988511ad46ec6f70bcb2efd8eecf7a51b74335eff2b43409259c6e9,editorial-revision-2026-09-25,content/editorial-batch-2.11.9ac.json#s731,The Smithsonian confirms Inka messenger relays and khipus; remove the generic lesson about modern machines and avoid suggesting horses or wheeled carts as the sole alternatives.
s732,Printing Changes Europe,533a845c2abc4a6991131c2e4442237f984dd3a112ec4ff77f90bf3d90daef51,inherited-v2.9.4,fact_check_all_2000.csv#s732,Unchanged text; prior editorial claim retained. Not independently rechecked in this release.
s733,What Makes Thunder,c7febd8eb0c387b8f42948118dc7ffb645dd96e124089e580d5be9bacb58bffd,inherited-v2.9.4,fact_check_all_2000.csv#s733,Unchanged text; prior editorial claim retained. Not independently rechecked in this release.
s734,How Seeds Know Which Way to Grow,b0b89feebe12cfed10c067eb07a864bb9056c2b99a09c071edf1a6f1aca75f31,inherited-v2.9.4,fact_check_all_2000.csv#s734,Unchanged text; prior editorial claim retained. Not independently rechecked in this release.
s735,Dorothy Meets the Scarecrow,8c404bf76b5d7826b332ddabf562610a37a2f48d60fea48edb14fe1773b8a445,inherited-v2.9.4,fact_check_all_2000.csv#s735,Unchanged text; prior editorial claim retained. Not independently rechecked in this release.
s736,Tom Sawyer Paints the Fence,5c7fe7fec42c1db3132397040f2650079b4613b620eb49ddd6e2861f099bbcf0,inherited-v2.9.4,fact_check_all_2000.csv#s736,Unchanged text; prior editorial claim retained. Not independently rechecked in this release.
s737,The Clockmaker's Secret Room,a77a112dc17fba8857002e943f6349c1bb534794c88043012e36108c4ae997db,editorial-revision-2026-09-25,content/editorial-batch-2.11.9ah.json#s737,"The original places a tomorrow-clock beside a ten-minute glimpse without a coherent mechanism, then treats an unlocked shop door as causing a broken window. Establish the ten-minute clock’s picture and a causal draft through a door, with Elena responding in time."
s738,The Village Under the Lake,20ceddeabb96111b991eb41e9d99e0011422dbb9962a7ffc59da59a0160ac388,editorial-revision-2026-09-25,content/editorial-batch-2.11.9ah.json#s738,The original sends boats toward exposed structures during drought and later lets a child visit a potentially unstable submerged ruin. Put the wall near shore and keep grandfather and child behind a safe boundary while acknowledging the former residents.
s739,The Trees That Share Water,deb55dbd65fdc2fefad67e1cf4b9ea2970cb23ff25c7af3785dcee76ba2ac1df,inherited-v2.9.4,fact_check_all_2000.csv#s739,Unchanged text; prior editorial claim retained. Not independently rechecked in this release.
s740,The Bee That Finds the Flowers,9ba945446af19b79eef596e7cbba902db9192945238358fae320cd79cefca9fd,inherited-v2.9.4,fact_check_all_2000.csv#s740,Unchanged text; prior editorial claim retained. Not independently rechecked in this release.
s741,How Food Aid Reaches a Community,14353c726290fdd0a918855b616c58e7a82d26663849c868d3670e8e5126188b,inherited-v2.9.4,fact_check_all_2000.csv#s741,Unchanged text; prior editorial claim retained. Not independently rechecked in this release.
s742,The Town That Changed Its Waste Rules,84a964c11bfb03fa42437f0015eb8e746739ba4b2df95f9cad8a79d1e8966c97,inherited-v2.9.4,fact_check_all_2000.csv#s742,Unchanged text; prior editorial claim retained. Not independently rechecked in this release.
s743,The Flat Above the Bakery,1926c4c668bf39292af1dcef4b06f05ce327d7d0646a405345d38d6052b0799d,editorial-revision-2026-09-25,content/editorial-batch-2.11.9ah.json#s743,"The original closes with a broad one-side-winning moral instead of the character’s experience and assumes a fan is universally helpful. Show the bakery changes and Lina’s practical choice, leaving the occasional sound honestly present."
s744,A Saturday Without a Phone,31ef6f626e26d3dcde671a4ff2f45f74a22816c756247494c963ffd9ccea8048,editorial-revision-2026-09-25,content/editorial-batch-2.11.9ah.json#s744,"The original repeats what phone use taught Yuki and declares no message urgent without addressing how she would check later. Let her deliberately choose a local route and discover a park, then retain a sensible place for the phone."
s745,How the Compass Changed Sea Travel,022f022b4efd33a79fcb3b76a9d27f12b6846afa8b34efdf2537f8d2099b6229,inherited-v2.9.4,fact_check_all_2000.csv#s745,Unchanged text; prior editorial claim retained. Not independently rechecked in this release.
s746,The First Public Clocks,1635b3504a6fcdada827ea0f31696066520bd6879dba5f05dfd1c4573c6af151,inherited-v2.9.4,fact_check_all_2000.csv#s746,Unchanged text; prior editorial claim retained. Not independently rechecked in this release.
s747,Why Metal Feels Colder Than Wood,748a12727b6bb2a545c061dd245add09f5e1ede71d7fc2391716d7006a9bcd3a,inherited-v2.9.4,fact_check_all_2000.csv#s747,Unchanged text; prior editorial claim retained. Not independently rechecked in this release.
s748,How Vaccines Train the Immune System,c323516087edc0800936a224930dcc6ac15536132a2ce15e02152bd3bcc3a808,inherited-v2.9.4,fact_check_all_2000.csv#s748,Unchanged text; prior editorial claim retained. Not independently rechecked in this release.
s749,Dorothy Meets the Cowardly Lion,6834d12dbd2c60038799f0ccbe15d23500bbd06d18e89a083f05504c09dbc04b,inherited-v2.9.4,fact_check_all_2000.csv#s749,Unchanged text; prior editorial claim retained. Not independently rechecked in this release.
s750,Tom and Huck in the Graveyard,92f1d4d9b88f2893c0d40870728c37da3a534bca217f251343a0d39afe3f03ee,inherited-v2.9.4,fact_check_all_2000.csv#s750,Unchanged text; prior editorial claim retained. Not independently rechecked in this release.
s751,The Library at the End of the Road,96ba908bbf701f1ffde420ad4dac5c91de0d5fd63efbad3ba98936c681f2a304,inherited-v2.9.4,fact_check_all_2000.csv#s751,Unchanged text; prior editorial claim retained. Not independently rechecked in this release.
s752,The Girl Who Could Hear Old Walls,c4a3c182701bec26e17082243108d861a412df1cf6d71727f5713df18b78f5b6,inherited-v2.9.4,fact_check_all_2000.csv#s752,Unchanged text; prior editorial claim retained. Not independently rechecked in this release.
s753,When Wolves Return to a Valley,dd5f44ab90c8878468e3ab5ef8d4ba55634d6a425ff863360da584b34719e8f4,inherited-v2.9.4,fact_check_all_2000.csv#s753,Unchanged text; prior editorial claim retained. Not independently rechecked in this release.
s754,The Secret Life of Tide Pools,7c95387b5c2bbaac60bc4058514222cc018b900a398baf5201ee9ff37f846917,inherited-v2.9.4,fact_check_all_2000.csv#s754,Unchanged text; prior editorial claim retained. Not independently rechecked in this release.
s755,Why Some Cities Limit Short-Term Rentals,13d7ce897ce6abd417f75c86e1f6e592f87e7f4666f2caf32293a6c53e7258e8,inherited-v2.9.4,fact_check_all_2000.csv#s755,Unchanged text; prior editorial claim retained. Not independently rechecked in this release.
s756,A Region Rebuilds After a Major Flood,1e45aa05b8569567ffccf0f9eca4c37c5b7d381c71d9a50906587f9d9910ee7c,inherited-v2.9.4,fact_check_all_2000.csv#s756,Unchanged text; prior editorial claim retained. Not independently rechecked in this release.
s757,Learning to Say No Politely,f669bd8214a3d582ef9779fe93cbc36477fdc197e4f117f1644cfe6cef13e0df,inherited-v2.9.4,fact_check_all_2000.csv#s757,Unchanged text; prior editorial claim retained. Not independently rechecked in this release.
s758,The Neighbor Who Watered the Plants,30a08739de12e735ae97fc340d2eaf5e9e17896395227a54f698b13429a8a32b,inherited-v2.9.4,fact_check_all_2000.csv#s758,Unchanged text; prior editorial claim retained. Not independently rechecked in this release.
s759,The Opening of the Suez Canal,86ae757501e8b540101a72f731471f59ca8761f3799f888e324ed1f1273610a3,inherited-v2.9.4,fact_check_all_2000.csv#s759,Unchanged text; prior editorial claim retained. Not independently rechecked in this release.
s760,The First Railway Between Tokyo and Yokohama,fde505e520216bb28ab4edd6c67f3001274958f10fd2958a7a775540ffaaf74b,inherited-v2.9.4,fact_check_all_2000.csv#s760,Unchanged text; prior editorial claim retained. Not independently rechecked in this release.
s761,Why Sleep Helps Memory,fd7a5b9861877868c7d7f403c0babc255b25d06e29b0c0b93940b78999fe065e,inherited-v2.9.4,fact_check_all_2000.csv#s761,Unchanged text; prior editorial claim retained. Not independently rechecked in this release.
s762,How GPS Finds Your Position,4b561a322f018631ad7538f7bf1a7955493d9f3086815b47347ff8dbb5f7bccf,inherited-v2.9.4,fact_check_all_2000.csv#s762,Unchanged text; prior editorial claim retained. Not independently rechecked in this release.
s763,David Copperfield Leaves the Factory,6050798a9f43dbbcf68e0a9072129496071128fd96c6ac8678cd74bc6fe0a61c,inherited-v2.9.4,fact_check_all_2000.csv#s763,Unchanged text; prior editorial claim retained. Not independently rechecked in this release.
s764,Jane Eyre at Lowood,c6345a3845a2d3b50b67ebee8637662c1c364243c128485e5f4fcc3078d450c4,inherited-v2.9.4,fact_check_all_2000.csv#s764,Unchanged text; prior editorial claim retained. Not independently rechecked in this release.
s765,The City That Forgot the Sun,f5d11a8552e1379492bdbf3a259deee8ddaf3522749169bd465ca3b755e5f111,inherited-v2.9.4,fact_check_all_2000.csv#s765,Unchanged text; prior editorial claim retained. Not independently rechecked in this release.
s766,The Messenger from the Empty Kingdom,63fd29331d47b4d1d50b9c50d7c067d68e53aad2bfed3b7b5b6b62b2313d9db0,inherited-v2.9.4,fact_check_all_2000.csv#s766,Unchanged text; prior editorial claim retained. Not independently rechecked in this release.
s767,How Elephants Remember Dry Seasons,022b21c81e3b94e29284b174ba35da9a2e98bc703a457fba1ff34f40596e22c9,inherited-v2.9.4,fact_check_all_2000.csv#s767,Unchanged text; prior editorial claim retained. Not independently rechecked in this release.
s768,The Long Journey of a Monarch Butterfly,01c201845f45f849c052a6b641022098b5f5ac4e1a632fefec24cc58101c24f1,inherited-v2.9.4,fact_check_all_2000.csv#s768,Unchanged text; prior editorial claim retained. Not independently rechecked in this release.
s769,The Debate Over a New Dam,c2001117e3e77db8ff023902c58f02dff5a3d69447c08fe21742688606b1237c,inherited-v2.9.4,fact_check_all_2000.csv#s769,Unchanged text; prior editorial claim retained. Not independently rechecked in this release.
s770,How Communities Share a River,294bac89e689dcde0c2711728e70c5816ef1a2e37f46c984e7109596f80f82bc,inherited-v2.9.4,fact_check_all_2000.csv#s770,Unchanged text; prior editorial claim retained. Not independently rechecked in this release.
s771,Why We Put Off Small Tasks,7453b9766aaa1446ff04332129538d9ce77a9ed52fb26fada4c68336cafc1ce8,inherited-v2.9.4,fact_check_all_2000.csv#s771,Unchanged text; prior editorial claim retained. Not independently rechecked in this release.
s772,The Dinner Where Nobody Checked a Phone,bb096f505e8c41d8877b2f8648363c989ca1b1e965c5581354ce777d2bf01ea0,inherited-v2.9.4,fact_check_all_2000.csv#s772,Unchanged text; prior editorial claim retained. Not independently rechecked in this release.
s773,The Haitian Revolution and the End of Slavery,71be5fb3106655686e3a27b76f5512b438b2cff5f6d370a1b911d84d12e7c1bc,inherited-v2.9.4,fact_check_all_2000.csv#s773,Unchanged text; prior editorial claim retained. Not independently rechecked in this release.
s774,How Cholera Changed City Sanitation,fe3726fb076c00de0f37a8f3071501163d4d98fbcc94c71cb2e8d0ffc7861134,inherited-v2.9.4,fact_check_all_2000.csv#s774,Unchanged text; prior editorial claim retained. Not independently rechecked in this release.
s775,What Happens Inside a Battery,8067cb29da4ed50c2317fcf8330cff4763b357841900141bd5ec1b1138e76279,inherited-v2.9.4,fact_check_all_2000.csv#s775,Unchanged text; prior editorial claim retained. Not independently rechecked in this release.
s776,Why Antibiotic Resistance Evolves,d084b6eb4104bc82a2d0a422dd5cbe1321d3c92adbca5bbf19762a9769bcf516,inherited-v2.9.4,fact_check_all_2000.csv#s776,Unchanged text; prior editorial claim retained. Not independently rechecked in this release.
s777,Jane Eyre Meets Mr Rochester,af7b9730e1e759fca1022332b29df6cd75b6b3e8cd5060ed9a9cfc1fd7ca32b2,inherited-v2.9.4,fact_check_all_2000.csv#s777,Unchanged text; prior editorial claim retained. Not independently rechecked in this release.
s778,David Copperfield Meets Mr Micawber,dbdbedbb6cb169668f3b74b60f6916dc202ff762207d0b888a69583eae664d21,inherited-v2.9.4,fact_check_all_2000.csv#s778,Unchanged text; prior editorial claim retained. Not independently rechecked in this release.
s779,The Painter of Tomorrow's Sky,6225bd3ca1cb4b997db1ae83f1bba0211c3507099bd16d029dfc64d7b558227b,inherited-v2.9.4,fact_check_all_2000.csv#s779,Unchanged text; prior editorial claim retained. Not independently rechecked in this release.
s780,The Forest That Remembered Names,1071c39e3a36c9fecc239beefaa7ed6133796583cb023248427c2c63674a32bb,inherited-v2.9.4,fact_check_all_2000.csv#s780,Unchanged text; prior editorial claim retained. Not independently rechecked in this release.
s781,The Coral Reef After the Heat,ec4a328bee71d9eddee35529cc3c55ca4e3f9ecdb611e516ae1893188befcb2f,inherited-v2.9.4,fact_check_all_2000.csv#s781,Unchanged text; prior editorial claim retained. Not independently rechecked in this release.
s782,How Crows Learn from Each Other,57378582af4c143dc6caf08f87fb591914c64f25296329c57e185ec106c169ee,inherited-v2.9.4,fact_check_all_2000.csv#s782,Unchanged text; prior editorial claim retained. Not independently rechecked in this release.
s783,When a Country Changes Its Energy Mix,2d76cd31b1095fbdd7333847025ac107ed7c063df9275d86e15088ac272ab830,inherited-v2.9.4,fact_check_all_2000.csv#s783,Unchanged text; prior editorial claim retained. Not independently rechecked in this release.
s784,The Difficult Work of Resettling Refugees,3ff61b4ab2b666cad979e5a10ffe50ae67bb850c0882d4ad2f928124addd1158,inherited-v2.9.4,fact_check_all_2000.csv#s784,Unchanged text; prior editorial claim retained. Not independently rechecked in this release.
s785,The Invisible Work of Keeping a Home,4afa90b16f616b8c5a94eb0dccc55335cd7b217d711b137d136d53109a0d150c,inherited-v2.9.4,fact_check_all_2000.csv#s785,Unchanged text; prior editorial claim retained. Not independently rechecked in this release.
s786,What We Learn from Repeated Routines,65b580695256a0674548ba8e633422ba079f5d3cd5d44e5584891fc6f685dab8,inherited-v2.9.4,fact_check_all_2000.csv#s786,Unchanged text; prior editorial claim retained. Not independently rechecked in this release.
s787,The Berlin Airlift,7c743fb6395420308708626e010c046fe76d54ad48dbf4ad4cab2e2300c24960,inherited-v2.9.4,fact_check_all_2000.csv#s787,Unchanged text; prior editorial claim retained. Not independently rechecked in this release.
s788,The Green Revolution and Its Mixed Legacy,9fab70694d691bec15d8ea37ac05fe09a3557a9be6798dba8accb73e5832d903,inherited-v2.9.4,fact_check_all_2000.csv#s788,Unchanged text; prior editorial claim retained. Not independently rechecked in this release.
s789,How CRISPR Edits DNA,e78167e35e1c3835d17fd4f0bc485534d2545b5bf105ef9fd490f3d35be6b318,inherited-v2.9.4,fact_check_all_2000.csv#s789,Unchanged text; prior editorial claim retained. Not independently rechecked in this release.
s790,Why Quantum Computers Are Different,0a349ed88b101e65c707ad6682a755ff21987ee7bb3e3a9b055de934b9638c56,inherited-v2.9.4,fact_check_all_2000.csv#s790,Unchanged text; prior editorial claim retained. Not independently rechecked in this release.
s791,Silas Marner and the Stolen Gold,0a95aa4c1d5276beb348b3af18efdc457cbd9fefbc1fe2dcaae3586f1b8f6a91,inherited-v2.9.4,fact_check_all_2000.csv#s791,Unchanged text; prior editorial claim retained. Not independently rechecked in this release.
s792,Quasimodo and the Bells of Notre-Dame,4a4f2c74f483fb2d54f9fedb55ae905b3fa59b6e1458ed9b940425b6a8b8ddef,inherited-v2.9.4,fact_check_all_2000.csv#s792,Unchanged text; prior editorial claim retained. Not independently rechecked in this release.
s793,The Museum of Unfinished Lives,463dafe698360798ac674a4ddbaef002a3077124a02a537e875c019e790ca323,inherited-v2.9.4,fact_check_all_2000.csv#s793,Unchanged text; prior editorial claim retained. Not independently rechecked in this release.
s794,The Island That Appeared Once a Century,1a4a949c5e03ed23c9e000527e171b7d98608332973489330cf46d48f71a0f63,inherited-v2.9.4,fact_check_all_2000.csv#s794,Unchanged text; prior editorial claim retained. Not independently rechecked in this release.
s795,The Hidden Network Beneath a Forest,28e1298876d64d3b6d7be49b90e4077932c031b5dc010b29f3dee431f1e1c260,inherited-v2.9.4,fact_check_all_2000.csv#s795,Unchanged text; prior editorial claim retained. Not independently rechecked in this release.
s796,Why Whales Change Their Songs,284f129e3db15fa3c074212982a7f64818519669529a7117173cae997521cea9,inherited-v2.9.4,fact_check_all_2000.csv#s796,Unchanged text; prior editorial claim retained. Not independently rechecked in this release.
s797,Why Global Supply Chains Break,a5ddba653f25c0d51fa866b8489ebb7c8a9a43da9d42bf4ccc3032487ce79465,inherited-v2.9.4,fact_check_all_2000.csv#s797,Unchanged text; prior editorial claim retained. Not independently rechecked in this release.
s798,How Cities Adapt to Extreme Heat,a7c722bbabbb239728e84b63dcf768c93847141ef0fcde78de19afa38f084951,inherited-v2.9.4,fact_check_all_2000.csv#s798,Unchanged text; prior editorial claim retained. Not independently rechecked in this release.
s799,The Cost of Always Being Available,0832ad3183ce6489851ede7eceb5a7910a7fe98922aaabd69646e822ad63792f,inherited-v2.9.4,fact_check_all_2000.csv#s799,Unchanged text; prior editorial claim retained. Not independently rechecked in this release.
s800,How Small Habits Change a Week,d15b752bddf629d9de9efa65d50f208ec550815a79253c84882f0d7afe96548d,inherited-v2.9.4,fact_check_all_2000.csv#s800,Unchanged text; prior editorial claim retained. Not independently rechecked in this release.
s801,The Partition of India,351653a570170875e63961c93cd7b03f6c22b529b1c1539588fc6912dd7729f7,inherited-v2.9.4,fact_check_all_2000.csv#s801,Unchanged text; prior editorial claim retained. Not independently rechecked in this release.
s802,The Oil Crisis of 1973,462dd35aa5befaa2c5adea48a1d990745e288285882bdb5bf37a1d7bc2f4ff65,inherited-v2.9.4,fact_check_all_2000.csv#s802,Unchanged text; prior editorial claim retained. Not independently rechecked in this release.
s803,How Gravitational Waves Are Detected,36b4aee0c099ebe3bde5bdef4207052714f992c567f8d2358e38ca3f00ef78b2,inherited-v2.9.4,fact_check_all_2000.csv#s803,Unchanged text; prior editorial claim retained. Not independently rechecked in this release.
s804,The Physics of a Greenhouse Planet,169fc35900b892469290236dae44bf0b6883267456a920e1e22abc4f34f75755,inherited-v2.9.4,fact_check_all_2000.csv#s804,Unchanged text; prior editorial claim retained. Not independently rechecked in this release.
s805,Wuthering Heights: Catherine and Heathcliff,58dec7aa231d4331d4ef26db9591573b40243701d2267179f05ce9f1978598d7,inherited-v2.9.4,fact_check_all_2000.csv#s805,Unchanged text; prior editorial claim retained. Not independently rechecked in this release.
s806,Raskolnikov's Terrible Idea,44a58ac9af81507925352e8fe9b8e2acb21fdbff33f6f065a153eff4f0ca468f,inherited-v2.9.4,fact_check_all_2000.csv#s806,Unchanged text; prior editorial claim retained. Not independently rechecked in this release.
s807,The Memory Merchant,89a630ffa19c1962ddd4d15619efe057dafe0c9eb8f6902b44e6d4109a1af67d,inherited-v2.9.4,fact_check_all_2000.csv#s807,Unchanged text; prior editorial claim retained. Not independently rechecked in this release.
s808,The Last Interpreter of Dreams,db44947737854f6c12019b85c959eea057e42ed2dc2e48dabe8b68d3db1d3d29,inherited-v2.9.4,fact_check_all_2000.csv#s808,Unchanged text; prior editorial claim retained. Not independently rechecked in this release.
s809,The Ecology of a Vanishing Wetland,93cb4c4dd5ef5609741846f2c0f991b5f2f9fd96661e26c9668102e6994be250,inherited-v2.9.4,fact_check_all_2000.csv#s809,Unchanged text; prior editorial claim retained. Not independently rechecked in this release.
s810,The Evolution of Cooperation in Animals,d838c8366ec6f07794317126c3dd19bf754cfa1ea970228ef80546d1fd042de1,inherited-v2.9.4,fact_check_all_2000.csv#s810,Unchanged text; prior editorial claim retained. Not independently rechecked in this release.
s811,The Politics of Water Across Borders,3a63c6835a256a67678a44646b0a5f430fdbf07dee7a6d2f3538951dfa5fc1e4,inherited-v2.9.4,fact_check_all_2000.csv#s811,Unchanged text; prior editorial claim retained. Not independently rechecked in this release.
s812,Why International Agreements Need Trust,1c6c4ab4a7c2854787999864d129d431dea2f44768305308b8527aa25ef5cbe9,inherited-v2.9.4,fact_check_all_2000.csv#s812,Unchanged text; prior editorial claim retained. Not independently rechecked in this release.
s813,The Social Rules of Shared Spaces,68204b0055e76ce149d8596b8d106bc6e80b29ca12c2ba72971913ac46f89a25,inherited-v2.9.4,fact_check_all_2000.csv#s813,Unchanged text; prior editorial claim retained. Not independently rechecked in this release.
s814,Why Modern Convenience Can Create New Stress,16ba1e65427861f330840b513f3f3feb015f0ea18f7ad75b3811da2c3dd10e25,inherited-v2.9.4,fact_check_all_2000.csv#s814,Unchanged text; prior editorial claim retained. Not independently rechecked in this release.
s815,The Congress of Vienna and the Balance of Power,0344c94489a9a641f98b5a3bff5690b670f1a010ecc4ffe03c35d5af1a160f64,inherited-v2.9.4,fact_check_all_2000.csv#s815,Unchanged text; prior editorial claim retained. Not independently rechecked in this release.
s816,Decolonization After the Second World War,86dabb15d2188bc2f02f3051d44271877f6ad147c609079f8de8c2c2a6dc7552,inherited-v2.9.4,fact_check_all_2000.csv#s816,Unchanged text; prior editorial claim retained. Not independently rechecked in this release.
s817,Why Complex Systems Become Unpredictable,879296513f2279af7e64667ebfc8bbd12500ed2c211c994d77010e5473f13a27,inherited-v2.9.4,fact_check_all_2000.csv#s817,Unchanged text; prior editorial claim retained. Not independently rechecked in this release.
s818,How Scientists Estimate the Age of the Universe,e90178b6ca24e9e685abd1f5b7d624d54f09791988d8f7ebfc6ebdf04c3fb255,inherited-v2.9.4,fact_check_all_2000.csv#s818,Unchanged text; prior editorial claim retained. Not independently rechecked in this release.
s819,Middlemarch: Dorothea's Idealism,0e3b0bef6df7d04956b767e32961df01ed6da566411d2026f798e7de9b2bc8fa,inherited-v2.9.4,fact_check_all_2000.csv#s819,Unchanged text; prior editorial claim retained. Not independently rechecked in this release.
s820,The Brothers Karamazov: A Family in Conflict,c6497531b7c12a3998bda4ee186aa8059098f78cbd2066e01db915a7c28ab67e,inherited-v2.9.4,fact_check_all_2000.csv#s820,Unchanged text; prior editorial claim retained. Not independently rechecked in this release.
s821,The Republic of Forgotten Things,f9341f6d0badc24e4eecb6f2baec95f7b9bee9beca55159e57e348deaec0751d,inherited-v2.9.4,fact_check_all_2000.csv#s821,Unchanged text; prior editorial claim retained. Not independently rechecked in this release.
s822,The Astronomer Who Mapped Impossible Stars,ae3940a488aae181684262b43a1e939624350cd51659cd04366381d9723607d7,inherited-v2.9.4,fact_check_all_2000.csv#s822,Unchanged text; prior editorial claim retained. Not independently rechecked in this release.
s823,When Ecosystems Cross a Tipping Point,704f7d2c87901005cbef58de6d32e4534b8503610926511cfd75c5770c7bfd49,inherited-v2.9.4,fact_check_all_2000.csv#s823,Unchanged text; prior editorial claim retained. Not independently rechecked in this release.
s824,What Animal Intelligence Means for Us,ed933eb8b5a30c3241d53f191771af4b27e95faa9157ba0faeb0a96718f3079a,inherited-v2.9.4,fact_check_all_2000.csv#s824,Unchanged text; prior editorial claim retained. Not independently rechecked in this release.
s825,The Limits of Economic Sanctions,c2eeaf49e1dd8fd5edda2f99269cfb205b5a1c53efa56cd0bf37ed16174cd216,inherited-v2.9.4,fact_check_all_2000.csv#s825,Unchanged text; prior editorial claim retained. Not independently rechecked in this release.
s826,How Demographic Change Reshapes Public Policy,9f2dd330c6a41117eb9f1fb9794c12e65d2f94ed22d2103fd23559676b54498b,inherited-v2.9.4,fact_check_all_2000.csv#s826,Unchanged text; prior editorial claim retained. Not independently rechecked in this release.
s827,The Architecture of Attention in Daily Life,51e2e31811c6a61115a257f92089811c1a064ae5c29f099268770c9f5941ce96,inherited-v2.9.4,fact_check_all_2000.csv#s827,Unchanged text; prior editorial claim retained. Not independently rechecked in this release.
s828,What Ordinary Rituals Do for Identity,e5f05d753f90b13b6576273ad41ead89cbe12b9145e61f5df4cae65d08843b05,inherited-v2.9.4,fact_check_all_2000.csv#s828,Unchanged text; prior editorial claim retained. Not independently rechecked in this release.
s829,How Industrialization Reorganized Time,7c5459f63f2cc244284d3ed33f6477d801a2259936c267d16594dedc54e7f9fc,inherited-v2.9.4,fact_check_all_2000.csv#s829,Unchanged text; prior editorial claim retained. Not independently rechecked in this release.
s830,Why Empires Collapse in Different Ways,558b3f2655cdede67667f660017904557a454d9f1326d4584dd5eee8c01466e5,inherited-v2.9.4,fact_check_all_2000.csv#s830,Unchanged text; prior editorial claim retained. Not independently rechecked in this release.
s831,What Entropy Really Means,afad787e89740d545a005ca776c6abf81d0f0ff755a1ce554dff897b683c1ab2,inherited-v2.9.4,fact_check_all_2000.csv#s831,Unchanged text; prior editorial claim retained. Not independently rechecked in this release.
s832,The Measurement Problem in Quantum Mechanics,1df0cfd5084a911c3d9f7143b35ee22d5f38cd11cf9d5fa19174ab1f76e7e4a7,inherited-v2.9.4,fact_check_all_2000.csv#s832,Unchanged text; prior editorial claim retained. Not independently rechecked in this release.
s833,Crime and Punishment: Guilt and Moral Freedom,152a47ab902d73ecbd1eb41b3c87748bfed253345998a8981fe20f6f116c219d,inherited-v2.9.4,fact_check_all_2000.csv#s833,Unchanged text; prior editorial claim retained. Not independently rechecked in this release.
s834,Madame Bovary: Desire and Disillusionment,929d3176e98e4dee6e61e627a025b89f79430474dc22ce22cab0505e0aac7dc2,inherited-v2.9.4,fact_check_all_2000.csv#s834,Unchanged text; prior editorial claim retained. Not independently rechecked in this release.
s835,The Blue Door,cb1ca6f95d3f65e1a7be827f3a2492ab9f21c7d1166f5e50fa37b7e24544c95c,fiction-language-reviewed,content/editorial-batch-2.11.3.json#s835,"Replace the awkward door-with-no-key description; clear magical door, garden and feather sequence in present tense."
s836,A Star in a Cup,22432a6e56809a4e0e22e2bdb44bb4c778654ef36ab3f13fc9b24500a10358f5,fiction-language-reviewed,content/editorial-batch-2.11.3.json#s836,Use present tense and distinguish the magical star in the cup from a factual reflection explanation; maintain flower ending.
s837,The Talking Hat,f1132d5bb409df8f304f361ba9a5ec7c1b33d60481704bff587710d1772ae22e,fiction-language-reviewed,content/editorial-batch-2.11.3.json#s837,Use short directions and explicit dog-owner reunion; keep the talking hat clearly magical.
s838,Ben and the Cloud,4a4d902e2639a3352f3314b9ebebd48a6320fcba9a023f5a6c0231b88842234b,fiction-language-reviewed,content/editorial-batch-2.11.3.json#s838,Repair the incomplete Ben went up on and incorrect boat wording; Ben climbs onto a cloud that carries him home.
s839,Heidi Finds a Home,c8803552795d4529a68ab88128b402409601a974aedf7b301535ecab746603ce,inherited-v2.9.4,fact_check_all_2000.csv#s839,Unchanged text; prior editorial claim retained. Not independently rechecked in this release.
s840,The Secret Garden Wakes,a9104f34843504c80acdeaf760449d2fe07d3dd550962ace82d2232b04aa2c0f,inherited-v2.9.4,fact_check_all_2000.csv#s840,Unchanged text; prior editorial claim retained. Not independently rechecked in this release.
s841,Pinocchio Tells the Truth,11aa4907a5f0a80523e036caf11497dae2afdcdda73cd4420fea1f4e23c48c70,editorial-revision-2026-09-24,content/editorial-batch-2.11.9h.json#s841,The broken blue cup and instant return to a small nose are invented and conflict with the original lying-to-the-Fairy episode. Replace with the gold-coin lies and the Fairy’s woodpeckers restoring the nose.
s842,Dorothy Follows the Road,023c5a21a18c198ba3ea1b8ad3cb55b634dffbde4c7d299466eb30cbc1d454a7,language-revised,fact_check_all_2000.csv#s842,"Language revision; retained/simplified narrative or source plot. Prior factual provenance retained, not a new independent source audit."
s843,Black Beauty Finds Rest,efd15aa0b2218f9c58cdc918238d9592c9a00c781ea5ebd71a1ecabb91ea5153,source-rechecked,https://www.gutenberg.org/files/271/271-h/271-h.htm,Revised prose checked against the listed source; no new live experiment claimed.
s844,A Duck in the Rain,b442c2aac88ed956f749e077bcf9e0daf1289ad1aec35b7228e61716aa042f7b,fiction-language-revised,content/editorial-batch-2.11.1.json#s844,Shorten clauses and give puddle a visible water context; correct fictional classification.
s845,The Fox at Dawn,b2612e15d1ad1486c4a34446e3175838d2cdbdb376800ac9df38527556194458,editorial-revision-2026-09-24,content/editorial-batch-2.11.9h.json#s845,A particular fox drinks from a bowl and returns to the trees. The scene is invented and its existing plants-and-fungi label is unrelated to the animal; correct both classifications.
s846,Turtle on the Road,42c8f91734502e2d84217d4912128c1774a29d378b2e81068d6623e33502a69d,editorial-revision-2026-09-24,content/editorial-batch-2.11.9h.json#s846,"The original tells a child and mother to stop live traffic and carry a turtle, an unnecessary dangerous action in a beginner story. Instead they stay away from cars and seek local help; the turtle crosses only after traffic stops naturally."
s847,The Bee's Map,a5f01688fd8e25a09c8d29e4200a9bd8aab8c313eccf137f3117cc123c7faf57,editorial-revision-2026-09-24,content/editorial-batch-2.11.9h.json#s847,Smithsonian Gardens confirms that honey bees use a dance to communicate flower location. Specify a honey bee and classify the imagined individual episode as fiction; the factual dance remains grounded.
s848,Two Schools Share a Field,82aabc16e6d61c2f9ff50c5121ea62768d5b9255c4f0084abd1c0221a4316f04,editorial-revision-2026-09-24,content/editorial-batch-2.11.9h.json#s848,"Two named schools and their invented field-sharing schedule make a specific fictional example. Morning, later and Fridays are easy to follow; classify as fiction."
s849,Water for Three Streets,9dcfd699190e6c8b492ee64b8ca62c76e3594d8766dd87af0235ba2b8db7a129,editorial-revision-2026-09-24,content/editorial-batch-2.11.9h.json#s849,"The three streets, tank and rain-dependent outcome are a fictional town episode. Remove the guarantee that rationing lasts until rain and frame it as an effort to make the supply last longer."
s850,The New Bus Route,6c7e094e4204960adc6e9273715508f143ea3750cbb6c9e8d7d3e7c5fc5b3854,editorial-revision-2026-09-24,content/editorial-batch-2.11.9h.json#s850,"“The new route passed the market, the hospital. A large factory” is broken punctuation. Join the places in one grammatical sentence and classify this particular town route as fiction."
s851,A Market on Both Sides,d9a40d2a75d8ff87019b83e8eb7b12daeab64f46b6a510bbc0de1b18c284d89a,editorial-revision-2026-09-24,content/editorial-batch-2.11.9h.json#s851,The river bridge and first shared market are a fictional account of two towns. The metaphor that a bridge gives people a place to know each other is clear from the described meeting.
s852,The Extra Lunch,2a1b17930855280af976228d882c14cf55dfe0a5863f1e7db0d9a91a4ec343a8,fiction-language-reviewed,content/editorial-batch-2.11.3.json#s852,Remove past perfect and provide explicit sharing actions. Would you like is retained as a common polite chunk in context.
s853,Morning at the Bakery,42839d888e9ec983814f23c1ab6393cc75c8f5efaaae5087237d29bad2f496d7,fiction-language-reviewed,content/editorial-batch-2.11.3.json#s853,Use short present-tense bakery actions; avoid overloading one sentence with work sequence and past modifiers.
s854,The Lost Glove,478ce72dd19dcb711db77a4ae40bdc4787d3163db983a43914dbfa4ddb450c76,fiction-language-reviewed,content/editorial-batch-2.11.3.json#s854,"Clarify glove discovery, visible placement and reunion; preserve the missed train as a concrete cost."
s855,A Quiet Birthday,e9a3a0d8134252d98b01aa137f2bd4f93a7f44a7f6376cf17c923346915b15cb,fiction-language-reviewed,content/editorial-batch-2.11.3.json#s855,Replace unnatural No music was loud and no room was full with a concrete quiet birthday scene.
s856,A Message on Clay,5ec3ac12c1c8ad3b111ca404c57d0b7889b857be20c6c66b15d11e231fb69c37,editorial-revision-2026-09-24,content/editorial-batch-2.11.9h.json#s856,"The Metropolitan Museum documents clay records of grain; the particular boy and writer are invented. Identify the setting, classify the account as fiction, and avoid saying the clay literally learned words."
s857,The Road to the Old Market,d05e0b4dc67dd79a54b40bdc836244e10211d5183fb06b6629f9943a47e24770,editorial-revision-2026-09-24,content/editorial-batch-2.11.9i.json#s857,"The woman, cart, well and journey make one invented old-market scene. Reclassify from historical narrative to fiction so the episode is not presented as a documented event."
s858,A Sailor Reads the Stars,1b17e14baf0d9a3769d8258559e8110c0e0745fb3eca9e3bb6509e4f9f867a54,editorial-revision-2026-09-24,content/editorial-batch-2.11.9i.json#s858,NASA confirms that Polaris identifies north in the Northern Hemisphere; keeping it left is consistent with an eastward course. Name that setting and mark this particular voyage as invented.
s859,Why Ice Floats,0945aee8c5e5a3e1e2cb7b76faea98912764a1b63d2a9516357094e683b43bd9,editorial-revision-2026-09-24,content/editorial-batch-2.11.9i.json#s859,The USGS confirms ice is less dense than liquid water. “Lighter than the same amount” confuses mass with volume; explain that the same weight takes up more space when frozen.
s860,The Moving Tree Shadow,1661647df5214dd7b5e62a0169a3f98a47d534546a14b5b50d4269b7b360cfa8,editorial-revision-2026-09-24,content/editorial-batch-2.11.9i.json#s860,"The tree stays in place as the apparent Sun position changes over a sunny day. The morning, middle and evening observations explain the moving shadow without presenting an invented experiment as historical fact. Final pass: split dense sentences into short Level 1 clauses and checked the referents."
s861,Seeds Need Air,64d7a4336eea9effe0951f73aa276a307617d2129c517f122f76ba6157bcb76f,editorial-revision-2026-09-24,content/editorial-batch-2.11.9i.json#s861,"Seeds generally need oxygen as well as water and warmth, but a submerged seed is not guaranteed to fail because water can contain dissolved oxygen. Replace the absolute two-jar result with a qualified explanation of too much water."
s862,The Moon Boat,54b1884c6147d8c23b82938085baa59670f615c289f1ae8b8f043916b1f846d6,editorial-revision-2026-09-24,content/editorial-batch-2.11.9n.json#s862,"The flying, size-changing boat is the magical object and the lake is Tom’s visible route home. Correct the non-existent “window” and the creature subtopic."
s863,The Sleepy Dragon,5e644cfc072c36ac8ae81debd4b29d4621b69b2a0f9c9cee529cea4feeae364e,inherited-v2.9.4,fact_check_all_2000.csv#s863,Unchanged text; prior editorial claim retained. Not independently rechecked in this release.
s864,The Pocket Forest,5a4ed860c2628d1fcd2dd9d0b6c65102c67c1d4fc41cb6b2100e13eb8796266e,editorial-revision-2026-09-25,content/editorial-batch-2.11.9o.json#s864,"The magical pocket is an enchanted place with a tiny bird, not principally a magical creature. The seasonal green trees belong to fantasy and the caretaking actions are consistent."
s865,Peter Pan's Invitation,16bb7b14a7effc2c8fc23ecfc170fa1f72b91d14e9f42677af932fdafcdc4586,editorial-revision-2026-09-25,content/editorial-batch-2.11.9o.json#s865,"Correct “pirates went by boat the sea,” and include the fairy dust needed for Wendy and her brothers to fly in Barrie’s work. Keep the invitation and shadow episode."
s866,The Prince and the Pauper Trade Places,b884b323bff5d0a0451f82329a05275944f82dcfcdb9adb78d0f32d7670ae29c,editorial-revision-2026-09-25,content/editorial-batch-2.11.9o.json#s866,In Twain’s story the guard expels Edward in Tom’s poor clothes while Tom remains inside in princely dress; correct the swapped identification and keep the later empathy cautiously stated.
s867,Anne's First Friend,f79d9248a1a34966aeeb17f1a7654456d11727fc2efacceb4f8656a6881f3b62,editorial-revision-2026-09-25,content/editorial-batch-2.11.9o.json#s867,Anne first meets Diana at Diana’s home and the girls vow friendship in the Barry garden. Replace the invented Diana visit and stream path with this actual scene.
s868,Pollyanna's Window,8e74880f09ecabcd804f19b9f57ab869f032f32ce171ecc3359a7103351d3314,editorial-revision-2026-09-25,content/editorial-batch-2.11.9o.json#s868,"Porter’s book has the bare attic room, Pollyanna’s joy in its window view, and the glad game. The supplied rain scene and aunt opening curtains are invented; stay with the attested scene."
s869,Otters at Play,16d828cae2bcc425d19e0a38418cc6b85184920bc1067eda95a21b86bd9402df,editorial-revision-2026-09-25,content/editorial-batch-2.11.9o.json#s869,"Specify sea otters; stone tools and underarm pockets are documented. Remove the claim that hand-holding is the general safety mechanism and end with an observed rest among kelp. The piece remains a composite explanatory scene, without individual names."
s870,Seeds on the Wind,7c496757eb2594e01ade193dfb0f9927dd0ee1f83c967f2eb9727757a23d6cb2,editorial-revision-2026-09-25,content/editorial-batch-2.11.9o.json#s870,Smithsonian supports wind-carried dandelion seeds. Replace “kids” as an anthropomorphic description of the new plants and avoid implying every seed in good conditions germinates.
s871,The Patient Heron,e9f209ae842846d0d1fc8d9d261ccb7a7ced6670797ef81186f95dc74d1fa703,editorial-revision-2026-09-25,content/editorial-batch-2.11.9o.json#s871,"A talking bird and explicit lesson make this an animal fable rather than nonfiction marine biology. Correct classification and subtopic, and make the second bird’s later catch visible instead of asserting an unshown total."
s872,The Library in Two Languages,41053f542cef7b53fa24bd2693630cf360c035afb4e7147dccb964bf61a6ad4b,editorial-revision-2026-09-25,content/editorial-batch-2.11.9o.json#s872,"River Town and its expanding shelf are specific fictional events, not a documented library report. Mark the story as fiction and identify the language access subtopic."
s873,Rice After the Flood,4d37cfc796bcade361641e4dfa05cf4d0ffd11fe5f772295224d00370ad95209,editorial-revision-2026-09-25,content/editorial-batch-2.11.9o.json#s873,The families and village response to flood form an invented event. Make the fictional scope explicit; the smaller harvest and shared food do not promise every family enough rice.
s874,The Island's Power Cable,0ba731bc9caee1cc4bd539296cfbc3e18d7dc82e7195c432a50ec44a7611fa29,editorial-revision-2026-09-25,content/editorial-batch-2.11.9o.json#s874,"An invented island project should be fiction. A route away from one fishing ground does not prove ecological protection, and an undersea cable does not guarantee steady supply. Show consultation and backup without claiming zero impact."
s875,A Vote from Far Away,361bde6eb950bbf24a166554af4dd1b43027677ec5f34773eb132bd7fd99491b,editorial-revision-2026-09-25,content/editorial-batch-2.11.9o.json#s875,"Overseas voting rules vary by country, and delivery confirmation does not prove a ballot was accepted. Present Lina’s example as fictional and distinguish mailing from the count."
s876,The Wrong Umbrella,fab0d8dabe2e80f6f6fff80df9fedc385dec42e93c4c02cef269d398aed15b06,inherited-v2.9.4,fact_check_all_2000.csv#s876,Unchanged text; prior editorial claim retained. Not independently rechecked in this release.
s877,Saturday Repair,359444e730e829c5244c67d4317d773a7fe8f5b936a44f20c4ae9e31e9c6876f,editorial-revision-2026-09-25,content/editorial-batch-2.11.9o.json#s877,"The volunteer repair table includes electrical and bicycle brake work that requires skill and safety checks. Narrow to a sewing volunteer, a trained electrician and a bike mechanic, and make the old clock’s repair plausible."
s878,A Seat Near the Window,36dd30ba813ef88cf9531a7f86443455ea7781368d751498daa1cdad0ca3115a,fiction-language-revised,content/editorial-batch-2.11.1.json#s878,Replace dense list and abstract ending with concrete observations; clarify standing position.
s879,Dinner Without a Recipe,853254aa084d9f5887637d7a7e7f8126df6a3de54abbfa12f17ea25e84a83b7a,editorial-revision-2026-09-25,content/editorial-batch-2.11.9o.json#s879,Kai uses vegetables and beans in a plausible improvised soup. Specify cooked beans so the short preparation does not imply that dry beans become safe to eat after a brief simmer.
s880,Bread in a Medieval Town,eff9fa531bf5285dc99a2e2f805393b192bfd65670d471e0f6f38c432b4fecf8,editorial-revision-2026-09-25,content/editorial-batch-2.11.9o.json#s880,"This particular town and daily shared-oven process are not documented, although large medieval ovens existed. Mark it clearly as a fictional historical setting, keep the bread marks as a story detail, and correct its subtopic."
s881,The Ink Maker's Work,34fabe743210a6d5d906debd8675280fe02f6e8e3cf2e43dde2bfbcbb44c2b6f,editorial-revision-2026-09-25,content/editorial-batch-2.11.9o.json#s881,"This explains iron gall ink ingredients and darkening over time; it is general nonfiction, not a dated narrative. Correct content type and subtopic. Oak galls arise after insects lay eggs and “iron salt” is better described simply as iron compound for this level."
s882,A Bell for the Harbor,9242f2d1025ef29df2b120439ca75655567b4ff12c2a5a1f97dc57cf6e55f0dc,editorial-revision-2026-09-25,content/editorial-batch-2.11.9o.json#s882,The keeper’s daughter and one storm are a fictional adventure. Fog bells can help give an audible warning but do not ensure every ship’s safe arrival; label fiction and end with one crew hearing the warning.
s883,The Village Keeps Its Well,ab0e7329c184d7b17dc5216360b9486a1656ad75789aaa2213cfe85aa95f5080,editorial-revision-2026-09-25,content/editorial-batch-2.11.9o.json#s883,These villagers and their well-maintenance plan are an invented local event rather than dated history. Mark fiction and replace a claimed water-quality outcome with the visible repair of its cover.
s884,Soap and Pepper,e01eabe600e2105b9d6f8750e1f2c0eaf27571d40d0e06a1adabba87689aacb2,inherited-v2.9.4,fact_check_all_2000.csv#s884,Unchanged text; prior editorial claim retained. Not independently rechecked in this release.
s885,The Slow Banana,dcbd0cc9e9ffe5b5a83af1e2902734c896920d148949efc55ccd6ba47902c961,editorial-revision-2026-09-25,content/editorial-batch-2.11.9p.json#s885,"Use starch rather than “hard parts,” identify ethylene by name, and say the bag may speed the banana’s ripening rather than promising both banana and apple ripen faster. Avoid a general cold-storage prescription."
s886,Sound Through a String,653a4ad49996bba10c196af9784cbd5c9aa5fb11e10b7aaa1a48ef874245d3b0,editorial-revision-2026-09-25,content/editorial-batch-2.11.9p.json#s886,"The cup-and-string example correctly connects voice, cup vibration and taut string. The Exploratorium confirms the string needs to vibrate freely; clarify this instead of saying the sound has a “clear path” without explanation."
s887,The Clock That Paused,6b5a6b3a88bd87846ebbb2ae0e18b5bdd86eb6bf0ceb01324b79d7782ed7b284,editorial-revision-2026-09-25,content/editorial-batch-2.11.9z.json#s887,"If the entire street freezes for seven minutes, stationary ovens cannot burn cakes and residents cannot see buses arriving late within the same frozen interval. Remove those effects and frame Rosa’s private perception of the pause coherently."
s888,The Bridge of Feathers,eaacc11bab0db2fce276373ddd5d6593d3176e4846d795199e50f532f48f7086,editorial-reviewed-2026-09-25,content/editorial-batch-2.11.9z.json#s888,"Full read: the silver birds and floating feather bridge are fantastic elements, not engineering advice. Three attempts, shared work and the birds’ return provide coherent event order. Rope attachments and people’s roles are clear."
s889,A Map Made of Song,c6e7f20626eb6994f66ecb5db9a019b32b857e4845a75f573fb24a1b2e4f1a33,editorial-reviewed-2026-09-25,content/editorial-batch-2.11.9z.json#s889,"Full read: the sung map gives initial directions, then its failure gives the shepherd a meaningful role. Voice fatigue and learning local signs connect to the ending; imagery and grammar fit the fantasy setting."
s890,The Baker of Dreams,b3a25b193d789de8a6ef5a52d9230a5f04f4f5c50fa1989d4c9b4a185d5f2657,editorial-reviewed-2026-09-25,content/editorial-batch-2.11.9z.json#s890,"Full read: dream baking is unmistakable fantasy. The mayor’s failed order, cleaner’s ordinary dream and final choice form a coherent arc. Referents, tense, and Level 3 readability are adequate."
s891,The Railway Children Wait,dd21ea7971bc472ce9aee9793fd6a08aeeb875d2d5687355f9e3e91311ee95d6,inherited-v2.9.4,fact_check_all_2000.csv#s891,Unchanged text; prior editorial claim retained. Not independently rechecked in this release.
s892,Alice Questions the Court,3dbe3f9d862ffc40b0a81b986d2d2d0b24c0b64c5ff8293e4304427ac3eeb63c,inherited-v2.9.4,fact_check_all_2000.csv#s892,Unchanged text; prior editorial claim retained. Not independently rechecked in this release.
s893,Mowgli Chooses His Path,6e4201f63c52092ba23c37fb05cf2e6df4bbe1b8602fe38d59668a1d17ac27ed,inherited-v2.9.4,fact_check_all_2000.csv#s893,Unchanged text; prior editorial claim retained. Not independently rechecked in this release.
s894,The Little Prince and the Rose,ac8e795a7ed61d53e2bd48dd07a74eae1205d66933776635a1ddc6ef2b4256f4,inherited-v2.9.4,fact_check_all_2000.csv#s894,Unchanged text; prior editorial claim retained. Not independently rechecked in this release.
s895,Elephants at the Dry River,bf63dba3bf68460710fcd4975c8634b4d9814e31e505c4fb79efb1542f479395,inherited-v2.9.4,fact_check_all_2000.csv#s895,Unchanged text; prior editorial claim retained. Not independently rechecked in this release.
s896,The Night Garden,1214b4d4e2b8ef7bd0fbe867e2e6ebd010f710565dfbf0e6eb92d2d126c4ea60,inherited-v2.9.4,fact_check_all_2000.csv#s896,Unchanged text; prior editorial claim retained. Not independently rechecked in this release.
s897,Coral's Quiet Partnership,9ffa08b9c011f666bfb8684f7b3bc7cc231c4e5b162fee9412a2e8196d6091e0,inherited-v2.9.4,fact_check_all_2000.csv#s897,Unchanged text; prior editorial claim retained. Not independently rechecked in this release.
s898,Wolves Change a Valley,165c5623ed5d2493e58550240affe39b74d9780366cbbd801c1fefa52524dbc0,inherited-v2.9.4,fact_check_all_2000.csv#s898,Unchanged text; prior editorial claim retained. Not independently rechecked in this release.
s899,The Shared Mountain,6197afd2f74bc199fdce6bbcb391b334b70246def862293ffb8a8110915af63f,inherited-v2.9.4,fact_check_all_2000.csv#s899,Unchanged text; prior editorial claim retained. Not independently rechecked in this release.
s900,Phones for the Public Clinic,c44a98bae0aac6b7d85abcc3df35a80757176ac2c7c487eebb374b2a4d2a1ace,inherited-v2.9.4,fact_check_all_2000.csv#s900,Unchanged text; prior editorial claim retained. Not independently rechecked in this release.
s901,A City Welcomes New Neighbors,a92e0d016b30ef83dfdbc2cdbe58b3c7117eb6e3bcba4c0e2ca57657a0ffd115,inherited-v2.9.4,fact_check_all_2000.csv#s901,Unchanged text; prior editorial claim retained. Not independently rechecked in this release.
s902,The Fishing Season Agreement,b642f6c76ba62ef5a50819f8fc526f31d9c76b13948b867dc131f84d10d3eaea,inherited-v2.9.4,fact_check_all_2000.csv#s902,Unchanged text; prior editorial claim retained. Not independently rechecked in this release.
s903,The Ten-Minute Walk,49e26b8004523990e6cbfcb4b749bafbb100f24d419d3eb5f39fefabd8d2a39d,editorial-revision-2026-09-25,content/editorial-batch-2.11.9aa.json#s903,"The opening says the office is a ten-minute walk from the last bus stop, yet Hana appears to ride the bus past that walk; the breakdown location and later choice were unclear. Locate an earlier stop ten minutes from the office, then connect breakdown, deliberate early departure and rain exception."
s904,Boxes in the Hall,be390cd20b879850167135a0dc7153166fb8aa79035503f95ead09ebc92c4d53,editorial-reviewed-2026-09-25,content/editorial-batch-2.11.9aa.json#s904,Read the complete moving-day story: five boxes minus two unpacked and the one keepsake box leave exactly two boxes by the end. Luis’s choices and his closing reflection follow the chronology; fictional memories are not presented as documented facts.
s905,The First Community Class,bdbfaa64dc5313778eab379f9b07252f1f33ec47cacb1315aed91296ce4b5bec,editorial-reviewed-2026-09-25,content/editorial-batch-2.11.9aa.json#s905,"Read the entire pottery-class story: Mei’s first failed bowl motivates a conversation, which turns into helping another beginner and keeping a later cup. Pronoun referents, four-week span and Level 3 sentences are coherent; no named real class is asserted."
s906,News by Coffeehouse,0244ab4c98344b477583a91b5cb362c25c3b4e6e12aaad5c8ef896dd122dfc53,inherited-v2.9.4,fact_check_all_2000.csv#s906,Unchanged text; prior editorial claim retained. Not independently rechecked in this release.
s907,A Petition from the Mill,c11dc9b07b90934cdcc00134ad1c04c079eceb26e119b31360f1d0bf64f1efed,inherited-v2.9.4,fact_check_all_2000.csv#s907,Unchanged text; prior editorial claim retained. Not independently rechecked in this release.
s908,The First Public Museum Day,9414c1a716e48c17c4403924f540a681b0e539fe49f47f92a3988a4c0d0222fd,inherited-v2.9.4,fact_check_all_2000.csv#s908,Unchanged text; prior editorial claim retained. Not independently rechecked in this release.
s909,The Moon's Changing Face,c0e093d9761efc98794bcc9690e68a6828c7ea3d467ce1ca1f1487de9775f969,inherited-v2.9.4,fact_check_all_2000.csv#s909,Unchanged text; prior editorial claim retained. Not independently rechecked in this release.
s910,A Magnet Under Paper,361ddd1d62614d3c8a2d88db5251d15ec6410eae6e45db05563bd74573413acd,inherited-v2.9.4,fact_check_all_2000.csv#s910,Unchanged text; prior editorial claim retained. Not independently rechecked in this release.
s911,Cooling by Evaporation,e965de33657715869516c393a31afbdcc03c71d0f148f1514799af5344cb7165,inherited-v2.9.4,fact_check_all_2000.csv#s911,Unchanged text; prior editorial claim retained. Not independently rechecked in this release.
s912,The River Under the Library,c51ff0e54ff37967c8d9c7395f151401992dcf5cbf6f4aaf3609bea2d5c97445,editorial-revision-2026-09-25,content/editorial-batch-2.11.9ah.json#s912,"The original allows an employee to descend through a structural crack after rain and personally repair it, then invites visitors into a flood-prone tunnel. Keep the magical archive and river but have a building engineer establish a protected viewing space."
s913,The Garden Behind Winter,0d06f924a86e11f847f7fac8d2fb174235a6447bea21c29a0d7fb59e10cc8893,editorial-revision-2026-09-25,content/editorial-batch-2.11.9ah.json#s913,"The original gives a magical gardener an unexplained hidden store of warmth and a single child uses a hot kettle on a frozen lock. Establish the garden’s fantastic rule, bring the gardener into the safe opening and keep the thaw gradual."
s914,The Last Giant's Bell,50e7aca7b5799c04a71ea232b5a8d4d173d4eff48be222349e95ac690d5757cc,editorial-revision-2026-09-25,content/editorial-batch-2.11.9ai.json#s914,"The mountain bell sounds only after a fire is already moving, without showing anyone responding to the warning; the final repaired path does not directly address the earlier hostility. Give villagers a safe response and a specific reconciliation."
s915,Jane Eyre Keeps Her Voice,fe35f900df5336022f3f70100162f3b481ebe6238e1f35c8c187429549978f73,inherited-v2.9.4,fact_check_all_2000.csv#s915,Unchanged text; prior editorial claim retained. Not independently rechecked in this release.
s916,Pip Reconsiders Great Expectations,0d59edb98065297dd9296aec35bc1c40521b9542e3d536c5875a4ce78ed9cf20,inherited-v2.9.4,fact_check_all_2000.csv#s916,Unchanged text; prior editorial claim retained. Not independently rechecked in this release.
s917,Odysseus Hears the Sirens,998b1eb3bbc5db4a015e7f1d65d07a010a4683ba73e25c72f0345732f008bdd8,inherited-v2.9.4,fact_check_all_2000.csv#s917,Unchanged text; prior editorial claim retained. Not independently rechecked in this release.
s918,Elizabeth Revises Her Judgment,d4c4930dedda86e6b429c23455627d3caaa1498044b08c70f833c4bbac9857d4,inherited-v2.9.4,fact_check_all_2000.csv#s918,Unchanged text; prior editorial claim retained. Not independently rechecked in this release.
s919,The Long Flight North,ee5ada3a44794d006e843f16cc1024bd6d83ead86f40f650b0b37803481f9245,inherited-v2.9.4,fact_check_all_2000.csv#s919,Unchanged text; prior editorial claim retained. Not independently rechecked in this release.
s920,Mangroves Before the Storm,74eb05f70171ff345dd3b743c4168ce40e0ec9bfc773b45292588cc776c542b2,inherited-v2.9.4,fact_check_all_2000.csv#s920,Unchanged text; prior editorial claim retained. Not independently rechecked in this release.
s921,The Language of Ravens,cf37ec1c8ff8686455fea7bdfcdfba7a5cdab689ee5fe5a51b438c9c15c70b25,inherited-v2.9.4,fact_check_all_2000.csv#s921,Unchanged text; prior editorial claim retained. Not independently rechecked in this release.
s922,Cooling the Hottest Blocks,874b1fa5f8482be08a98d1ca2c26d88206e73e31b22516f8d3b4528273096f77,inherited-v2.9.4,fact_check_all_2000.csv#s922,Unchanged text; prior editorial claim retained. Not independently rechecked in this release.
s923,A Passport for Skills,049e2769ee7d132ec5993966cab95569dbb7596a3275d9b02163c5951d16a895,inherited-v2.9.4,fact_check_all_2000.csv#s923,Unchanged text; prior editorial claim retained. Not independently rechecked in this release.
s924,The Price of an Open Port,9a4b926a2d6f3e532744b63d5d816c843c9974216b265d13c0871a75b60cbd22,inherited-v2.9.4,fact_check_all_2000.csv#s924,Unchanged text; prior editorial claim retained. Not independently rechecked in this release.
s925,A Phone-Free Table,33923803b87807397b4166b0ec9a5710de6671d0f2da204ca3477bc84c99317f,editorial-revision-2026-09-25,content/editorial-batch-2.11.9ai.json#s925,"The central phone-basket scene works, but the grandfather’s long story lets dinner go cold and the closing states a lesson instead of showing its effect. Let the family finish the story over dinner, retaining practical exceptions."
s926,The Favor That Became a Routine,424303859a2aa673d68403154f1285271abef803d751670798e219741ff4bf19,editorial-revision-2026-09-25,content/editorial-batch-2.11.9ai.json#s926,"The original makes an unexplained daily rubbish drop sound exploitative, then states a general moral twice. Show the neighbor asking once after recovery and Daniel communicating a practical limit, with continued goodwill."
s927,The Apartment Garden Committee,cabf8e704a8adee516ab2e34eb8bf7b3cc6e0e69c9377361f1533e0764b584e3,editorial-revision-2026-09-25,content/editorial-batch-2.11.9ai.json#s927,"A roof garden requires structural and waterproofing checks; the original moves directly from loading report to planted roof and makes automatic watering solve absent volunteers without addressing leaks. Establish building approval and a limited, inspected trial."
s928,Women Carry the Mail,f66a255f827b75dcf5bdcf4191044d43d22976f3e807966a7ce78022c7894371,inherited-v2.9.4,fact_check_all_2000.csv#s928,Unchanged text; prior editorial claim retained. Not independently rechecked in this release.
s929,The Ledger of a Port City,7b170fb0ebdd9d95aca2ecee2007b152c6383158f708107716752853ce457ddc,inherited-v2.9.4,fact_check_all_2000.csv#s929,Unchanged text; prior editorial claim retained. Not independently rechecked in this release.
s930,A Constitution Read Aloud,9e51238ce6c0315f91ad86cc9905516ee16a88f4a23ab94f094ea04de513c77a,inherited-v2.9.4,fact_check_all_2000.csv#s930,Unchanged text; prior editorial claim retained. Not independently rechecked in this release.
s931,The Bacteria in Yogurt,28470d711bb71244f8b3bd2ff3c621f661009570b21193999f2e445f5e14085b,inherited-v2.9.4,fact_check_all_2000.csv#s931,Unchanged text; prior editorial claim retained. Not independently rechecked in this release.
s932,Reading Rings in a Tree,55d79874337acd7167a2ef2d5c2064c5922c32a81a6b6dba95a3f582a7add9c1,inherited-v2.9.4,fact_check_all_2000.csv#s932,Unchanged text; prior editorial claim retained. Not independently rechecked in this release.
s933,A Vaccine Trains Memory,a30796920e4503ba5a1ac889483408e27aa16fc182cc137389619f587a0f8196,inherited-v2.9.4,fact_check_all_2000.csv#s933,Unchanged text; prior editorial claim retained. Not independently rechecked in this release.
s934,The Error Bar Matters,548d8b8048b0235998477658d2714013b71712ae2d27772c7d42e1840c54ff24,inherited-v2.9.4,fact_check_all_2000.csv#s934,Unchanged text; prior editorial claim retained. Not independently rechecked in this release.
s935,The City That Borrowed Shadows,7d493f00d676ca4b9b8236211b90ec8bb79c534ecdf22094efd6d9c454167df3,inherited-v2.9.4,fact_check_all_2000.csv#s935,Unchanged text; prior editorial claim retained. Not independently rechecked in this release.
s936,The Orchard of Possible Lives,6168f416c9769d088f5e2238ee7675f29346dc1cf6386da1c12ac2cfdc45481b,inherited-v2.9.4,fact_check_all_2000.csv#s936,Unchanged text; prior editorial claim retained. Not independently rechecked in this release.
s937,The Museum of Lost Hours,0ce9f5ad47a5ab0ea69f562cdb52ca5e1fe4e05c4d4ebb589a35b98f82ed844d,inherited-v2.9.4,fact_check_all_2000.csv#s937,Unchanged text; prior editorial claim retained. Not independently rechecked in this release.
s938,The Translator of Storms,a9f5e60c5e0abfab36416d48cf87d2d41b860eff2a1bcce4a911565ba7eaf3d5,inherited-v2.9.4,fact_check_all_2000.csv#s938,Unchanged text; prior editorial claim retained. Not independently rechecked in this release.
s939,The Archive Beneath the Sea,82ec39d786928d5d5d54b7411ca3388d52637bb1b72e0ac7d1c57a139bf70846,inherited-v2.9.4,fact_check_all_2000.csv#s939,Unchanged text; prior editorial claim retained. Not independently rechecked in this release.
s940,Victor and the Abandoned Creation,3a2b872671cac028ec1a78e41c2502146426e63f581afc9152fcd0e07e478ca0,inherited-v2.9.4,fact_check_all_2000.csv#s940,Unchanged text; prior editorial claim retained. Not independently rechecked in this release.
s941,Ahab's Narrow Horizon,b83f0b20bfa7ed8ceb821f197d7d555cd58e2bae2ca9bfdc57b291fa644db8b0,inherited-v2.9.4,fact_check_all_2000.csv#s941,Unchanged text; prior editorial claim retained. Not independently rechecked in this release.
s942,Hester's Public Meaning,ad0e06dbe9e55f262e71118ce47b09fa5be7ab2cc07fa9ec104769f96911f183,inherited-v2.9.4,fact_check_all_2000.csv#s942,Unchanged text; prior editorial claim retained. Not independently rechecked in this release.
s943,Raskolnikov Tests an Idea,cb20381427117afc43cda851f7a278238e51280c6a1854049fa9a5153b29abc1,inherited-v2.9.4,fact_check_all_2000.csv#s943,Unchanged text; prior editorial claim retained. Not independently rechecked in this release.
s944,Ishmael Watches the Pequod,410367bdce57e016c8f54af4b0e155ebcfd1f122ba34c319f18e9bfd665d545a,inherited-v2.9.4,fact_check_all_2000.csv#s944,Unchanged text; prior editorial claim retained. Not independently rechecked in this release.
s945,Fire in the Pine Forest,8b68b9cbeedc0d34b9f4b9b497d38c62a7c90fc1d227d5d5a9219763b4eaddb7,inherited-v2.9.4,fact_check_all_2000.csv#s945,Unchanged text; prior editorial claim retained. Not independently rechecked in this release.
s946,The Architecture of a Beaver Wetland,03b9bbe2b461ab44909c674342a4e50264054b20815e7f786318b52059486fff,inherited-v2.9.4,fact_check_all_2000.csv#s946,Unchanged text; prior editorial claim retained. Not independently rechecked in this release.
s947,When Whales Feed the Surface,95e009adbc277dc18f580529f4acab868b262fcbedd97d2b488315f24227c005,inherited-v2.9.4,fact_check_all_2000.csv#s947,Unchanged text; prior editorial claim retained. Not independently rechecked in this release.
s948,The Hidden Economy of Fungi,08798cf9011757d63ae393f580c9e5035540c17d61d7d8d2b159cc86be3ec88a,inherited-v2.9.4,fact_check_all_2000.csv#s948,Unchanged text; prior editorial claim retained. Not independently rechecked in this release.
s949,A Reef After Bleaching,5169141c0731b0be6b6c3160ee86bea88b21d2035d799ec41bf82928ade4ad6c,inherited-v2.9.4,fact_check_all_2000.csv#s949,Unchanged text; prior editorial claim retained. Not independently rechecked in this release.
s950,Drought Across a Federal System,53d64d1fb18a9035ec8bf00d62f9aa3d6f913e508eab1b297077e77956e80970,inherited-v2.9.4,fact_check_all_2000.csv#s950,Unchanged text; prior editorial claim retained. Not independently rechecked in this release.
s951,When Sanctions Reach the Pharmacy,f4d12a7563d1aa0126a5bcde22275336ddede59485a9da5dc671c40ed0ab31e2,inherited-v2.9.4,fact_check_all_2000.csv#s951,Unchanged text; prior editorial claim retained. Not independently rechecked in this release.
s952,The Politics of a Digital Identity,0ac43cb43a1bd227e654ea9b5165c294dd80778a755770c77e952e2399345c34,inherited-v2.9.4,fact_check_all_2000.csv#s952,Unchanged text; prior editorial claim retained. Not independently rechecked in this release.
s953,Small States at the Climate Table,a04de78be8ddff796c5bb2da89789e494645c63940854d653fb9c83c428b9fd8,inherited-v2.9.4,fact_check_all_2000.csv#s953,Unchanged text; prior editorial claim retained. Not independently rechecked in this release.
s954,A Name Corrected Kindly,c93b98f376816741152f3865e3e944e2415cf6cc01cc2bb136b68a5a7aa46a85,inherited-v2.9.4,fact_check_all_2000.csv#s954,Unchanged text; prior editorial claim retained. Not independently rechecked in this release.
s955,Caring from Another City,bdc881d7819fcdac21a52a1624bc74d20e1554d269a15c6951fc4f2426d898dd,inherited-v2.9.4,fact_check_all_2000.csv#s955,Unchanged text; prior editorial claim retained. Not independently rechecked in this release.
s956,The Promotion Nobody Discussed,4094a5dc31fa3dbf42316c3d80b0eabf64726e41e9ff41fcd1a09f9f86c168c1,inherited-v2.9.4,fact_check_all_2000.csv#s956,Unchanged text; prior editorial claim retained. Not independently rechecked in this release.
s957,When the Group Chat Never Sleeps,4c96162e5dad318c0c232fda169b4518089da5a0aadc2fe8111fe0de4ffb9e8e,inherited-v2.9.4,fact_check_all_2000.csv#s957,Unchanged text; prior editorial claim retained. Not independently rechecked in this release.
s958,The Inheritance Conversation,e82d18e0a0ded3d0b7a77934c952ba562b2bb5581102744007a28a6cdd66b941,inherited-v2.9.4,fact_check_all_2000.csv#s958,Unchanged text; prior editorial claim retained. Not independently rechecked in this release.
s959,The Archive and the Missing Workers,9a894a43dee9e6bb26db661a6f4cb8b21fac1a10b83465e3961b2d486ff3d088,inherited-v2.9.4,fact_check_all_2000.csv#s959,Unchanged text; prior editorial claim retained. Not independently rechecked in this release.
s960,The Quarantine Island Debate,e8a233f2c33044ed81ae9b4f5c2322200ee708871083f73c504f2e93d150ec8b,inherited-v2.9.4,fact_check_all_2000.csv#s960,Unchanged text; prior editorial claim retained. Not independently rechecked in this release.
s961,Printing the Reformation,06324323d66e4567b5e13309c01c2e6fa6b6ff301767a69507ba2cb441d7fc96,inherited-v2.9.4,fact_check_all_2000.csv#s961,Unchanged text; prior editorial claim retained. Not independently rechecked in this release.
s962,The Haitian Revolution in Atlantic History,d08529f8b4d352988575d81a5a188b8c252ccbd0486d4848b7e02b345f04257f,inherited-v2.9.4,fact_check_all_2000.csv#s962,Unchanged text; prior editorial claim retained. Not independently rechecked in this release.
s963,Mapping an Exoplanet's Air,e931a285487f8d50eb6f913f96c553f3a0d2a707762488921493638e09fdf5f4,inherited-v2.9.4,fact_check_all_2000.csv#s963,Unchanged text; prior editorial claim retained. Not independently rechecked in this release.
s964,The Plastic-Eating Enzyme,e2f00a340a9bf2262c70bcc9df69ee030134b94a6ccd1b17c3850ee20f444d07,inherited-v2.9.4,fact_check_all_2000.csv#s964,Unchanged text; prior editorial claim retained. Not independently rechecked in this release.
s965,A Forest Model Meets a Drought,94e4fc9a13c3310051750f9da8f4df82d54fcb4b59bf118e4f1fd63cbc647f23,inherited-v2.9.4,fact_check_all_2000.csv#s965,Unchanged text; prior editorial claim retained. Not independently rechecked in this release.
s966,The Replication Conversation,578c75290e362d47d5ac208f84b4991919ef6920ec16af84999c12547ff23079,inherited-v2.9.4,fact_check_all_2000.csv#s966,Unchanged text; prior editorial claim retained. Not independently rechecked in this release.
s967,Gene Drives and Ecological Consent,d9778eaec9a82760733cd028c2b610976e58d0ad7524a1fda6134960ea1d2cc8,inherited-v2.9.4,fact_check_all_2000.csv#s967,Unchanged text; prior editorial claim retained. Not independently rechecked in this release.
s968,The House That Edited Its Guests,eb45bd762aa51e3d8fc79030d55eaf3ffb8e50b8adad8a4e544ab1a83426bb3d,inherited-v2.9.4,fact_check_all_2000.csv#s968,Unchanged text; prior editorial claim retained. Not independently rechecked in this release.
s969,A Parliament of Ghosts,23e70cd31f551e20608d4c4216899b65515dd22785313a5986cd9c43f2010bec,inherited-v2.9.4,fact_check_all_2000.csv#s969,Unchanged text; prior editorial claim retained. Not independently rechecked in this release.
s970,The Cartographer's Doubt,353e1974a3ce0b8d11a3bac5b689ed493ca16a3f5d4ba51974aa335e4bbc526c,inherited-v2.9.4,fact_check_all_2000.csv#s970,Unchanged text; prior editorial claim retained. Not independently rechecked in this release.
s971,The Library at the End of Probability,3a4f58c9029a3a7fefd007f0eac05509411261fb64d4e93a7c3ddaada88281dc,inherited-v2.9.4,fact_check_all_2000.csv#s971,Unchanged text; prior editorial claim retained. Not independently rechecked in this release.
s972,Anna Karenina and the Social Gaze,290d0af2a4543599b70d28cd8e36554c2805475f8c577100379e8326fd84f729,inherited-v2.9.4,fact_check_all_2000.csv#s972,Unchanged text; prior editorial claim retained. Not independently rechecked in this release.
s973,Gulliver Among Perfect Planners,a5d607a5ca2f9b6ac3581feec317afce4205556bdea1b02dd62c125cb76fe77b,inherited-v2.9.4,fact_check_all_2000.csv#s973,Unchanged text; prior editorial claim retained. Not independently rechecked in this release.
s974,The Count Builds a Second Life,72c48137146f083b2e848950ebc8614cdaf7fccfb18dfc8d3a3dc9548cf347fd,inherited-v2.9.4,fact_check_all_2000.csv#s974,Unchanged text; prior editorial claim retained. Not independently rechecked in this release.
s975,Don Quixote Reads the World,70edcad4cb4e10c7b44f7e46a762dcd207779b95dbbcc25d791f267c3f3909e6,inherited-v2.9.4,fact_check_all_2000.csv#s975,Unchanged text; prior editorial claim retained. Not independently rechecked in this release.
s976,Middlemarch and the Web of Consequence,a2e5dff3d31a94488c976af793f11aa11485380abc15d1c73f110c06255a051b,inherited-v2.9.4,fact_check_all_2000.csv#s976,Unchanged text; prior editorial claim retained. Not independently rechecked in this release.
s977,Urban Leopards at the Boundary,38ac9a5a8bacffd9d44c90c5b5ddd652688136ab3ded29d35324f66a99100c46,inherited-v2.9.4,fact_check_all_2000.csv#s977,Unchanged text; prior editorial claim retained. Not independently rechecked in this release.
s978,The Salmon's Inherited Compass,40cc4ae9592b9885793211ab7ce80a0be130ee7c0d2e48f376b56396d1c81553,inherited-v2.9.4,fact_check_all_2000.csv#s978,Unchanged text; prior editorial claim retained. Not independently rechecked in this release.
s979,Grasslands Without a Single Balance,d5c6c525e471753508d60daef77158d6bc7e1b760942678207fa4da03948770a,inherited-v2.9.4,fact_check_all_2000.csv#s979,Unchanged text; prior editorial claim retained. Not independently rechecked in this release.
s980,The Moral Distance of Rewilding,0a72fc29f7087b8ce23f3a79dca8803070998eaa41393347fd552274ffbcb204,inherited-v2.9.4,fact_check_all_2000.csv#s980,Unchanged text; prior editorial claim retained. Not independently rechecked in this release.
s981,A Currency Crisis in Daily Life,25e56d356df097eb724ce9f49d4b461ae4ec263cb44f760fd8f4691ef315d902,inherited-v2.9.4,fact_check_all_2000.csv#s981,Unchanged text; prior editorial claim retained. Not independently rechecked in this release.
s982,The Border as an Ecosystem,b1e3e3b4ada5480acec99202d10652a516fca99d8a2adf9ee9e020e3369d897d,inherited-v2.9.4,fact_check_all_2000.csv#s982,Unchanged text; prior editorial claim retained. Not independently rechecked in this release.
s983,Who Governs the Algorithm,0530d9b0611edd4c7f6344fcd7dd55a645dc7c3acf90d2b695d225d082dae158,inherited-v2.9.4,fact_check_all_2000.csv#s983,Unchanged text; prior editorial claim retained. Not independently rechecked in this release.
s984,Debt After Disaster,c93c4c057a0affe67fe508acfe06c6bc18755f66a43899b453afc8f30805eb96,inherited-v2.9.4,fact_check_all_2000.csv#s984,Unchanged text; prior editorial claim retained. Not independently rechecked in this release.
s985,The Diplomacy of Semiconductor Supply,4c2a9fdfc75b463778a36dcce49dbbbfb4036d636783c6437c724335dd87fb1f,inherited-v2.9.4,fact_check_all_2000.csv#s985,Unchanged text; prior editorial claim retained. Not independently rechecked in this release.
s986,The Commute That Defined the Job,8cc558e93dcae682e11e70e27145927527655906b7b6343b9b16ac270f6e1850,inherited-v2.9.4,fact_check_all_2000.csv#s986,Unchanged text; prior editorial claim retained. Not independently rechecked in this release.
s987,A Friendship After Disagreement,ef0f530feafdc1f85eb78291fcb4df2b10d19bc1af0f92af9f457cd11be595d8,inherited-v2.9.4,fact_check_all_2000.csv#s987,Unchanged text; prior editorial claim retained. Not independently rechecked in this release.
s988,The Family Archive in a Drawer,c440c6c48b16eaa6f9088faa9afd78ab0cf4a9e3f7b330c3cc479a307d56e4bc,inherited-v2.9.4,fact_check_all_2000.csv#s988,Unchanged text; prior editorial claim retained. Not independently rechecked in this release.
s989,Rest as a Shared Obligation,7f9831a2e00c3b55554666e92140563ec9782b6919ed11d194496d9a80d7a4e0,inherited-v2.9.4,fact_check_all_2000.csv#s989,Unchanged text; prior editorial claim retained. Not independently rechecked in this release.
s990,Counting a Colonial Population,83b934852d5debcabd5b61788e1c3c51a5904213a3197b8ec2d068eae9a1aced,inherited-v2.9.4,fact_check_all_2000.csv#s990,Unchanged text; prior editorial claim retained. Not independently rechecked in this release.
s991,Railways and Standard Time,4fa38087422351f12a2b3d4d8d354bd360a5050eb5888a4412af62932c8dd1d3,inherited-v2.9.4,fact_check_all_2000.csv#s991,Unchanged text; prior editorial claim retained. Not independently rechecked in this release.
s992,The Grain Tax and Political Legitimacy,17a98cdf1a78b13364bd1154d69d0ebad6926274effaa9905618a2dd3561938b,inherited-v2.9.4,fact_check_all_2000.csv#s992,Unchanged text; prior editorial claim retained. Not independently rechecked in this release.
s993,Memory After Civil War,914a4776008e818e71e7280b34a259294a3190149d21f44569cf9be213d0b1d1,inherited-v2.9.4,fact_check_all_2000.csv#s993,Unchanged text; prior editorial claim retained. Not independently rechecked in this release.
s994,The Non-Aligned Choice,ea6fb0b376531c29fc7a4c9036ee46bb504641c632d4590443e752c00c6292e2,inherited-v2.9.4,fact_check_all_2000.csv#s994,Unchanged text; prior editorial claim retained. Not independently rechecked in this release.
s995,The History Hidden in Household Accounts,4a9ae685b988b86f6df037b5121c56466964019995e378ee46145eb2694e76b5,inherited-v2.9.4,fact_check_all_2000.csv#s995,Unchanged text; prior editorial claim retained. Not independently rechecked in this release.
s996,Quantum Sensors Outside the Laboratory,e67145fcc47238427c4cadaedb55597cce139daaaafe419bc70138411b5b8842,inherited-v2.9.4,fact_check_all_2000.csv#s996,Unchanged text; prior editorial claim retained. Not independently rechecked in this release.
s997,The Causal Puzzle of Nutrition,f164ec3727971765ff1776a56f6067f4ba61ef8f34e2a52fce482917a4697e87,inherited-v2.9.4,fact_check_all_2000.csv#s997,Unchanged text; prior editorial claim retained. Not independently rechecked in this release.
s998,Artificial Intelligence Finds a Protein Shape,8d830965c494284a506c236358cce10959bb6f27e9588c520db2a6ef39ff374c,inherited-v2.9.4,fact_check_all_2000.csv#s998,Unchanged text; prior editorial claim retained. Not independently rechecked in this release.
s999,The Dark Matter Inference,bfdd84fa50ef3575a2b2b6ab9bf16410b50cd36c42be03a745eb917e26468077,inherited-v2.9.4,fact_check_all_2000.csv#s999,Unchanged text; prior editorial claim retained. Not independently rechecked in this release.
s1000,Editing Embryos and Future Persons,267d5d6584484364c7a347b2e585491036dbab78500c6a0a8ee28f589c3dc55a,inherited-v2.9.4,fact_check_all_2000.csv#s1000,Unchanged text; prior editorial claim retained. Not independently rechecked in this release.
s1001,The Quiet Brass Key,029d25bcee4163abc05ac43af56b7b52b503f2ffb633b2b78dd34c7404616645,fiction-language-reviewed,content/editorial-batch-2.11.3.json#s1001,"Replace an unexplained blue mark and stage-worker leap with a box, worker, bag and found-key sequence."
s1002,The Quiet School Bell,6c6360930f2e17322a7be8e6cc4b9bc8b38372d1c740a5465404cde9c0c83456,fiction-language-reviewed,content/editorial-batch-2.11.3.json#s1002,Fix the contradiction of a missing bell explained by a branch; the puzzle is now unexpected ringing with a visible cause.
s1003,The Quiet Red Violin,128fed16f6ca8c7f87b929ab77548099978c45467f93e83cdac6800b75b79440,fiction-language-reviewed,content/editorial-batch-2.11.3.json#s1003,"Introduce the student and red case; connect rain, a dry room and a teacher's explicit explanation. Simple past in quoted I brought it inside is contextual and brief."
s1004,The Quiet Recipe Book,65481fa1f9bbf56d9e4ba480e5a2f58fb99e62dfd9607aad8895192b719935f4,fiction-language-reviewed,content/editorial-batch-2.11.3.json#s1004,Make flour marks connect the cook's hands to the box; remove unexplained clue/result template.
s1005,The Quiet Silver Ticket,64516d7a758bb125466b0382d6a0818a096d6f616cb86a1b106aaacc23acb7f4,fiction-language-reviewed,content/editorial-batch-2.11.3.json#s1005,Introduce June from the start and show the silver corner under the calendar; explicit search and resolution.
s1006,The Quiet Garden Map,a9eea5760dba5acd538473aae15618ab07cc64594cd4c59f5723b7a8c395f371,fiction-language-reviewed,content/editorial-batch-2.11.3.json#s1006,"Retain map, unfinished path, gardener explanation and erasable light line. Simple clauses give the reason for the missing path."
s1007,The Quiet Museum Coin,4d88b488f789c8336da907cb49d4c4bc7800fcee10519e29aa432275e4d13d4f,fiction-language-reviewed,content/editorial-batch-2.11.3.json#s1007,Replace missing-coin/second-coin contradiction with an identifiable coin seen from two positions; retain a fictional museum observation without technical optical claims.
s1008,The Quiet Blue Lantern,2a421dd4459ee8ba496bf3ce54136adc1783b2a8cbe2f32072d7e77207e3c05c,fiction-language-reviewed,content/editorial-batch-2.11.3.json#s1008,Connect missing lantern to visible blue light and neighbor finding a cat; remove unrelated wax clue.
s1009,The Quiet Harbor Flag,c9867ad67152d0bc8a960f729ef7b72697a439f3bf41b6b0f02f923a740e19d7,fiction-language-reviewed,content/editorial-batch-2.11.3.json#s1009,Make kite line physically connect the kite and caught flag; introduce a worker to retrieve it and match the harbor title.
s1010,The Quiet Library Card,f619acb16d53deff68f3d07d3872a5c2460527f610b5d5f9d44b83aa7c44ded6,fiction-language-reviewed,content/editorial-batch-2.11.3.json#s1010,"Introduce Nia and library card, link drawings to a deliberate game, and show the brother's role rather than unexplained bakery setting."
s1011,The Quiet Glass Button,9aa3cf0956aa32ec727900b2904e8d76f47d3b7e0bef26f6bf051ccdf2369ea5,fiction-language-reviewed,content/editorial-batch-2.11.3.json#s1011,Change arbitrary missing button into a found button with a matching coat and owner; clear evidence supports reunion.
s1012,The Quiet Clock Hand,654ab20c62e536fc439c0d58faec291daaf17cdac244df37f35b19a2abf66815,fiction-language-reviewed,content/editorial-batch-2.11.3.json#s1012,Replace irrelevant pipe dust with the fallen clock hand beneath the clock and a worker's repair.
s1013,The Quiet Painted Shell,65751b0e4972c6b3a86ef94daf9dbc4e4c6bd6d6080aabc6b24beccd9433fe64,fiction-language-reviewed,content/editorial-batch-2.11.3.json#s1013,"Connect painted shell, basket, written gift note and child in a chronological fictional home scene."
s1014,The Quiet Paper Crown,177f0bcd0f9c8ee74bfa77250e7a9e4973883c240a0145a8594bffc965f38157,fiction-language-reviewed,content/editorial-batch-2.11.3.json#s1014,"Connect open window, wind, tree and paper crown; remove unrelated lake-office template."
s1015,The Quiet Green Bicycle,871ec419c347d09b7271479dadc3f84c11e0d5200081e857b12d7487f31e5d22,fiction-language-reviewed,content/editorial-batch-2.11.3.json#s1015,Fix lost-bike/parked-bike contradiction; the question is who owns an obstructing bicycle and whether Sara can move it.
s1016,The Quiet Stone Bird,47c6f4922489da7c798caac43b9b34e3a252e9452daa40d463ddb5e95ba4b726,fiction-language-reviewed,content/editorial-batch-2.11.3.json#s1016,Retain gardener's explicit explanation for the turned statue. Quoted past action is a brief supported explanation within a simple present scene.
s1017,The Quiet Sealed Letter,1393e724bd135f698be59d1136a6d93532d38dad126497053e9d059f5c5ae182,fiction-language-reviewed,content/editorial-batch-2.11.3.json#s1017,"Make the question a letter's sender, with a tree symbol and mother's confirmation; remove irrelevant missing-letter claim."
s1018,The Quiet Gold Spoon,59346784e628f5267bbaa7b42535094711923eafd1e67383da1d441d323a3399,fiction-language-reviewed,content/editorial-batch-2.11.3.json#s1018,"Connect shiny handle in pot with a child's explanation; separate used soil spoon from food, replacing the unsupported falling-flower explanation."
s1019,The Quiet Empty Frame,5a4cdf27efc42c8a2dd08a76dcd2a32c717af822b56b840b1ef8cd3513a7cf96,fiction-language-reviewed,content/editorial-batch-2.11.3.json#s1019,Replace unexplained colored-light resolution of a missing picture with an explicit repair on the teacher's table.
s1020,The Quiet Roof Footprint,6ce7194508b8e95512f2c30177867d669232c8c21ceaf65c753eb35d05f625ae,fiction-language-reviewed,content/editorial-batch-2.11.3.json#s1020,Replace meaningless footprint was safe again; matching boot and worker explanation resolve whose footprint it is.
s1021,The Quiet River Notebook,4128cf89ac8eeb25240593cde0ffab4fd0f1633cd843b3999e1bc867cf9d8da8,editorial-revision-2026-09-25,content/editorial-batch-2.11.9p.json#s1021,"The old clues never explain how the notebook returns. Let Xena follow the wet, leafy pages to the student who borrowed the rehearsal notebook, and acknowledge water damage."
s1022,The Quiet Market Whistle,1cebb6af935240c4bdcccd363f206478f2d42d6cbe5c408f30f6c3f3d99ecd8d,editorial-revision-2026-09-25,content/editorial-batch-2.11.9p.json#s1022,"The old “missing whistle” is a sound made by an air pipe, not an object that can be recovered, and the market title contradicts the bakery. Make the noise a specific loose window shutter with a testable cause."
s1023,The Quiet Black Umbrella,bef0d9f87ec330c88c5b9b638ce3cc8a79853675bd66d0f570f2151bcba3ac91,fiction-language-revised,content/editorial-batch-2.11.1.json#s1023,Replace past-perfect passive with simple past and clarify the lost object search.
s1024,The Quiet Orchard Box,9c3a6f688e376e26c8dcd67c259b75feafd4ac38d063e91cfc367e0550c88231,editorial-revision-2026-09-25,content/editorial-batch-2.11.9p.json#s1024,The original dates do not explain the missing seed box. A note on the shelf leads Pia to a worker who moved the seeds before rain; the box is found in a dry room.
s1025,The Quiet Theater Mask,ebe830a3b9dd1c992aea9a3c736e540bb5b90f05d6fd91a253260cc495d95223,editorial-revision-2026-09-25,content/editorial-batch-2.11.9p.json#s1025,"The mask never goes missing in the old passage; light only changes its expression, and the post office setting has no role. Focus on a theater mask that seems to smile under a second lamp."
s1026,The Quiet Mountain Radio,f0f7b3627b3cbbce6efbb3064214ea573f09719ed4de2f28a516e8621079783c,editorial-revision-2026-09-25,content/editorial-batch-2.11.9p.json#s1026,A radio in a museum and a walking group “trying a help signal” leave the object’s route unexplained. Make it a missing loan radio at a trail station and use the signed loan list as a real clue.
s1027,The Quiet Bakery Window,5072c3dc5fbbc59107fcfe3d6e6295ee2c8ca0d5a07bd8b1eb1a3ba5f4debc8a,editorial-revision-2026-09-25,content/editorial-batch-2.11.9p.json#s1027,“A window words” is ungrammatical and words cannot be both gone and safe. Put the writing on a bakery pane where warm steam reveals older finger marks on a cold morning.
s1028,The Quiet Farm Gate,a88bf94d59835d2f398c574331991d9d61609edfbe7ade823a1fde945dbb3d23,editorial-revision-2026-09-25,content/editorial-batch-2.11.9p.json#s1028,"A heavy farm gate cannot disappear into a room. Show its open position, a hair caught near the hook and a donkey lifting the loose latch. End with the farmer securing it."
s1029,The Quiet Music Box,39e1cf4d78176fb5d7031b4dff2307e0e80cc306d4a75bd38d66b16de8a959dd,editorial-revision-2026-09-25,content/editorial-batch-2.11.9p.json#s1029,"A high pin on the music roll explains a changed note, not a missing music box. Center the mystery on the extra note and confirm it with a prior repair record."
s1030,The Quiet Lake Light,d5e346d17e2d884967e0de74d16fac3a37b7166073aa53e8012ff84ccde82719,editorial-revision-2026-09-25,content/editorial-batch-2.11.9p.json#s1030,"Moonlight on wet white seeds is a reflection, not a missing “lake light” that can be returned. Use a moving reflection of a path lamp, confirmed by changing viewpoint."
s1031,The Quiet Wooden Compass,154ced4e4108e323ca65f7738b9f085546de40b4d58cc9c6a2c398b02cfed36a,editorial-revision-2026-09-25,content/editorial-batch-2.11.9p.json#s1031,Fine metal dust alone does not establish that a compass is missing. Center the actual fault on a needle that points the wrong way and compare its direction after moving it away from a magnet.
s1032,The Hidden Brass Key,7c85a6a7a394924bfe9f275d10fe06eb1a78ad3569ee92345d59b9740ca847b1,editorial-revision-2026-09-25,content/editorial-batch-2.11.9p.json#s1032,"A blue mark at an unrelated door does not lead to a stage worker’s key. Make the blue tape on the key ring match the hook in the next room, then verify with the worker."
s1033,The Hidden School Bell,fe060f50f4a25e4782d875b00c7956cd2e1c8910d4fc9cac71f7985ddcdcdc26,editorial-revision-2026-09-25,content/editorial-batch-2.11.9p.json#s1033,A branch touching the bell rope can keep the bell from ringing but cannot make the bell itself “not where it should be.” Show the stuck rope and have a maintenance worker clear it.
s1034,The Hidden Red Violin,4679e132b62afdbf8b5514592ac51b5d8a0cb7605ddacaa39ed118224b060161,editorial-revision-2026-09-25,content/editorial-batch-2.11.9p.json#s1034,"The violin was moved from rain, but a string by a chair does not reveal its location. Show a damp floor near the window and ask the student who had carried it to a dry cupboard."
s1035,The Hidden Recipe Book,ef01a1f75f5479ccc7060a75da626a44b2da749060fb5b40e2bbba756a77ff2a,editorial-revision-2026-09-25,content/editorial-batch-2.11.9p.json#s1035,"Flour on a high shelf in a lost-property office does not explain where a recipe book went. Place the book in the community kitchen, use a flour handprint on the dry cupboard, and ask the cook."
s1036,The Hidden Silver Ticket,5f344d9cf117ed9f0195ba324cec39cdc1fc07d42acadc618b27c82a58d9d07d,editorial-revision-2026-09-25,content/editorial-batch-2.11.9p.json#s1036,"A square mark by itself cannot locate a thin ticket under a calendar. Show a visible ticket corner and let Ari lift the calendar to confirm, without a stock “safe again” line."
s1037,The Hidden Garden Map,ae71d6d2f8a81064e53a2030d4ac426f9e2670d553bf7804ccef812fb322dd44,editorial-revision-2026-09-25,content/editorial-batch-2.11.9p.json#s1037,"New stones by a pond suggest a path project, but the old story never says where the missing map went. Have Nia ask the gardener and inspect the marked map in the tool shed."
s1038,The Hidden Museum Coin,091a47a702fa3acb4ca1e6510b85439f81daccf66fd4d7a5d2bac2b26aa8be49,editorial-revision-2026-09-25,content/editorial-batch-2.11.9p.json#s1038,"The station office has no connection to a museum coin, and sunlight cannot return a missing coin. Make a museum display seem to contain two coins because a glass pane reflects one; changing angle verifies it."
s1039,The Hidden Blue Lantern,ec65f4ac7fd7dd77c95af6e5b1ddc90fc1a80e0bd595e4d822d37e535cdbf9c3,editorial-revision-2026-09-25,content/editorial-batch-2.11.9q.json#s1039,"The old wax clue does not lead to a borrowed lamp, and a blue lantern is later called a lamp. A blue candle lantern leaves wax by the door; Zane confirms the neighbor took it to find a cat and returns it."
s1040,The Hidden Harbor Flag,c0e2bff1ce0d5555f14e368d7781c6cf006975f9dac4d25e0c1544e364becd92,editorial-revision-2026-09-25,content/editorial-batch-2.11.9q.json#s1040,"The harbor flag cannot be missing from a riverside park yet caught above its pole. Place it at a harbor, let a kite string hold it high, and have harbor staff free it safely."
s1041,The Hidden Library Card,cd674b9cf17d0a08896abc8932701b6310ea2b7e2baac0361532ae34fa799660,editorial-revision-2026-09-25,content/editorial-batch-2.11.9ad.json#s1041,"The original repeats the bookmark clue three times, moves between a post office and books without explaining why, and jumps to a secret trail. Set the mystery inside a library, let Hana compare drawings and call numbers, and reveal a child’s intended reading trail without accusing anyone."
s1042,The Hidden Glass Button,957a170d28e3d5c4a0b5a0585c976bca6470a1495f44684391b83dd5729c61f2,editorial-revision-2026-09-25,content/editorial-batch-2.11.9ad.json#s1042,"The old version does not identify the button’s owner, why a greenhouse was locked, or when the lock changed. Establish a museum costume display, a scheduled greenhouse photograph and a coat with matching loose thread; Vera can resolve the timing from the watering log and return the button."
s1043,The Hidden Clock Hand,ed6f374fefd86b9ef18b72435ae8d0e6eb83063a55dc23f9a43c3a4c08af2b07,editorial-revision-2026-09-25,content/editorial-batch-2.11.9ad.json#s1043,"The metal-dust clue and workshop search repeat, while a minute hand sliding through a pipe is unexplained and unlikely. Use a loose hand found in the tower drain channel after a storm; Theo checks the clock face, channel and workshop in a clear order, and the clockmaker performs the repair."
s1044,The Hidden Painted Shell,3f7354f77b6093ab9fd23b38d569a93015d8aede6a5df99dd4aaca32238841e1,editorial-revision-2026-09-25,content/editorial-batch-2.11.9ad.json#s1044,"The original repeats the friendship outcome and never explains how a sea shell reached an inland apple farm. Trace one delivery basket through two market stalls, let a child’s note identify the intended gift, and make the corrected assumption concrete."
s1045,The Hidden Paper Crown,4fe46fe3b6f44a045d7d69f25bbbc8742d674a82b9434256a75c25a4a9d758de,editorial-revision-2026-09-25,content/editorial-batch-2.11.9ad.json#s1045,"The gold-paper clue and following action repeat, and a long pole appears without identifying who uses it. Make the draft visible through an open window, keep the crown in sight in a low branch, and have an adult lower it safely."
s1046,The Hidden Green Bicycle,276cec3d7a01417a21a4ff1c171b4adb9229bb8f1fd98105401fb6182e9edd15,editorial-revision-2026-09-25,content/editorial-batch-2.11.9ad.json#s1046,"The nurse, passenger and station action are reported only as a conclusion, while the wet glove does not help solve the mystery. Use a labeled first-aid bag and final-train record as independent clues, then confirm the nurse’s return rather than implying wrongdoing."
s1047,The Hidden Stone Bird,12b161704722513fb1879b27d086cb86498b3e14a432c059390e1c1eb0dd97a8,editorial-revision-2026-09-25,content/editorial-batch-2.11.9ad.json#s1047,"The old text awkwardly inserts its conclusion before the measurement and makes a slow soil process turn a heavy statue without a clear mechanism. Give the stone bird a loose pivot, visible rain marks and measurements that show small movement after storms; workers stabilize the base."
s1048,The Hidden Sealed Letter,ca1e8bab22a7da5166487bb3afc3c9bcd74a5d63d9b879c0b1614fa38a91a8f4,editorial-revision-2026-09-25,content/editorial-batch-2.11.9ad.json#s1048,"Smelling pine does not identify a sender, and visiting unspecified houses near northern woods is intrusive and logically weak. Put the letter in a bakery bread basket, use a pine-tree seal and initials, and let Xena compare these with a known trail guide’s notice at the public map."
s1049,The Hidden Gold Spoon,1d98af39162c8f9ab07efb7374bb56c1db69762883d0c26a5630bd6da541313b,editorial-revision-2026-09-25,content/editorial-batch-2.11.9ad.json#s1049,"The vase scratch and flowers are repeated as a conclusion before the investigation, and it is unclear how a spoon falls into flowers. Show the vase placed beside the spoon, a narrow scratch from contact, and the flower arrangement being carried away; Eli retraces clearing order and finds the spoon."
s1050,The Hidden Empty Frame,19acd02582407169604170a300ec28be3627406e2c3133cb208c6c117a111ddf,editorial-revision-2026-09-25,content/editorial-batch-2.11.9ad.json#s1050,The old passage repeats the blue-dust clue and says hidden glass bends light without explaining where the glass is. Put a thin blue glass panel behind an apparently empty frame and use viewing angles to reveal it; the final display follows directly.
s1051,The Hidden Roof Footprint,b28978c068c9ca1e6c448e2c2bde6fb00a228a380cd073bcbdf89c4afdcfb2b4,editorial-revision-2026-09-25,content/editorial-batch-2.11.9ad.json#s1051,"Bird seed beside a chimney does not explain a human footprint, and watching the roof the next day cannot establish a past rescue. Add a repair-company mark in the print and a work record; the worker then confirms freeing a pigeon without inviting anyone onto the roof."
s1052,The Hidden River Notebook,38b9fc72280cb15190aee6bb1340b7439f36cae177932064097832b2c7a333e6,editorial-revision-2026-09-25,content/editorial-batch-2.11.9ad.json#s1052,"Full read: Milo uses a long stick from the bank, follows the distinctive leaves upstream, meets the student searching for the notebook, and returns it. The final drying action is simplified so the story does not imply a reliable conservation method for a soaked book."
s1053,The Hidden Market Whistle,5175396e0d59c448e8ef92a4fb9a1f80af2c0865c70949f566f6b96dde4e4eb6,editorial-revision-2026-09-25,content/editorial-batch-2.11.9ae.json#s1053,"The original repeats a bent-pipe explanation without showing a plausible source for a nightly whistle. Identify a squeaking metal ring on a closing gate, verify the timing as the gate moves, and give the manager a clear choice about repair."
s1054,The Hidden Black Umbrella,df41edac19c11286210a88cb9f59939005d894f7fe67f302787050c33668442b,editorial-revision-2026-09-25,content/editorial-batch-2.11.9ae.json#s1054,"The old story has two umbrellas but no reliable way to match both owners, and a library sketch is irrelevant. Give one umbrella a yellow repair stitch and let both claimants describe distinct marks before returning the correct one."
s1055,The Hidden Orchard Box,0ba1d59349d29a3a5f41d2e9106dfb6a11031b8e139dc6a8f74ef14825ec2e0e,editorial-revision-2026-09-25,content/editorial-batch-2.11.9ae.json#s1055,"The box is locked, then somehow opened and its rare seeds planted without permission or checking whether they are viable. The dated packets and a note identify their fictional origin; the garden staff open the box, consult the label, and try a limited planting with uncertain results."
s1056,The Hidden Theater Mask,7b20dc9ed1db2440d9ccd81c09df80e8f9a12c86839dfb7589f76206ff8849aa,editorial-revision-2026-09-25,content/editorial-batch-2.11.9ae.json#s1056,"The setting jumps from a bakery to stage lighting, and shadow geometry is asserted without a scene. Place the mask in a small theater display and let Uma compare photographs under one and two lamps; the apparent change of expression follows the visible shadows."
s1057,The Hidden Mountain Radio,962705d4758a86a83b6303edcbcdd173d8dc59a8267dc7e3a890e10590e34da0,editorial-revision-2026-09-25,content/editorial-batch-2.11.9ae.json#s1057,"The radio is called silent yet sends a signal, and a hiking-group emergency-beacon test is inferred from a battery mark and old rescue codes. Make the speaker turned down and a routine scheduled check recorded by a named hiking group; Bea verifies the appointment rather than treating a real distress call casually. Final read-through simplified sentence structure for Level 3."
s1058,The Hidden Bakery Window,ad822ecb9f2f2785226acec12d27df17b650b42d27c38d4a4c4a0227cb3ff075,editorial-revision-2026-09-25,content/editorial-batch-2.11.9ae.json#s1058,"The original asserts that a child wrote on glass months earlier and the words return in cold weather, but does not establish a sound mechanism. Sora watches the baker’s child write each morning on freshly fogged glass, resolving why the words appear only after the ovens are warm."
s1059,The Hidden Farm Gate,f1880e6dcd63b17d0dd7650ed792170ab6126d7fd3b78497ed2ed77d92c2cb8f,editorial-revision-2026-09-25,content/editorial-batch-2.11.9ae.json#s1059,"The original sends Milo to a music room for donkey hair, repeats the conclusion and never explains the safe-latch choice. Keep all clues at the farm and show the donkey lifting a simple hook; a farmer then fits a latch the animal cannot open."
s1060,The Hidden Music Box,37974411f55fb28a01d3874f571b9d2aae142649c73f666cb641e1c151c4586a,editorial-revision-2026-09-25,content/editorial-batch-2.11.9ae.json#s1060,"The old account repeats the raised-pin clue and uses a lake office for an unrelated music box. Put the box in a town museum, compare its cylinder with an earlier photograph, and let the curator find the later repair note before identifying the extra notes. Final read-through simplified sentence structure for Level 3."
s1061,The Light on Hidden Lake,9da36d22933b520fa2246e3cd2facf82e460a84b4f9970617ca656b629ed84a2,editorial-revision-2026-09-25,content/editorial-batch-2.11.9ak.json#s1061,"The original jumps from a lake to a costume room, repeats seed clues and contains a malformed sentence; wet seed cases do not explain a moving single light. Make a shore light and its moving reflection observable from two positions."
s1062,The Compass Near the Mill,38d0d5dabde5f4a783b9e847b746b451e24ffd8fcd69715b3bcd6bbd8b6dd7b6,editorial-revision-2026-09-25,content/editorial-batch-2.11.9ak.json#s1062,"A compass that always points to a mill cannot be explained by dust inside its case, and the story repeats an opening test. Explain a local magnetic pull near a gate and verify the compass away from it with the owner present."
s1063,The Brass Key and Blue Paint,a9436cf9a5a9540aff7611ef31fbccbc00372f591c2246575a75aa6132bdee64,editorial-revision-2026-09-25,content/editorial-batch-2.11.9ak.json#s1063,"The original key is brass but called silver, and a stage worker supposedly borrows a key to mend a painted door without showing what it opens. Give the key a real lock, trace paint to a worker preparing the garden stage and return it with permission."
s1064,The Bell in the Wind,4647c545d5fef01b6c8bc5c31f00b0ccd83c9002994c8c9eea5a46fc56a07dc8,editorial-revision-2026-09-25,content/editorial-batch-2.11.9ak.json#s1064,"The original sends Ravi from school to a bakery, introduces fresh mud that has no causal link to the bell, and claims a branch pulled the rope. Place every clue at the school and distinguish the wind-driven branch from a caretaker’s later footprints."
s1065,The Violin in the Dry Room,ccbcde009208c6f6e26d026451cc1fc7139cae512ca8a420e7838ef0930807b5,editorial-revision-2026-09-25,content/editorial-batch-2.11.9ak.json#s1065,The original places a bow hair beside a chair but does not connect it to the violin’s destination and repeats the reveal. Put the bow and instrument in a clearly identifiable dry room and show the leaking pipe as a reason to move them.
s1066,The Missing Recipe Book,6942c9803a757c658227c9ffd78f36d271cdf1363d976b738d44a8aaf1c4d348,editorial-revision-2026-09-25,content/editorial-batch-2.11.9ak.json#s1066,"The original repeats a handprint clue and says an assistant hid the recipe book behind sacks while cleaning milk, then finds it clean in a box; the sequence is unclear. Keep the assistant’s protective move, have the mark show where the book was last handled and reveal the box."
s1067,The Ticket Beneath the Calendar,bd166a8e753c5f23a8a32a27d8c112d4ea718d71093e38bdb312069cba5d5ab0,editorial-revision-2026-09-25,content/editorial-batch-2.11.9ak.json#s1067,"The title redundantly says “Silver Silver,” a music-room setting makes the train ticket arbitrary, and the story announces evidence found the next day while the traveler catches a train. Place the search before departure in a station office and make the calendar clue decisive."
s1068,The Stones by the Pond,c190ac2426fa59a322718b19f48ab3be3f1e63e36d4f0528e66118a9365f018d,editorial-revision-2026-09-25,content/editorial-batch-2.11.9ak.json#s1068,"The story calls an existing map route safe though the path does not yet exist, and repeats the stone clue without explaining why it was drawn. Label the map a proposal and confirm an unfinished route from a gardener before updating the public map."
s1069,The Coin in the Glass Case,6f8d383e72aaea9b3238edc3d2078dc780cc9a76c141b886c0f87989c11247e4,editorial-revision-2026-09-25,content/editorial-batch-2.11.9ak.json#s1069,"The coin cannot both change places and only appear different in changing light, and the snowy village has no relation to the museum. Show two fixed coins in one case, shifting sunlight and a precise observation from a second viewing angle."
s1070,The Blue Lantern at the Park,b0fb87be301d984666edc83fcb8568845fee90337d4e84dc5546d54f45a0791d,editorial-revision-2026-09-25,content/editorial-batch-2.11.9ak.json#s1070,"The original places a glowing lantern in an empty house but waits at a riverside park to prove a neighbor lit it to guide a cat, an unsupported link. Set the light in a park boathouse with an authorized caretaker, a candle clue, and a separate search for the cat."
s1071,The Harbor Flag and the Kite,fc2381ee6d5426bc9f188bdfb8409d4da8c67017a26a17a6beb5b980d90cdf96,editorial-revision-2026-09-25,content/editorial-batch-2.11.9al.json#s1071,"The harbor flag is investigated at a public garden, and the text repeats both string and conclusion before identifying a kite. Move the observation to the harbor, test wind with nearby flags and have an authorized keeper remove the line safely."
s1072,The Card in the Returned Books,d53936198b1180cdce9f040c99da2ec0bce4955e143f8c4391cddeaee3ae253b,editorial-revision-2026-09-25,content/editorial-batch-2.11.9al.json#s1072,"A library card repeatedly found in different books has no meaningful connection to a corner bakery or identical drawings on bookmarks. Place the search in the library, make the same child’s card identifiable without publishing private details and return it."
s1073,The Button in the Greenhouse,fdd4eb474898f801b75effc4ffd3a568a86c04cae6cddba8c0efcc7c9fddda2e,editorial-revision-2026-09-25,content/editorial-batch-2.11.9al.json#s1073,"The original starts at a lost-property desk but the button appears inside a locked greenhouse, repeating a rose-bush thread without locating the owner. Put the mystery at the greenhouse, trace the thread to a coat and account for the locked door."
s1074,The Clock Hand on the Ledge,a0fef666ee03a0a12bbe6b5ce740fd3fd28b9b8e38ddc2af05062b8fbbc0d5c3,editorial-revision-2026-09-25,content/editorial-batch-2.11.9al.json#s1074,"A large minute hand cannot plausibly slide down a narrow drainpipe into a workshop, and the market’s metal dust is unrelated. Place a scrape on the clock face and retrieve the loose hand from an inner ledge with a trained clockmaker."
s1075,The Painted Shell in the Basket,1f3db40d5e1a53a33105866ca32ef6b38f05bb0d32a1776fa5d0344f9a70c618,editorial-revision-2026-09-25,content/editorial-batch-2.11.9al.json#s1075,"A shell allegedly washed up far from the sea conflicts with a sand-filled delivery basket and an unexplained friendship conclusion. Put the painted shell in a market basket, follow a label and ask the child who placed it there."
s1076,The Crown in the Tree,bf1edba825bc93d69f8c872a2f6085e2d11422c3e9fe2edf8d5acdd584519514,editorial-revision-2026-09-25,content/editorial-batch-2.11.9al.json#s1076,"A paper crown blows out of a window and into a tree, yet an overnight search and a long pole guarantee no damage. Keep the gold-paper trace and have a groundskeeper safely recover the fragile prop in time for the play."
s1077,The Bicycle at the Closed Station,577186ef39579e6b2dcd45b4a58dd764170444c47cef324a6d63172a0a02df9f,editorial-revision-2026-09-25,content/editorial-batch-2.11.9al.json#s1077,"The doubled “Silver Green” title, unspecified snowy-village sketch, and test of whether the bike could move again obscure a straightforward station incident. Set a specific arrival time, explain the wet glove and have staff secure the bicycle until its owner returns."
s1078,The Stone Bird by the River,80dc8753eb09984a91559c9ad7f05bf0d77e847b0295de8f98387a3368bb705b,editorial-revision-2026-09-25,content/editorial-batch-2.11.9al.json#s1078,"The original says a stone statue turns overnight due to soil movement, but offers only a moss line and a vague strengthening of ground. Show measurable tilting after rain, close the area and ask a conservator and ground specialist to stabilize it."
s1079,The Letter in the Trail Box,be761c3c4685d14185de8fcdf8c509bc7dcd8fe0e567ba9aa8e2ece9c0eef62d,editorial-revision-2026-09-25,content/editorial-batch-2.11.9al.json#s1079,"Pine scent is too weak to establish a sender, and an anonymous sealed letter’s content is somehow known and displayed without a clear addressee. Give it a named recipient and a physical trail-box route, and let that recipient decide whether to share it."
s1080,The Spoon in the Flower Vase,a5c44ed32ec7bdf19cfab11397f8de9338eeb36dae83a4d8f3c26587d7505dae,editorial-revision-2026-09-25,content/editorial-batch-2.11.9al.json#s1080,"The repetitive mystery says a spoon falls into flowers carried elsewhere but provides no physical sequence from table to vase. Put a wide vase near the serving tray, follow the scratch and ask the person who moved it."
s1081,The Silver Empty Frame,14c94a42e70e75e976946af9eee447b42a4e53d1f7727d144dbc21acf22e98e3,inherited-v2.9.4,fact_check_all_2000.csv#s1081,Unchanged text; prior editorial claim retained. Not independently rechecked in this release.
s1082,The Silver Roof Footprint,63f9e78c8617b13d4b50cdab03c9868f15623bebf0fe99be17779e16a13280ef,inherited-v2.9.4,fact_check_all_2000.csv#s1082,Unchanged text; prior editorial claim retained. Not independently rechecked in this release.
s1083,The Silver River Notebook,b0269ad6a905fdbcb5042b49cbb552a82f08937dbab2c8c3008599fb817619d0,inherited-v2.9.4,fact_check_all_2000.csv#s1083,Unchanged text; prior editorial claim retained. Not independently rechecked in this release.
s1084,The Silver Market Whistle,1616d07786678685421646863169b51f04ac4f5a3b131a514e5569e7d63f89f5,inherited-v2.9.4,fact_check_all_2000.csv#s1084,Unchanged text; prior editorial claim retained. Not independently rechecked in this release.
s1085,The Silver Black Umbrella,bd93d39c5adfe04cf12f30f58b1d5ce90b2faf5dcbc7219c70ddf2e80d420bac,inherited-v2.9.4,fact_check_all_2000.csv#s1085,Unchanged text; prior editorial claim retained. Not independently rechecked in this release.
s1086,The Silver Orchard Box,d9372613c243fc9f6c35c170a24161bed8bd0665c87c5c2a383670b3a9e3614d,inherited-v2.9.4,fact_check_all_2000.csv#s1086,Unchanged text; prior editorial claim retained. Not independently rechecked in this release.
s1087,The Silver Theater Mask,b4ba3819e147593cd76056d9f3fdc001d0a59098862532a751e8c74fa0a64a9e,inherited-v2.9.4,fact_check_all_2000.csv#s1087,Unchanged text; prior editorial claim retained. Not independently rechecked in this release.
s1088,The Silver Mountain Radio,a0bf3831c0b9f1bc8f3ab0b4a9cd8cefe150c0458b0e894ff2ebb6342ec45bb9,inherited-v2.9.4,fact_check_all_2000.csv#s1088,Unchanged text; prior editorial claim retained. Not independently rechecked in this release.
s1089,The Silver Bakery Window,41d23ad8786818def2438d7c83998e123c061356e46f23756a2d69b2065ecc09,inherited-v2.9.4,fact_check_all_2000.csv#s1089,Unchanged text; prior editorial claim retained. Not independently rechecked in this release.
s1090,The Silver Farm Gate,4ae366e1cc187e4443fc58a124fe4dc12a32b7e0e376a162291d75d2a2e193ab,inherited-v2.9.4,fact_check_all_2000.csv#s1090,Unchanged text; prior editorial claim retained. Not independently rechecked in this release.
s1091,The Silver Music Box,348016abb2646f3c83e4f5c5403c972ce156bfdf8c71673b4b79519ccca46b61,inherited-v2.9.4,fact_check_all_2000.csv#s1091,Unchanged text; prior editorial claim retained. Not independently rechecked in this release.
s1092,The Silver Lake Light,7992311b6553cfe93c7dca6f3523d82fced9b9d21cb56c61b1471b76fb36441e,inherited-v2.9.4,fact_check_all_2000.csv#s1092,Unchanged text; prior editorial claim retained. Not independently rechecked in this release.
s1093,The Silver Wooden Compass,6030c2a9207d4d0ef7475780b1504027e2e32d657834c168e7bedb82d908bb1d,inherited-v2.9.4,fact_check_all_2000.csv#s1093,Unchanged text; prior editorial claim retained. Not independently rechecked in this release.
s1094,The Last Brass Key,7fab6179f41338cb57a175e010c14de88331ae0df76a636c5a95c783886ee7eb,inherited-v2.9.4,fact_check_all_2000.csv#s1094,Unchanged text; prior editorial claim retained. Not independently rechecked in this release.
s1095,The Last School Bell,95e20be0860de20465452021ee438ee211fbb732cedaa87e071583094662ae3d,inherited-v2.9.4,fact_check_all_2000.csv#s1095,Unchanged text; prior editorial claim retained. Not independently rechecked in this release.
s1096,The Last Red Violin,623ec8185b5b7cebbc3e7f9a1e1062ed19cfcc5c2893cbad5ab396e28f88fcdd,inherited-v2.9.4,fact_check_all_2000.csv#s1096,Unchanged text; prior editorial claim retained. Not independently rechecked in this release.
s1097,The Last Recipe Book,8a8dc6049e8c0cce2397d802cace20e7a04600bd106ff6c9a98ef8b6e9e823de,inherited-v2.9.4,fact_check_all_2000.csv#s1097,Unchanged text; prior editorial claim retained. Not independently rechecked in this release.
s1098,The Last Silver Ticket,5d31e488b23d349a3874055ab9977dabb1cb6d4639cf778dc6c522533fe82b7b,inherited-v2.9.4,fact_check_all_2000.csv#s1098,Unchanged text; prior editorial claim retained. Not independently rechecked in this release.
s1099,The Last Garden Map,cbee6b0b0c905e1cd0c40df361cb202e42d4392fcdc7e4c5eb55cc6fc48c20f1,inherited-v2.9.4,fact_check_all_2000.csv#s1099,Unchanged text; prior editorial claim retained. Not independently rechecked in this release.
s1100,The Last Museum Coin,f66163f58109099b6cc5e281e0d96ec9128d8b5c4099422152039d2e6345bc8d,inherited-v2.9.4,fact_check_all_2000.csv#s1100,Unchanged text; prior editorial claim retained. Not independently rechecked in this release.
s1101,The Last Blue Lantern,8f91f6bf5b93ae88fac1804b5d33c5eca3b0dcc4f7f9e43bb215256932c2be5b,inherited-v2.9.4,fact_check_all_2000.csv#s1101,Unchanged text; prior editorial claim retained. Not independently rechecked in this release.
s1102,The Last Harbor Flag,52c475ff9cc85a05747ed2b24cd1cd6927fe175d023e526866fe4484a40ce7b6,inherited-v2.9.4,fact_check_all_2000.csv#s1102,Unchanged text; prior editorial claim retained. Not independently rechecked in this release.
s1103,The Last Library Card,3d28c4dbe2d2137b01fd0fc2d52214b95ff085eb42faad9d3500cfabc740c769,inherited-v2.9.4,fact_check_all_2000.csv#s1103,Unchanged text; prior editorial claim retained. Not independently rechecked in this release.
s1104,The Last Glass Button,cdb977fd280bdb7b3aff5d9d87d07744f9b5a9a229c2be2e9ec9d98757e0dc18,inherited-v2.9.4,fact_check_all_2000.csv#s1104,Unchanged text; prior editorial claim retained. Not independently rechecked in this release.
s1105,The Last Clock Hand,a2c76791b9c59c81dd639cde1ef41172e62e087801645fd1ce6a69117f1bd403,inherited-v2.9.4,fact_check_all_2000.csv#s1105,Unchanged text; prior editorial claim retained. Not independently rechecked in this release.
s1106,The Last Painted Shell,7deeccfef9d6b5f6c76587af6071807bea6eb8a6097a1dcc533cfde3fb7ea021,inherited-v2.9.4,fact_check_all_2000.csv#s1106,Unchanged text; prior editorial claim retained. Not independently rechecked in this release.
s1107,The Last Paper Crown,c522e51bd4a033932bcdb814f327ea5ffa40b138bdff8eafcc8bbfada32c57f4,inherited-v2.9.4,fact_check_all_2000.csv#s1107,Unchanged text; prior editorial claim retained. Not independently rechecked in this release.
s1108,The Last Green Bicycle,29a8709fd74f21267eea9b722e7947f16c8e6a189559f96194afa690d5f0f09f,inherited-v2.9.4,fact_check_all_2000.csv#s1108,Unchanged text; prior editorial claim retained. Not independently rechecked in this release.
s1109,The Last Stone Bird,6b4377f5c8d13e3c3397b93ffb176d57cd236444cc9393b43c6a944d8e5b7460,inherited-v2.9.4,fact_check_all_2000.csv#s1109,Unchanged text; prior editorial claim retained. Not independently rechecked in this release.
s1110,The Last Sealed Letter,b158d9c76652f003252ab14849e89fb79414bd7e9eab515508f34d91df9dc913,inherited-v2.9.4,fact_check_all_2000.csv#s1110,Unchanged text; prior editorial claim retained. Not independently rechecked in this release.
s1111,The Last Gold Spoon,7872e52079c3141b0b393b6be4c31575eac4c2eb8370483db85665d97531260c,inherited-v2.9.4,fact_check_all_2000.csv#s1111,Unchanged text; prior editorial claim retained. Not independently rechecked in this release.
s1112,The Last Empty Frame,71f8d952ba6ee3a87533758843ca00b707772173bdefef39fe7e75e08865bdab,inherited-v2.9.4,fact_check_all_2000.csv#s1112,Unchanged text; prior editorial claim retained. Not independently rechecked in this release.
s1113,The Last Roof Footprint,343489e793d9988b88f7661ffd1183a46c77b865710fea6f0f6b7cdd83e6f671,inherited-v2.9.4,fact_check_all_2000.csv#s1113,Unchanged text; prior editorial claim retained. Not independently rechecked in this release.
s1114,The Last River Notebook,8d4c4fe1a92d038a03972b5bddea58a9179b5d2956aae5cf9a76916ddc2b8724,inherited-v2.9.4,fact_check_all_2000.csv#s1114,Unchanged text; prior editorial claim retained. Not independently rechecked in this release.
s1115,The Last Market Whistle,df3aa02b0c11e805a8e7481385757e798170c16db35821a2cac2caf94e690476,inherited-v2.9.4,fact_check_all_2000.csv#s1115,Unchanged text; prior editorial claim retained. Not independently rechecked in this release.
s1116,The Last Black Umbrella,2c6e781c900129e75cb231a3b8349c450da4e37a6b22912994d9fa4a4c920033,inherited-v2.9.4,fact_check_all_2000.csv#s1116,Unchanged text; prior editorial claim retained. Not independently rechecked in this release.
s1117,The Last Orchard Box,c9554c53518321309b6e5cf88a142e9978e79e4bb47c350854cc9aea147f8737,inherited-v2.9.4,fact_check_all_2000.csv#s1117,Unchanged text; prior editorial claim retained. Not independently rechecked in this release.
s1118,The Last Theater Mask,28005411dbbf94c68208a88d60dc2506d9b373efb2bbc2c10409ad115d907780,inherited-v2.9.4,fact_check_all_2000.csv#s1118,Unchanged text; prior editorial claim retained. Not independently rechecked in this release.
s1119,The Last Mountain Radio,49dec4b5a35ce0360d79feba78bf78295934374c9e58805c28c6eb55ac6b2a84,inherited-v2.9.4,fact_check_all_2000.csv#s1119,Unchanged text; prior editorial claim retained. Not independently rechecked in this release.
s1120,The Last Bakery Window,e8189e1e4a23d9f7502e8bd12409c342fd9cd512cb200ba110dac0069d76deb0,inherited-v2.9.4,fact_check_all_2000.csv#s1120,Unchanged text; prior editorial claim retained. Not independently rechecked in this release.
s1121,The Last Farm Gate,4f8084d21eb0228aadc5a58b6dba3f62cf0789d9913efd3ba3ddca706d49d385,inherited-v2.9.4,fact_check_all_2000.csv#s1121,Unchanged text; prior editorial claim retained. Not independently rechecked in this release.
s1122,The Last Music Box,4b44f8e737d7e0eb2a77cb71bbe66854ea6e38f6ac03061391224b38ea59110c,inherited-v2.9.4,fact_check_all_2000.csv#s1122,Unchanged text; prior editorial claim retained. Not independently rechecked in this release.
s1123,The Last Lake Light,825f58cc1edbdb63c20164ee036be753d0fc5830c032fc44fa27d0259ddc10f7,inherited-v2.9.4,fact_check_all_2000.csv#s1123,Unchanged text; prior editorial claim retained. Not independently rechecked in this release.
s1124,The Last Wooden Compass,9c71fe8f4e5812dce7f20f8adb0d94b5d28c5d703d932707bc10c67237b79d73,inherited-v2.9.4,fact_check_all_2000.csv#s1124,Unchanged text; prior editorial claim retained. Not independently rechecked in this release.
s1125,The Unseen Brass Key,09ab22f41ca7edc9637fed8b16ba22ff74898e325be62cf9cb77caa7c7b66095,inherited-v2.9.4,fact_check_all_2000.csv#s1125,Unchanged text; prior editorial claim retained. Not independently rechecked in this release.
s1126,The Unseen School Bell,f7197f2074df4ca21f4b2fffa71157420a1c9ab35571ae10a813889cadfe7be1,inherited-v2.9.4,fact_check_all_2000.csv#s1126,Unchanged text; prior editorial claim retained. Not independently rechecked in this release.
s1127,The Unseen Red Violin,9c217bcb591008375dc089959bcc0e7a9aa2ffb970062ae7c5b425ee049e9ca6,inherited-v2.9.4,fact_check_all_2000.csv#s1127,Unchanged text; prior editorial claim retained. Not independently rechecked in this release.
s1128,The Unseen Recipe Book,f60639fbc302317a596cee9f8082b1e7f7bb526958db7911fb5c325ee2a32705,inherited-v2.9.4,fact_check_all_2000.csv#s1128,Unchanged text; prior editorial claim retained. Not independently rechecked in this release.
s1129,The Unseen Silver Ticket,600bdabc733192b6883077bf708ca61f03dedae4a322eda2b77cd47a969b1969,inherited-v2.9.4,fact_check_all_2000.csv#s1129,Unchanged text; prior editorial claim retained. Not independently rechecked in this release.
s1130,The Unseen Garden Map,01f57b69d4e43838f575f7612a77a240eb569f000d58f61cbb5adae27a39ddc4,inherited-v2.9.4,fact_check_all_2000.csv#s1130,Unchanged text; prior editorial claim retained. Not independently rechecked in this release.
s1131,The Unseen Museum Coin,d88d9e8f2e421c1dac85c066f9d2faa59deca0c6e898402043a18d2c2eceb348,inherited-v2.9.4,fact_check_all_2000.csv#s1131,Unchanged text; prior editorial claim retained. Not independently rechecked in this release.
s1132,The Unseen Blue Lantern,11531b146639ba57f27ca9c02accb73df7d5172016a4dd16ac6909d307be3b2d,inherited-v2.9.4,fact_check_all_2000.csv#s1132,Unchanged text; prior editorial claim retained. Not independently rechecked in this release.
s1133,The Unseen Harbor Flag,aa5db0f2fd025d785cf42a9418d023ec88f904d5f6a96d48b9670874d31a484f,inherited-v2.9.4,fact_check_all_2000.csv#s1133,Unchanged text; prior editorial claim retained. Not independently rechecked in this release.
s1134,The Unseen Library Card,d654330cc0df3ea6418ea071710783af1ceadb3cba3202dcab6adbb501fc57fb,inherited-v2.9.4,fact_check_all_2000.csv#s1134,Unchanged text; prior editorial claim retained. Not independently rechecked in this release.
s1135,The Unseen Glass Button,04fc8e801d924ebf330f4e342d0942623897c9939f5a4242b98f7984424c5dce,inherited-v2.9.4,fact_check_all_2000.csv#s1135,Unchanged text; prior editorial claim retained. Not independently rechecked in this release.
s1136,The Unseen Clock Hand,801e5182c8efdb2a1ebfade4aa005ebe89eb43f9da419682f6d2efc4742d4627,inherited-v2.9.4,fact_check_all_2000.csv#s1136,Unchanged text; prior editorial claim retained. Not independently rechecked in this release.
s1137,The Unseen Painted Shell,f2574eabbffa24d7f22398895472dbaf6992d20aee69ba8da8f802ece0e704ea,inherited-v2.9.4,fact_check_all_2000.csv#s1137,Unchanged text; prior editorial claim retained. Not independently rechecked in this release.
s1138,The Unseen Paper Crown,d05ceb4a1139c29db9d08647379c0215ffeaad8d926d1287b32527a40c06679e,inherited-v2.9.4,fact_check_all_2000.csv#s1138,Unchanged text; prior editorial claim retained. Not independently rechecked in this release.
s1139,The Unseen Green Bicycle,8544d0c2713c184a7b2fe4dcb3f96f7b84d4bb1c902f3e897059c8a62aa76956,inherited-v2.9.4,fact_check_all_2000.csv#s1139,Unchanged text; prior editorial claim retained. Not independently rechecked in this release.
s1140,The Unseen Stone Bird,a659b667f822409ece691f39c57ac28a5d2f13653ad37da6122ba1e33ea5a163,inherited-v2.9.4,fact_check_all_2000.csv#s1140,Unchanged text; prior editorial claim retained. Not independently rechecked in this release.
s1141,The Unseen Sealed Letter,821c9a41958874f56697c56e23b49d111a7b99cdff0820b05f7c5054ba558acb,inherited-v2.9.4,fact_check_all_2000.csv#s1141,Unchanged text; prior editorial claim retained. Not independently rechecked in this release.
s1142,The Unseen Gold Spoon,62e059ecb0434f8e11943022c622e1f6f986c7ac05b92ccf73ef6ca5aca974e1,inherited-v2.9.4,fact_check_all_2000.csv#s1142,Unchanged text; prior editorial claim retained. Not independently rechecked in this release.
s1143,The Unseen Empty Frame,22991045f95ef9dbb447fae4282115ec80fd8be9d659ecb28c63312566e5108c,inherited-v2.9.4,fact_check_all_2000.csv#s1143,Unchanged text; prior editorial claim retained. Not independently rechecked in this release.
s1144,The Unseen Roof Footprint,0e7bcc6242d5c097c11b7508c06df17d67c38aac9180c3f2b511d6cff1d13ee2,inherited-v2.9.4,fact_check_all_2000.csv#s1144,Unchanged text; prior editorial claim retained. Not independently rechecked in this release.
s1145,The Unseen River Notebook,7efb3f6cd8d1bad99d51a301e88c1c9b348887cdf76948379d096885a44325a4,inherited-v2.9.4,fact_check_all_2000.csv#s1145,Unchanged text; prior editorial claim retained. Not independently rechecked in this release.
s1146,The Unseen Market Whistle,b428687a2a29e49a68bb43c60cb28544e68091ff1e1e43dcddf445d9c83f2e5c,inherited-v2.9.4,fact_check_all_2000.csv#s1146,Unchanged text; prior editorial claim retained. Not independently rechecked in this release.
s1147,The Unseen Black Umbrella,ac1b96c22ed01b7ab09adf638296e2fdd0f4b25fe01d6cc77439bb3ddede5ae1,inherited-v2.9.4,fact_check_all_2000.csv#s1147,Unchanged text; prior editorial claim retained. Not independently rechecked in this release.
s1148,The Unseen Orchard Box,080403b1a01679479e18c2beafaeb2df92904ac2148e6c1cfee9706fccea2ea4,inherited-v2.9.4,fact_check_all_2000.csv#s1148,Unchanged text; prior editorial claim retained. Not independently rechecked in this release.
s1149,The Unseen Theater Mask,9e1698a57f4048f3c189a597c6dee707105fb5348165ec44188978d973930c5e,inherited-v2.9.4,fact_check_all_2000.csv#s1149,Unchanged text; prior editorial claim retained. Not independently rechecked in this release.
s1150,The Unseen Mountain Radio,ddd444523a9f8226af42abbafd112201fd1c8b3470ee0df39de2408197d9c2a2,inherited-v2.9.4,fact_check_all_2000.csv#s1150,Unchanged text; prior editorial claim retained. Not independently rechecked in this release.
s1151,The Unseen Bakery Window,199d99c0045232761cd48c1e4f007f02ae35beaef381ccc970213d95a4469c9f,inherited-v2.9.4,fact_check_all_2000.csv#s1151,Unchanged text; prior editorial claim retained. Not independently rechecked in this release.
s1152,The Unseen Farm Gate,19429e21b61d19a3a4f52c7a8b0dc5621567550c0f27ac2d078482238384204f,inherited-v2.9.4,fact_check_all_2000.csv#s1152,Unchanged text; prior editorial claim retained. Not independently rechecked in this release.
s1153,The Unseen Music Box,6ef46b59969544d76c608f35f6ee474ffea5bc48ac17eb2cd61ffb232685ee9d,inherited-v2.9.4,fact_check_all_2000.csv#s1153,Unchanged text; prior editorial claim retained. Not independently rechecked in this release.
s1154,The Unseen Lake Light,3242e77f85ae7b330eaff0e92867e6f774b0d3242603ae3573c3710973fa0ea2,inherited-v2.9.4,fact_check_all_2000.csv#s1154,Unchanged text; prior editorial claim retained. Not independently rechecked in this release.
s1155,The Unseen Wooden Compass,0eb49a58d7ad918fb213e42beb205774213252cd9295050867cedf8d08a6d43e,inherited-v2.9.4,fact_check_all_2000.csv#s1155,Unchanged text; prior editorial claim retained. Not independently rechecked in this release.
s1156,An Unexpected Day in Kyoto,e6ae3b3141628c866b5ebc69596b42389c8258f243dc121829c153eb6866c642,fiction-rechecked,content/editorial-batch-2.11.4.json#s1156,"Full language and narrative check of invented travel scene; no real route, service or date claimed."
s1157,An Unexpected Day in Seoul,eb3e7a09d74175a20ebe8124826bd0ab5fac865dc8483cf2fadd4475de7a278a,fiction-rechecked,content/editorial-batch-2.11.4.json#s1157,"Full language and narrative check of invented travel scene; no real route, service or date claimed."
s1158,An Unexpected Day in Taipei,52d3cf7b4e9fe4e75d38edbe02ee511e5f27c3eefdbb6a77aa4506f5b17a141d,fiction-rechecked,content/editorial-batch-2.11.4.json#s1158,"Full language and narrative check of invented travel scene; no real route, service or date claimed."
s1159,An Unexpected Day in Hanoi,41f1be835551c88065afca9f75a092fda2e4be3949b34608b540ee6285711350,fiction-rechecked,content/editorial-batch-2.11.6.json#s1159,"A closed café, nearby bookshop and message to a friend form a specific, plausible detour. Clear Mara/he/friend referents replace the template and the unrelated blue-door garden."
s1160,An Unexpected Day in Chiang Mai,afec5fe71030d217176095d0602f78a8c9c66fc8dfaaafd0f5b8a80ce8ee3731,fiction-rechecked,content/editorial-batch-2.11.6.json#s1160,A misread class time leads to helping set out supplies; the teacher arrives and the outcome follows. Removes an unexplained shared bus ride and repeated moral.
s1161,An Unexpected Day in Singapore,aaf88da44d0178e26783836c5be6ef64d68ff6ed26090581439c6476f295d14f,fiction-rechecked,content/editorial-batch-2.11.6.json#s1161,"A rail delay, station worker, nearby bus and arrival at the garden form a clear causal route. Avoids the old library-worker appearance and ambiguous they."
s1162,An Unexpected Day in Delhi,92679156f1672e19ce861567b017b45fd16b3496c0401cce700f1d2b9c5930b4,fiction-rechecked,content/editorial-batch-2.11.6.json#s1162,A dead phone explains why Vera asks the tea-shop owner for help; aunt confirms location and meets her. Removes the unsupported claim that everyone knows a family.
s1163,An Unexpected Day in Istanbul,7962aa7bdca3c577f0f35a02420abbf4247c62a266fb81806e92f444ff4f78f8,fiction-rechecked,content/editorial-batch-2.11.6.json#s1163,"Fog delays a boat, and Eli chooses a nearby bakery for breakfast before returning. Food and delay are resolved without a vague other way."
s1164,An Unexpected Day in Athens,a182aa565d8aba1c13d556699921b600ea3986357debc615bfc7943a3e202124,fiction-rechecked,content/editorial-batch-2.11.6.json#s1164,The bus stops due to an invented march; the museum worker supplies a side-street route to the museum. Yuki reaches the original goal rather than seeing an unrelated play.
s1165,An Unexpected Day in Rome,c895655a00f412810b6dc77559aed28ce205abe17b247288d2e9d685f13f759b,fiction-rechecked,content/editorial-batch-2.11.6.json#s1165,"An old map and changed sign explain confusion; the newspaper seller points out the bookshop. Lina marks the new street name, tying ending to the opening."
s1166,An Unexpected Day in Lisbon,a1736272230821e0fc121c0d8a66714f3fefa66556b0bb46f82492524dd83943,fiction-rechecked,content/editorial-batch-2.11.6.json#s1166,"A full tram leads Noah to ask about the wait, choose a walk, and reach a sea view. The driver’s role is clear and the choice is voluntary."
s1167,An Unexpected Day in Reykjavik,c8f6bd469b3197c45f672ea43c967986e0363f7bfecf6a7bc5d270364af62562,fiction-rechecked,content/editorial-batch-2.11.6.json#s1167,"Cloud cover blocks a star view, then clears later; the hotel owner makes a tentative weather remark rather than guaranteeing conditions. Removes impossible simultaneous cloudy sky and visible reflected stars."
s1168,An Unexpected Day in Nairobi,908ffcd81ae906e18f83948eeedd7576a09fe70a162a8b3b98e1ec7e1366053f,fiction-rechecked,content/editorial-batch-2.11.6.json#s1168,"The closed road prevents following the map; the teacher describes an alternate block route, and Mara arrives at art class. The painted wall is a passing landmark only."
s1169,An Unexpected Day in Cape Town,83f3a18e513e591a220bfbd26c785044d0d946ad980393405076cdd5b3d9f430,fiction-rechecked,content/editorial-batch-2.11.6.json#s1169,"Strong wind and a park worker’s lower-path advice motivate a safer walk. Sara sees a beach view and chooses to return, without implying the high path is safe."
s1170,An Unexpected Day in Marrakech,1ec47d177f1a9215c36bd9f1783563f4963570d371d5c1c1244c0c883308dde2,fiction-rechecked,content/editorial-batch-2.11.6.json#s1170,"Faye recognizes a repeated fountain, asks a cloth maker and follows a blue-door landmark to the shop. Avoids a confusing water pool and a redundant visit to a family workshop."
s1171,An Unexpected Day in Mexico City,6030604a1cfa1f209cc6ae8c94018b187c5a2be17cae158d4aca2d103ec85208,fiction-rechecked,content/editorial-batch-2.11.6.json#s1171,"A closed gate, painted sign, ticket check and seated arrival make the show’s entry sequence intelligible. The invented event is not a claim about a real venue."
s1172,An Unexpected Day in Lima,137fe93fc639382dfb76fe731278312d985ca3b8e28b71ebdbfb0779c0bdf3ba,fiction-rechecked,content/editorial-batch-2.11.6.json#s1172,"Unknown dish name prompts an ingredient question, a small order and a note for later. Removes the unrelated many-family meal and unsupported generic lesson."
s1173,An Unexpected Day in Buenos Aires,1f738247ca6c3dc7a2b432709b491e55ec42e080c3473bec3f983da9dd68314e,fiction-rechecked,content/editorial-batch-2.11.6.json#s1173,"Loss of lights causes the teacher to move a class into a daylight yard. The speaker explains how Yuki follows the lesson, without implying a citywide power outage."
s1174,An Unexpected Day in Vancouver,99ddb23cf1f53ade6d6b9d66f2bf22d6d63eade2f22348b8c80bd4b1a6c3ee6a,fiction-rechecked,content/editorial-batch-2.11.7.json#s1174,"Changed an implausible boat worker repairing a bicycle to a nearby bicycle shop and pump. Lina’s flat tire, help and eventual park arrival form a complete route; singular references are clear."
s1175,An Unexpected Day in New Orleans,7cb00186f5914f97217d80556db5d52deb970ce0bc6414056538e1cd134a214d,fiction-rechecked,content/editorial-batch-2.11.7.json#s1175,"A street closure stops the bus early; a café worker identifies another street and Sora reaches the planned bookshop. The radio is incidental, not a claim about a real performance."
s1176,An Unexpected Day in Prague,098792fc07931da7ac5f68a49f2eee75d3077da7b5ec400a05e3632123a08ff8,fiction-rechecked,content/editorial-batch-2.11.7.json#s1176,"Will seeks a quiet place to read the map, uses a student’s directions, finds a bench and identifies the tower. Removed the meaningless clock seen in glass and repeated moral."
s1177,An Unexpected Day in Vienna,ea188269553c7dce3da5d6700d225a91d599a44016d0baa4b5638e5f3ddd84c7,fiction-rechecked,content/editorial-batch-2.11.7.json#s1177,"June’s missing vocabulary concerns a violin string; a photo identifies the item, the worker checks it, and the friend later confirms it fits. Removed vague pictures and music notes."
s1178,An Unexpected Day in Budapest,a06d0a3c417ebb6940474c2d9b2af78feb3c6bdd70c439a2bdbc988db4da36e9,fiction-rechecked,content/editorial-batch-2.11.7.json#s1178,Replaced an unsafe sudden small-boat solution to a bridge closure with a mapped alternative walking bridge. Zane follows the river and crosses before observing the lights.
s1179,An Unexpected Day in Helsinki,7905e497a618671bc38a59b704e85983318ee654f458ddbed84b102db394ec61,fiction-rechecked,content/editorial-batch-2.11.7.json#s1179,"A travel card fails; Milo checks it at the station desk, obtains a ticket and reaches the library. The sequence does not assert any actual fare policy or day-pass issuance."
s1180,An Unexpected Day in Tallinn,9c6406611df02944b84aed4085ba3e4467b6e287072b5969e5eceed3e35f23a2,fiction-rechecked,content/editorial-batch-2.11.7.json#s1180,A snowy map leads Iris to ask a passerby; the wide gate provides a clear landmark to the old walls. Removed an unexplained school worker and warm yard.
s1181,An Unexpected Day in Dubrovnik,9c336e3ed4f2dca536cc76dbf62ab1d157fecb6443024276f359a2806b24f654,fiction-rechecked,content/editorial-batch-2.11.7.json#s1181,"Heat prompts water, shade, rest and a shorter later walk. Pia describes a fictional visit; the story makes no recommendation to hike during dangerous heat or claim about site opening hours."
s1182,An Unexpected Day in Ulaanbaatar,e3035b4bbb6d303bdfd2296a7177483233647cc9077aca08db15be5c764810bd,fiction-rechecked,content/editorial-batch-2.11.7.json#s1182,"A driver reports delay, Dina informs her hosts, waits with another passenger, then calls again before leaving. The invented storm does not present real traffic or transport status."
s1183,An Unexpected Day in Kathmandu,13788023713fc038cd314a879a66703922de06a7c70daabab4bc8814cf098356,fiction-rechecked,content/editorial-batch-2.11.7.json#s1183,"Road work blocks Theo’s written entrance; a cyclist shows a second gate to the paper maker. He reaches the shop and chooses paper, completing the original purpose."
s1184,An Unexpected Day in Sydney,f055acd1817c9d341ae2e6632061b3b03c0620bbef95f3bfa9b8c0afeecec060,fiction-rechecked,content/editorial-batch-2.11.7.json#s1184,"A phone battery dies; Gus asks a runner about the named park, follows tree landmarks and uses a sign map on arrival. Removes the vague sea-and-hills direction."
s1185,An Unexpected Day in Auckland,df0d02754630b4842e59ff8619410304083a15f22dee3fedb5e98ab3827b6fda,fiction-rechecked,content/editorial-batch-2.11.7.json#s1185,"A delayed boat leads Will to ask a worker, take a short shore walk and return for a later departure. The worker does not invent a guaranteed timetable."
s1186,An Unexpected Day in Cusco,94e8052e058251511fb1e34f4ba758606ef8499e6f532d20b23a25d43f3b51c0,fiction-rechecked,content/editorial-batch-2.11.8.json#s1186,"The steep walk causes fatigue; a flower seller suggests a shorter route, and June rests and chooses one goal. Resolved singular pronouns and avoided implying a verified street route."
s1187,A Rainy Day in Kyoto,16cafaf42dbd25620ff2a276110dee16ba097aa30e8c1bb45ea4078adc968a9f,fiction-rechecked,content/editorial-batch-2.11.8.json#s1187,Rain now motivates help with the wet map. Directions in a bag lead Will to his sister at the bridge; removed the unexplained missed bus and plural pronouns.
s1188,A Rainy Day in Seoul,1971d667d2f3ea70e7e97e9dd11617875b764dbefb581439a05a23ec50e5039d,fiction-rechecked,content/editorial-batch-2.11.8.json#s1188,"Rain, a photo of the cafe, a nearby crossing and a saved seat provide a complete visit. Removed the improbable duplicate street name and ambiguous right turn."
s1189,A Rainy Day in Taipei,abf64a4d5f88871747709ef498f8e75b6b7ff2952e2a7268fab7f672770e6821,fiction-rechecked,content/editorial-batch-2.11.8.json#s1189,Rain disrupts a drawing session; a child’s paper boat offers a different subject under shelter. Removed a real train suspension and implausible fields on an urban route.
s1190,A Rainy Day in Hanoi,54e68695a2c3aa862c4292b5ee446912f55abcfa8fc9be66b5e05e231d9ac5f4,fiction-rechecked,content/editorial-batch-2.11.8.json#s1190,A shower and obscured street sign lead to a simple landmark and successful cafe arrival. Removed the unrelated bicycle worker calling a cafe.
s1191,A Rainy Day in Chiang Mai,228419b8e5b3b57356097c71bee8393c12be422e1e2c96118f987bb121fac7a8,fiction-rechecked,content/editorial-batch-2.11.8.json#s1191,"A misread time explains the closed class door; Iris checks with a student, waits, and returns on time. Rain is relevant to the changed plan."
s1192,A Rainy Day in Singapore,cfdfeb11d512f7bb5a41ef1108cab57d42208cddee0a4a5d18b2b08288592c1a,fiction-rechecked,content/editorial-batch-2.11.8.json#s1192,"Rain prompts Pia to wait, message her friend and meet under cover. Avoided inventing an actual train outage, roof garden or guaranteed sheltered public route."
s1193,A Rainy Day in Delhi,2b645c861337840d6e30f29081f8bb38520bc16411762f688e7b599ee906bcdf,fiction-rechecked,content/editorial-batch-2.11.8.json#s1193,"Rain blurs a written number; Sora calls her cousin, uses a blue door and checks the name. The tea seller points only to the lane rather than investigating neighbors."
s1194,A Rainy Day in Istanbul,c694a9e803553045e91b5bd27af60a33cab21c07a2e34dd6ca9fe7bca6b93257,fiction-rechecked,content/editorial-batch-2.11.8.json#s1194,Rain changes Theo’s voluntary boat plan; sketching in the bakery creates a self-contained alternative afternoon. No actual service suspension is asserted.
s1195,A Rainy Day in Athens,36ac47ccecbc3ad8037c201441809e0d1c895eabb74f1cafff4d94cee7b410e1,fiction-rechecked,content/editorial-batch-2.11.8.json#s1195,"Rain interrupts reading; Gus shelters, returns and finishes his book. Removed an unsourced street march, unspecified play and arbitrary bus rerouting."
s1196,A Rainy Day in Rome,8ff70362085802af89bb62e91b2cf26073f1170474e2cdc25e93ea4e31ba53c5,fiction-rechecked,content/editorial-batch-2.11.9.json#s1196,Restored the promised rainy setting; a friend identifies a fictional shop by its painted bird. Removed unverified old street-name mapping and generalized claims about Rome.
s1197,A Rainy Day in Lisbon,fd78676e25c8527e13ff78caded93fc32087fb4a5c37e70d0dc1dfdc323c65f7,fiction-language-revised,content/editorial-batch-2.11.2.json#s1197,Remove implausible unsupported tram-to-coast and sea-view route; match rainy title; fictional visit.
s1198,A Rainy Day in Reykjavik,58e74067330eb2cd7a2f45017a5ee27b0887be8d461e054dbcd6e823031e638f,fiction-rechecked,content/editorial-batch-2.11.9.json#s1198,"Rain and low clouds prevent the planned sky photo; puddle reflections are of car lights, avoiding the impossible star reflection beneath an opaque sky and unsupported tour route."
s1199,A Rainy Day in Nairobi,3cc4d3e5dccc89bdd71a7515414fb4dddd5a9ec7e964b16368bf1ca661e5fc59,fiction-rechecked,content/editorial-batch-2.11.9.json#s1199,"Rain blurs a note; Uma calls the named teacher and finds the art class by a painted entrance. Removed disconnected road closure, circular wall discovery and broad claims about a city."
s1200,A Rainy Day in Cape Town,6f9e2b5a94dcd150e9ef4fc613088ce73462eac202a3005ab9e67cc0ea032919,fiction-rechecked,content/editorial-batch-2.11.9.json#s1200,"Rain motivates a short route back; Dina checks the sign and reaches the street. Removed an invented official trail closure, ranger and factual ecology lessons from unnamed signage."
s1201,A Rainy Day in Marrakech,e95b7055370f28bd9e07a36041b54389378835e41821d93bceb3e1c1329191eb,fiction-rechecked,content/editorial-batch-2.11.9.json#s1201,"Rain leads Xena into a covered market; a tailor gives directions, she finds a shop and records its name. Removed the ungrounded three-generation workshop and abstract conclusion."
s1202,A Rainy Day in Mexico City,c6f0b33ec28e40fe57a6b4354e31341e030d818f48ac955903bf77078fd84119,fiction-language-revised,content/editorial-batch-2.11.2.json#s1202,"Clear gate-finding sequence; match rainy title; invented event, not actual city directions."
s1203,A Rainy Day in Lima,9c3d00c7fe7fda49af8b66f6e526bdc761a0277239425ec7308c44f51c8bc800,fiction-rechecked,content/editorial-batch-2.11.9.json#s1203,"Rain causes a real delay within the fictional scene; Emi calls her host, resolves an ingredient question and learns actual steps in the invented dish. Removed repeated generalization about taste and history and unexplained families."
s1204,A Rainy Day in Buenos Aires,a570199bd3b7b87a7ac90a3eb6de8cfa799cc691d983b363e264564949043c0f,fiction-rechecked,content/editorial-batch-2.11.9.json#s1204,"Rain, shelter and a small lesson support a complete dance scene. Removed a claimed power cut and unsupported courtyard lamps while retaining a clear beginning, practice and result."
s1205,A Rainy Day in Vancouver,812e8ae5505c7ee3cd6e0b23a797ae6c11319d0fcf5bd712813bde1fe411b234,fiction-rechecked,content/editorial-batch-2.11.9.json#s1205,"A tire puncture and rain cause the missed boat; Leo uses his own pump, sees the cut and gets a repair. Removed the improbable ferry mechanic and unexplained forest detour."
s1206,A Rainy Day in New Orleans,8f3428995c265b2351e7df00cc87ea2d7a6bcfd6f00b0238b7b84463be2a3e40,fiction-rechecked,content/editorial-batch-2.11.9.json#s1206,"An invented rain delay explains a short outdoor performance; Ravi asks without receiving a guaranteed schedule. Removed invented street closure, location change and broad community claim."
s1207,A Rainy Day in Prague,514bacc96831a34c5dadba46facbe2d530d08160463f0de658aeb7eab14e4c80,fiction-language-revised,content/editorial-batch-2.11.2.json#s1207,"Clear view, reflection and bells; match rainy title; fictional visit, not guaranteed viewing instructions."
s1208,A Rainy Day in Vienna,4da72fbf871d54fe58fd3c9ddb04e86438f194b4dbbdf8025750353c8e136fa6,inherited-v2.9.4,fact_check_all_2000.csv#s1208,Unchanged text; prior editorial claim retained. Not independently rechecked in this release.
s1209,A Rainy Day in Budapest,482e53131be4b3c9e8cf936afa3f09b56a2903fca979a173f979c5072819821c,inherited-v2.9.4,fact_check_all_2000.csv#s1209,Unchanged text; prior editorial claim retained. Not independently rechecked in this release.
s1210,A Rainy Day in Helsinki,c2b751d2c10cbbd38037a53d9cc333df25976f0f8283be0b278f06232fff1a37,inherited-v2.9.4,fact_check_all_2000.csv#s1210,Unchanged text; prior editorial claim retained. Not independently rechecked in this release.
s1211,A Rainy Day in Tallinn,439aa6fe517de67b6152bed8e5dc753530de27d69bf0a7e2d113d6392eb40646,inherited-v2.9.4,fact_check_all_2000.csv#s1211,Unchanged text; prior editorial claim retained. Not independently rechecked in this release.
s1212,A Rainy Day in Dubrovnik,35ce25f9e2bb5d314a18fef69ea244a4d6413cf175d320a77184298045dc8c37,fiction-language-revised,content/editorial-batch-2.11.2.json#s1212,Replace midday heat mismatch with rain and wet path; fictional visit with concrete outcome.
s1213,A Rainy Day in Ulaanbaatar,0ac80f6ea863aff65439e39dc82d90f8f7be2f4e65a86a1bca354d2be0610eb4,inherited-v2.9.4,fact_check_all_2000.csv#s1213,Unchanged text; prior editorial claim retained. Not independently rechecked in this release.
s1214,A Rainy Day in Kathmandu,9e174b7a04e01f41cc9f919e942bec723630f2e2f26ed7ddf62dd96ff81b8b25,inherited-v2.9.4,fact_check_all_2000.csv#s1214,Unchanged text; prior editorial claim retained. Not independently rechecked in this release.
s1215,A Rainy Day in Sydney,5db7ef0e1a2dc76ae28e8b20528a07a9d601d6f1c148375c75da5c214fe85c0e,inherited-v2.9.4,fact_check_all_2000.csv#s1215,Unchanged text; prior editorial claim retained. Not independently rechecked in this release.
s1216,A Rainy Day in Auckland,338cd74d06934575faab39014cb064245b46e02f53cdece75ff249bfcfd91136,inherited-v2.9.4,fact_check_all_2000.csv#s1216,Unchanged text; prior editorial claim retained. Not independently rechecked in this release.
s1217,A Rainy Day in Cusco,bd1804ac715d5093e8f4d2b594ca9a026d6ece2fe51eff61b00daad52d20d4e1,inherited-v2.9.4,fact_check_all_2000.csv#s1217,Unchanged text; prior editorial claim retained. Not independently rechecked in this release.
s1218,A Long Day in Kyoto,5ca033b0287d662289deac60a1653f59742792212490fcb9d5e0ecfa0d1f7cb1,inherited-v2.9.4,fact_check_all_2000.csv#s1218,Unchanged text; prior editorial claim retained. Not independently rechecked in this release.
s1219,A Long Day in Seoul,3f875bb822f8e98c86617be0745f7ef6618c222497df8c6fa74e8914dae94826,inherited-v2.9.4,fact_check_all_2000.csv#s1219,Unchanged text; prior editorial claim retained. Not independently rechecked in this release.
s1220,A Long Day in Taipei,04ca814c0357ca4776d47822be8617f941dc830c2d04d180f7fd6274c2214be2,inherited-v2.9.4,fact_check_all_2000.csv#s1220,Unchanged text; prior editorial claim retained. Not independently rechecked in this release.
s1221,A Long Day in Hanoi,c9daa72f82ecfe5e027fe517099440d256da6dce89cba1e186d394830100c9b6,inherited-v2.9.4,fact_check_all_2000.csv#s1221,Unchanged text; prior editorial claim retained. Not independently rechecked in this release.
s1222,A Long Day in Chiang Mai,96cbeca6e296e8a5fbb3695ba1571aec8a54cfba852713d6545d7f8fbea9b2ff,inherited-v2.9.4,fact_check_all_2000.csv#s1222,Unchanged text; prior editorial claim retained. Not independently rechecked in this release.
s1223,A Long Day in Singapore,613ae62aef8199f9d2c179b0c76bb9195d9cdd31979a749ddcc7f06df3a9394e,inherited-v2.9.4,fact_check_all_2000.csv#s1223,Unchanged text; prior editorial claim retained. Not independently rechecked in this release.
s1224,A Long Day in Delhi,b142f293d8b783714c6c7ff310d2c255396d5cfa4b2d3f5b7b272d70bc1b8261,inherited-v2.9.4,fact_check_all_2000.csv#s1224,Unchanged text; prior editorial claim retained. Not independently rechecked in this release.
s1225,A Long Day in Istanbul,45f8da3faa7ed299d530dd5b4d87fbc4a997bf4ed86e7846548ee611761089ae,inherited-v2.9.4,fact_check_all_2000.csv#s1225,Unchanged text; prior editorial claim retained. Not independently rechecked in this release.
s1226,A Long Day in Athens,895ef478d2d7ed0b4d6279fe4658e719f71b660b2ae2d7dd37fa536c0905da78,inherited-v2.9.4,fact_check_all_2000.csv#s1226,Unchanged text; prior editorial claim retained. Not independently rechecked in this release.
s1227,A Long Day in Rome,a31fa6abc3c3ccbad415b97ac8310a955ac1581b3913ba9547786df15c28b748,inherited-v2.9.4,fact_check_all_2000.csv#s1227,Unchanged text; prior editorial claim retained. Not independently rechecked in this release.
s1228,A Long Day in Lisbon,3210d938d491b5a6c29d845df13463f2c7268c836ab71f7c77aa495ccbaabda5,inherited-v2.9.4,fact_check_all_2000.csv#s1228,Unchanged text; prior editorial claim retained. Not independently rechecked in this release.
s1229,A Long Day in Reykjavik,d80ef459a28b6f8fafc523bb727a80537a44dcd9e4983c1504c6f3f30272f568,inherited-v2.9.4,fact_check_all_2000.csv#s1229,Unchanged text; prior editorial claim retained. Not independently rechecked in this release.
s1230,A Long Day in Nairobi,a92038c2c97d9ac1a18066743f345a4c8e6d36c503a5fd3b3b94fdb2f0e3bdab,inherited-v2.9.4,fact_check_all_2000.csv#s1230,Unchanged text; prior editorial claim retained. Not independently rechecked in this release.
s1231,A Long Day in Cape Town,2833575ece3d063d5f8054ee5c854f5b8a1a8450457b8e23f5e48cc8c4e7e804,inherited-v2.9.4,fact_check_all_2000.csv#s1231,Unchanged text; prior editorial claim retained. Not independently rechecked in this release.
s1232,A Long Day in Marrakech,ed32a0ddba697bb4ab5c5a8b0ac445b6242332e6ebcd3cd6f4efb64a104f1d52,inherited-v2.9.4,fact_check_all_2000.csv#s1232,Unchanged text; prior editorial claim retained. Not independently rechecked in this release.
s1233,A Long Day in Mexico City,ecfe6cb1af270c8cc7896a4933c0908659b3e7d9e9809191d139239f33817c30,inherited-v2.9.4,fact_check_all_2000.csv#s1233,Unchanged text; prior editorial claim retained. Not independently rechecked in this release.
s1234,A Long Day in Lima,10fe0abaacdbfb0d6603dd2018e579439e9b0470d011b298c7648c2ac67ca7fe,inherited-v2.9.4,fact_check_all_2000.csv#s1234,Unchanged text; prior editorial claim retained. Not independently rechecked in this release.
s1235,A Long Day in Buenos Aires,d88b9ee2fcef74249612b234301016a34352137777c1a96914588d64d15ea201,inherited-v2.9.4,fact_check_all_2000.csv#s1235,Unchanged text; prior editorial claim retained. Not independently rechecked in this release.
s1236,A Long Day in Vancouver,ba6b4cb2d1eba9575035fa853da5f24679845151a51cc8793979b247b01ff6f2,inherited-v2.9.4,fact_check_all_2000.csv#s1236,Unchanged text; prior editorial claim retained. Not independently rechecked in this release.
s1237,A Long Day in New Orleans,05951ec14459cdf039f2526e683278606e4b4dde2066f6a34f9a1d8ebc45cab9,inherited-v2.9.4,fact_check_all_2000.csv#s1237,Unchanged text; prior editorial claim retained. Not independently rechecked in this release.
s1238,A Long Day in Prague,16b9fdec983ebc4b0659f229d13d7b3b3bb9feb8a1f1049642ce8ab9f27eb46e,inherited-v2.9.4,fact_check_all_2000.csv#s1238,Unchanged text; prior editorial claim retained. Not independently rechecked in this release.
s1239,A Long Day in Vienna,2952129e6a37ec4b8c890a45f09d1c263ef2cffcf61390144e99538dd05cac51,inherited-v2.9.4,fact_check_all_2000.csv#s1239,Unchanged text; prior editorial claim retained. Not independently rechecked in this release.
s1240,A Long Day in Budapest,8e54a1fe2c6caab1f1f4643376b2ad839a77ca75de8cd733fb8af758453bd7bb,inherited-v2.9.4,fact_check_all_2000.csv#s1240,Unchanged text; prior editorial claim retained. Not independently rechecked in this release.
s1241,A Long Day in Helsinki,243011c72190f2338dd8443ecacc7ecc511459a6a6a164c9bbda0ea69e59fad1,inherited-v2.9.4,fact_check_all_2000.csv#s1241,Unchanged text; prior editorial claim retained. Not independently rechecked in this release.
s1242,A Long Day in Tallinn,bffe042102b762022faa881335cc198b663c0c61af0a5d99bd10820d96bcad5c,inherited-v2.9.4,fact_check_all_2000.csv#s1242,Unchanged text; prior editorial claim retained. Not independently rechecked in this release.
s1243,A Long Day in Dubrovnik,67cef39eec45ebc9e6941a244419e2917f81950436e9e50bd7d76c98a7fb4642,inherited-v2.9.4,fact_check_all_2000.csv#s1243,Unchanged text; prior editorial claim retained. Not independently rechecked in this release.
s1244,A Long Day in Ulaanbaatar,8f408ec53384c77998403ae50f42e524757869c409d2d7bbd7eaf0eca854eee6,inherited-v2.9.4,fact_check_all_2000.csv#s1244,Unchanged text; prior editorial claim retained. Not independently rechecked in this release.
s1245,A Long Day in Kathmandu,7d3cc8aca9596417cc1157d3f326811a49d2f65035e10648ca2a07e9777ecf51,inherited-v2.9.4,fact_check_all_2000.csv#s1245,Unchanged text; prior editorial claim retained. Not independently rechecked in this release.
s1246,A Long Day in Sydney,74f4be7cad4ff92716b1d5feddbabbd6816182d4254abdc80ddbc255ed8ef970,inherited-v2.9.4,fact_check_all_2000.csv#s1246,Unchanged text; prior editorial claim retained. Not independently rechecked in this release.
s1247,A Long Day in Auckland,0096632f8f156222fe5cd574d4594cfe9b1d0ce36b069bc910230dbbc6b8259d,inherited-v2.9.4,fact_check_all_2000.csv#s1247,Unchanged text; prior editorial claim retained. Not independently rechecked in this release.
s1248,A Long Day in Cusco,db6f2e77aada209c0684405be4939182a21ccb0ad39623cbd1a052b0fa9b898a,inherited-v2.9.4,fact_check_all_2000.csv#s1248,Unchanged text; prior editorial claim retained. Not independently rechecked in this release.
s1249,A Shared Day in Kyoto,5ddb970f13b7c88fb62f7cf2e6813881eabdba87f08bbcb4cc8c78eff371d86e,inherited-v2.9.4,fact_check_all_2000.csv#s1249,Unchanged text; prior editorial claim retained. Not independently rechecked in this release.
s1250,A Shared Day in Seoul,54a64f769da98f8ba729271ec9d1a4c162d2df23cde2a60c9c07da147ad0a1b1,inherited-v2.9.4,fact_check_all_2000.csv#s1250,Unchanged text; prior editorial claim retained. Not independently rechecked in this release.
s1251,A Shared Day in Taipei,6e6646413c2e46779c6694e3618e5dc271b56fd3a052fcaa0b89f35d4c43a13c,inherited-v2.9.4,fact_check_all_2000.csv#s1251,Unchanged text; prior editorial claim retained. Not independently rechecked in this release.
s1252,A Shared Day in Hanoi,0400d326b2eb553e3321ac59a8749da64b227d44d2cbbfdeccc985af296c104c,inherited-v2.9.4,fact_check_all_2000.csv#s1252,Unchanged text; prior editorial claim retained. Not independently rechecked in this release.
s1253,A Shared Day in Chiang Mai,ff37ce84e9a58a5c6f3bf318003d03f504bf1cb0903cafb9dbc30922c0785dda,inherited-v2.9.4,fact_check_all_2000.csv#s1253,Unchanged text; prior editorial claim retained. Not independently rechecked in this release.
s1254,A Shared Day in Singapore,7912ad2190dcd8de7c4e79b88e5f7ae38f502ba615efc4d13482d226a41a96aa,inherited-v2.9.4,fact_check_all_2000.csv#s1254,Unchanged text; prior editorial claim retained. Not independently rechecked in this release.
s1255,A Shared Day in Delhi,1818d6fee9c3e4f1fec91cc70e14e87200330a1447bb2998df613d3f000e2a51,inherited-v2.9.4,fact_check_all_2000.csv#s1255,Unchanged text; prior editorial claim retained. Not independently rechecked in this release.
s1256,A Shared Day in Istanbul,d768c327ab4b07fa938ead3371a42fa67bfed7ca182e2cda9bece748b79bc412,inherited-v2.9.4,fact_check_all_2000.csv#s1256,Unchanged text; prior editorial claim retained. Not independently rechecked in this release.
s1257,A Shared Day in Athens,e9eceb451f213d29044c71830a77639b4c338ec86a66e11d279b0ae84c7596ae,inherited-v2.9.4,fact_check_all_2000.csv#s1257,Unchanged text; prior editorial claim retained. Not independently rechecked in this release.
s1258,A Shared Day in Rome,7d7e37cb6e1651db0d2125f84049445994fc09d87cbb5a63b8789f56d0aa1566,inherited-v2.9.4,fact_check_all_2000.csv#s1258,Unchanged text; prior editorial claim retained. Not independently rechecked in this release.
s1259,A Shared Day in Lisbon,5ecbab440fe6856c452efeb6d00d6c1169cc68f03c45788f3ea2a568614c1d55,inherited-v2.9.4,fact_check_all_2000.csv#s1259,Unchanged text; prior editorial claim retained. Not independently rechecked in this release.
s1260,A Shared Day in Reykjavik,7c94efd00a2c0ac8009a951100b77cd4eaf74a16aeca26cc457d704505377787,inherited-v2.9.4,fact_check_all_2000.csv#s1260,Unchanged text; prior editorial claim retained. Not independently rechecked in this release.
s1261,A Shared Day in Nairobi,0666b122f5ba281067437853daa233faa6cf4173fc4111ac9ed86bf615b090db,inherited-v2.9.4,fact_check_all_2000.csv#s1261,Unchanged text; prior editorial claim retained. Not independently rechecked in this release.
s1262,A Shared Day in Cape Town,5e429e27ed9d541365e4f8ba443e06dd685313f2928c9a76a72ff5db14271390,inherited-v2.9.4,fact_check_all_2000.csv#s1262,Unchanged text; prior editorial claim retained. Not independently rechecked in this release.
s1263,A Shared Day in Marrakech,a95bf0db6cd69c55a7a091b55afc24d9a32e61dc80a7fa861ab2f9446d2bd257,inherited-v2.9.4,fact_check_all_2000.csv#s1263,Unchanged text; prior editorial claim retained. Not independently rechecked in this release.
s1264,A Shared Day in Mexico City,d7675690f6e518ee9dab32a0fcc4e50ef516136e16014276c2f0c3619e74d435,inherited-v2.9.4,fact_check_all_2000.csv#s1264,Unchanged text; prior editorial claim retained. Not independently rechecked in this release.
s1265,A Shared Day in Lima,151dfb53de11ab8242e772756cbecd0a9bcc1f9d81994cc887d20c7023695a1f,inherited-v2.9.4,fact_check_all_2000.csv#s1265,Unchanged text; prior editorial claim retained. Not independently rechecked in this release.
s1266,A Shared Day in Buenos Aires,5db882b17186329f6523fde0082db16f7570051b1b5106b2bccafd1a612689d6,inherited-v2.9.4,fact_check_all_2000.csv#s1266,Unchanged text; prior editorial claim retained. Not independently rechecked in this release.
s1267,A Shared Day in Vancouver,424eed44e7b6bde9d964dbcb8af2a5343905b963881ad288548b41a446d1eaae,inherited-v2.9.4,fact_check_all_2000.csv#s1267,Unchanged text; prior editorial claim retained. Not independently rechecked in this release.
s1268,A Shared Day in New Orleans,17210a460a7649e6f0fb805210165f78cbd2e88d626a9398c361795fba56372b,inherited-v2.9.4,fact_check_all_2000.csv#s1268,Unchanged text; prior editorial claim retained. Not independently rechecked in this release.
s1269,A Shared Day in Prague,aff549ce23eb701e8c14c098639ce102154bc30e4af9c81c9bfddbbf07495b3e,inherited-v2.9.4,fact_check_all_2000.csv#s1269,Unchanged text; prior editorial claim retained. Not independently rechecked in this release.
s1270,A Shared Day in Vienna,325f760061ab4dc8c3939ee662758e12e6f7eec99e1c0c7ce466c2cfc7c5d4a0,inherited-v2.9.4,fact_check_all_2000.csv#s1270,Unchanged text; prior editorial claim retained. Not independently rechecked in this release.
s1271,A Shared Day in Budapest,f346328c33fd478337af9981a41fa91cefb86fb5e8fcce2c66a8f70c1ebaf711,inherited-v2.9.4,fact_check_all_2000.csv#s1271,Unchanged text; prior editorial claim retained. Not independently rechecked in this release.
s1272,A Shared Day in Helsinki,c0fabe29ac6f11a1941663122d95ffaec8d7be637e5acb51eb58147c5ec5b690,inherited-v2.9.4,fact_check_all_2000.csv#s1272,Unchanged text; prior editorial claim retained. Not independently rechecked in this release.
s1273,A Shared Day in Tallinn,ecc5c7d232f8c9aee44e958c3351b5dacf0ceee1ba2ad68ffeb7f042fe1f51b6,inherited-v2.9.4,fact_check_all_2000.csv#s1273,Unchanged text; prior editorial claim retained. Not independently rechecked in this release.
s1274,A Shared Day in Dubrovnik,452731cfa16bceb4ff7493d7f8d65f1300906c440792374dc5b264f0ab3dc671,inherited-v2.9.4,fact_check_all_2000.csv#s1274,Unchanged text; prior editorial claim retained. Not independently rechecked in this release.
s1275,A Shared Day in Ulaanbaatar,fda03f8e1faaf5490fd00a8a2357b3e00c4a9b2ad585d0e2b9549add5c7ebc35,inherited-v2.9.4,fact_check_all_2000.csv#s1275,Unchanged text; prior editorial claim retained. Not independently rechecked in this release.
s1276,A Shared Day in Kathmandu,9f5668c842f68bf4fd5f907cbdb0f5cab1cbe590da70bd515f1495369875a1c4,inherited-v2.9.4,fact_check_all_2000.csv#s1276,Unchanged text; prior editorial claim retained. Not independently rechecked in this release.
s1277,A Shared Day in Sydney,5ade7b75e8bcc9840b75841f1ff327b24bf5626e5bbceceed19a55b9f2d104d4,inherited-v2.9.4,fact_check_all_2000.csv#s1277,Unchanged text; prior editorial claim retained. Not independently rechecked in this release.
s1278,A Shared Day in Auckland,6676ce16f325f39f5858a82de9cf84bad899ff66bb35b3f6a4c7f329130b12b4,inherited-v2.9.4,fact_check_all_2000.csv#s1278,Unchanged text; prior editorial claim retained. Not independently rechecked in this release.
s1279,A Shared Day in Cusco,81302415107834d34ef8476e4d905c41158e58717447f873c5755dd086034dec,inherited-v2.9.4,fact_check_all_2000.csv#s1279,Unchanged text; prior editorial claim retained. Not independently rechecked in this release.
s1280,A Second Day in Kyoto,73a19ef231669e49b2eafd52c1f51970850f9bdff7b4558ea8cee3ea8fa79e43,inherited-v2.9.4,fact_check_all_2000.csv#s1280,Unchanged text; prior editorial claim retained. Not independently rechecked in this release.
s1281,A Second Day in Seoul,3ae5f435c9a924c40e8d1a7ef29915cb6ddeaa1631bb27b664f9e72da59c7e7e,inherited-v2.9.4,fact_check_all_2000.csv#s1281,Unchanged text; prior editorial claim retained. Not independently rechecked in this release.
s1282,A Second Day in Taipei,88ab672b023dfffd27badb7e9dc71bbee53d0b722250240ac673345ac0f31243,inherited-v2.9.4,fact_check_all_2000.csv#s1282,Unchanged text; prior editorial claim retained. Not independently rechecked in this release.
s1283,A Second Day in Hanoi,4078e55e589bfd52b470cb96c2458b087d693e7922e7687805a04a12d9043ea3,inherited-v2.9.4,fact_check_all_2000.csv#s1283,Unchanged text; prior editorial claim retained. Not independently rechecked in this release.
s1284,A Second Day in Chiang Mai,f2dac59bb13494c62266133f1c330b00d93799d2207eb4aa023157e8072d312f,inherited-v2.9.4,fact_check_all_2000.csv#s1284,Unchanged text; prior editorial claim retained. Not independently rechecked in this release.
s1285,A Second Day in Singapore,a1575a9c843afac52cf05ac8d9255eede84009b46dbb7e74378193b1bbfbd1c4,inherited-v2.9.4,fact_check_all_2000.csv#s1285,Unchanged text; prior editorial claim retained. Not independently rechecked in this release.
s1286,A Second Day in Delhi,2ff29c5c7c26a06353d454730100157249233d0d4f8978757016e746ca6fe4f8,inherited-v2.9.4,fact_check_all_2000.csv#s1286,Unchanged text; prior editorial claim retained. Not independently rechecked in this release.
s1287,A Second Day in Istanbul,2062fbb0a16ab5ea45939c21dd9c7920cd3f05115f8d8c6af37805a88befb847,inherited-v2.9.4,fact_check_all_2000.csv#s1287,Unchanged text; prior editorial claim retained. Not independently rechecked in this release.
s1288,A Second Day in Athens,a6f499cd2b7779d9bbb8ac32f0243e94570f4a20dadf5b6ed593ff161dd9df3c,inherited-v2.9.4,fact_check_all_2000.csv#s1288,Unchanged text; prior editorial claim retained. Not independently rechecked in this release.
s1289,A Second Day in Rome,ba9b7bd38a8f423b8a39c299980fa798e2894dde1d764b551e31c24d711024df,inherited-v2.9.4,fact_check_all_2000.csv#s1289,Unchanged text; prior editorial claim retained. Not independently rechecked in this release.
s1290,A Second Day in Lisbon,8b74bab868d73b949dba0cdba140a7203f0eeb171a531a6b9f1b93993e7d5da8,inherited-v2.9.4,fact_check_all_2000.csv#s1290,Unchanged text; prior editorial claim retained. Not independently rechecked in this release.
s1291,A Second Day in Reykjavik,50ad3087458e91d92fb478325ed91974af8b031648318b96b7207b4ca84e54e3,inherited-v2.9.4,fact_check_all_2000.csv#s1291,Unchanged text; prior editorial claim retained. Not independently rechecked in this release.
s1292,A Second Day in Nairobi,ed68bd1d6fdd112f6f8b63295ade051b2198d5f97d88065faf8b5c8ecbd0ba01,inherited-v2.9.4,fact_check_all_2000.csv#s1292,Unchanged text; prior editorial claim retained. Not independently rechecked in this release.
s1293,A Second Day in Cape Town,07aba35ec410a724b7843a51e547a09a30f17edcc2ec26dd0f597ba79f0eaaa7,inherited-v2.9.4,fact_check_all_2000.csv#s1293,Unchanged text; prior editorial claim retained. Not independently rechecked in this release.
s1294,A Second Day in Marrakech,33630bb5efcb2be7dbce8941433aa4c00ef8110f5d09f928a29df02024be8065,inherited-v2.9.4,fact_check_all_2000.csv#s1294,Unchanged text; prior editorial claim retained. Not independently rechecked in this release.
s1295,A Second Day in Mexico City,162500bd747e26003654c802000fbade46c49420ffa1db1fe137034e7b7d3c51,inherited-v2.9.4,fact_check_all_2000.csv#s1295,Unchanged text; prior editorial claim retained. Not independently rechecked in this release.
s1296,A Second Day in Lima,680b6f65c52edd69b6694dbb389615cb121f9f08e167943dd77af5e2df41e4b8,inherited-v2.9.4,fact_check_all_2000.csv#s1296,Unchanged text; prior editorial claim retained. Not independently rechecked in this release.
s1297,A Second Day in Buenos Aires,26583b6c9283875fc836e3dac8fe300ce44a30c0e58f5275d3d8bd10c6694729,inherited-v2.9.4,fact_check_all_2000.csv#s1297,Unchanged text; prior editorial claim retained. Not independently rechecked in this release.
s1298,A Second Day in Vancouver,50276f458328ec74f8191368e9436e0864dcf47217d668ab958d9c361a65a07d,inherited-v2.9.4,fact_check_all_2000.csv#s1298,Unchanged text; prior editorial claim retained. Not independently rechecked in this release.
s1299,A Second Day in New Orleans,c11eef9f2e695c6c3672f45573061fedbd14d3cf0e1455335dd38a0a8489248b,inherited-v2.9.4,fact_check_all_2000.csv#s1299,Unchanged text; prior editorial claim retained. Not independently rechecked in this release.
s1300,A Second Day in Prague,eeacce230760995b81cb1786b8ddcf2033120784d050db482c72144086402439,inherited-v2.9.4,fact_check_all_2000.csv#s1300,Unchanged text; prior editorial claim retained. Not independently rechecked in this release.
s1301,A Second Day in Vienna,82b2824d0815b79024c2f111922925fc99bcd291d96183f2a320c1de6f9f9e18,inherited-v2.9.4,fact_check_all_2000.csv#s1301,Unchanged text; prior editorial claim retained. Not independently rechecked in this release.
s1302,A Second Day in Budapest,c7d04b493ef252325eb5dec27ef6e9add139858682a470f8fe5851d79f842d41,inherited-v2.9.4,fact_check_all_2000.csv#s1302,Unchanged text; prior editorial claim retained. Not independently rechecked in this release.
s1303,A Second Day in Helsinki,ad852ce749ea50755ba583d8ed76c10763d9d1e1e76579e82c0e348ea122ca73,inherited-v2.9.4,fact_check_all_2000.csv#s1303,Unchanged text; prior editorial claim retained. Not independently rechecked in this release.
s1304,A Second Day in Tallinn,843f0019ffda141f995298adb50200c16dc824e598254df7a34222ac5ff7de98,inherited-v2.9.4,fact_check_all_2000.csv#s1304,Unchanged text; prior editorial claim retained. Not independently rechecked in this release.
s1305,A Second Day in Dubrovnik,fb780a201b49e5726fb6dea8900d6c319476ef25f323f32222783e980517aec2,inherited-v2.9.4,fact_check_all_2000.csv#s1305,Unchanged text; prior editorial claim retained. Not independently rechecked in this release.
s1306,A Second Day in Ulaanbaatar,747ecb6f84accf6c01090ff365523d0abddb18249c78de1247d2af99dad2d3b8,inherited-v2.9.4,fact_check_all_2000.csv#s1306,Unchanged text; prior editorial claim retained. Not independently rechecked in this release.
s1307,A Second Day in Kathmandu,3cef747412a71acd4c026a73be0972681f59a5c1fdaab4d663078cca1b8be4d4,inherited-v2.9.4,fact_check_all_2000.csv#s1307,Unchanged text; prior editorial claim retained. Not independently rechecked in this release.
s1308,A Second Day in Sydney,0b72fc523fce21c719dd4cd44a4393e5c6f043257023ea2997f9e341ae40b584,inherited-v2.9.4,fact_check_all_2000.csv#s1308,Unchanged text; prior editorial claim retained. Not independently rechecked in this release.
s1309,A Second Day in Auckland,7e683adc70be91ae22e92c9d0bdbe8bc7b85f973e7b7e3666690e91ca854379d,inherited-v2.9.4,fact_check_all_2000.csv#s1309,Unchanged text; prior editorial claim retained. Not independently rechecked in this release.
s1310,A Second Day in Cusco,437663bf8a7ad11cd8fc0786884b5adbc7cd073f7eae9ff655fc2518aa7cbdd6,inherited-v2.9.4,fact_check_all_2000.csv#s1310,Unchanged text; prior editorial claim retained. Not independently rechecked in this release.
s1311,Maya Chen: A Practical Beginning,d647085b9ea46e53e9539b588393f3a61bf88fa76f4cc23cbcdf05e6a734a4e9,editorial-revision-2026-09-24,content/editorial-batch-2.11.9i.json#s1311,"Replace generic collaborative boilerplate with Maya’s distinct mapping problem, interviews and resulting route map; use she consistently and keep the outcome local to this fictional project."
s1312,Jon Bell: A Practical Beginning,8e5d34918f6d6bc25fbb5ce14d3d4abe93b17da0c2e4797d90d3af8d56c0de67,editorial-revision-2026-09-24,content/editorial-batch-2.11.9i.json#s1312,"Jon is one person, so replace unexplained they with he. Give the bike-repair story a concrete broken part, lesson and outcome rather than the repeated “small idea can grow” ending."
s1313,Amina Okafor: A Practical Beginning,3bb7bf8f8b101e377a13c0dbdecbcfcab5416de389ab83c907df928a846978af,editorial-revision-2026-09-24,content/editorial-batch-2.11.9i.json#s1313,"Name Amina in the text, use she, and describe seed labels and sharing without promising that any saved seed guarantees crops in dry years."
s1314,Luis Ortega: A Practical Beginning,a5ff6af8730fd1a9f724e2210c5ed39ae674e9df25656dd2f4987fba66cedb02,editorial-revision-2026-09-24,content/editorial-batch-2.11.9i.json#s1314,Give teacher Luis an adult learner and a concrete reading task; replace ungrounded claim that several students became teachers with one student helping a newcomer.
s1315,Hana Mori: A Practical Beginning,6f9c1a46d8d140b564da6cbe4efde51e19691063e5e2c20832a1c174fe9a04d2,editorial-revision-2026-09-24,content/editorial-batch-2.11.9i.json#s1315,"Replace the repeated abstract summary with a repairable toy, a customer return and a clear result for Hana’s small shop."
s1316,Samir Patel: A Practical Beginning,ec456f9ae6956943c2004b8bc0e3588f5c4378fa050a961739451cd0d91ef33b,editorial-revision-2026-09-24,content/editorial-batch-2.11.9i.json#s1316,"Use Samir consistently and keep clinical tasks with the village clinic rather than implying untrained helpers give medical care. The result is scheduling and communication, not a blanket health outcome."
s1317,Elena Rossi: A Practical Beginning,354cd4ebc5918caa2f7b01f6001393c319d14c822adcfc2a59036008f9e05344,editorial-revision-2026-09-24,content/editorial-batch-2.11.9i.json#s1317,Elena’s garden needs a visible response to poor ground. Specify raised beds with better soil and a small community use; remove generic growth formula.
s1318,David Kim: A Practical Beginning,7adfb4582f1923fb00884b690e7007d86803264f65229cd749ab0669d2c33b20,editorial-revision-2026-09-24,content/editorial-batch-2.11.9i.json#s1318,Identify David as the radio worker instead of omitting him; describe batteries and a concrete storm message while avoiding a guarantee of universal communication.
s1319,Nora Hassan: A Practical Beginning,c646264a5eef23aaf572a0476a1424503db50a7a4d47a807a9a6256755878938,editorial-revision-2026-09-24,content/editorial-batch-2.11.9i.json#s1319,"Name Nora, use she and show permission to share personal stories. A small reading room is a concrete, respectful result of the fictional project."
s1320,Peter Walsh: A Practical Beginning,9c019c73d1dc50db8b3d4d92764e2e179996e7b4c9a79c16e9a6050e61ff0bba,editorial-revision-2026-09-24,content/editorial-batch-2.11.9i.json#s1320,"Show Peter responding to winter meal costs with a specific planning choice, without claiming that the arrangement solves all nutrition and waste issues."
s1321,Inez Silva: A Practical Beginning,f3892d2fd736b77ba5341c0a26ab184144b6b1b705f8fe6e132a9c4629a4981e,editorial-revision-2026-09-24,content/editorial-batch-2.11.9i.json#s1321,The source uses repeated “beginning” sentences and unclear team pronouns. Make Inez’s clay test a clear sequence with the farmer’s permission and one finished pot.
s1322,Omar Reed: A Practical Beginning,4ab074e66ebe9a6833a11ccb065c8338670a76b196aadccece8d369b1ba6a9be,editorial-revision-2026-09-24,content/editorial-batch-2.11.9i.json#s1322,A bridge check concerns safety; clarify that Omar works with a qualified engineer rather than treating informal checks as proof a bridge is safe. Keep the repair record concrete.
s1323,Keiko Tan: A Practical Beginning,fc5b83e774395c6abcdca82d20b3338c707b8c1f7356b5524fd9a62bcc3f0246,editorial-revision-2026-09-24,content/editorial-batch-2.11.9i.json#s1323,"Keiko is missing from the original story. Name her and show how families help create language-accessible stories, without claiming a story swap alone solves the book shortage."
s1324,Mateo Cruz: A Practical Beginning,d671cb93d948fd8d9d44d55205983cc77c26e8497febb6d66f1c31cc6194afb5,editorial-revision-2026-09-24,content/editorial-batch-2.11.9i.json#s1324,Mateo’s path-rotation idea needs a concrete sign and visible result; avoid saying the entire forest is now safe on the basis of one change.
s1325,Sara Lind: A Practical Beginning,88ab6c8c4c1559ffa2c7a52839525ad8a5573505f4d7a4835ca2dec12269c320,editorial-revision-2026-09-24,content/editorial-batch-2.11.9i.json#s1325,The original suggests making unverified engine parts for use at sea. Replace that safety concern with ordering correct spare parts and checking repairs on land; give Sara a distinct action and outcome.
s1326,Theo Martin: A Practical Beginning,268e336af9f6a7020fe345fce794f041958ed6412707948b50f1c6e02907659e,editorial-revision-2026-09-24,content/editorial-batch-2.11.9j.json#s1326,"Theo already acts as a named fictional person. Make the accessible theater change concrete: ask deaf audience members, involve a signer and leave a clear view of the stage. Avoid implying every audience member has the same need."
s1327,Priya Das: A Practical Beginning,5a71ec2c06a8503468ef0391bc92c82eed45c85e049187e1cd9b8559c9b7ae70,editorial-revision-2026-09-24,content/editorial-batch-2.11.9j.json#s1327,"The original claims seasonal tests located the source of unsafe well water without enough evidence. Let Priya and a trained worker gather samples, have a lab report the result, and have the town arrange another source while investigating."
s1328,Marcus Green: A Practical Beginning,d0c37238c4a8f918267c4a324f520e957a32248bc5510ee3ce32f6e5ac8b729d,editorial-revision-2026-09-24,content/editorial-batch-2.11.9j.json#s1328,"Name Marcus in the text, use he instead of unexplained they, and show how moving rehearsals preserves one band without a formulaic ending."
s1329,Yara Nasser: A Practical Beginning,c318ce9b0b256ebeee8a82ec0711251f9cf39e2ec7fb7d93e83decf351c75236,editorial-revision-2026-09-24,content/editorial-batch-2.11.9j.json#s1329,"Dust can reduce solar panel output, but a cover over the panels would block sunlight. Show Yara checking a solar-powered fan with an installer and keeping the panels clean; do not promise full temperature control for a health room."
s1330,Finn Osei: A Practical Beginning,90ebb8dc28c77a3a0b1ab5f3163efd5bd41a21474cf41de3692d62a9f2789261,editorial-revision-2026-09-24,content/editorial-batch-2.11.9j.json#s1330,The court guide concerns real consequences in an invented setting. Give Finn a court clerk who checks plain-language wording and avoid suggesting that the guide replaces official advice.
s1331,Leah Park: A Practical Beginning,5468d546d6cc1bce691064c4b8260db655eacc86444e9fac169c14ba8a480bba,editorial-revision-2026-09-25,content/editorial-batch-2.11.9q.json#s1331,"Name the fictional textile worker explicitly and show one damaged cloth, a family photo for context, and a small tested repair rather than a generic claim that all history was saved."
s1332,Ravi Mehta: A Practical Beginning,99f8a33b8498f2efefef49529e90148ff1328bd6d93c8d99ad4dba86db2738e9,editorial-revision-2026-09-25,content/editorial-batch-2.11.9q.json#s1332,"Replace repeated “work” sentences with a fictional transport planner who watches one missed shift and tries a limited night route with the team, not a guaranteed permanent service."
s1333,Sofia Almeida: A Practical Beginning,73bb89be6c8dbb8f327d41f2a06f194f723e93819b3a989a02c258bfbc4c86a5,editorial-revision-2026-09-25,content/editorial-batch-2.11.9q.json#s1333,Sofia’s fictional bird photography project should show a concrete distance rule and viewing point instead of claiming cameras always protect nests.
s1334,Daniel Cho: A Practical Beginning,b1aa882c8c5ca3e449d5d9ba2f14954ca6256052cb3aece2e14bdc7909932dda,editorial-revision-2026-09-25,content/editorial-batch-2.11.9q.json#s1334,"The fictional designer must consult users, make a specific low-cost repairable item and test it with that person rather than claim universal accessibility."
s1335,Fatima Noor: A Practical Beginning,b4ed59ffa8dc703a0bd0c0af299c0959f3b19df03bf1e574895fc8cd7dcf60f5,editorial-revision-2026-09-25,content/editorial-batch-2.11.9q.json#s1335,"Fatima’s fictional market plan should include small sellers and a specific walkway problem, then observe results without guaranteeing every shop stays open."
s1336,Henry Cole: A Practical Beginning,7ceb8d545301f61deac156de789e5299f20c45b20ab008e3d20867d1a6c59427,editorial-revision-2026-09-25,content/editorial-batch-2.11.9q.json#s1336,Henry Cole is the name of a documented British civil servant. Rename the imaginary weather observer and distinguish checked instruments from notebook observations.
s1337,Anika Bose: A Practical Beginning,6bc7b6d253a77d73ebcbb259af5c2ff6fefed51ce8d80171a21394cdecf53dd7,editorial-revision-2026-09-25,content/editorial-batch-2.11.9q.json#s1337,"Make Anika a fictional community teacher who helps people understand a farm form and seek a qualified adviser for legal questions, without promising an interpretation of rights."
s1338,Gabriel Stone: A Practical Beginning,68dada51ca754ab0b5765e1e8cb577653b910bf47ed8ae3f21fd009f039e613b,editorial-revision-2026-09-25,content/editorial-batch-2.11.9q.json#s1338,"A clock repair requires a specific fault and qualified worker. Gabriel is fictional; show documentation of original pieces, then repair and test."
s1339,Mina Rahman: A Practical Beginning,98657573156b8ea63d6098fdb3ff4b74851f12407a51603cc8fe85487be72a5d,editorial-revision-2026-09-25,content/editorial-batch-2.11.9q.json#s1339,"The original food donation gives no handling details. Mina’s fictional team should collect suitable food through a food-service partner with chilling and checks, and discard anything they cannot verify."
s1340,Arthur Vale: A Practical Beginning,68450e26be9d59a89f4dbd01623e56abef114f5f3ca26d7c4e7a6bd4b08d754a,editorial-revision-2026-09-25,content/editorial-batch-2.11.9q.json#s1340,Surface cave marks alone cannot show how polluted water moves underground. Arthur’s fictional survey maps an accessible cave path and asks water staff to take samples; conclusions await results.
s1341,Zoe Bennett: A Practical Beginning,b22de3dc73f7dfcb9e4acd70eca5d8e96afb643fa0b9d449c317e38cfc68f560,editorial-revision-2026-09-25,content/editorial-batch-2.11.9q.json#s1341,A fictional reporter can describe repair options without declaring specific products durable from a brief observation. Give Zoe a comparison and named source.
s1342,Maya Chen: The Work Behind the Work,fb3d764e2da83f045b4a0eced369c3c63f26f1bb647b0a391dfbd18f84919482,editorial-revision-2026-09-25,content/editorial-batch-2.11.9q.json#s1342,A fictional river mapper should update a local guide with boat operators but not claim an informal map makes navigation safe. Show an official map as reference and reports of changes.
s1343,Jon Bell: The Work Behind the Work,377c8ded5341bc15d7c1100c7f0a092fadb64adf8d8a3246d444a2994a2b8217,editorial-revision-2026-09-25,content/editorial-batch-2.11.9q.json#s1343,Give the fictional bicycle mechanic a concrete repair and safe brake check instead of suggesting anyone can fix critical parts from a brief lesson.
s1344,Amina Okafor: The Work Behind the Work,c1c92044c3c1d6b0d00073fa19654fcd1813f3efcd4e52b80392c7e663cffcc2,editorial-revision-2026-09-25,content/editorial-batch-2.11.9q.json#s1344,Old local seeds do not guarantee harvests during drought. Amina’s fictional seed project records varieties and grows small trial plots to observe what works.
s1345,Luis Ortega: The Work Behind the Work,6a898aef7e8fc92ffd93dd6437ba2bab46756be653403c258195544f718dd4f5,editorial-revision-2026-09-25,content/editorial-batch-2.11.9q.json#s1345,Luis is a fictional adult reading teacher. Use a particular class adjustment and a measured outcome instead of an unsupported claim that several students became teachers.
s1346,Hana Mori: The Work Behind the Work,9fbd71c91f4305b16b34bc9e9628de197618eb6bbcf39ef9cd1c5cd46161863d,editorial-revision-2026-09-25,content/editorial-batch-2.11.9q.json#s1346,"A fictional toy maker can design a replaceable wheel and check small parts with a specialist, without claiming all wooden toys are automatically safe or that the shop is saved."
s1347,Samir Patel: The Work Behind the Work,1c80edee99a5d0b1d81b4e092548ea04064f3563fcd429789ad35d6a768cc0be,editorial-revision-2026-09-25,content/editorial-batch-2.11.9q.json#s1347,"Medical visits require qualified staff. Make Samir a fictional clinic coordinator who consults nurses, arranges a nearby visit and relies on their clinical judgment."
s1348,Elena Rossi: The Work Behind the Work,160b93a0a17cc52893878a2bc36fe3024602f91cb6d23f4337aeffde4ff1dc27,editorial-revision-2026-09-25,content/editorial-batch-2.11.9q.json#s1348,"A raised bed does not by itself prove poor soil is safe or productive. Elena’s fictional group uses fresh planting soil and agrees on a small trial garden, then describes the actual use."
s1349,David Kim: The Work Behind the Work,374cd87071fec4af684bb25fcc2745dd70943575d54136d1569185601deef1f7,editorial-revision-2026-09-25,content/editorial-batch-2.11.9r.json#s1349,Replace repetitive boilerplate with a specific fictional battery radio project; avoid promising that a radio alone keeps communications operating during every storm.
s1350,Nora Hassan: The Work Behind the Work,6f1b9cddb198032de7801fbb33896feb0e084f1c4c27280e1975a40485f6c455,editorial-revision-2026-09-25,content/editorial-batch-2.11.9r.json#s1350,"Replace stock phrases with an actual fictional oral-history process, permission to record, review of quotes and accurate labeling."
s1351,Peter Walsh: The Work Behind the Work,2d82909b77d0df17c4da5a2a7c3133e69acd6fef7228fe40ebffcbd9858465f5,fiction-language-revised,content/editorial-batch-2.11.1.json#s1351,Explicitly frame the person and events as fiction; replace abstract formulaic biography with a concrete chronological story and level-appropriate clauses.
s1352,Inez Silva: The Work Behind the Work,357bb92351cb7e20cd20470d0f970ed8a0c828515bd0706361da1bcb836c0f0c,fiction-language-revised,content/editorial-batch-2.11.1.json#s1352,Explicitly frame the person and events as fiction; replace abstract formulaic biography with a concrete chronological story and level-appropriate clauses.
s1353,Omar Reed: The Work Behind the Work,9804b0a7eb39d9fe001d34df84576a63a1978a62302b50bdd187849b85fe2ead,fiction-language-revised,content/editorial-batch-2.11.1.json#s1353,Explicitly frame the person and events as fiction; replace abstract formulaic biography with a concrete chronological story and level-appropriate clauses.
s1354,Keiko Tan: The Work Behind the Work,a1e4c6290869515e2a7426d5b4055cea3e0e4fd6cffdd933729b37df8c5ea72b,fiction-language-revised,content/editorial-batch-2.11.1.json#s1354,Explicitly frame the person and events as fiction; replace abstract formulaic biography with a concrete chronological story and level-appropriate clauses.
s1355,Mateo Cruz: The Work Behind the Work,51944faaee658f7be249aae15bf57a64c7ccca2912ddcf704f78d535ae1685d1,editorial-revision-2026-09-25,content/editorial-batch-2.11.9af.json#s1355,"The text repeats the fictional person’s name and contains a grammar error (“this effort visitors”), while the seasonal trail policy and wildlife reporting are framed as a documented project. Mark the valley and guide imagined; show a small trial, visible erosion and visitor feedback in chronological order."
s1356,Sara Lind: The Work Behind the Work,2c52dff80e6ebc2039bf8bb74c7de5be65d99c0ad991ee4dcb22e0d66899c833,fiction-language-revised,content/editorial-batch-2.11.1.json#s1356,Explicitly frame the person and events as fiction; replace abstract formulaic biography with a concrete chronological story and level-appropriate clauses.
s1357,Theo Martin: The Work Behind the Work,b5712dbc229551545c1c80440fc8abda417e767e5d4a62cd7f7ada1439fcd02a,fiction-language-revised,content/editorial-batch-2.11.1.json#s1357,Explicitly frame the person and events as fiction; replace abstract formulaic biography with a concrete chronological story and level-appropriate clauses.
s1358,Priya Das: The Work Behind the Work,5230c7f7ed602eea953444ef6e91d48bcde1972235dd02c7d23bdfd962770720,editorial-revision-2026-09-25,content/editorial-batch-2.11.9af.json#s1358,"The invented scientist is presented as a documented achievement and repeats a general “good science” lesson; differing well tastes do not alone establish a drainage defect. Frame the town as imagined, collect separate samples and retests, then describe one localized drainage issue without making a general health or drinking-water claim."
s1359,Marcus Green: The Work Behind the Work,e9f6abe3a41ec1a3772f6892a793e28c5932b5bfa9058bf01d4e171ce3c0ce27,fiction-language-revised,content/editorial-batch-2.11.1.json#s1359,Explicitly frame the person and events as fiction; replace abstract formulaic biography with a concrete chronological story and level-appropriate clauses.
s1360,Yara Nasser: The Work Behind the Work,e848e32cf2c3c71e56631b02c0a373fb7aa5dcba69b6dcd0e72c1b9f0e03ed58,editorial-revision-2026-09-25,content/editorial-batch-2.11.9af.json#s1360,"Imported equipment is said to fail from heat and dust and covers allegedly keep medicine cool for months, implying an unsupported clinical storage outcome. Change the invented clinic trial to solar lighting, have a trained team inspect the equipment, and avoid a claim about medicine storage. Final read-through split long sentences for the Level 3 learner while keeping the technician and observed trial outcome."
s1361,Finn Osei: The Work Behind the Work,369fa39ea33efedbb84b8ce27e1c60428786d27869a630b8a4e4a03d0762ac03,editorial-revision-2026-09-25,content/editorial-batch-2.11.9af.json#s1361,"The fictional court translator’s unsourced guides are presented as an established legal practice, and “people who had used the court” cannot certify legal accuracy. Mark the setting imagined and have trained court staff check explanations, without suggesting that essential legal wording is silently replaced."
s1362,Leah Park: The Work Behind the Work,4a0290c7e3430d5b2f21d1c3fabe5daf0b91bc01f5b6b58fefba97e0ad2fc9b6,editorial-revision-2026-09-25,content/editorial-batch-2.11.9af.json#s1362,"A named national museum and local banner could read as a real conservation record; the precise repair outcome and attributed community meaning are undocumented. Locate the action at an imagined museum, show a conservator consulting the makers’ families, and keep the result within this fictional object."
s1363,Ravi Mehta: The Work Behind the Work,cd5777bbd62feaaa5cef810dbf0bf5316e868a54643af5e5ac16dbb79dbaa4f8,editorial-revision-2026-09-25,content/editorial-batch-2.11.9af.json#s1363,"The invented bus planner’s account repeats abstract claims about methods and later accounts, while “created a night line” sounds like a documented public result. Make one imagined district, interviews across actual late shifts, a limited test bus and passenger feedback."
s1364,Sofia Almeida: The Work Behind the Work,b3bc012fd166715086d1d05ad00eddb94b0372aa46e3bbc2c4e39a5b8e60da08,fiction-language-revised,content/editorial-batch-2.11.1.json#s1364,Explicitly frame the person and events as fiction; replace abstract formulaic biography with a concrete chronological story and level-appropriate clauses.
s1365,Daniel Cho: The Work Behind the Work,2218d09f45290515605588f59b3a4b5415c893d698ab814a79e74edc9622dfa8,editorial-revision-2026-09-25,content/editorial-batch-2.11.9af.json#s1365,"The fictional prosthetic designer is given broad medical design success and an abstract “legacy remains open to criticism,” without a concrete scene or clinical review. Show a user noticing a difficult-to-replace strap on a trial device, design discussion with a clinician, and no claim of safe clinical outcome."
s1366,Fatima Noor: The Work Behind the Work,aa451a44c3cd2acdb68c9e3d0ec4b8c80178de5ed95b9055752be33ddd710770,fiction-language-revised,content/editorial-batch-2.11.1.json#s1366,Explicitly frame the person and events as fiction; replace abstract formulaic biography with a concrete chronological story and level-appropriate clauses.
s1367,Henry Cole: The Work Behind the Work,b93cf26e3b03186dee36b9ea1ff12228cd707912c5c9597aa0117e3aba75827b,fiction-language-revised,content/editorial-batch-2.11.1.json#s1367,Explicitly frame the person and events as fiction; replace abstract formulaic biography with a concrete chronological story and level-appropriate clauses.
s1368,Anika Bose: The Work Behind the Work,3384386ac9929a78b8fe915aa3eb365068e1e0c872a4720491e27b5dabc3ac52,fiction-language-revised,content/editorial-batch-2.11.1.json#s1368,Explicitly frame the person and events as fiction; replace abstract formulaic biography with a concrete chronological story and level-appropriate clauses.
s1369,Gabriel Stone: The Work Behind the Work,a9840e8e04f69f0616b346edf94e57d9b2dc7e84a64881cb68deef8e91e02fda,fiction-language-revised,content/editorial-batch-2.11.1.json#s1369,Explicitly frame the person and events as fiction; replace abstract formulaic biography with a concrete chronological story and level-appropriate clauses.
s1370,Mina Rahman: The Work Behind the Work,1ea41abacc3dce2094f80044c006fe0d8fc9338402a03b0877a629ee4dd912ba,editorial-revision-2026-09-25,content/editorial-batch-2.11.9af.json#s1370,"The text presents a food redistribution service as a documented achievement and calls meals safe without explaining a verified safety process. Define a fictional campus, let cooks and shelter staff agree on handling under their own rules, and limit the result to a small trial with no broad guarantee."
s1371,Arthur Vale and the Spring Notes,9dce7ccfd03f49b506c1309d4a2c29c2c291ff79de0fed002b5364dffe59f873,editorial-revision-2026-09-25,content/editorial-batch-2.11.9am.json#s1371,"The original contains the ungrammatical “In that way, Showed,” repeats abstract success and asserts a proven pollution route between wells without evidence. Make a limited invented water-observation project and state that observations are not proof of contamination."
s1372,Zoe Bennett and the Broken Kettle,2a4a121cd43c8491b9b1c515f345537f0aaf749a3fca8552a57003c15af97776,editorial-revision-2026-09-25,content/editorial-batch-2.11.9am.json#s1372,"The original has missing punctuation (“workers consumers and designers”), repeats journalistic impact and asserts changed local buying habits. Give the fictional reporter a small, verifiable repair inquiry and avoid a broad market claim."
s1373,Maya Chen and the River Marks,2e904dfba05df25ededdb5a809f6882cddd5e2c24ce846b5f4f5bc466721c909,editorial-revision-2026-09-25,content/editorial-batch-2.11.9am.json#s1373,The original repeats a public-map success but skips how changing river channels are checked and might invite reliance on an outdated navigation map. Frame a fictional seasonal observation map and tell crews to verify current conditions and official notices.
s1374,Jon Bell and the Saturday Repair Table,8cc09e7cc03f4336009841331b5de662dc0aa7bb1630a9b41fe8f196d84e9039,editorial-revision-2026-09-25,content/editorial-batch-2.11.9am.json#s1374,The original biography is coherent but presents an invented citywide repair expansion and outcome as a documented achievement. Explicitly locate it in an imagined city and limit the story to a few Saturday workshops with supervised safety checks.
s1375,Amina Okafor and the Seed Room,3d494948cdf83fc7645fdef5303959a2f4b4b7ff173258e95ca727ee28147e80,editorial-revision-2026-09-25,content/editorial-batch-2.11.9am.json#s1375,"The original has the ungrammatical “In that way, Built,” treats local seed suitability as proven and ends with repeated abstract legacy claims. Describe fictional growers labeling a small store, varied germination and shared management."
s1376,Luis Ortega and the Evening Class,f9eab2c677bb839e1f485a66360e0eb42b423afd70a7489c02102bb6643ea4be,editorial-revision-2026-09-25,content/editorial-batch-2.11.9am.json#s1376,"The original makes broad claims that tired workers later became teachers, yet only supplies generic “letters menus and work notices” and no scene. Make one fictional adult literacy class, a flexible schedule and a learner demonstrating a particular skill."
s1377,Hana Mori and the Wooden Cart,bba1c9bd8c6e7dcbe946dd65eeea17a3fc93af7022e128b5d754982ddb780b1f,editorial-revision-2026-09-25,content/editorial-batch-2.11.9an.json#s1377,"The original repeats abstract claims, has an ungrammatical “toward keep,” and treats an invented apprenticeship as historical. Show one design, a repair test, and a modest outcome."
s1378,Samir Patel and the Rainy Road,72c5401720244af87c575bfd446ca58418089b086edae9c9327f2b3cbc59efd5,editorial-revision-2026-09-25,content/editorial-batch-2.11.9an.json#s1378,The doctor story asserts reduced care delays without evidence and has “toward bring.” Make the invented care visits a limited weather plan; helpers organize visits without suggesting untrained medical diagnosis.
s1379,Elena Rossi and the Courtyard Beds,53033834be1d6fc9b8e26bca7c0d3424afb8cc8dac339ef408c29dcd10c70094,editorial-revision-2026-09-25,content/editorial-batch-2.11.9an.json#s1379,"The coherent original never identifies the biographical episode as fiction, and a food garden on an empty urban lot requires a careful soil distinction. Set a fictional site, check the site with the town, and use tested soil in raised beds."
s1380,David Kim and the Backup Message,f2c1f28318f8fd139b38f47657468f32132201ad826b5bf94dac709450c1c78d,editorial-revision-2026-09-25,content/editorial-batch-2.11.9an.json#s1380,"“In that way, Created” is ungrammatical and the invented radio network claims proven regional success. Describe a single supervised backup drill without promising reliability in every storm."
s1381,Nora Hassan and the Market Recording,8786ac1c3077b8f8d3f6fbadba34338599c9e7d28488f28bcada36af460bc97e,editorial-revision-2026-09-25,content/editorial-batch-2.11.9an.json#s1381,"Generic praise and repeated unverified archival achievements hide consent, translation, and ownership. Present one fictional interview and the speaker’s control over what is kept."
s1382,Peter Walsh and the Winter Menu,1c2ed5ac64942ff5ab0207b9836f396f73cc8266b9702a7cfe46b775d3c3ab19,editorial-revision-2026-09-25,content/editorial-batch-2.11.9an.json#s1382,“Toward serve” is ungrammatical; the original repeats generic impact and assumes local winter supply is affordable. Show a fictional cook comparing price and waste within an actual menu choice.
s1383,Inez Silva and the Clay Samples,c9a59071c2c849137beb22219392d8189ea5e8cf765fb71112ff28199cc7e8c9,editorial-revision-2026-09-25,content/editorial-batch-2.11.9an.json#s1383,“Toward rebuild” is ungrammatical; salt-damaged clay and an untested inland mixture cannot establish a safe or durable glaze. Describe small craft samples with testing and no claim of broad recovery.
s1384,Omar Reed and the Bridge File,7a88e0dcc8308025cf8c5d09d83021df6800202a82164305f7d8b7f2003ba428,editorial-revision-2026-09-25,content/editorial-batch-2.11.9an.json#s1384,"“In that way, Prioritized” is ungrammatical and untrained memories alone cannot certify bridge safety. Show documented reports going to qualified inspectors and engineers before any reopening decision."
s1385,Keiko Tan and the Story Shelf,316f66cbde2d878b0776768585e802f2901d752462b8ac727e3a0d713d738962,editorial-revision-2026-09-25,content/editorial-batch-2.11.9an.json#s1385,"“In that way, Built” is ungrammatical and the invented cross-generation impact is asserted without scene. Give families permission and control over recordings; show one concrete shelf and listening session."
s1386,Mateo Cruz and the Valley Path,c1926886d2189625c39c6c09a8ea5dd66204b69cb6e7c4181e3db09c4c1e6db6,editorial-revision-2026-09-25,content/editorial-batch-2.11.9an.json#s1386,"The original repeats ungrounded claims about regional conservation and wildlife reports. Place the guide in an imaginary valley, identify erosion and a modest path decision, and avoid encouraging approach to wildlife."
s1387,Sara Lind and the Harbor Checklist,396e234972ae397c5657b210fa58f467c4ba316ff563cfb19ec8ddda7ac732be,editorial-revision-2026-09-25,content/editorial-batch-2.11.9ao.json#s1387,"Unnatural “work later the harbor created,” “toward reduce,” and unverified claims of sea-safe reusable engine parts. Make a shore-side inspection and shared official spares with a qualified mechanic."
s1388,Theo Martin and the Rehearsal,386838b9b1143f9926a1e55296a40caa1e15d947ef45a4a5ad0aef93bd67d194,editorial-revision-2026-09-25,content/editorial-batch-2.11.9ao.json#s1388,"Generic “proved access strongest” and theater achievements are presented as documented history. Frame an invented rehearsal, consult Deaf attendees and interpreters, and show a limited design change rather than universal success."
s1389,Priya Das and the Well Samples,26d1d8c76b42e530d3e4e07c75bd43e94831e4cf241bb2a66e281f4336677728,editorial-revision-2026-09-25,content/editorial-batch-2.11.9ao.json#s1389,"“In that way, Identified” is ungrammatical, and conflicting early well tests cannot prove drainage is the cause or certify drinking water. Limit findings to sampled wells, repeat accredited tests and advise official local guidance."
s1390,Marcus Green and the Borrowed Room,3d87a177b7449389d7351c7895e1d2f5fcb6f806708131b636703e2026acc206,editorial-revision-2026-09-25,content/editorial-batch-2.11.9ao.json#s1390,"“In that way, Formed” is ungrammatical and a successful multi-street orchestra is unsupported. Tell a small invented rehearsal story with permission to use school space and no claim of permanent funding."
s1391,Yara Nasser: A Wider Circle,09e3c7127852b59c038c6877ab71ae9f72dace18797a1aaf9b037215c4fa446c,inherited-v2.9.4,fact_check_all_2000.csv#s1391,Unchanged text; prior editorial claim retained. Not independently rechecked in this release.
s1392,Finn Osei: A Wider Circle,f6d1563048f66dfc1423005bef38edb7522f027fc715b571d325e9460cec2bf9,inherited-v2.9.4,fact_check_all_2000.csv#s1392,Unchanged text; prior editorial claim retained. Not independently rechecked in this release.
s1393,Leah Park: A Wider Circle,80104a25686dbea2cf3c57c3f0593eaa11199c1dc43a5db29c742ad66c9c2a84,inherited-v2.9.4,fact_check_all_2000.csv#s1393,Unchanged text; prior editorial claim retained. Not independently rechecked in this release.
s1394,Ravi Mehta: A Wider Circle,2ae07f9975e0d17c63e13a1922a79aac089b97517170c87a0d85194726d72cff,inherited-v2.9.4,fact_check_all_2000.csv#s1394,Unchanged text; prior editorial claim retained. Not independently rechecked in this release.
s1395,Sofia Almeida: A Wider Circle,d24c1c846b38a00bc42ddde4962481807bc81b4e649ed43f60096c9f31265c75,inherited-v2.9.4,fact_check_all_2000.csv#s1395,Unchanged text; prior editorial claim retained. Not independently rechecked in this release.
s1396,Daniel Cho: A Wider Circle,881eb556e8bf4a4e8cb57273b43356b6c8cda14d3a00e9bbd7df6d11e8385e82,inherited-v2.9.4,fact_check_all_2000.csv#s1396,Unchanged text; prior editorial claim retained. Not independently rechecked in this release.
s1397,Fatima Noor: A Wider Circle,c5b76276af3dadc2d0296da95ef9f701bab458b67eea7e8ddb0720e7f28e5293,inherited-v2.9.4,fact_check_all_2000.csv#s1397,Unchanged text; prior editorial claim retained. Not independently rechecked in this release.
s1398,Henry Cole: A Wider Circle,8d65c5428b704da09ae80ea5e8805f0ce6bd035da34eac97132f8f08e85cdd05,inherited-v2.9.4,fact_check_all_2000.csv#s1398,Unchanged text; prior editorial claim retained. Not independently rechecked in this release.
s1399,Anika Bose: A Wider Circle,07f17b09800ee0aa934649ba29166e5e88ad20ab867c08af30367e874659170f,inherited-v2.9.4,fact_check_all_2000.csv#s1399,Unchanged text; prior editorial claim retained. Not independently rechecked in this release.
s1400,Gabriel Stone: A Wider Circle,623bc880474e6360830acacb1f5487cc797c0a5366e825dfc457aa3dcf8ba106,inherited-v2.9.4,fact_check_all_2000.csv#s1400,Unchanged text; prior editorial claim retained. Not independently rechecked in this release.
s1401,Mina Rahman: A Wider Circle,99ecb5f1e2f075fbe30fa96259066346e9970bcca47aae981594ffb535d2ee84,inherited-v2.9.4,fact_check_all_2000.csv#s1401,Unchanged text; prior editorial claim retained. Not independently rechecked in this release.
s1402,Arthur Vale: A Wider Circle,b75f7b706e206674f1a30f00ae31f4873bf4d389cf145eec2ba3aced7cf25006,inherited-v2.9.4,fact_check_all_2000.csv#s1402,Unchanged text; prior editorial claim retained. Not independently rechecked in this release.
s1403,Zoe Bennett: A Wider Circle,52280792e4bb91d5f0bbf21fdd5412bd6977b6ae195c88b71b3a18e772cbd691,inherited-v2.9.4,fact_check_all_2000.csv#s1403,Unchanged text; prior editorial claim retained. Not independently rechecked in this release.
s1404,Maya Chen: Learning to Listen,dba9b745f78e24c0e413138c062d45515ffd410af704858230ad277fbb65a3be,inherited-v2.9.4,fact_check_all_2000.csv#s1404,Unchanged text; prior editorial claim retained. Not independently rechecked in this release.
s1405,Jon Bell: Learning to Listen,c621faac6119d0c487c03f4fbb9bfd2a2936686393226fc2ca70a61c45704294,inherited-v2.9.4,fact_check_all_2000.csv#s1405,Unchanged text; prior editorial claim retained. Not independently rechecked in this release.
s1406,Amina Okafor: Learning to Listen,cdee470cbfd313820f2a671995b03d888c7efc9ee3de780914d3b730e4bb1748,inherited-v2.9.4,fact_check_all_2000.csv#s1406,Unchanged text; prior editorial claim retained. Not independently rechecked in this release.
s1407,Luis Ortega: Learning to Listen,41bc9ef904ae13dab4e8b49efd492fd46e6821aeff09139cc6ff7dd18c4bae9d,inherited-v2.9.4,fact_check_all_2000.csv#s1407,Unchanged text; prior editorial claim retained. Not independently rechecked in this release.
s1408,Hana Mori: Learning to Listen,87482254e49e63b790e989c9405e187e4b9ffdd24fb1af498a890f20af2ba02f,inherited-v2.9.4,fact_check_all_2000.csv#s1408,Unchanged text; prior editorial claim retained. Not independently rechecked in this release.
s1409,Samir Patel: Learning to Listen,16460d0476f576b566b312b23c15afca591db86e1a6ad66b6233afbbc13e9749,inherited-v2.9.4,fact_check_all_2000.csv#s1409,Unchanged text; prior editorial claim retained. Not independently rechecked in this release.
s1410,Elena Rossi: Learning to Listen,3ad340d31f40432f40086845b17daee37b3a1bb88761e5081bc510c9d820a751,inherited-v2.9.4,fact_check_all_2000.csv#s1410,Unchanged text; prior editorial claim retained. Not independently rechecked in this release.
s1411,David Kim: Learning to Listen,3c64aa78d5ba10e1cf6f6819106ee422474458df55455bc28e4b7316aecbde3f,inherited-v2.9.4,fact_check_all_2000.csv#s1411,Unchanged text; prior editorial claim retained. Not independently rechecked in this release.
s1412,Nora Hassan: Learning to Listen,6b3653d26761b1df2a4e8e3bd177d2899312f67154c18cde4a4f659069f8dd26,inherited-v2.9.4,fact_check_all_2000.csv#s1412,Unchanged text; prior editorial claim retained. Not independently rechecked in this release.
s1413,Peter Walsh: Learning to Listen,6d482b6a29918a8182ad244abd7dd1f002a55800c6b8a144c06c42170494d953,inherited-v2.9.4,fact_check_all_2000.csv#s1413,Unchanged text; prior editorial claim retained. Not independently rechecked in this release.
s1414,Inez Silva: Learning to Listen,f7f586488f1710938f2bf9f8d5d0e9b1770ab5e02bd5488da6b4a95a760e5aaa,inherited-v2.9.4,fact_check_all_2000.csv#s1414,Unchanged text; prior editorial claim retained. Not independently rechecked in this release.
s1415,Omar Reed: Learning to Listen,08a399ea01db7709309e2de5bed45a06bd56fdb1af40ebc0c96b610269832250,inherited-v2.9.4,fact_check_all_2000.csv#s1415,Unchanged text; prior editorial claim retained. Not independently rechecked in this release.
s1416,Keiko Tan: Learning to Listen,292441474f637f36368ace350fae8c702a712c5295567c49c162ff0348c5fb04,inherited-v2.9.4,fact_check_all_2000.csv#s1416,Unchanged text; prior editorial claim retained. Not independently rechecked in this release.
s1417,Mateo Cruz: Learning to Listen,c0a5a29cb9b0ed2b764eb1ac879b2aa20a27cc816ccb01530b1c2cfe74f58bf9,inherited-v2.9.4,fact_check_all_2000.csv#s1417,Unchanged text; prior editorial claim retained. Not independently rechecked in this release.
s1418,Sara Lind: Learning to Listen,6a9cb5d18af7fde32314ebc8a33096354b09a0de257b2662255fec86b672fcf9,inherited-v2.9.4,fact_check_all_2000.csv#s1418,Unchanged text; prior editorial claim retained. Not independently rechecked in this release.
s1419,Theo Martin: Learning to Listen,d001fcb23eef291c4bd584c52c378de026d902fa44d04ffd4b68d9c50ecc0d05,inherited-v2.9.4,fact_check_all_2000.csv#s1419,Unchanged text; prior editorial claim retained. Not independently rechecked in this release.
s1420,Priya Das: Learning to Listen,4e86dbd80af54637c306ada993ba1889242074d54f8a97e8eec8370c2440d0dc,inherited-v2.9.4,fact_check_all_2000.csv#s1420,Unchanged text; prior editorial claim retained. Not independently rechecked in this release.
s1421,Marcus Green: Learning to Listen,7e89c26d2dfee94ddfee926fed8dcce1c2895051a7c9fa5e28660ac35f4e7ad8,inherited-v2.9.4,fact_check_all_2000.csv#s1421,Unchanged text; prior editorial claim retained. Not independently rechecked in this release.
s1422,Yara Nasser: Learning to Listen,f4aaa482f5ec53bc00512389d5644e185926b0fd05dd41bb1b9490cdf719d73d,inherited-v2.9.4,fact_check_all_2000.csv#s1422,Unchanged text; prior editorial claim retained. Not independently rechecked in this release.
s1423,Finn Osei: Learning to Listen,f1ee16e0e889b1c3fcb8af7fa2c26005285dc4331480fa27926aa4188886dab1,inherited-v2.9.4,fact_check_all_2000.csv#s1423,Unchanged text; prior editorial claim retained. Not independently rechecked in this release.
s1424,Leah Park: Learning to Listen,9176ce029e5c218eef8ea59c718aa20ca5bcf90369ab92c79ebcd4e705998b8a,inherited-v2.9.4,fact_check_all_2000.csv#s1424,Unchanged text; prior editorial claim retained. Not independently rechecked in this release.
s1425,Ravi Mehta: Learning to Listen,1e31e00e4e277892e2e1ad048ffe3fe98553f34c7a2f7e4c0460e852af948128,inherited-v2.9.4,fact_check_all_2000.csv#s1425,Unchanged text; prior editorial claim retained. Not independently rechecked in this release.
s1426,Sofia Almeida: Learning to Listen,89d5de6f8509785952d3a55cb5841c41d82cab2577aa3bda87f099354d1b382a,inherited-v2.9.4,fact_check_all_2000.csv#s1426,Unchanged text; prior editorial claim retained. Not independently rechecked in this release.
s1427,Daniel Cho: Learning to Listen,8581cb865ab3e51c9cc175cc656d251e12327c92ff954624e4c2cd72fefd764d,inherited-v2.9.4,fact_check_all_2000.csv#s1427,Unchanged text; prior editorial claim retained. Not independently rechecked in this release.
s1428,Fatima Noor: Learning to Listen,1a4be671a16701b3df46fa0a14283ba59e7e03a9624b4d1cbcba6ed02185d717,inherited-v2.9.4,fact_check_all_2000.csv#s1428,Unchanged text; prior editorial claim retained. Not independently rechecked in this release.
s1429,Henry Cole: Learning to Listen,49a5ea00d29acd2d1f59a77fc8886cf1e44305f6609a74435c7ed88b3ed08613,inherited-v2.9.4,fact_check_all_2000.csv#s1429,Unchanged text; prior editorial claim retained. Not independently rechecked in this release.
s1430,Anika Bose: Learning to Listen,6c6d02cb9eef3dd1ce706bdb42aabefcc1a01af53c309c7105ee1512de5d889f,inherited-v2.9.4,fact_check_all_2000.csv#s1430,Unchanged text; prior editorial claim retained. Not independently rechecked in this release.
s1431,Gabriel Stone: Learning to Listen,e63505684614d75848f304b211d93f0535e75eff22f468e4193fb862ce4772be,inherited-v2.9.4,fact_check_all_2000.csv#s1431,Unchanged text; prior editorial claim retained. Not independently rechecked in this release.
s1432,Mina Rahman: Learning to Listen,91f5d4ae80e4a7cab7a546f6cd80da411c93b1d7ca900681f77c46ef65be82e4,inherited-v2.9.4,fact_check_all_2000.csv#s1432,Unchanged text; prior editorial claim retained. Not independently rechecked in this release.
s1433,Arthur Vale: Learning to Listen,b00806dd0fca731c76592ee009190ed5dbc302fa5b5c11b6196218b05cf7ee1f,inherited-v2.9.4,fact_check_all_2000.csv#s1433,Unchanged text; prior editorial claim retained. Not independently rechecked in this release.
s1434,Zoe Bennett: Learning to Listen,3d93b8ec49d28241b1f53f366816a457a960b22d888fc346067c33ed85e1d94c,inherited-v2.9.4,fact_check_all_2000.csv#s1434,Unchanged text; prior editorial claim retained. Not independently rechecked in this release.
s1435,Maya Chen: What Remained,35e16123020d439c31117c264dcefd5c4c1fc30fddc0f74d1c9111f946ab719f,inherited-v2.9.4,fact_check_all_2000.csv#s1435,Unchanged text; prior editorial claim retained. Not independently rechecked in this release.
s1436,Jon Bell: What Remained,b8de5bc1cdd04c098cddeda0f77846849c731816bf2f1f7ada3899f6c8628b7d,inherited-v2.9.4,fact_check_all_2000.csv#s1436,Unchanged text; prior editorial claim retained. Not independently rechecked in this release.
s1437,Amina Okafor: What Remained,d308cbb25366244890e7092465169fd9200d1e25870af2a66a173d8d07c2ca98,inherited-v2.9.4,fact_check_all_2000.csv#s1437,Unchanged text; prior editorial claim retained. Not independently rechecked in this release.
s1438,Luis Ortega: What Remained,9c79e4f1e2dcced9f75c96a2527b5b7c6d693ebd1d7eff3de0ba297d62626969,inherited-v2.9.4,fact_check_all_2000.csv#s1438,Unchanged text; prior editorial claim retained. Not independently rechecked in this release.
s1439,Hana Mori: What Remained,a7707a8ed757f4b309c32a94ee21044a24a24d6f82bba592e54a4762868d93fd,inherited-v2.9.4,fact_check_all_2000.csv#s1439,Unchanged text; prior editorial claim retained. Not independently rechecked in this release.
s1440,Samir Patel: What Remained,48951aa179572ad0cc0c81cab1ebf57abd89c6bd0eb406f033309cca152cc769,inherited-v2.9.4,fact_check_all_2000.csv#s1440,Unchanged text; prior editorial claim retained. Not independently rechecked in this release.
s1441,Elena Rossi: What Remained,d9b0d1e6f065cd2fdaec77e47a043676bd7ac2148b7a0906c5f5434fdf53020a,inherited-v2.9.4,fact_check_all_2000.csv#s1441,Unchanged text; prior editorial claim retained. Not independently rechecked in this release.
s1442,David Kim: What Remained,baaaaa1954ce98d62b1d5de6dc617be95e83f86a70b0ce5a0c66a0c5f2bce978,inherited-v2.9.4,fact_check_all_2000.csv#s1442,Unchanged text; prior editorial claim retained. Not independently rechecked in this release.
s1443,Nora Hassan: What Remained,496b0d72eefc7445480fae87a8460d436a6ee727df16a009717c93789c9f9666,inherited-v2.9.4,fact_check_all_2000.csv#s1443,Unchanged text; prior editorial claim retained. Not independently rechecked in this release.
s1444,Peter Walsh: What Remained,6844e63e3a2dce3d86743666712346d9a0ec3a1434e5210fd9d55e639d80145a,inherited-v2.9.4,fact_check_all_2000.csv#s1444,Unchanged text; prior editorial claim retained. Not independently rechecked in this release.
s1445,Inez Silva: What Remained,eba4ee9d912b8369ca0bbf0f769ddfdf54b95455f782306c381cd9a752a4e0d1,inherited-v2.9.4,fact_check_all_2000.csv#s1445,Unchanged text; prior editorial claim retained. Not independently rechecked in this release.
s1446,Omar Reed: What Remained,aa94e7ab2bf716bbbf267fd6727c878f968753ad5e158cc9b357e19fae0fe590,inherited-v2.9.4,fact_check_all_2000.csv#s1446,Unchanged text; prior editorial claim retained. Not independently rechecked in this release.
s1447,Keiko Tan: What Remained,4ab962a024b045ee5902af4539ce77d3cd451f7f218e71dda433e4dd4473ba68,inherited-v2.9.4,fact_check_all_2000.csv#s1447,Unchanged text; prior editorial claim retained. Not independently rechecked in this release.
s1448,Mateo Cruz: What Remained,0e013bd0628a6204ad86e985ec64dec54f74075d0a91344bced9a92b095a7d92,inherited-v2.9.4,fact_check_all_2000.csv#s1448,Unchanged text; prior editorial claim retained. Not independently rechecked in this release.
s1449,Sara Lind: What Remained,eb0c6ccbc90355a729466c6477b6162ac9a8040f3933e697547c3d889ae5cf0b,inherited-v2.9.4,fact_check_all_2000.csv#s1449,Unchanged text; prior editorial claim retained. Not independently rechecked in this release.
s1450,Theo Martin: What Remained,05c40766a6266739ec6c67922c9037caeb94d3b49a9f1630f4791aebb7cb1ea5,inherited-v2.9.4,fact_check_all_2000.csv#s1450,Unchanged text; prior editorial claim retained. Not independently rechecked in this release.
s1451,Priya Das: What Remained,461e1b957245f5bc7d2a745476f39cd815f94f441a4557b209035c7354fd2dc2,inherited-v2.9.4,fact_check_all_2000.csv#s1451,Unchanged text; prior editorial claim retained. Not independently rechecked in this release.
s1452,Marcus Green: What Remained,bea3ec75f216c3269c882474937c1ee70e18bdb8a28d8b6e671133bf0c3b440a,inherited-v2.9.4,fact_check_all_2000.csv#s1452,Unchanged text; prior editorial claim retained. Not independently rechecked in this release.
s1453,Yara Nasser: What Remained,dbc8e9e05842e7fc3898ffa4390ed6a3ca764c9f79b1792b8d5719d7b016c001,inherited-v2.9.4,fact_check_all_2000.csv#s1453,Unchanged text; prior editorial claim retained. Not independently rechecked in this release.
s1454,Finn Osei: What Remained,b6f8af0c849dde88db8e2b5e8d4c496a3caf153fe0914003cee59f4817d72d9b,inherited-v2.9.4,fact_check_all_2000.csv#s1454,Unchanged text; prior editorial claim retained. Not independently rechecked in this release.
s1455,Leah Park: What Remained,f05932da1f377251c82fb46cec675f58ec6aa4a0a5569e8f4b57d244540177fc,inherited-v2.9.4,fact_check_all_2000.csv#s1455,Unchanged text; prior editorial claim retained. Not independently rechecked in this release.
s1456,Ravi Mehta: What Remained,f5fcfea8713bb12ab93c97e26b1ad46c91530a03cc949cfda31e7c13978572c1,inherited-v2.9.4,fact_check_all_2000.csv#s1456,Unchanged text; prior editorial claim retained. Not independently rechecked in this release.
s1457,Sofia Almeida: What Remained,a41bb3d00a83f8eeded045a3a47a7d1e07f6605e4bffb052333b0ba00e9c4625,inherited-v2.9.4,fact_check_all_2000.csv#s1457,Unchanged text; prior editorial claim retained. Not independently rechecked in this release.
s1458,Daniel Cho: What Remained,c245816435988b13d75f5bbcc897ab1ec5223305011cb0bb6ec922a3aa8de717,inherited-v2.9.4,fact_check_all_2000.csv#s1458,Unchanged text; prior editorial claim retained. Not independently rechecked in this release.
s1459,Fatima Noor: What Remained,4307ab17b7a6a075b55b0094a753644a08d2221e90e87d5568fa5b5c0ea7b4c0,inherited-v2.9.4,fact_check_all_2000.csv#s1459,Unchanged text; prior editorial claim retained. Not independently rechecked in this release.
s1460,Henry Cole: What Remained,7c9e684eb2615e337f7368d4c3bcc03948671000fb62da75dd015f45d5a8345d,inherited-v2.9.4,fact_check_all_2000.csv#s1460,Unchanged text; prior editorial claim retained. Not independently rechecked in this release.
s1461,Anika Bose: What Remained,31ff8fd6b7c51697866165f6953f20bddd5c8909ba39af7a99c9fb234b2db7af,inherited-v2.9.4,fact_check_all_2000.csv#s1461,Unchanged text; prior editorial claim retained. Not independently rechecked in this release.
s1462,Gabriel Stone: What Remained,626cf8e93745219e7d48dc8aced43ed4c59a7dc6830299e6c9c6cfed5d46c14a,inherited-v2.9.4,fact_check_all_2000.csv#s1462,Unchanged text; prior editorial claim retained. Not independently rechecked in this release.
s1463,Mina Rahman: What Remained,1a3ae9b312ef1e4c808c0152710b016e77cc71b9891d251d00733f3127870283,inherited-v2.9.4,fact_check_all_2000.csv#s1463,Unchanged text; prior editorial claim retained. Not independently rechecked in this release.
s1464,Arthur Vale: What Remained,d7ad5ac7547588794d7501c774e765090a7bb4372eec7644026beadb0e93f4c1,inherited-v2.9.4,fact_check_all_2000.csv#s1464,Unchanged text; prior editorial claim retained. Not independently rechecked in this release.
s1465,Zoe Bennett: What Remained,f96f7ba591859985c8c765d6b0e785a18e3f7b1bed5ddcf3d301850c67ea566e,inherited-v2.9.4,fact_check_all_2000.csv#s1465,Unchanged text; prior editorial claim retained. Not independently rechecked in this release.
s1466,The Cup Beside the Sink,ae348e2603f11c8d9d097b1e27db28b2fba4c4ba5d1709a26f52ece0d6b2e6e8,fiction-language-reviewed,content/editorial-batch-2.11.3.json#s1466,Align setting with the title beside the sink and make the note an explicit short question.
s1467,The Two Red Socks,2796de586f24b8c079ec0fe21d68c0618c71b3860800b7bb4cc24f25f8ee19fd,fiction-language-reviewed,content/editorial-batch-2.11.3.json#s1467,Replace unnatural opens each shirt with taking clothes out and shaking out a sheet; preserve missing sock resolution.
s1468,Lunch Under the Stairs,971e58c58cf3b67220d69f622583bc3cac1ee87afd6d72bffc5544498fea8fcb,editorial-revision-2026-09-25,content/editorial-batch-2.11.9r.json#s1468,An eating table beneath school stairs could obstruct a route. Show a teacher assigning an available quiet table and remove generic filler and moral.
s1469,The Note on the Fridge,230f38cd88184a6327351148662a4bfc7aa433b84ac65901152e1ff8b0375457,editorial-revision-2026-09-25,content/editorial-batch-2.11.9r.json#s1469,Replace templated stages with a clear missing-word cause and a small domestic ending.
s1470,The Borrowed Blue Pen,a0b5a024d429f64f5d951256ea36b25e103f5f48e1c02f35372de6ca50f32c41,fiction-language-revised,content/editorial-batch-2.11.2.json#s1470,Replace goal-restatement template with lost-object clues and resolution.
s1471,The Soup Without Carrots,7c4b7e74d5a7739acfbace5f5f2bc6f4f5d831401d404f0016c65a53f9ec64a0,editorial-revision-2026-09-25,content/editorial-batch-2.11.9aa.json#s1471,"The earlier abstract template (“specific aim,” “different path,” “episode supports a wider conclusion”) substituted commentary for a story. Give Kai a clear missing-ingredient problem, concrete substitution and family response; preserve simple Level 3 sequence."
s1472,The Quiet Seat on the Bus,190e8094bdea925164726c0e8dd6c6078f84229aa84114f3e2a827d56e6cc01d,fiction-language-revised,content/editorial-batch-2.11.2.json#s1472,Resolve contradiction between no free seat and merely making room; concrete safe seating sequence.
s1473,The Phone in the Freezer,1778835bca7ade330cb96de708868e831fed238e6285991202104521ebfbb991,editorial-revision-2026-09-25,content/editorial-batch-2.11.9ai.json#s1473,"The original is a template summary, repeats the peas clue, and claims a vague wider lesson. Create a plausible sequence from carrying groceries to finding the briefly misplaced phone in the freezer."
s1474,The Sunday Repair Box,3f36cfda796b9db9e073ca02890acbed80465bf8c6c1c8725ccc27030f0ecbaa,editorial-revision-2026-09-25,content/editorial-batch-2.11.9ai.json#s1474,The original is a template about shared care and never shows the door being fixed or how tools are kept accessible. Put a repair box in a manager-approved common area and let Elin borrow and return the right tool.
s1475,The Last Slice Agreement,e8ef93ddb2f9e502555d68c5631ee2753ff1865685f945547a01336895165a61,editorial-revision-2026-09-25,content/editorial-batch-2.11.9ai.json#s1475,"The original replaces a story with repeated statements about principles and lacks an identifiable dispute. Give Tariq and June a precise food-sharing conflict, a two-person agreement and a tested outcome."
s1476,The Calendar That Knew Too Much,c80cd109fdd8414c9e526c0d4f2e27e01af96c47b8cd0e1481bfb0ace571e326,inherited-v2.9.4,fact_check_all_2000.csv#s1476,Unchanged text; prior editorial claim retained. Not independently rechecked in this release.
s1477,The Cost of a Convenient Return,4d3a9af11ea4804874f2836280265a27f52f8426745753e1601f15d6d5f02bf2,inherited-v2.9.4,fact_check_all_2000.csv#s1477,Unchanged text; prior editorial claim retained. Not independently rechecked in this release.
s1478,The Golden Goose and the Kind Son,2838c649061d798684dea7ace4b827d5a0cfadd6551f4d3d4c886bad0d098df0,editorial-revision-2026-09-24,content/editorial-batch-2.11.9j.json#s1478,"The Brothers Grimm story gives the youngest son the goose after his brothers refuse to share food. Clarify that the brothers met the traveler earlier, then show the goose’s sticky feathers and procession."
s1479,The Bremen Animals Find a Home,ce37b52e5228fa9c0d867dec729b6b00f67672fff959b3d7d685422f7959669d,source-rechecked,https://www.bremen.eu/tale-of-the-bremen-town-musicians,Use simple past and separate actions; remove abstract moral; do not describe the rooster as necessarily old; repair incorrect source link.
s1480,The Fisherman and the Talking Fish,e9601d679b1583fb9c779a566be772f06035505ba8e9de8b788de6a1a2bf2309,editorial-revision-2026-09-25,content/editorial-batch-2.11.9r.json#s1480,The original fisherman releases the fish without requesting food; his wife asks for a cottage afterward. Retell only that first episode to distinguish the full wish-cycle retelling elsewhere.
s1481,Sinbad in the Valley of Diamonds,375f3eb9826d7eb7480a853b461acff3a2dc3d1663563b441688b224657ec336,editorial-revision-2026-09-25,content/editorial-batch-2.11.9r.json#s1481,"The source describes merchants throwing meat into the valley and an eagle carrying away a piece to which Sindbad has tied himself. Remove the invented helpers, generic lesson and guarantee of safety."
s1482,Robin Hood and the Poor Farmer,82b1ce577fc0e47450d3e8d7769db64751e14c1c9e1f36ed2fc51112925d2de5,legend-inspired-fiction-reviewed,https://www.gutenberg.org/ebooks/964,Original legend-inspired episode explicitly labeled; do not falsely claim this plot is a verified book summary.
s1483,The Tempest: Miranda Sees the Ship,25b2e9c894178050df30edecf97d2b6878f4480c7c26dc6898b796b5d37a4e5e,inherited-v2.9.4,fact_check_all_2000.csv#s1483,Unchanged text; prior editorial claim retained. Not independently rechecked in this release.
s1484,The Wind in the Willows: Mole Leaves Home,ee4934febdb62d6d8238c606c8e92da59e7dd8e28a06de752e55c5622c56c40d,inherited-v2.9.4,fact_check_all_2000.csv#s1484,Unchanged text; prior editorial claim retained. Not independently rechecked in this release.
s1485,A Christmas Carol: Dinner at the Cratchits,8b2d94031f75155bef7f93458ee8623f83b64b392212159722f5b8d29f377515,inherited-v2.9.4,fact_check_all_2000.csv#s1485,Unchanged text; prior editorial claim retained. Not independently rechecked in this release.
s1486,Antigone and the Unwritten Law,6d94d030445c498159de04d8d412bc751cc442cd9d25e95543f2cda9671326b2,inherited-v2.9.4,fact_check_all_2000.csv#s1486,Unchanged text; prior editorial claim retained. Not independently rechecked in this release.
s1487,The Brothers Karamazov: Ivan's Question,bcf04a54e72b6fddb3fcdd1458c324f25f97d480e003c2efb8fe85b614af13bc,inherited-v2.9.4,fact_check_all_2000.csv#s1487,Unchanged text; prior editorial claim retained. Not independently rechecked in this release.
s1488,The Trial: Josef K. Seeks the Charge,c05e863936f3be2dcc8f312aea25bafafb938d828f568a557ef83aa64929290c,inherited-v2.9.4,fact_check_all_2000.csv#s1488,Unchanged text; prior editorial claim retained. Not independently rechecked in this release.
s1489,The Pebble That Sang,f0eab812e536fa24ff78faab0cee7b8c2dc90aa2bdef0bd4c6ba1451f10982af,fiction-language-reviewed,content/editorial-batch-2.11.3.json#s1489,Retain the magical singing-stone sequence. Empty place and joining stones give a concrete return-and-listen ending.
s1490,The Cloud in the Barn,f7161352abd7096cc23468608ca2beb88dd45b4ba8967039144df08d7761488a,fiction-language-reviewed,content/editorial-batch-2.11.3.json#s1490,Align barn title with setting and explain barn as farm building; short cloud/kite sequence remains clear fantasy.
s1491,The Door Under the Table,d5a4bcc6c67798cf14ff6f52069294e717469dc8979be3fdaf07af9dcddb0076,editorial-revision-2026-09-25,content/editorial-batch-2.11.9r.json#s1491,Resolve the contradiction between a door that opens only when unwatched and a child who watches from across the room; remove template transitions.
s1492,The Lantern Fish of Willow Pond,9f08176fff5d9b0334d6d5d533e64eb114351f8c1f94312c5b24795a52285044,editorial-revision-2026-09-25,content/editorial-batch-2.11.9r.json#s1492,Remove the unsupported claim that pond visitors needed help and the templated moral; keep the magical fish and a specific observation.
s1493,The Tailor of Rain,1fc6893d5533f7c81cb8bfec9207873dc843efdb75002396343e5b97561a068c,editorial-revision-2026-09-25,content/editorial-batch-2.11.9r.json#s1493,Keep the magical logic clear: the tear releases rain early and mist-covered spider silk makes the mending thread; avoid an explanatory moral.
s1494,The Library of Sleeping Maps,6e1d2865eff2297bf73431f04e6685889fba983a05e61f7b3bea02983486719b,fiction-language-revised,content/editorial-batch-2.11.2.json#s1494,Remove repeated result and abstract template; concrete magic action and ending.
s1495,The Bridge That Remembered Names,145c78dee73dcf03edd22d4554654d413c3e44338b51e223af44c3ce89b33511,editorial-revision-2026-09-25,content/editorial-batch-2.11.9aa.json#s1495,"The bridge was already said to join both banks, so “the road opened” gave no visible cause for its refusal to carry people. Give it a magical stone gate at the entrance that opens when the names are read, and distinguish the bridge builders from its travelers."
s1496,The Orchard Beyond Tuesday,5ebb730f020ed0076efebfd888202df923112ab642e859f1e1a60b01b0e92890,editorial-revision-2026-09-25,content/editorial-batch-2.11.9ai.json#s1496,"The original invokes a timeless garden and alternate lives but only delivers abstract moral conclusions. Show the fruit’s effect, Mara’s concrete choice and a way home that does not close off her future."
s1497,The Clockmaker's Dragon,3412c5e715cdfdfa513990eef50832f7f975239a5c846879e86f37bec53a8f17,editorial-revision-2026-09-25,content/editorial-batch-2.11.9ai.json#s1497,"The original is an abstract template in which a dragon inexplicably nests inside dangerous gears and clocks “agree.” Give Ren a mechanical problem, protect the young dragon and describe the repaired clock without inventing an actual city."
s1498,The House of Borrowed Weather,6a82c74161663d2c6151f7fb8e9fdebd287c58ae1ac56d6e63004776dc56ba38,editorial-revision-2026-09-25,content/editorial-batch-2.11.9ai.json#s1498,"The original is a template that says one homeowner literally stored every neighbor’s fair weather with no visible mechanism or motive. Make the impossible weather theft explicit fantasy and give Leila a concrete, negotiated release."
s1499,The Ministry of Forgotten Dreams,fc6aa606392b9ba30e4d36df0d3ff76f0426e0297687c3faae57a99d65730427,inherited-v2.9.4,fact_check_all_2000.csv#s1499,Unchanged text; prior editorial claim retained. Not independently rechecked in this release.
s1500,The Treaty Written on Water,ed97e208eace66ead2c21f296fab4c5ab8cd8057e5d4a0c8cdfe01fc9c58e100,inherited-v2.9.4,fact_check_all_2000.csv#s1500,Unchanged text; prior editorial claim retained. Not independently rechecked in this release.
s1501,The First Clay Bowl,81afd2405e31695529544525bb1a89d2658ece3df556a08a1f2986d98aa8627a,editorial-revision-2026-09-24,content/editorial-batch-2.11.9j.json#s1501,"The woman and her new seed bowl are a fictional historical vignette, not a documented individual. Give the drying, firing and cooling actions a clear order."
s1502,The Stones Across the Stream,0793614afa36467a7e18d77525754dfed8ee4f436eb318ccb84b750f624dfcc3,editorial-revision-2026-09-24,content/editorial-batch-2.11.9j.json#s1502,This invented bridge episode describes children crossing a stream soon after a flood on untested stones. Wait until the water falls and let experienced builders place and check stones before anyone uses them.
s1503,The Night Fire Watch,16d177a2f2e6bb2e26aced26c6a7c74f467215be038670dc780ec83fa8ad34ec,editorial-revision-2026-09-24,content/editorial-batch-2.11.9j.json#s1503,"The watch and several small fires are invented, not a documented institution. Change the repeated-fire and guaranteed-safety language to one clear event: a watcher sees smoke, rings a bell and neighbors respond."
s1504,The Road Marked by Miles,4c8d447af95aeb9c12cf88c5d86f8af860373701b7341949bde45dcdb2aff5e3,editorial-revision-2026-09-25,content/editorial-batch-2.11.9r.json#s1504,Remove false universal claims about town measurements and travel efficiency; identify Roman milestones as one documented example and explain their limited information.
s1505,Paper Travels West,a0d027e8a2544733544e9efc7b4d4310cc6197bf6599b5997d60d310deb6b6dc,editorial-revision-2026-09-25,content/editorial-batch-2.11.9r.json#s1505,Replace a flattened single-step diffusion story with a cautious centuries-long route and avoid comparing all prior writing with heavy tablets.
s1506,The Stars Above the Open Sea,3ec0938628c388ab13651d324abda3d9d50123046fffd12d246cce550f85c332,editorial-revision-2026-09-25,content/editorial-batch-2.11.9r.json#s1506,The named crossing is imagined and cannot be presented as a documented historical event. Mark fiction and ground the navigation techniques in Pacific wayfinding.
s1507,Drains Beneath an Ancient City,6b80fd2559f49f8038eec3a8eb45b6a56878eb1fbc9851dc2d0cb9344cf8851d,source-rechecked,https://www.harappa.com/blog/mohenjo-daro-street-drains,Name relevant archaeological city; remove each-home and unverified health outcome generalizations.
s1508,The Runner on the Mountain Road,81f1ffee1416aef83702369f6ec67d33541fad923cc0898ecacbde876d6692b2,source-rechecked,https://americanindian.si.edu/nk360/inka/pdf/inka-teachers-guide.pdf,Identify Inka chaski relay and accurate memorized messages; remove repetitive abstract template.
s1509,Books in the Desert City,b944e80b0cc7f5ff985c20805b96950579bd92bed3b8ae7dcb379744cb324e2c,inherited-v2.9.4,fact_check_all_2000.csv#s1509,Unchanged text; prior editorial claim retained. Not independently rechecked in this release.
s1510,The Assembly Beside the Rock,08831a9612225dd6ae029dd97b9d6d10dbb757b4a5a4a9407ef2ebe8c8f4f345,source-rechecked,https://www.thingvellir.is/en/education/history/loegberg/; https://www.thingvellir.is/en/education/history/settlement-of-iceland/,Identify Thingvellir and Law Speaker; avoid equating early assembly with modern democracy.
s1511,Rules for the Market Bell,70b12a6fa1d3f9fac9eca334212aa00af2cbcfe76d99e6a37b240398bb918009,fiction-language-revised,content/editorial-batch-2.11.2.json#s1511,Explicit historical fiction instead of unnamed asserted historical event.
s1512,Fire Teams of the Castle Town,9b6b0ccf1cf0b930f9c0141fa77b9b52a430c497545f37ebd09fc263be7f33b9,inherited-v2.9.4,fact_check_all_2000.csv#s1512,Unchanged text; prior editorial claim retained. Not independently rechecked in this release.
s1513,Messages Along the Wire,d41888662d53bc3d45149e4549177aa0ec0614bd11f7d49cd33eb29aaaec9903,source-rechecked,https://www.loc.gov/collections/samuel-morse-papers/articles-and-essays/invention-of-the-telegraph/,Concrete telegraph code mechanism; remove invented event and repetitive formula.
s1514,The First Public Vaccine Line,70e4802800dd40734ff5b4918f61978bc72b35f2471d4fe0bb6d3d3bf7f40171,fiction-language-revised,content/editorial-batch-2.11.2.json#s1514,Explicit local fictional first clinic; remove global-first implication and unsupported medical outcome.
s1515,The Clock at Every Station,4bfb5d3b0c6ed6bcc073808e31873bd233c6666db8e036ac6f308d38ece38e5d,inherited-v2.9.4,fact_check_all_2000.csv#s1515,Unchanged text; prior editorial claim retained. Not independently rechecked in this release.
s1516,Counting a Moving Population,7338c7220050f0736fbaf2337c979e9a10ead369390de101ad758d74bca968b3,inherited-v2.9.4,fact_check_all_2000.csv#s1516,Unchanged text; prior editorial claim retained. Not independently rechecked in this release.
s1517,Print Shops and Public Argument,f5d7ab2d4533bbffae71d095a6ec4eba71a143cb18310f615661405b032c7dea,inherited-v2.9.4,fact_check_all_2000.csv#s1517,Unchanged text; prior editorial claim retained. Not independently rechecked in this release.
s1518,Petitions Against Bondage,2b25306f5fdeafd088ed3b1bda9388b4dffac531fb4393dbe44f929e4ff06d8b,inherited-v2.9.4,fact_check_all_2000.csv#s1518,Unchanged text; prior editorial claim retained. Not independently rechecked in this release.
s1519,The Archive After Independence,23f59135db4a6e38580dbaf7ca07653258f78ad31c71b6dd5b771a1cc174ac17,inherited-v2.9.4,fact_check_all_2000.csv#s1519,Unchanged text; prior editorial claim retained. Not independently rechecked in this release.
s1520,The Snail After Rain,99f456930188c47a173333157da864f8ad384d72c8b0b50449f712ec2932e758,editorial-revision-2026-09-24,content/editorial-batch-2.11.9j.json#s1520,"A snail crossing a path after rain is a particular invented incident, and the plants-and-fungi subtopic is wrong. Classify as animal fiction and keep the weather-path metaphor tied to this snail."
s1521,The Sparrow's Bath,18521216199b68b8f5e7a585e55b7f14890add56bf030478b54c661bfec3fac5,editorial-revision-2026-09-24,content/editorial-batch-2.11.9j.json#s1521,The small bird’s bath and the passing person form a single fictional scene. Use a fiction label so the narrator does not imply this sequence describes all sparrows.
s1522,The Rabbit's Winter Door,ef046d94aa58388f5cba1bb251266271a570deb8e372324e7ab37b5dd7e50a3a,editorial-revision-2026-09-25,content/editorial-batch-2.11.9r.json#s1522,The precise rabbit episode and claimed universal benefit of several openings lack observation. Frame the particular rescue as fiction and confine it to a rabbit warren.
s1523,The Ant Road Around the Stone,ea35b13efc548979f63b149de762a070e3a24c9b1371b7075deb66d9a316a724,editorial-revision-2026-09-25,content/editorial-batch-2.11.9r.json#s1523,"Ant scent trails can guide nestmates, but the original makes one discovered route and whole-colony uptake sound inevitable. Qualify the example."
s1524,The Owl Above the Farm,5d23e78809dd3c86d259d19c564fcc7dd6a2f12a1a1803fda62a5fd64cc289d2,source-rechecked,https://www.allaboutbirds.org/guide/American_Barn_Owl/lifehistory,Revised prose checked against the listed source; no new live experiment claimed.
s1525,The Crab That Changed Shells,877a06e605ff4b04194d8989fd0b8685c890654e3824bd0a2d6eff22537a7f31,inherited-v2.9.4,fact_check_all_2000.csv#s1525,Unchanged text; prior editorial claim retained. Not independently rechecked in this release.
s1526,The Frog Pond in Spring,6a529b572e11998481eaa53a78cf73a24d2712260c751fe2d8305e7fd95aa268,inherited-v2.9.4,fact_check_all_2000.csv#s1526,Unchanged text; prior editorial claim retained. Not independently rechecked in this release.
s1527,The Hedge Between Two Fields,bea7ebfca9d653613379a75a73533ee22e705d366356ef80a4cc3b1e50fc1bd6,inherited-v2.9.4,fact_check_all_2000.csv#s1527,Unchanged text; prior editorial claim retained. Not independently rechecked in this release.
s1528,The Salmon's Cold Stream,88a450149d40c205ab223426b92675a915f52a4eb0d7e7be7a61b436c7c3c91f,inherited-v2.9.4,fact_check_all_2000.csv#s1528,Unchanged text; prior editorial claim retained. Not independently rechecked in this release.
s1529,Seeds in a Burned Meadow,fec0e2eb5f3d23a981170198c83d4994c716f7c9bfb654152366afe26977f1a7,inherited-v2.9.4,fact_check_all_2000.csv#s1529,Unchanged text; prior editorial claim retained. Not independently rechecked in this release.
s1530,The Dolphin's Borrowed Sponge,d3bc862ad092358c129428862e7aee8078008dde80f922ae11dde8c33f2bc448,inherited-v2.9.4,fact_check_all_2000.csv#s1530,Unchanged text; prior editorial claim retained. Not independently rechecked in this release.
s1531,The Forest That Moved Uphill,9769a0ddf835301a44d274d8ff9faf05715cb64a756926185a77c2a7486cdd48,inherited-v2.9.4,fact_check_all_2000.csv#s1531,Unchanged text; prior editorial claim retained. Not independently rechecked in this release.
s1532,The Reef After the Heat Wave,9308ea6c1a358be83201be9dd53138e3935ede016fc812af8f05be5a2000b0a2,inherited-v2.9.4,fact_check_all_2000.csv#s1532,Unchanged text; prior editorial claim retained. Not independently rechecked in this release.
s1533,Where the Ice Cube Goes,5af935e2101f8998406f4cc865976e2677f60a128df57e425d10e8ec1289f574,language-revised,fact_check_all_2000.csv#s1533,"Language revision; retained/simplified narrative or source plot. Prior factual provenance retained, not a new independent source audit."
s1534,The Seed Finds Down,0503f185b465f1c191e3b7434c59988ce4079eac63f5ebb61e8ad76764aa8291,editorial-revision-2026-09-24,content/editorial-batch-2.11.9j.json#s1534,Indiana University’s plant observation confirms roots can respond to gravity in darkness while shoots orient upward. “Green stem” without light and “root finds water below” imply too much; describe a pale shoot and gravity response separately from later access to light.
s1535,The Echo by the Wall,9132bb59de7e703ec8393dafbdb286d3bfde0b94d96a4aef69ead181b322462c,editorial-revision-2026-09-24,content/editorial-batch-2.11.9j.json#s1535,"An echo is reflected sound, but ten steps near a wall may not give a distinct change in delay. Place Mia far enough from the wall, then farther away, and name the longer round trip."
s1536,The Push of Two Magnets,3435427323444af98f4e8e9735b05aa79876e50504c39230faf8ad34b4ab09e8,inherited-v2.9.4,fact_check_all_2000.csv#s1536,Unchanged text; prior editorial claim retained. Not independently rechecked in this release.
s1537,Clouds from a Warm Cup,79853a2f7f0b3db399e3944349551174d860f0f0cfc21486e4922f72ea6216a6,editorial-revision-2026-09-25,content/editorial-batch-2.11.9r.json#s1537,"The cold plate shows condensation, not the formation of a cloud, and water vapor is invisible. Make the observation and conclusion match."
s1538,The Shadow at Three Times,0a7d88fd24137be6cec32609ae2cae5d7bb94c50eb34036a572f62240ab153d5,editorial-revision-2026-09-25,content/editorial-batch-2.11.9r.json#s1538,"The shortest shadow is near solar noon, which need not match the clock reading of noon, and exact directions vary with location and season. Describe observed relative changes."
s1539,The Egg in Salt Water,bbadff83d931bf5a228129d6ae35ba76a0eca03c1b662190e1af107dc0bee70f,inherited-v2.9.4,fact_check_all_2000.csv#s1539,Unchanged text; prior editorial claim retained. Not independently rechecked in this release.
s1540,The Warm Air Balloon Bag,7ef5b20ab68420349e7561e8c5ff9881aceed245bfe05b49e3d2c7eebf09d926,source-rechecked,https://www.grc.nasa.gov/www/k-12/TRC/Aeronautics/Hot_Air_Balloon.html; https://www.nasa.gov/scientificballoons/faqs/,"Teacher-led imagined demonstration; buoyancy must exceed total weight, not simply warm air rises."
s1541,The Green Leaf Test,21993cc0c66dcd5e49c8458a09fec1989b2d89c0c1c013085fedc3c2ba33c5ab,source-rechecked,https://practicalbiology.org/energy/photosynthesis/identifying-the-conditions-needed-for-photosynthesis.html,Include destarching and controlled comparison; no invented real experiment; source retrieved as search excerpts only.
s1542,The Slow Journey of a Continent,bca4aeac6f6c1532cf5aa07aa7c11f72fc94b5007a3a31c763d5048abc34137c,inherited-v2.9.4,fact_check_all_2000.csv#s1542,Unchanged text; prior editorial claim retained. Not independently rechecked in this release.
s1543,The Memory of an Immune Cell,27beb818ccd105e6c3d74e5b98f7610cb534ba7a2d6b90dfc94921ab4e1a12f8,inherited-v2.9.4,fact_check_all_2000.csv#s1543,Unchanged text; prior editorial claim retained. Not independently rechecked in this release.
s1544,The Gene That Worked Differently,50fac9c78e2305628ad8996556e9d6fbc9c87d7e317bfb637fc1bdac7856fae0,inherited-v2.9.4,fact_check_all_2000.csv#s1544,Unchanged text; prior editorial claim retained. Not independently rechecked in this release.
s1545,The Error Bars Around a Result,0833de4b442a5af1b59fb02275f87bbdd8bd72f3d1ca3279fc79ae68fc3ecd2d,inherited-v2.9.4,fact_check_all_2000.csv#s1545,Unchanged text; prior editorial claim retained. Not independently rechecked in this release.
s1546,The Model That Predicted Too Well,e2024ed8891613b3354aa83d0d9f30dd01c73b2dc79523bdb31364f05b5a9414,inherited-v2.9.4,fact_check_all_2000.csv#s1546,Unchanged text; prior editorial claim retained. Not independently rechecked in this release.
s1547,One Field for Two Schools,c8fa500c92c7a6bd7d5aef8b7b386bc5d6a9b80e0e1fdc57c9ec48bad6687b36,editorial-revision-2026-09-24,content/editorial-batch-2.11.9j.json#s1547,The work openly says “made-up story”; two groups within one school arrange field times and Friday play. Fiction classification matches this specific negotiated episode.
s1548,Water Rules for Three Streets,b3833eaf1e0dc5f0d7f26176e69791c73307b58f46a7384a12ef9ef06fbb9a8d,editorial-revision-2026-09-24,content/editorial-batch-2.11.9j.json#s1548,"The three streets’ water rules and town request are an explicitly made-up case, not an observation of a real town. Classify it as fiction; the text already notes that rationing alone cannot produce more water."
s1549,The Library Opens Late,b90a844fd55f34de38137c5524b4ca905f5dd5f82663bd9bef589fb33a0bc364,editorial-revision-2026-09-25,content/editorial-batch-2.11.9r.json#s1549,"The invented municipal decision is explicitly made up, so classify it as narrative fiction; the text already bounds its cost and usage claims to that story."
s1550,The Bus Route Meeting,2a892a5f2810e5bfaf481e9a87434cfb71913d3080a21977d5d16e01abbe952e,editorial-revision-2026-09-25,content/editorial-batch-2.11.9r.json#s1550,An invented town transit decision should be labeled fiction and classified accordingly. Show the evaluation rather than claim ridership rose without a count.
s1551,Rules for the River Park,b49aa3087c1599282f7a76833a8152e9d652f23c756dbd631aee8f19ad9841b8,editorial-revision-2026-09-25,content/editorial-batch-2.11.9r.json#s1551,A specific park decision and observed nest outcome are invented; explicitly frame the scenario as fiction and avoid claiming closure always protects nesting birds.
s1552,Lunch for Every Child,dd817a9569c0d3a3dec95943729bbd84b052a652e7b12b9dafedf645d1e91461,fiction-language-revised,content/editorial-batch-2.11.2.json#s1552,Explicit fictional planning; include resource and food requirements; remove universal causal claim.
s1553,Words at the Health Desk,316cdab404dc80661910e72bfd6620d05b934df875643eefec9836bec960ebf1,inherited-v2.9.4,fact_check_all_2000.csv#s1553,Unchanged text; prior editorial claim retained. Not independently rechecked in this release.
s1554,The Repair Label,e39418af7fd41ddf314b4913dc9865b4ca41b92ba611c0eb5511d1ae749e5db3,inherited-v2.9.4,fact_check_all_2000.csv#s1554,Unchanged text; prior editorial claim retained. Not independently rechecked in this release.
s1555,The Map of Public Trees,4e43e7d1de1e5d912f2bd57d0194cf5ea360cd1da294d1659364cd271b0c5957,inherited-v2.9.4,fact_check_all_2000.csv#s1555,Unchanged text; prior editorial claim retained. Not independently rechecked in this release.
s1556,The Empty Shop Tax,3f08241be2483bebec4adcf32f236faca46cce899f64e9c9d51ea60df764fe0c,inherited-v2.9.4,fact_check_all_2000.csv#s1556,Unchanged text; prior editorial claim retained. Not independently rechecked in this release.
s1557,The Evening Care Cooperative,e6c07c6b1d687ce9774a54fa84df930eb7c1e247d7cd1d399c7195607b952204,inherited-v2.9.4,fact_check_all_2000.csv#s1557,Unchanged text; prior editorial claim retained. Not independently rechecked in this release.
s1558,The Flood Notice in Every Language,c409ee34c060c0f25a58b7da3b436f6e55a28282ed44d5e47c678c1d2a2a6907,inherited-v2.9.4,fact_check_all_2000.csv#s1558,Unchanged text; prior editorial claim retained. Not independently rechecked in this release.
s1559,The Market's Shared Cold Room,47b5bff412446f88e19acff8af048000cd070e76d905faa8e153a38e8a418d40,inherited-v2.9.4,fact_check_all_2000.csv#s1559,Unchanged text; prior editorial claim retained. Not independently rechecked in this release.
s1560,The Night Train Trial,384719534cf91bb293df1c7f81950ae63753fc8df34b1777f0586f63d1a33a44,inherited-v2.9.4,fact_check_all_2000.csv#s1560,Unchanged text; prior editorial claim retained. Not independently rechecked in this release.
s1561,The Community Solar Roof,f40a2c6d00af28921c946754c31158fe96dfbecd0e0931b53a3cec1dc573b6cc,inherited-v2.9.4,fact_check_all_2000.csv#s1561,Unchanged text; prior editorial claim retained. Not independently rechecked in this release.
s1562,The Translation Budget,b757545d9596ed3e2cddbcf1c2c87f7f47887fe8bb84e3121bb775843c7d42ed,inherited-v2.9.4,fact_check_all_2000.csv#s1562,Unchanged text; prior editorial claim retained. Not independently rechecked in this release.
s1563,The Public Algorithm Register,accd45bbe33e65d9f73aea561dfe056b1fbf8968562ff1f04b4ee4adc4531541,inherited-v2.9.4,fact_check_all_2000.csv#s1563,Unchanged text; prior editorial claim retained. Not independently rechecked in this release.
s1564,The Carbon Border Debate,af6157f0ccf1c15f6b13a55d555ac02af5359708417ee4780d6a98acaf54c6e4,inherited-v2.9.4,fact_check_all_2000.csv#s1564,Unchanged text; prior editorial claim retained. Not independently rechecked in this release.
s1565,The Right to Leave a Platform,2ff4151425824466b3f752cf0a6647dc19ff073a5ee7722c08e7e5458cce4c80,inherited-v2.9.4,fact_check_all_2000.csv#s1565,Unchanged text; prior editorial claim retained. Not independently rechecked in this release.
s1566,The Cipher in the Tide Tables,5e56b50d9e30bc6321852adf9c9d8834114ee122be4ffd3b64a43d743555bb11,inherited-v2.9.4,fact_check_all_2000.csv#s1566,Unchanged text; prior editorial claim retained. Not independently rechecked in this release.
s1567,The Locked Room at Platform Nine,1f9533b7cf07364b708c83005be9978f38a69291a995a04650d632baadedad04,inherited-v2.9.4,fact_check_all_2000.csv#s1567,Unchanged text; prior editorial claim retained. Not independently rechecked in this release.
s1568,The Collector's Missing Provenance,eebcfea68ce1993059f3d024047c6541d8d60ee1f0cdb268abe8707ab3158225,inherited-v2.9.4,fact_check_all_2000.csv#s1568,Unchanged text; prior editorial claim retained. Not independently rechecked in this release.
s1569,The Signal Beyond North Ridge,f2f37fb22a10094bb5aaeed4a062ffc1a34f0dc5fda36ad3d1122a4d23b3d138,inherited-v2.9.4,fact_check_all_2000.csv#s1569,Unchanged text; prior editorial claim retained. Not independently rechecked in this release.
s1570,The Archive with Two Catalogues,150f8877138a1ea9bee5fa7f191ce2d00e6c1cc43396821181bb7d1800c944b4,inherited-v2.9.4,fact_check_all_2000.csv#s1570,Unchanged text; prior editorial claim retained. Not independently rechecked in this release.
s1571,The Orchard Camera,6f50ffe27802834414316771bac05e6035b74e7f5eab6a9089c1783e4323e38d,inherited-v2.9.4,fact_check_all_2000.csv#s1571,Unchanged text; prior editorial claim retained. Not independently rechecked in this release.
s1572,The Last Ferry Manifest,9abb9166d72aaa5db800eb8e6ca36438b72f1b73769487cfe93ebf47a1d489db,inherited-v2.9.4,fact_check_all_2000.csv#s1572,Unchanged text; prior editorial claim retained. Not independently rechecked in this release.
s1573,The Museum's False Shadow,e653dd01972a41513c869f221e93b2e6a99560924d13554eecb9579626a4a129,inherited-v2.9.4,fact_check_all_2000.csv#s1573,Unchanged text; prior editorial claim retained. Not independently rechecked in this release.
s1574,The Map Beneath the Map,5e01b599fce119bdfa23527fbfbcbf41143f4904e8ddc67d535c7828e7c5d004,inherited-v2.9.4,fact_check_all_2000.csv#s1574,Unchanged text; prior editorial claim retained. Not independently rechecked in this release.
s1575,The Voice on the Closed Frequency,3a6ac7dcbd721506ddd5772f636fadf1bab3781eae287d12039e48f381f77835,inherited-v2.9.4,fact_check_all_2000.csv#s1575,Unchanged text; prior editorial claim retained. Not independently rechecked in this release.
s1576,The Missing Minute in Court,f3aabaf5ed9e1d88db050bf0e4e8763b6c86365f18e875607eaa15b74c837ce9,inherited-v2.9.4,fact_check_all_2000.csv#s1576,Unchanged text; prior editorial claim retained. Not independently rechecked in this release.
s1577,The Expedition's Second Journal,09ea2383f73820ce2bad67a1ce8ec53edff20997c222d1a1a39a495ee142661d,inherited-v2.9.4,fact_check_all_2000.csv#s1577,Unchanged text; prior editorial claim retained. Not independently rechecked in this release.
s1578,The Vanishing Survey Marker,fbec14c35d1eca69cd4a1884e02be8d9dde84fcee75dcc857b1b192ac5dde59a,inherited-v2.9.4,fact_check_all_2000.csv#s1578,Unchanged text; prior editorial claim retained. Not independently rechecked in this release.
s1579,The Anonymous Peer Review,59f34c2a7d86a0cf1601724a362d75b7dd894386fa654589c28a9b6d3960aa46,inherited-v2.9.4,fact_check_all_2000.csv#s1579,Unchanged text; prior editorial claim retained. Not independently rechecked in this release.
s1580,The Warehouse of Returned Clocks,94bc625ac31c387b874e55df9e80ddf134dc525c40e630a7b0b8f6d51e8b25d6,inherited-v2.9.4,fact_check_all_2000.csv#s1580,Unchanged text; prior editorial claim retained. Not independently rechecked in this release.
s1581,Listening Before the Festival,3caaf90461535ca2f5bb53e57e087e3423ebc4ed1c2adf8dab2f96659a3ce1e3,inherited-v2.9.4,fact_check_all_2000.csv#s1581,Unchanged text; prior editorial claim retained. Not independently rechecked in this release.
s1582,The Museum Label in Three Voices,9d406fb9a22c9f9307096aae6ae6dc424413720c9ea5fc1b4c444502aed6eef8,inherited-v2.9.4,fact_check_all_2000.csv#s1582,Unchanged text; prior editorial claim retained. Not independently rechecked in this release.
s1583,The Meal with No Direct Translation,c670dfed1aa20d41c4ec282be5d66d35d84f831f2a95e65ff7400d164c0e9362,inherited-v2.9.4,fact_check_all_2000.csv#s1583,Unchanged text; prior editorial claim retained. Not independently rechecked in this release.
s1584,The Slow Train Across the Plateau,9199570026faaeb47f81d07ceb57bf45f1836753def333b9fd102065020bb607,inherited-v2.9.4,fact_check_all_2000.csv#s1584,Unchanged text; prior editorial claim retained. Not independently rechecked in this release.
s1585,The Guide Who Changed the Route,f6a267bfadcc823b636c4507906f0b811102700662008d7bca9ce412f608eede,inherited-v2.9.4,fact_check_all_2000.csv#s1585,Unchanged text; prior editorial claim retained. Not independently rechecked in this release.
s1586,The Language of the Market Scale,a93c14899a3c5da559c379795d2ecaff2a51ab6ee34e208c77ded5d9a0bac0c0,inherited-v2.9.4,fact_check_all_2000.csv#s1586,Unchanged text; prior editorial claim retained. Not independently rechecked in this release.
s1587,The Empty Beach Photograph,fd878d64bf3e5dd105071cb174afa757f19b7829db64a57d0c72778747e7fa83,inherited-v2.9.4,fact_check_all_2000.csv#s1587,Unchanged text; prior editorial claim retained. Not independently rechecked in this release.
s1588,The Guest Room and the Water Tank,e107889b5fe355db0c87cad15706316641b4b983db3410dade6b21829c3cff90,inherited-v2.9.4,fact_check_all_2000.csv#s1588,Unchanged text; prior editorial claim retained. Not independently rechecked in this release.
s1589,The Monument After Sunset,14941db315145f8a4096e856b7c81d2e067b1d7673aa479555ca90aba4a31fcd,inherited-v2.9.4,fact_check_all_2000.csv#s1589,Unchanged text; prior editorial claim retained. Not independently rechecked in this release.
s1590,The Borrowed Bicycle Rule,0f74a6716a6bf5f662fa3ab919e2d3cc8a39cd1c378bb08bf2c2aa8362d54335,inherited-v2.9.4,fact_check_all_2000.csv#s1590,Unchanged text; prior editorial claim retained. Not independently rechecked in this release.
s1591,The Village Name on Two Maps,60856aa21805d620dd678722e30d06f43510c01a69f7b10062cba5c8b8411a31,inherited-v2.9.4,fact_check_all_2000.csv#s1591,Unchanged text; prior editorial claim retained. Not independently rechecked in this release.
s1592,The Souvenir Made Next Door,6a27b5be8384e0d479ecb39dbc1e0667c3398666e8673c2d3761aa613ee57fa9,inherited-v2.9.4,fact_check_all_2000.csv#s1592,Unchanged text; prior editorial claim retained. Not independently rechecked in this release.
s1593,The Trail Closed for Ceremony,3c7d9f8f8b293398572016114bcef2d427277ec175666d720a9607884d1f03ae,inherited-v2.9.4,fact_check_all_2000.csv#s1593,Unchanged text; prior editorial claim retained. Not independently rechecked in this release.
s1594,The Interpreter's Day Off,a374a9c96613c5e5be46f45722c687549b823680006efeb09027d24f01840cff,inherited-v2.9.4,fact_check_all_2000.csv#s1594,Unchanged text; prior editorial claim retained. Not independently rechecked in this release.
s1595,The Airport Beyond the Postcard,2fedd79b7b0a52027b6b4cc7f9900a6ca9692ab0de8541c2920585003f1d4dd1,inherited-v2.9.4,fact_check_all_2000.csv#s1595,Unchanged text; prior editorial claim retained. Not independently rechecked in this release.
s1596,Mara Ellis: Designing with Floodwater,dbfd0d6d464a9fb9048c726452fe02eff64648d365bd389c6ad9f3e50ae47acc,inherited-v2.9.4,fact_check_all_2000.csv#s1596,Unchanged text; prior editorial claim retained. Not independently rechecked in this release.
s1597,Tomas Adeyemi: The Language of Soil,86271cd0889bf1e4467e9335d94ed24d1ba30ad8c3ca0f0486a1a6e4fe3ee5c7,inherited-v2.9.4,fact_check_all_2000.csv#s1597,Unchanged text; prior editorial claim retained. Not independently rechecked in this release.
s1598,Keira Novak: Repairing the Night Sky,b77a2933bbed6e27a05d18e7c09c90bbc0c40b635fb7d72341e7937cdd1a9b67,inherited-v2.9.4,fact_check_all_2000.csv#s1598,Unchanged text; prior editorial claim retained. Not independently rechecked in this release.
s1599,Hassan Vale: An Archive of Work Songs,2dd09788179c7467f635c71b0b89f0c82fa0ad88728f618b913989885b7fd521,inherited-v2.9.4,fact_check_all_2000.csv#s1599,Unchanged text; prior editorial claim retained. Not independently rechecked in this release.
s1600,Evelyn Park: The Small Hospital Network,96d44a330da452d35703aee7ae349fd2592a71dd265916419ce1f89b3c9998a2,inherited-v2.9.4,fact_check_all_2000.csv#s1600,Unchanged text; prior editorial claim retained. Not independently rechecked in this release.
s1601,Rico Santos: Mapping Heat Block by Block,6cac2f14ae82b9acb90a1d31fa71f7e77216125f93a71ae482731eb58849b6b5,inherited-v2.9.4,fact_check_all_2000.csv#s1601,Unchanged text; prior editorial claim retained. Not independently rechecked in this release.
s1602,Anya Feld: The Orchestra Without a Hall,139f71a1d6ba0e1c8cd600ff8681da615fe83c8cbde6fb4b06383db96975b44d,inherited-v2.9.4,fact_check_all_2000.csv#s1602,Unchanged text; prior editorial claim retained. Not independently rechecked in this release.
s1603,Malik Chen: Making Batteries Repairable,19b61bae9b968fa472ead7aad25daa9229f314cff108c91d2984f46dbe5028eb,inherited-v2.9.4,fact_check_all_2000.csv#s1603,Unchanged text; prior editorial claim retained. Not independently rechecked in this release.
s1604,Isabel Romero: The Courtroom in Plain Words,fabdf3dd0dd91992d8316cb8fb2b65b13e7d867e512d329c34788c9461279dff,inherited-v2.9.4,fact_check_all_2000.csv#s1604,Unchanged text; prior editorial claim retained. Not independently rechecked in this release.
s1605,Noor Ibrahim: Keeping the River Public,3ca4c7c16cc2543f0d632bb8ffacd7aa6143868037f7ef44fb77ded7f8324ee5,inherited-v2.9.4,fact_check_all_2000.csv#s1605,Unchanged text; prior editorial claim retained. Not independently rechecked in this release.
s1606,Akira Bell: The Ethics of a Useful Robot,8178946666b4ce68df58f00e7fc1a632d89a34836911d09cc860a43a0501e77d,inherited-v2.9.4,fact_check_all_2000.csv#s1606,Unchanged text; prior editorial claim retained. Not independently rechecked in this release.
s1607,Lina Okoye: Seeds Across a Border,2bf8faceb6320dc3fb94fa7cafbd27228f82d5fdd79936747f7211f63c5bea7c,inherited-v2.9.4,fact_check_all_2000.csv#s1607,Unchanged text; prior editorial claim retained. Not independently rechecked in this release.
s1608,Jonas Reed: The Unfinished Memorial,0a06b6595fd3e14ddf2c2dc26dc8b7e8606b761c8de8f0466106172d55424f6b,inherited-v2.9.4,fact_check_all_2000.csv#s1608,Unchanged text; prior editorial claim retained. Not independently rechecked in this release.
s1609,Priya Nordin: A Census of the Uncounted,bc0894f88910a9e154fe19063bcd1b9e68e5b3eba15ae66d42545ee3b3c4202e,inherited-v2.9.4,fact_check_all_2000.csv#s1609,Unchanged text; prior editorial claim retained. Not independently rechecked in this release.
s1610,Mateo Quinn: Restoring More Than a Building,26c5eb02fba2b7396573d1a46e6b73f9c7c42a2bbe8304cba12f49829c4641b1,inherited-v2.9.4,fact_check_all_2000.csv#s1610,Unchanged text; prior editorial claim retained. Not independently rechecked in this release.
s1611,A Room Inside Mina's Coat,1acf97ddfc9780ce31601a590283a85a614ffdcdb8695395e6b57cc83a12aa38,fiction-language-reviewed,content/editorial-batch-2.11.3.json#s1611,"Retain magical coat doorway, mouse and tiny tea scene. Fictional impossible scale is intentional; pronouns and ending are clear."
s1612,A Crab Finds Shade,90100419b155e234dc4570013a9120d0ec2b4885c95a6b6e550a7c2d759ef096,editorial-revision-2026-09-24,content/editorial-batch-2.11.9j.json#s1612,One crab finding a pool by sea grass is an imagined coastal scene; mark it as fiction rather than a general claim about crab behavior.
s1613,Two Streets Share a Bus,e3b7821a842bbed2fe85c4b0cc0503c8102391287c4b2fe88f82bad141557ed6,editorial-revision-2026-09-24,content/editorial-batch-2.11.9j.json#s1613,Two streets choosing a weekday and rest-day bus schedule is a specific invented town decision; the proposal is only a trial and does not guarantee every rider is served.
s1614,Lunch for the New Student,87a672bbe236482ec0a4f5021a9ed0a68eb651f0d8310b717c7844f768802eb2,fiction-language-reviewed,content/editorial-batch-2.11.3.json#s1614,Remove the ill-sister inference; name the intended lunch recipient and use teacher-assisted delivery to a new classmate.
s1615,Marks in Wet Clay,25bd030328dd3e59864c362ab77b3068f7f71d29bd1651805ec60c9fd584e9ce,editorial-revision-2026-09-24,content/editorial-batch-2.11.9j.json#s1615,"The Metropolitan Museum documents reeds pressed into clay for grain records. This passage is an explanatory account of old writing, not one historical character’s narrative; identify the reed and avoid suggesting all tablets survived merely by sun drying."
s1616,The Cup That Sweats,9f43ab603e8a391e887a508c169596693bb47d6e48ab056632514a521e4d8f28,inherited-v2.9.4,fact_check_all_2000.csv#s1616,Unchanged text; prior editorial claim retained. Not independently rechecked in this release.
s1617,Peter Comes Home,ffe18a8f90b2613b90a8e2886b08cbb3b3eb2dfcaa50f3b1521319b6c77f59a2,editorial-revision-2026-09-24,content/editorial-batch-2.11.9k.json#s1617,"The Peter Rabbit retelling follows garden, lost clothes, gate and home in the original. Change “warm tea” to the book’s chamomile tea, without presenting it as medical advice."
s1618,A Kitten Behind the Wall,b890bfe0d77eb52d53849bbbcf6fc4c97f3d297ef2e3540835238ab6a0e9dbcf,fiction-language-reviewed,content/editorial-batch-2.11.3.json#s1618,Link bell to kitten collar and resolve the sound; remove an unsupported leap from finding a kitten to owning it.
s1619,Breakfast at the River Stop,c353ff6316a17156a16bde0be66df4f7d928c1f424e969a95cf0010a77d4967f,inherited-v2.9.4,fact_check_all_2000.csv#s1619,Unchanged text; prior editorial claim retained. Not independently rechecked in this release.
s1620,Lena Fixes Small Things,c54809edc1f11535cbd4babf5fa5595ae5ede666ee45ed359bc74e3354736f29,inherited-v2.9.4,fact_check_all_2000.csv#s1620,Unchanged text; prior editorial claim retained. Not independently rechecked in this release.
s1621,The Cloud Baker,a5c3fbad3637d88b3d6c228a0c0cddff4ca56597cb3a1747e5c57921f966107a,editorial-revision-2026-09-25,content/editorial-batch-2.11.9s.json#s1621,"A fantasy baker uses cloud as an ingredient, runs out when the wind moves the clouds, and gets help from birds. The tower, bread and birds have clear referents. The seven-day softness and cloud-carrying belong to an openly magical story, not baking advice."
s1622,Sea Otters in Kelp,4ce07895617aa97144c80222f8852bc255f77f9942c376b1c6a6d645523f9f9e,source-rechecked-2026-09-25,https://www.montereybayaquarium.org/animals-the-ocean/animals-a-to-z/sea-otter,"The earlier title and ending treated paw-holding as a documented way to stay close and feel safe, but the checked institutional source did not support that causal claim. Replace it with documented habitat, diving, surface feeding and rock use."
s1623,The Library After Dark,c1c9e4b2d3ecf404320aa1a4ed949b49cbf84565193aa70c23d460cfc626ee1a,editorial-revision-2026-09-25,content/editorial-batch-2.11.9v.json#s1623,"The town meeting, budget decision and usage result are invented. Mark the scenario as fictional and avoid a measured increase without a stated count."
s1624,A Quiet Table for Grandfather,eae651036b6a5eea105308b768ab7d37a62805452bc5fe93385cacc03cf4232a,editorial-revision-2026-09-25,content/editorial-batch-2.11.9s.json#s1624,"Replaces Maya putting her grandfather somewhere with a request and his agreement. Kitchen noise, move and conversation follow in order. Better is a bounded result for this imagined family, not a universal hearing intervention."
s1625,The Inca Road Network,0c51c1124875f46502ad56dfea64a053199bbad47c954329baeb14db5d772816,source-rechecked-2026-09-25,https://whc.unesco.org/en/list/1459/,"Remove unsupported details about relay stations, the absence of horses and carts, and vague “deep low land.” Retain UNESCO-supported scale, users, terrain, bridges, stairs, ditches, paving, storage and accommodation in accessible Level 2 prose."
s1626,Why a Spoon Looks Bent,5e0fc1de2db09eebc76f3fae01b022f31e8ee7fa5b5a2f36e05dc8c59ab6e59a,source-rechecked-2026-09-25,https://openstax.org/books/physics/pages/16-2-refraction,Name refraction and connect the apparent position to light changing direction at the water-air boundary. The statement is limited to the observation and mechanism described by the checked open physics text.
s1627,The Lion and the Small Helper,858732dffe49545fd0dc642c3dfd0165fdbbefd3a0ea02cb558e2a9d55500b46,inherited-v2.9.4,fact_check_all_2000.csv#s1627,Unchanged text; prior editorial claim retained. Not independently rechecked in this release.
s1628,Water Marks in the School Hall,958ea3c4fb12b06f7bfbb0abb590d477ca03d9fb6b93220afc43b88887e9e6b9,editorial-revision-2026-09-25,content/editorial-batch-2.11.9s.json#s1628,"The original footprints stopped at a wall but its final marks were on high steps, leaving the route contradictory. A ladder beside the wall explains where the worker went and why the floor marks stop. The mystery remains a short coherent Level 2 fiction."
s1629,The Red Thread Market,f6e0475ceabefddd728bcc0709fb00321de3c1c4f1f170070f0a02be9046960f,editorial-revision-2026-09-25,content/editorial-batch-2.11.9s.json#s1629,"An imagined setting and one seller replace the unsupported claim about how every family uses colors. Jun tries, receives help and buys his own second band; the physical sequence is clear and does not imply a real local tradition."
s1630,Omar Makes a Bus Map,2117d416549470a6d03449532eb023db52cf369c69e7d4212a85c7f48d7c2c25,editorial-revision-2026-09-25,content/editorial-batch-2.11.9s.json#s1630,"A map that talks through a button was asserted without explaining how the bus was changed. A printed map and spoken stops give the rider a clear, plausible way to find the stop. The text identifies Omar as invented."
s1631,Moon-Walking Beans,4d05176fc7201d4390897ab8e42e21d433ea66ebf0719b399ba21eed4626fdb9,editorial-reviewed-2026-09-25,content/editorial-batch-2.11.9aa.json#s1631,"Read the whole fantasy: midnight bean plants walk toward the moon, Tala marks a safe path, and flowers are protected. The plants’ movement is clearly magical rather than botany advice; tense, action order and Level 3 vocabulary are coherent."
s1632,The Frog's Winter Room,8b3049e21543213fcce7a44167cc44c5ff400e2f89a2bdce80285551ca0cd65e,inherited-v2.9.4,fact_check_all_2000.csv#s1632,Unchanged text; prior editorial claim retained. Not independently rechecked in this release.
s1633,The Empty Water Tanks,e1283a6b69a1035dd95cb88408bf8976e554afcfe00a3a2467b4e74acb8275ae,inherited-v2.9.4,fact_check_all_2000.csv#s1633,Unchanged text; prior editorial claim retained. Not independently rechecked in this release.
s1634,Niko Learns to Repair,d57cf4d9cf4b92cacc2262f7c91fb5a4463bd8bcfaf969400a5b656c2d006c8f,editorial-revision-2026-09-25,content/editorial-batch-2.11.9aa.json#s1634,A volunteer casually showing a novice how to replace damaged toaster wiring gives unsuitable electrical repair advice. Retain the community repair lesson with a loose wooden chair joint; the volunteer guides Niko with wood glue and clamps while the joint dries. No electrical or food-safety repair claim remains.
s1635,Messages on the Silk Roads,55b3256148f4c1f4f188cb7238edf626408921da9eee0eabaa261cfb669f1618,inherited-v2.9.4,fact_check_all_2000.csv#s1635,Unchanged text; prior editorial claim retained. Not independently rechecked in this release.
s1636,How Soap Moves Grease,e83dcf7b3f3496d5f0440ccaa41806f7c0c0508b6b7dde30afc26d83a2af60da,inherited-v2.9.4,fact_check_all_2000.csv#s1636,Unchanged text; prior editorial claim retained. Not independently rechecked in this release.
s1637,Mary Opens the Hidden Garden,61852fd55a57183e9209b0a02f7b69c9f33a11d973af36b381262d0256e84bbf,inherited-v2.9.4,fact_check_all_2000.csv#s1637,Unchanged text; prior editorial claim retained. Not independently rechecked in this release.
s1638,The Map in the Flour,f5e47c0f4cc94af959d64ad25418edb77270f5cad9f75e17f043807a556bdfac,editorial-revision-2026-09-25,content/editorial-batch-2.11.9ae.json#s1638,"The ant and cookie clue is too small to account for map-like trails across a floor. Give several ants visible tracks around a fallen crumb, and let Sora and Ben follow them from a flour sack rather than implying any treasure."
s1639,A Song for the Ferry,354e9f7bcc3a3f5b00058c611dccdade6a3f8fde34d22fe8f656cbfa50c7abe5,inherited-v2.9.4,fact_check_all_2000.csv#s1639,Unchanged text; prior editorial claim retained. Not independently rechecked in this release.
s1640,Mei Builds a Seed Shelf,13f19b883a0d6d9718e3154295f028116003a2bcc25956fc0a73b65ca4458711,editorial-revision-2026-09-25,content/editorial-batch-2.11.9af.json#s1640,"The fictional seed shelf says rare local plants are disappearing and every street contributes within two years, claims unsupported by the short narrative. Narrow to a few named beans and neighbors, record labels and returns, and show a small but believable inventory."
s1641,The Ferryman of Sleeping Words,161ed0711ca55ffbb2125730751b053437d2183ae0bf2feb8de323cca010a4a3,editorial-reviewed-2026-09-25,content/editorial-batch-2.11.9aj.json#s1641,"The complete magical tale connects the dusk river, entrusted words and the ferryman’s lost name; the woman’s song supplies a specific earlier connection. Pronouns, sequence, Level 4 phrasing and invented setting are clear. No change needed."
s1642,A Forest Made by Elephants,5be90208f9fef42d842e338536bee5f379f083930b290e35bde551abadaf11ed,inherited-v2.9.4,fact_check_all_2000.csv#s1642,Unchanged text; prior editorial claim retained. Not independently rechecked in this release.
s1643,A Vote for the Old Station,b33254d816a7243b60e21c8df6e00365d122b7694e3f9cd71cd2f074eb97f3a1,inherited-v2.9.4,fact_check_all_2000.csv#s1643,Unchanged text; prior editorial claim retained. Not independently rechecked in this release.
s1644,Three Ways to Say Sorry,9d7191e28276e620b3bae5974e71d25c1f81180424dc455cfd6c1cc5c4c2deae,editorial-revision-2026-09-25,content/editorial-batch-2.11.9aj.json#s1644,"The original summarizes three apologies and moralizes rather than letting the roommate respond. Show the damaged bicycle, a repair, and Riku asking before borrowing again in a concrete dialogue."
s1645,The Coffeehouses of London,b8bb32b6764495ad85f8ee5971afac7335f4169578dbffd98af4e4bf754c3589,inherited-v2.9.4,fact_check_all_2000.csv#s1645,Unchanged text; prior editorial claim retained. Not independently rechecked in this release.
s1646,Why Bridges Need Room to Move,f42af690ac8d8ec154332276273a02510820fd105859b6da12fce0a8e4a09412,inherited-v2.9.4,fact_check_all_2000.csv#s1646,Unchanged text; prior editorial claim retained. Not independently rechecked in this release.
s1647,Dorothy and Three Travelers,0d92cb332a386238897c740892616b110f6c84c5366a46c754d107418e01afdd,inherited-v2.9.4,fact_check_all_2000.csv#s1647,Unchanged text; prior editorial claim retained. Not independently rechecked in this release.
s1648,The Lighthouse Pattern,2da1d1116e36ccd2abc1ea99284802499215fc78df57472e5998f672b2ff18e3,editorial-revision-2026-09-25,content/editorial-batch-2.11.9am.json#s1648,"A loose panel cannot be confidently interpreted as a coded warning, and sending workers to a remote island as a storm approaches is an unsafe chronology. Report the abnormal pattern and warn mariners, then inspect after conditions improve."
s1649,The Courtyard Cinema,a3daad0c1fcb101dad535b3c377bf091ae37ff34fc526c53796cf634c208004d,inherited-v2.9.4,fact_check_all_2000.csv#s1649,Unchanged text; prior editorial claim retained. Not independently rechecked in this release.
s1650,Theo and the Evening Sky,06e58f9086d43721d947a25efb724a13c95693bc93b8a4e868f8070691a38359,editorial-revision-2026-09-25,content/editorial-batch-2.11.9ao.json#s1650,“University project lends a camera” suggests a real institutional service without source; tubes do not serve as telescopes for observing and counting faint stars. Distinguish a safe sky-viewing guide from magnification and avoid solar observation.
s1651,Mara's Ticket to the Dream Museum,2472f88a2fc8002c2b47c75e33f9928422d47b88611bc5f7d269c51c27fe09a5,inherited-v2.9.4,fact_check_all_2000.csv#s1651,Unchanged text; prior editorial claim retained. Not independently rechecked in this release.
s1652,The Night Work of Moths,62d0e1dae941070f36fe5e866bf9583aa99af8bfbcf47348d3bac4758bd2292a,inherited-v2.9.4,fact_check_all_2000.csv#s1652,Unchanged text; prior editorial claim retained. Not independently rechecked in this release.
s1653,The Market's Common Refrigerator,7a2157350d3a812825ff6cf957afd8170a205a4361c4a893b081673c22264d92,inherited-v2.9.4,fact_check_all_2000.csv#s1653,Unchanged text; prior editorial claim retained. Not independently rechecked in this release.
s1654,Four Colors for Family Care,ff41a82fb45f1c4642cbb5fb07df8cd32308f3582a2354f63ec579108f0f878b,inherited-v2.9.4,fact_check_all_2000.csv#s1654,Unchanged text; prior editorial claim retained. Not independently rechecked in this release.
s1655,When Maps Put South at the Top,5f6b65e0d4c99bc8366528f0b824af875b64f2f7561f3810c4be0b7b2087c678,inherited-v2.9.4,fact_check_all_2000.csv#s1655,Unchanged text; prior editorial claim retained. Not independently rechecked in this release.
s1656,The Memory in a Metal Clip,1ebf3892f0ce29bfa34b6b7cd0d686fc14764174b264124b3554d0e8fd887456,inherited-v2.9.4,fact_check_all_2000.csv#s1656,Unchanged text; prior editorial claim retained. Not independently rechecked in this release.
s1657,Alice at the Queen's Game,532d475d73032c367006ff4e9e62699a0c741d1e5f9326bf3177866376f4722c,inherited-v2.9.4,fact_check_all_2000.csv#s1657,Unchanged text; prior editorial claim retained. Not independently rechecked in this release.
s1658,Clocks Corrected the Wrong Way,c1bba829e5a1d22c7b791c9157fce92de0cdd5321f9cf5d1ffc01de1d2a16882,inherited-v2.9.4,fact_check_all_2000.csv#s1658,Unchanged text; prior editorial claim retained. Not independently rechecked in this release.
s1659,A Library on the Night Train,c28747c4f89ad9b763850d7b71232b36ef400ee74db1b3a14c740ca452b2e3ad,inherited-v2.9.4,fact_check_all_2000.csv#s1659,Unchanged text; prior editorial claim retained. Not independently rechecked in this release.
s1660,Amara Listens Before Building,3481fd3221e7dbf2e68c3ed3a5477ac8c02a3eb97938aed16442bba76ba4fc32,inherited-v2.9.4,fact_check_all_2000.csv#s1660,Unchanged text; prior editorial claim retained. Not independently rechecked in this release.
s1661,The Cartographer of Echoes,9ce11b7deb74a493793ecd0bfcc14a458990b2d293d0ec69bd335846ae7a0fb9,inherited-v2.9.4,fact_check_all_2000.csv#s1661,Unchanged text; prior editorial claim retained. Not independently rechecked in this release.
s1662,How Trees Share a City Block,66270107c38797aa4d062bd61531eb0c8bcdabd50b552371b13e0ad8475e443b,inherited-v2.9.4,fact_check_all_2000.csv#s1662,Unchanged text; prior editorial claim retained. Not independently rechecked in this release.
s1663,Who Owns the Weather Data?,e337f6f3296cc501961b1dfec0cf88382dc5818640c99aac7c7bc8acb91d3b5d,inherited-v2.9.4,fact_check_all_2000.csv#s1663,Unchanged text; prior editorial claim retained. Not independently rechecked in this release.
s1664,The Roommate Meeting Without a Winner,ddbf62f7fbc3072a54437e47bf5340185934b7b4a0496f1f13cbe4b0db276e89,inherited-v2.9.4,fact_check_all_2000.csv#s1664,Unchanged text; prior editorial claim retained. Not independently rechecked in this release.
s1665,The Strike of the Match Workers,8fda5f089dbd68f1ba4776915c5ffbd72e9653049617428db390cb5f6c5ca9d2,inherited-v2.9.4,fact_check_all_2000.csv#s1665,Unchanged text; prior editorial claim retained. Not independently rechecked in this release.
s1666,A Battery Made by Moving Ions,149321990c8ba94b61a93b0aee7538c34f5722db4fc555bced392e9d47c5dda2,inherited-v2.9.4,fact_check_all_2000.csv#s1666,Unchanged text; prior editorial claim retained. Not independently rechecked in this release.
s1667,Jim Hears the Apple Fall,5f9e6333365a0ec78043e1fb2f300301c5fa048624a993c48a12ad430a45d6a5,inherited-v2.9.4,fact_check_all_2000.csv#s1667,Unchanged text; prior editorial claim retained. Not independently rechecked in this release.
s1668,The Compass in the Archive,9126b8dba248b4b6edab85e8f6b3a8e39c8afe1255540549595de7d25d479bf8,inherited-v2.9.4,fact_check_all_2000.csv#s1668,Unchanged text; prior editorial claim retained. Not independently rechecked in this release.
s1669,The Mountain Post Office,8e8d2f271a4c6f2b8174b3d7de6616add33c16dfe10f3f8b58fde51d545066d7,inherited-v2.9.4,fact_check_all_2000.csv#s1669,Unchanged text; prior editorial claim retained. Not independently rechecked in this release.
s1670,Rosa Makes Numbers Visible,6c5a92623defd24ced3525dde3312106ef2e677ef84a522ad56a870bfb675316,inherited-v2.9.4,fact_check_all_2000.csv#s1670,Unchanged text; prior editorial claim retained. Not independently rechecked in this release.
s1671,Veyra Spends Its Spring,ed776b8a02cc6aaac901a83c5110664a60fb58638b416b9f68eb3600e44d0715,inherited-v2.9.4,fact_check_all_2000.csv#s1671,Unchanged text; prior editorial claim retained. Not independently rechecked in this release.
s1672,How Beavers Reshape a Valley,28efcef537f04ff7a380e78797a7caa75d1614ebdb12846f8265006436fa889c,inherited-v2.9.4,fact_check_all_2000.csv#s1672,Unchanged text; prior editorial claim retained. Not independently rechecked in this release.
s1673,The Price of a Free School Meal,5986a5aac47af34c133695a96f828cf38c871215757eaa91b88b05dc6a74367d,inherited-v2.9.4,fact_check_all_2000.csv#s1673,Unchanged text; prior editorial claim retained. Not independently rechecked in this release.
s1674,The Family Photograph Nobody Wanted,db64e37ac901ae59285a39396a585b41716ba4c67267d6639ac86ee6ad935b66,inherited-v2.9.4,fact_check_all_2000.csv#s1674,Unchanged text; prior editorial claim retained. Not independently rechecked in this release.
s1675,"Paper, Print, and the Korean Metal Type",821131475b9d1354ca14df4c3cf1ad3ea64516aa4220c8677794d4520ff2615b,inherited-v2.9.4,fact_check_all_2000.csv#s1675,Unchanged text; prior editorial claim retained. Not independently rechecked in this release.
s1676,Why Concrete Can Heal Small Cracks,b7cb8df6bf98981ad0550e2df8552de4b64171cd5d061b46879ca34b8c67ac9e,inherited-v2.9.4,fact_check_all_2000.csv#s1676,Unchanged text; prior editorial claim retained. Not independently rechecked in this release.
s1677,The Traveler from the Distant Future,013bf5763d685ca3be01e3da25cfb5701333c8ff977959d903c509e3e754fbb8,inherited-v2.9.4,fact_check_all_2000.csv#s1677,Unchanged text; prior editorial claim retained. Not independently rechecked in this release.
s1678,The Radio Call from Dry Land,5f39b5d2593f0181c26dd9245ff710c12bce075a6aba37590307fcfca9f78182,inherited-v2.9.4,fact_check_all_2000.csv#s1678,Unchanged text; prior editorial claim retained. Not independently rechecked in this release.
s1679,The Language of Shared Gardens,8ed1259328f460fb24a7fea5ef709ac8c7dd7b2ec408d633ab9d3eff00924df5,inherited-v2.9.4,fact_check_all_2000.csv#s1679,Unchanged text; prior editorial claim retained. Not independently rechecked in this release.
s1680,Jonas Opens the Workshop Door,315c9043353442c03d02a5347d57111d80c6a96c02fa6e188ac96bc5f76e550b,inherited-v2.9.4,fact_check_all_2000.csv#s1680,Unchanged text; prior editorial claim retained. Not independently rechecked in this release.
s1681,The Ministry of Lost Shadows,dfc6fb8c6b9327c8650bdd44c1fe9498e856a7312b89724ed912e5fd508baa4d,inherited-v2.9.4,fact_check_all_2000.csv#s1681,Unchanged text; prior editorial claim retained. Not independently rechecked in this release.
s1682,The Hidden Routes of Fungal Spores,9e105adfa6bd9448065ccd9777c23575fb0579e66d3a1cbad6e7563abfa3e85a,inherited-v2.9.4,fact_check_all_2000.csv#s1682,Unchanged text; prior editorial claim retained. Not independently rechecked in this release.
s1683,The Algorithm at the Housing Desk,50844d0b69fccf017a6a91960581db2bd50b4691dee4a07b89e6b945648961bf,inherited-v2.9.4,fact_check_all_2000.csv#s1683,Unchanged text; prior editorial claim retained. Not independently rechecked in this release.
s1684,The Inheritance of Thirty Teacups,3588627af8c8200c6444fe8573704c4782707086437fdfb71dbc7a8dd46478bb,inherited-v2.9.4,fact_check_all_2000.csv#s1684,Unchanged text; prior editorial claim retained. Not independently rechecked in this release.
s1685,The Port That Quarantined Its Letters,8e77510e01c0aa0c9cff7ff2c9cd27b7449823f8e6b0c2573825b3119eb36dd5,inherited-v2.9.4,fact_check_all_2000.csv#s1685,Unchanged text; prior editorial claim retained. Not independently rechecked in this release.
s1686,Listening to a Bridge with Sensors,9beb16a8111e8d228af85825a2aeb0e732bd4805bb5b35193d566c0c2996d865,inherited-v2.9.4,fact_check_all_2000.csv#s1686,Unchanged text; prior editorial claim retained. Not independently rechecked in this release.
s1687,Elizabeth Doubts Her First Impression,ebc18c76b28da43a9f6307f169adf09d06ae6175f514755a469f6a404782d4eb,inherited-v2.9.4,fact_check_all_2000.csv#s1687,Unchanged text; prior editorial claim retained. Not independently rechecked in this release.
s1688,The Glacier Camera,53287d8c7564cac35d0abd7780cc9f58f37535353f378ac690871ff7e22fb807,inherited-v2.9.4,fact_check_all_2000.csv#s1688,Unchanged text; prior editorial claim retained. Not independently rechecked in this release.
s1689,An Evening in the House of Wind,d595bd1ffd09001c3bf77743df74ea14e9619c0765e1fc60cc726fc227d23c59,inherited-v2.9.4,fact_check_all_2000.csv#s1689,Unchanged text; prior editorial claim retained. Not independently rechecked in this release.
s1690,Lin's Clinic on Wheels,26d2d6754e4b31f6d56d6350695b18b4ac580b3c4e7ee569adf680e46efa6023,inherited-v2.9.4,fact_check_all_2000.csv#s1690,Unchanged text; prior editorial claim retained. Not independently rechecked in this release.
s1691,The Republic of Second Names,4495d76fe5b9232289e999b506a6a6366a69bca661dbae8995675941b5aa48f6,inherited-v2.9.4,fact_check_all_2000.csv#s1691,Unchanged text; prior editorial claim retained. Not independently rechecked in this release.
s1692,What Survives a Marine Heatwave,fa8d279baac9868691c8cd30f6337d9635cd2117bf91d5956bcff4458d07cd28,inherited-v2.9.4,fact_check_all_2000.csv#s1692,Unchanged text; prior editorial claim retained. Not independently rechecked in this release.
s1693,The Border River During Drought,6ee2e4e51162b798b8217a71864c4d0d77f57c6861ac53571b70780848d13e40,inherited-v2.9.4,fact_check_all_2000.csv#s1693,Unchanged text; prior editorial claim retained. Not independently rechecked in this release.
s1694,The Cost of Being the Reliable Friend,3462e881fd2b4aa34f4454eca95e62bc1b90134471c18cd1409f400edc0055a1,inherited-v2.9.4,fact_check_all_2000.csv#s1694,Unchanged text; prior editorial claim retained. Not independently rechecked in this release.
s1695,The Census and the Making of Categories,ef16ba073466676fd83e888be9a8409a0e70482f729b484be5af8c0b67362640,inherited-v2.9.4,fact_check_all_2000.csv#s1695,Unchanged text; prior editorial claim retained. Not independently rechecked in this release.
s1696,The Uncertainty Inside a Flood Map,305c4619bf88b485202fafbef524be9c1bc690bbb288680ba6f93e3bb59481ef,inherited-v2.9.4,fact_check_all_2000.csv#s1696,Unchanged text; prior editorial claim retained. Not independently rechecked in this release.
s1697,Ahab and the Meaning of the White Whale,2b0cf229ba5b8b65e7d19af6d5243016d4818877a835b25c0ca183b6679502cc,inherited-v2.9.4,fact_check_all_2000.csv#s1697,Unchanged text; prior editorial claim retained. Not independently rechecked in this release.
s1698,The Archive with Two Midnights,beef10408337d07ec17566cb99258889e6a24215e6e3bf822838baecd766fb75,inherited-v2.9.4,fact_check_all_2000.csv#s1698,Unchanged text; prior editorial claim retained. Not independently rechecked in this release.
s1699,The Festival After the Tour Buses,3c1b4aef3bd28c38efb803b56df9816c87bcef67661185c19c88f50e40836ab1,inherited-v2.9.4,fact_check_all_2000.csv#s1699,Unchanged text; prior editorial claim retained. Not independently rechecked in this release.
s1700,Nadia Designs for Repair,b2589de82933a4a785d99bdc95732894c750e6889969ca30c5f918eed3c12aac,inherited-v2.9.4,fact_check_all_2000.csv#s1700,Unchanged text; prior editorial claim retained. Not independently rechecked in this release.
s1701,The Parliament Beneath the Orchard,ca95fdfc74d05ee02024f487e1815edd437361aaa85dd0a401b1417dbba15651,inherited-v2.9.4,fact_check_all_2000.csv#s1701,Unchanged text; prior editorial claim retained. Not independently rechecked in this release.
s1702,Rewilding Without an Imagined Past,fab966d6d67004b41a8a6dd9fcf7a798fa881dbbda440eb16cc3fc4d40ef63d0,inherited-v2.9.4,fact_check_all_2000.csv#s1702,Unchanged text; prior editorial claim retained. Not independently rechecked in this release.
s1703,Debt Relief After the Cyclone,b7194f878dace68c6eb3e5c7301dd5a714f8df0e33bab813b41a9b51648c5d62,inherited-v2.9.4,fact_check_all_2000.csv#s1703,Unchanged text; prior editorial claim retained. Not independently rechecked in this release.
s1704,A Marriage Measured in Invisible Work,49090d90422a42c17132fbb0d9371f44d157b6afd705ee60a58a54ff3d310473,inherited-v2.9.4,fact_check_all_2000.csv#s1704,Unchanged text; prior editorial claim retained. Not independently rechecked in this release.
s1705,The Archive Left by a Colonial Survey,6ce0e419a67dc07955d41971e0f1b54916c2ab07f932485faec5cb698cb03e93,inherited-v2.9.4,fact_check_all_2000.csv#s1705,Unchanged text; prior editorial claim retained. Not independently rechecked in this release.
s1706,What a Model Means When It Fails,1cfe9a967ef6b53273631ae2e772904c6df5e26ff13f1088df426e1ea9d3c1d7,inherited-v2.9.4,fact_check_all_2000.csv#s1706,Unchanged text; prior editorial claim retained. Not independently rechecked in this release.
s1707,A Creature Asks for Responsibility,1837ad480a01ca47d6f5a54657fd1dfea5ce3cb22ffbf3630354b46c7f891acf,inherited-v2.9.4,fact_check_all_2000.csv#s1707,Unchanged text; prior editorial claim retained. Not independently rechecked in this release.
s1708,The Expedition That Reached Camp Twice,2f16c6feb9849661dbd4e16f29011922864a6e3ba8c9c1aa05da4bcd40c9c4fa,inherited-v2.9.4,fact_check_all_2000.csv#s1708,Unchanged text; prior editorial claim retained. Not independently rechecked in this release.
s1709,The Museum Returned to the Neighborhood,b9f4f40b73b0ab500089722ff5c46ddfd1eadc67b653f0380ccdfafc5cd12c6f,inherited-v2.9.4,fact_check_all_2000.csv#s1709,Unchanged text; prior editorial claim retained. Not independently rechecked in this release.
s1710,Elias and the Ethics of a Useful Forecast,792c4814d86ff40f1fd69ba09e99804e3edbd583a922be3a6af31642a8b5ad77,inherited-v2.9.4,fact_check_all_2000.csv#s1710,Unchanged text; prior editorial claim retained. Not independently rechecked in this release.
s1711,A Star in the Bread Tin,49aaba98ac9f57dd5a50b32d564c45620c63dc43201b6b79bf0e6979669b5420,fiction-language-reviewed,content/editorial-batch-2.11.3.json#s1711,"Retain the star-in-tin fantasy. Lamp and drop of rain are magical care, not a factual description of stars."
s1712,A Bat Lets Go,7e404af5709e5a477e85722c4b8b5846830c4229139d747d6bb868ca67c0e536,editorial-revision-2026-09-24,content/editorial-batch-2.11.9k.json#s1712,Bat Conservation International describes the assistance of dropping from a high roost before flight. This piece follows one bat and avoids saying every bat needs to fall; classify the scene as fictional animal narrative.
s1713,One Ramp for the Hall,11befc4c72257510eacf71b99df54efe153e2a39b6f0e9480f277756ce8c871e,editorial-revision-2026-09-24,content/editorial-batch-2.11.9k.json#s1713,"The town hall’s three steps and a new ramp are a fictional town episode. Show a qualified worker designing and installing it, then describe specific users instead of informal volunteers building a public access structure."
s1714,Tea for the Early Driver,871562fbfb5711c435dd07dac104b6cf612a37f0529a2c4a2540a587a8f09b65,fiction-language-reviewed,content/editorial-batch-2.11.3.json#s1714,Retain the shared early breakfast vignette. Tea cooling with a little water is an ordinary fictional action and the family sequence is clear.
s1715,Words Pressed into Clay,b92a0f9967eab25780173fd4c9072d63a810ddb1578dfebc6a96d31ee890c1eb,editorial-revision-2026-09-24,content/editorial-batch-2.11.9k.json#s1715,Clay tablets with reed marks and records of goods are an explanatory overview supported by museum collections. Change the type from historical narrative to nonfiction explanation.
s1716,The Moon Has No Lamp,5b44d33eddd4e20d511c303108fda1dddcffb50ef279f25cf53c2b79e3241178,inherited-v2.9.4,fact_check_all_2000.csv#s1716,Unchanged text; prior editorial claim retained. Not independently rechecked in this release.
s1717,Heidi Returns to the Mountain,54427adc7e2fcb9c1621bbd3e25954ab7be38f4e4900c48f111aa73c231e753c,inherited-v2.9.4,fact_check_all_2000.csv#s1717,Unchanged text; prior editorial claim retained. Not independently rechecked in this release.
s1718,Mud on the Clean Floor,486d0a17885227ebed4924b4aad13b6a30523534b1f6a6ae385fb1191e8975e3,fiction-language-reviewed,content/editorial-batch-2.11.3.json#s1718,"Retain mud trail, dog and pet-door explanation. Brief simple past came in is contextually supported and need not be removed mechanically."
s1719,A Seat by the Small Harbor,238c9498afa1a28a448af4a5cbddf4edbb35228d12d1375ec78a96627ec84fc7,editorial-revision-2026-09-24,content/editorial-batch-2.11.9k.json#s1719,"Eli buys soup, sits near the harbor and sees a man gesture toward sunset. Explain that the man offers his own bread so “shares” is not read as taking Eli’s food."
s1720,Pia Paints Safe Paths,c73ebc41dbea888d0edb01aa93eb136dca0e0432b030ac8e6b4d5682a018b852,editorial-revision-2026-09-24,content/editorial-batch-2.11.9k.json#s1720,"Road markings and sign placement need town approval; let Pia collect observations and have road staff plan and paint. Do not guarantee all drivers slow, and show a follow-up when rain covers part of the crossing."
s1721,The Umbrella Tree,8ada2324d0e5f30f240089c6446f416a1e5e3ca12e7ffccb0c1395f196e6a6d0,editorial-revision-2026-09-25,content/editorial-batch-2.11.9s.json#s1721,"A tree produces umbrellas, the yellow one takes Nia to school, and she returns it before noticing a new one. The fantasy premise is unmistakable; repeated tree and umbrella references, temporal order and short clauses fit Level 2."
s1722,How a Sonoran Desert Tortoise Stores Water,e836fef88aa6ae6d5fea9fc44b0a829606c9fc69a30e77043f3b477d78c74b3f,source-rechecked-2026-09-25,https://ecos.fws.gov/docs/candidate/assessments/2014/r2/C07G_V01.pdf,Specify the Sonoran desert tortoise and replace the broad phrase “store water in its body” with the documented bladder function. Remove handling advice from an explanatory physiology passage and explicitly limit the species scope.
s1723,The Shared Street Light,40e1d2908343fcb23cfe33214a2a753f7e0ee635d2f69bcaf5a190d1364384ce,editorial-revision-2026-09-25,content/editorial-batch-2.11.9v.json#s1723,"The villages, nurse and funding agreement are a specific invented event. Mark it as fictional and account for continuing electricity and repair costs in their agreement."
s1724,A Different Birthday Cake,3e2d460edc33b2c46eb570e0c6fd648fc1e781c9c7581975f402338feea5f003,editorial-revision-2026-09-25,content/editorial-batch-2.11.9s.json#s1724,"The friend herself specifies a recipe before Jon chooses ingredients, avoiding an implied general safety claim. The first cake fails, they adjust together and record the successful method. Short concrete actions retain Level 2 readability."
s1725,Shells and Waves on a Stick Chart,e31608713ded3806425403ccb2f6aa8da8d9a3d5e8f7df98074b757026b9eab5,editorial-revision-2026-09-25,content/editorial-batch-2.11.9v.json#s1725,The Smithsonian identifies the Marshallese stick charts as training and instruction tools that were not generally carried to sea. State that role directly and clarify shells as island markers.
s1726,Colors in a Drop of Rain,79df0a9ad53bf2b3aeac3fe0c334a8286fc497a56ee03ba25ca58d4776a8b549,inherited-v2.9.4,fact_check_all_2000.csv#s1726,Unchanged text; prior editorial claim retained. Not independently rechecked in this release.
s1727,Black Beauty Finds a Gentle Home,3559014d6c2a5502e7c6e926be87eb8b69d7eff4736b2c7219360ace7e3dfde9,editorial-revision-2026-09-25,content/editorial-batch-2.11.9v.json#s1727,The source ends when Black Beauty reaches his last home and is promised he will not be sold; it does not narrate his death in a field. Correct the ending and retain his first-person voice.
s1728,The Note in the Empty Jar,e635f15a588260f56669717a2baeb9f4d6d66b31dce4945065380de231a8de62,editorial-revision-2026-09-25,content/editorial-batch-2.11.9s.json#s1728,"The jar is only said to have been empty yesterday, removing the contradiction of a note in an empty jar. The toy bus actually has a red seat, so the clue resolves without changing the words on the note."
s1729,Rain at the Hill Market,a052aa1bb068bd765f5ee7f415255fbc59f673b6608eeb436ae24f1a4e5cb779,editorial-revision-2026-09-25,content/editorial-batch-2.11.9s.json#s1729,"The imagined setting avoids suggesting a documented market. One seller gives the tea and teaches the phrase, resolving the previously unspecified source of Mara’s new words. No specific language or cultural custom is invented."
s1730,Dani Opens a Tool Box,815a3542278867b51a624fc73612724e2e8c75ff80dbec7e0a57b1daca099155,editorial-revision-2026-09-25,content/editorial-batch-2.11.9s.json#s1730,"A bounded invented library scheme replaces a broad claim that many neighbors discard things. The library staff agrees before Dani installs the box, and one repaired chair provides a concrete result. Dani is explicitly fictional."
s1731,The Clock That Needed a Story,39951daab2cb9d12c14dc70cd85a983581b9f0935c19dc43cbb21bebd2949fa8,editorial-reviewed-2026-09-25,content/editorial-batch-2.11.9aa.json#s1731,"Read the whole explicitly enchanted station-clock scene: the keeper’s unsuccessful work precedes a child’s reading, and the nightly stories then sustain the magic. No real maintenance method is implied. Clear singular clock, keeper and child references."
s1732,A Meadow Under the Sea,3efeefcc5306ad398760a7e9d42fff295c89811b6d2817223aba0161d628e47f,inherited-v2.9.4,fact_check_all_2000.csv#s1732,Unchanged text; prior editorial claim retained. Not independently rechecked in this release.
s1733,The Clinic's Three Languages,13b5074dfb242a18e5b43d28617ebc2d8502f08fa70cfc36a9313e4fcc19a456,inherited-v2.9.4,fact_check_all_2000.csv#s1733,Unchanged text; prior editorial claim retained. Not independently rechecked in this release.
s1734,The Coat with Two Owners,c37b7ef255eeffc0a83aa7a763a42dec69d3ebf7d50a175ab432000b415e7aa6,editorial-revision-2026-09-25,content/editorial-batch-2.11.9aa.json#s1734,"The former coat owner appeared at the shop with no way to learn about the photograph; “behind the cloth” was also vague. State it is behind the lining, have the shop display a notice, and let the former owner recognize it before explaining the coat’s history."
s1735,Books Carried Out of Timbuktu,47c0395d2af6c0f5f6cd2f8678192923b07b7388802d082d54b41a9b459e40ef,inherited-v2.9.4,fact_check_all_2000.csv#s1735,Unchanged text; prior editorial claim retained. Not independently rechecked in this release.
s1736,Water Keeps Moving,5c5d80e8f83c274722489a1893100ce1750ee46d228dfbf1e6b671e2fbf73112,inherited-v2.9.4,fact_check_all_2000.csv#s1736,Unchanged text; prior editorial claim retained. Not independently rechecked in this release.
s1737,Anne Chooses Green Gables,604c08b66b0e6c06975c321a08e08a9277d47a6af317f8c3754f631ae9d602ad,inherited-v2.9.4,fact_check_all_2000.csv#s1737,Unchanged text; prior editorial claim retained. Not independently rechecked in this release.
s1738,The Train Ticket with No Town,b7f20b4ca7de757bcda9a3719c020dbb50369d17d0d9d6f762e0fd6796964174,editorial-revision-2026-09-25,content/editorial-batch-2.11.9ae.json#s1738,"A ten-year-old ticket, fictional town name and six-month renaming need an explicit source in the story so the change is not asserted as real history. Use a made-up town name and a dated archive notice linking the merger and its short-lived name. Final read-through removed a meta phrase from the story while keeping the fictional town context and fiction metadata."
s1739,Bread from the Shared Oven,79d066072c637af6d1e60410c68f5be127bf9df421c1ff7ca109b7a9878e596f,fiction-language-revised,content/editorial-batch-2.11.2.json#s1739,Explicit fictional visit; contextual explanation of dough and shared oven; shorter clauses.
s1740,Arun Records the Quiet Hours,d89e2c7b15a3735f332f1c86d8e06bfdc033863c301d7fbe41a5ea91838584f7,editorial-revision-2026-09-25,content/editorial-batch-2.11.9af.json#s1740,"The short invented library project is presented as a factual biography and leaps from usage notes to a settled room plan. Mark the setting imagined and try a reversible schedule that leaves room for both groups, then gather feedback."
s1741,The Door That Opened on Tuesdays,b1bf2b18123ca34aa3fdbb92520af97ccbf970fd7a6b80319d1fcc0b3923507e,editorial-reviewed-2026-09-25,content/editorial-batch-2.11.9aj.json#s1741,"The short fantasy gives Mina a clear reason to select her grandmother’s laugh, the gardener sets a limit, and the sound reaches her mother. Tuesday door, Wednesday disappearance and invented memory magic are internally coherent. No text change needed."
s1742,Pines That Wait for Fire,e2022ff1b53f774c8771a47ac53c868d322dd0f95419fd2d073265f30a44f36e,inherited-v2.9.4,fact_check_all_2000.csv#s1742,Unchanged text; prior editorial claim retained. Not independently rechecked in this release.
s1743,The Bridge Used by Two Towns,8e5d764db6a634caac582087aeeb0efde417f3103b1c0f9f8073d3b0081b6b32,inherited-v2.9.4,fact_check_all_2000.csv#s1743,Unchanged text; prior editorial claim retained. Not independently rechecked in this release.
s1744,The Week without a Washing Machine,3368001a1960b6c42187f7b77c8a3784fa646d96522c56aebbaad4e566e46bcb,editorial-revision-2026-09-25,content/editorial-batch-2.11.9aj.json#s1744,"The old story repairs the machine on Monday, contradicting its title about a full week without one, and suggests checking a filter without first making it safe. Show a manual-guided, unplugged check and a scheduled repair after several days."
s1745,Counting Grain on Clay,d883bc8ac41496cadc4a16e88827c4ceb5f0483a9a9af8e600b2bac507bb0243,inherited-v2.9.4,fact_check_all_2000.csv#s1745,Unchanged text; prior editorial claim retained. Not independently rechecked in this release.
s1746,A Lever Lifts the Stone,3263ac8fd439668b956ab77e86b5e8b2d19affd821556f7eece96357d8a96d1b,inherited-v2.9.4,fact_check_all_2000.csv#s1746,Unchanged text; prior editorial claim retained. Not independently rechecked in this release.
s1747,Fogg's Eighty-Day Promise,ec4f42f1e6c414b2741f0f4542c29809f1710640c69ef8d57d9e0efb0a8f4660,inherited-v2.9.4,fact_check_all_2000.csv#s1747,Unchanged text; prior editorial claim retained. Not independently rechecked in this release.
s1748,The Sound Beneath the Path,0fe1cb996bab9f93e8fa38b93f93b490e3fe637694f0a33feb30e25ca6306dfa,editorial-revision-2026-09-25,content/editorial-batch-2.11.9am.json#s1748,"Tess opens a drain cover herself and workers enter a wet tunnel near a cable and pump. Keep the clue but have her report it, and let trained workers isolate power before inspection."
s1749,The Ferry with a Library Shelf,9d4452fabbc1daa63f9278155892dcf7c8731812b147bdec5544356eb973e053,inherited-v2.9.4,fact_check_all_2000.csv#s1749,Unchanged text; prior editorial claim retained. Not independently rechecked in this release.
s1750,Lea and the Morning Bus,3da8c9321d3db9a9fddbcd8578ffd239b5b9700f34bdbbe76f5e47ec69d8e290,editorial-revision-2026-09-25,content/editorial-batch-2.11.9ao.json#s1750,The imaginary route planning claims final access improvement without dates or constraints. Put residents and transport authority in an explicit invented consultation and test morning connections before announcing changes.
s1751,The Gallery of Abandoned Wishes,bb377f3910940380ce8d8935b8df132b1b92e328eff5f77db90897bdc68fdd07,inherited-v2.9.4,fact_check_all_2000.csv#s1751,Unchanged text; prior editorial claim retained. Not independently rechecked in this release.
s1752,Living Light in the Ocean,6a8d46ff6dc495f4f4f3d4b7b4634b8e2167a8921d68a5c909ff3ecdfbf06e93,inherited-v2.9.4,fact_check_all_2000.csv#s1752,Unchanged text; prior editorial claim retained. Not independently rechecked in this release.
s1753,The Island's Fresh-Water Plan,88d8482247088dc6d7ccc652cf0ae32ce9baeb962135582dd96e9f46fd8e5ac7,inherited-v2.9.4,fact_check_all_2000.csv#s1753,Unchanged text; prior editorial claim retained. Not independently rechecked in this release.
s1754,A Calendar for Caring,ba6be902e3bd8a6e650f94af13aab2cf4b61023c7e32d8ce57f40fd3cdfd03fc,inherited-v2.9.4,fact_check_all_2000.csv#s1754,Unchanged text; prior editorial claim retained. Not independently rechecked in this release.
s1755,Steering by Stars and Swells,5644ca41cc3502cba0a3f79af02e2a1dbbc7752feb9c4e0eff1e6bba5584aae7,inherited-v2.9.4,fact_check_all_2000.csv#s1755,Unchanged text; prior editorial claim retained. Not independently rechecked in this release.
s1756,A Practice Alarm for the Immune System,db7274e551952a96908aa34d8ec30b37866b7a9edcbdbe14f88fcd14fda7adc3,inherited-v2.9.4,fact_check_all_2000.csv#s1756,Unchanged text; prior editorial claim retained. Not independently rechecked in this release.
s1757,Mowgli Hears the Law of the Jungle,ff1c6d500927046ff1507bc6ef0c437bb8f70a13f4e9bffdb54de203be2eb863,inherited-v2.9.4,fact_check_all_2000.csv#s1757,Unchanged text; prior editorial claim retained. Not independently rechecked in this release.
s1758,The Photograph Taken after Closing,b7f71180c3a1ebd8ef36dfbb2ea2ec1e8cd2b9ef6e7bc7e20675bba8a1bda7b7,inherited-v2.9.4,fact_check_all_2000.csv#s1758,Unchanged text; prior editorial claim retained. Not independently rechecked in this release.
s1759,The Chorus Shared before Dawn,6c37c4f876554cd47be4a6b589c7eb5a8fad6182c57051dec1f70b056497c076,inherited-v2.9.4,fact_check_all_2000.csv#s1759,Unchanged text; prior editorial claim retained. Not independently rechecked in this release.
s1760,Mateo Builds a Cooler Classroom,7aad4426fd6cb705a9f042680884397459b6c1054b1daa25289bc4430f8dbcf0,inherited-v2.9.4,fact_check_all_2000.csv#s1760,Unchanged text; prior editorial claim retained. Not independently rechecked in this release.
s1761,The Summer Missing from the Calendar,7d39d172157de6b4d5aa79287d9ee8523fafa0279d6b28c8627eb25ab5518d98,inherited-v2.9.4,fact_check_all_2000.csv#s1761,Unchanged text; prior editorial claim retained. Not independently rechecked in this release.
s1762,Salmon Carry the Sea Inland,1dd19bc6408fc9840297b69eef7bee888c0c66c1db4a09c8fe1a0669d7af64ea,inherited-v2.9.4,fact_check_all_2000.csv#s1762,Unchanged text; prior editorial claim retained. Not independently rechecked in this release.
s1763,The Vaccine Freezer at the Border,f0b472c21943d97c0bd8e0266ba69e8b1f9bd8e5659d744dc71de000c21823c9,inherited-v2.9.4,fact_check_all_2000.csv#s1763,Unchanged text; prior editorial claim retained. Not independently rechecked in this release.
s1764,The Subscription Nobody Used,1766f7d3e1135a6d4259a42b5b2e10d98ea6f53bc9e7bfa7aaad9c1dc12a0c4b,inherited-v2.9.4,fact_check_all_2000.csv#s1764,Unchanged text; prior editorial claim retained. Not independently rechecked in this release.
s1765,Timbuktu's Libraries of Many Homes,507d3f53183a61a8f39801359114a372fcd79afe94c3736e0ce32f45f0cc1b9b,inherited-v2.9.4,fact_check_all_2000.csv#s1765,Unchanged text; prior editorial claim retained. Not independently rechecked in this release.
s1766,Why the City Stays Hot after Sunset,048e9f1a817ebde40854f6be457114d176d43b578bf4c4fb060bdbc27ebfc027,inherited-v2.9.4,fact_check_all_2000.csv#s1766,Unchanged text; prior editorial claim retained. Not independently rechecked in this release.
s1767,Edmond Dantès Returns under Another Name,219d2076d67251873949499a72d710242303e6a5c213ab434fa3c258f50c6c2f,inherited-v2.9.4,fact_check_all_2000.csv#s1767,Unchanged text; prior editorial claim retained. Not independently rechecked in this release.
s1768,The Lighthouse Log with Two Midnights,d403ac0e9408cf2d3edcb4f62071e276ecf5b889b012b391bdb941b42b01cded,inherited-v2.9.4,fact_check_all_2000.csv#s1768,Unchanged text; prior editorial claim retained. Not independently rechecked in this release.
s1769,The Courtyard behind the Music Shop,8503bfb440d8f25a2ac655c4ac540768c98eb6f27162ae3513e61624df120dab,inherited-v2.9.4,fact_check_all_2000.csv#s1769,Unchanged text; prior editorial claim retained. Not independently rechecked in this release.
s1770,Sora Maps the Missing Trees,1dee788fed7f76dc31ffc18ccf47d9f5a5a6dcb17fd6dcbb5d25ead464bb5bc9,inherited-v2.9.4,fact_check_all_2000.csv#s1770,Unchanged text; prior editorial claim retained. Not independently rechecked in this release.
s1771,Mara Learns the Storm Language,b1b3a3da58e0520ba89b99ed3303cee083795096b7bd9b1561d52952f3d94d9a,inherited-v2.9.4,fact_check_all_2000.csv#s1771,Unchanged text; prior editorial claim retained. Not independently rechecked in this release.
s1772,A Compass inside an Animal,4f1f319924511fb9d5aede41436f2822612f92b416603122a8705236e4281d15,inherited-v2.9.4,fact_check_all_2000.csv#s1772,Unchanged text; prior editorial claim retained. Not independently rechecked in this release.
s1773,The Border River Council,d9f9d89720f3f14f1573c809e79d7fd31756827c0c69d4d4206c3c1ce8967593,inherited-v2.9.4,fact_check_all_2000.csv#s1773,Unchanged text; prior editorial claim retained. Not independently rechecked in this release.
s1774,The Family Archive on Four Phones,b713a649b34aaab3233ef2d9dff547fd96eeb77b74b8a90c0c55309c092d9a33,inherited-v2.9.4,fact_check_all_2000.csv#s1774,Unchanged text; prior editorial claim retained. Not independently rechecked in this release.
s1775,A Student's Clay Exercise,0f7435a0627896ad871066036b80c396bbf9d1acd94f0e9c5b5ae04674b45f68,inherited-v2.9.4,fact_check_all_2000.csv#s1775,Unchanged text; prior editorial claim retained. Not independently rechecked in this release.
s1776,Continents on Moving Plates,3d6924ba29bab2182ca3ed9893f9333d14a0685315074303bdb87b21f1040c60,inherited-v2.9.4,fact_check_all_2000.csv#s1776,Unchanged text; prior editorial claim retained. Not independently rechecked in this release.
s1777,Jane Eyre Refuses an Unequal Choice,13b1e5814ad39a896d701206759c8d6d9b8ce7453622b77cc2f8478711a4b547,inherited-v2.9.4,fact_check_all_2000.csv#s1777,Unchanged text; prior editorial claim retained. Not independently rechecked in this release.
s1778,The Map Drawn in Condensation,d2d220fe5196e84fea3e583206ce8eb4608f8a61b73415f2348f3f4a79ad9739,inherited-v2.9.4,fact_check_all_2000.csv#s1778,Unchanged text; prior editorial claim retained. Not independently rechecked in this release.
s1779,The Guide Who Revised the Tour,6606ff913db3598582b8f930c2a69f9ba823d4abe21a60212e0a99b109000bb4,inherited-v2.9.4,fact_check_all_2000.csv#s1779,Unchanged text; prior editorial claim retained. Not independently rechecked in this release.
s1780,Noor Designs a Fair Queue,0f710ecc09fe1fcd8a6aa20b6c37d4d08434a642d0a0a63dd76c98153b63e4f9,inherited-v2.9.4,fact_check_all_2000.csv#s1780,Unchanged text; prior editorial claim retained. Not independently rechecked in this release.
s1781,The Cartographer of Possible Roads,13b297d8b2c3eca46bb972d794babd70568e8a3d3c560fb7b3ab8b8299bfb151,inherited-v2.9.4,fact_check_all_2000.csv#s1781,Unchanged text; prior editorial claim retained. Not independently rechecked in this release.
s1782,A Community Built on a Fallen Whale,f4f0a0cfa880a233eb4b5f240b77643f8172e68a49e99e28bebeb65019117155,inherited-v2.9.4,fact_check_all_2000.csv#s1782,Unchanged text; prior editorial claim retained. Not independently rechecked in this release.
s1783,The Price of Moving a Coastline,e00492ba6980309ce55833484592774d9ceeb4f250cbae897bb8e0b5d602c5fb,inherited-v2.9.4,fact_check_all_2000.csv#s1783,Unchanged text; prior editorial claim retained. Not independently rechecked in this release.
s1784,The Meeting That Became an Email,1f84d85a535b0b75612aeb9019cb4cfa2d5cbdf1d8bfe4adc105973c2a0a22e4,inherited-v2.9.4,fact_check_all_2000.csv#s1784,Unchanged text; prior editorial claim retained. Not independently rechecked in this release.
s1785,Reading the Ocean in Bent Sticks,5b3e7fb00965e7f5c7c867bb2fd619049b19435fd9ad39e4bbd4a81377c4f667,inherited-v2.9.4,fact_check_all_2000.csv#s1785,Unchanged text; prior editorial claim retained. Not independently rechecked in this release.
s1786,Editing DNA with a Guided Tool,532c75b98f64a0167045cb60bb0452220d814e561051720517b955ebadd94dea,inherited-v2.9.4,fact_check_all_2000.csv#s1786,Unchanged text; prior editorial claim retained. Not independently rechecked in this release.
s1787,Odysseus Returns to Ithaca,633ad97fe31562fc4bb15cb229073cc229ab00bd527f69e615c82d4f855621ad,inherited-v2.9.4,fact_check_all_2000.csv#s1787,Unchanged text; prior editorial claim retained. Not independently rechecked in this release.
s1788,The Dataset with a Perfect Pattern,a577d607dc965df1ce5c1cb24ad302e003a1671b2654e87c1bc60cff813c24b8,inherited-v2.9.4,fact_check_all_2000.csv#s1788,Unchanged text; prior editorial claim retained. Not independently rechecked in this release.
s1789,A Recipe with No Single Homeland,58be36ca95cfe7cb1e954ec46cc8c18c8de2bda0f3b810f7a1eccdb572cfb28f,inherited-v2.9.4,fact_check_all_2000.csv#s1789,Unchanged text; prior editorial claim retained. Not independently rechecked in this release.
s1790,Imani Tests the Flood Warning,317d344cfcf4256649f857998c04351e23e225ede40f0a6b1945cbb1d423d0ac,inherited-v2.9.4,fact_check_all_2000.csv#s1790,Unchanged text; prior editorial claim retained. Not independently rechecked in this release.
s1791,The Ministry of Unspoken Consequences,086184fd2b385e395235adbe6c896f6523e48f84384d5cc3fbd5ee4f6ae358f2,inherited-v2.9.4,fact_check_all_2000.csv#s1791,Unchanged text; prior editorial claim retained. Not independently rechecked in this release.
s1792,"Peatlands: Slow Growth, Large Stores",f2daf4b393c7e60379cbabbd3f83ec64eceb84542a0c58fc11e8e5f989475bc7,inherited-v2.9.4,fact_check_all_2000.csv#s1792,Unchanged text; prior editorial claim retained. Not independently rechecked in this release.
s1793,Rebuilding While Loans Remain,3c5c49327aef9db4d92a5da850f7e784cf40335e06c06da9ba325e0b72c646ba,inherited-v2.9.4,fact_check_all_2000.csv#s1793,Unchanged text; prior editorial claim retained. Not independently rechecked in this release.
s1794,A Recommendation Engine at Dinner,1a3c6873ea904bbbd03e9763c65b8d03fabddc183889df8e8ce0371b5f1dcec7,inherited-v2.9.4,fact_check_all_2000.csv#s1794,Unchanged text; prior editorial claim retained. Not independently rechecked in this release.
s1795,A Tablet without Its Excavation Story,fdf5c51ef2a97678a07088ae46a7813e365eff999a3d59bd9cb5d69629655bd5,inherited-v2.9.4,fact_check_all_2000.csv#s1795,Unchanged text; prior editorial claim retained. Not independently rechecked in this release.
s1796,Listening to Space-Time,d23fde6ea87367272e9bed79eb2a5d4599242b386f1f81e1a46c901755307d41,inherited-v2.9.4,fact_check_all_2000.csv#s1796,Unchanged text; prior editorial claim retained. Not independently rechecked in this release.
s1797,The War of the Worlds without Human Victory,33e204ecec834b3a277bbdcc1355f74e9283df1ea836dcc44f092802ed189d81,inherited-v2.9.4,fact_check_all_2000.csv#s1797,Unchanged text; prior editorial claim retained. Not independently rechecked in this release.
s1798,The Anonymous Reviewer's Footnotes,83b37c36eb54d8d29438a475ce95d8af0087796bfcd02868784e9348961e8545,inherited-v2.9.4,fact_check_all_2000.csv#s1798,Unchanged text; prior editorial claim retained. Not independently rechecked in this release.
s1799,The Festival after the Cameras Leave,d9d9e4a91eb4a0c0fec134e17681e49ef745b9a7a478add847b18eb996303f7c,inherited-v2.9.4,fact_check_all_2000.csv#s1799,Unchanged text; prior editorial claim retained. Not independently rechecked in this release.
s1800,Elias Audits the Helpful Algorithm,b97d5ce1cf5518639b9e3a0d7b3cb6f007f563d8a1e61c7aadc31c1e72ab26d8,inherited-v2.9.4,fact_check_all_2000.csv#s1800,Unchanged text; prior editorial claim retained. Not independently rechecked in this release.
s1801,The Republic of Reversible Decisions,a94a90968f0b89cff704f97fc2a06f0a4914ec50a1d1ccb1f7dcf95e1cc56e52,inherited-v2.9.4,fact_check_all_2000.csv#s1801,Unchanged text; prior editorial claim retained. Not independently rechecked in this release.
s1802,"Wolves, Elk, and the Limits of a Simple Cascade",7cc8ed179e05d6fae1c67832cdee9620d1c75baa2a0070b387cc553aea72fd92,inherited-v2.9.4,fact_check_all_2000.csv#s1802,Unchanged text; prior editorial claim retained. Not independently rechecked in this release.
s1803,The Carbon Market and the Forest Village,070ae17d2ee33b131e7c2d7e36527283cfb46f23b39bbc9ac0f9d2bedea637a6,inherited-v2.9.4,fact_check_all_2000.csv#s1803,Unchanged text; prior editorial claim retained. Not independently rechecked in this release.
s1804,The Inheritance of Digital Accounts,596a3d3caf8de3d73e88fb0e93abb8ac3202bc3d5a6407d937660b6938a5538f,inherited-v2.9.4,fact_check_all_2000.csv#s1804,Unchanged text; prior editorial claim retained. Not independently rechecked in this release.
s1805,Saving Timbuktu's Manuscripts without Freezing Their Meaning,181e6d6ad16d167e437119bfcbd18d40f547a4eaab303723e34b80035cf51e9c,inherited-v2.9.4,fact_check_all_2000.csv#s1805,Unchanged text; prior editorial claim retained. Not independently rechecked in this release.
s1806,A Measurement Is More Than a Number,d829463348e7446633e99ad01b2029cc6bdf89d9ec3716aeed4d1df7ac38ef3d,inherited-v2.9.4,fact_check_all_2000.csv#s1806,Unchanged text; prior editorial claim retained. Not independently rechecked in this release.
s1807,The Karamazov Brothers and the Burden of Choice,f173d46b103168ff8516bd46d949173faa48b013c8b1981d2036e6ffde05a987,inherited-v2.9.4,fact_check_all_2000.csv#s1807,Unchanged text; prior editorial claim retained. Not independently rechecked in this release.
s1808,The Archive That Corrected Itself,2c6492bfe98df19c9ca5bfc4a2e1dbdd5069a7a06cc0dab0de72b12c02ced24b,inherited-v2.9.4,fact_check_all_2000.csv#s1808,Unchanged text; prior editorial claim retained. Not independently rechecked in this release.
s1809,Returning an Ancestor's Recording,bc97d1c6fe11c3509fa84704705c35a7ac1a0a47d4eeabaeba38132c98861fd8,inherited-v2.9.4,fact_check_all_2000.csv#s1809,Unchanged text; prior editorial claim retained. Not independently rechecked in this release.
s1810,Ada Writes the Failure Report First,b1bf167978c59227a4eedff9d8af709e3fa132bcc1a984cc52ee1e1619db7440,inherited-v2.9.4,fact_check_all_2000.csv#s1810,Unchanged text; prior editorial claim retained. Not independently rechecked in this release.
s1811,The Pocket Cloud,b477b148dc932da2aa4b3587e74b5d08fd0f8298957daadbf2457b5a76a13ced,fiction-language-reviewed,content/editorial-batch-2.11.3.json#s1811,Retain the small cloud growing and returning to the sky as fantasy; simple pronouns and sequential actions are clear.
s1812,A Bee Carries Dust,9b087b78fe7830873a3ff23b85bf4eaab51a5d02a1ef04e16804c67d10f25bea,inherited-v2.9.4,fact_check_all_2000.csv#s1812,Unchanged text; prior editorial claim retained. Not independently rechecked in this release.
s1813,A School Table for All,ebbc9975d3a3e646e4bcd70c25a348b664f12b06683e2cc34ad65512bf7fa752,editorial-revision-2026-09-24,content/editorial-batch-2.11.9k.json#s1813,"The story explicitly says it is made up, and lunch space does not explain eating “before class.” Classify it as fiction, keep the meal at lunchtime and avoid claiming one farm can supply all food indefinitely."
s1814,The Last Clean Spoon,2d304b03b25c57d794158e9e893a2e098fc4a7e82a4ac6e9cce1631c6bb3c54e,fiction-language-reviewed,content/editorial-batch-2.11.3.json#s1814,Replace unnatural clean tool with spoon; make washing/drying actions explicit and add warming the soup before eating.
s1815,The Stone with Three Scripts,66eda0de0798e0c383b64136d12fb853ec7ec45cbeadf734b930a25fffab1bec,editorial-revision-2026-09-24,content/editorial-batch-2.11.9k.json#s1815,The British Museum documents the 1799 discovery and three-script decree. Say the same message appears in three scripts instead of an ambiguous “same order.”
s1816,Noon beneath the Tree,badea25596104770b4bda5e5e52a5a26ca078fcb4abcb3e48ec69efdb7ae51f4,inherited-v2.9.4,fact_check_all_2000.csv#s1816,Unchanged text; prior editorial claim retained. Not independently rechecked in this release.
s1817,Mary Opens the Secret Garden,1673f0fdf769f6bf0b1470ed910713e9e5ef3de1e14d184ca8aef66c8e053d34,inherited-v2.9.4,fact_check_all_2000.csv#s1817,Unchanged text; prior editorial claim retained. Not independently rechecked in this release.
s1818,The Wet Red Hat,0ae88e73e4ae18e6e95608eb857745a0624fe5addd2e23eb4739c180685301f3,fiction-language-reviewed,content/editorial-batch-2.11.3.json#s1818,"Replace unexplained trail of drops with open door, wind and an owner confirming the hat; natural question and response."
s1819,Soup at Moon Bay,da47be43dd85f8f8e085daf94ad4342f34ce38997b393f85216bce032a0d6292,editorial-revision-2026-09-24,content/editorial-batch-2.11.9k.json#s1819,The town is explicitly imaginary and the girl acts during rain before sharing a meal. Make the soup purchase explicit so the cook’s relation to the girl is not left as an unexplained gift.
s1820,A Park Worker Fixes the Gate,7e77c168db616c63e50b37a6d5a27c98d08b4354af8f04ba66aea220a75201a1,editorial-revision-2026-09-24,content/editorial-batch-2.11.9k.json#s1820,"A fictional biography needs an identifiable subject. Name Rosa, show a park worker checking the gate with visitors and replacing the hard handle, but avoid claiming it is accessible to everyone from one test."
s1821,The Shoes That Waited,915eaee8e0d94609029432b72b02a9906d20f06ddc1deec36bbbed7a3e7e00af,editorial-revision-2026-09-25,content/editorial-batch-2.11.9t.json#s1821,"Three people or animals needing help were introduced without outcomes. One man, one carried bag, the trip home and the shoes’ disappearance now form a complete magical sequence. Imani and the man have clear roles; the moving shoes are unmistakably fictional."
s1822,A Duck Stays Dry,f7238cc4a2f6e26c18cb866c4ef400bb20360ad6750ed8a063eae74a4775cb9e,editorial-revision-2026-09-25,content/editorial-batch-2.11.9x.json#s1822,"Oil alone does not explain waterproof plumage. Explain feather structure, preening and oil in a bounded description and preserve the clean-water need."
s1823,Shade for the Busiest Bus Stops,d59e074c190db8f8d52087d25bdaa54300647be0c49ae994dfbdb3fdd59c287d,editorial-revision-2026-09-25,content/editorial-batch-2.11.9w.json#s1823,"The made-up town’s mapping, water and tree work had been classed as explanatory nonfiction. Mark as fiction, remove unexplained drinking-water provision, and distinguish an installed shelter from a planned tree whose shade would take time. The visit and follow-up are a bounded invented process."
s1824,The Quiet Phone Basket,b0e927c08616899ea0c929d59fcadd77e3cfbd9f39cb7c7dad97448b667d3c9e,editorial-revision-2026-09-25,content/editorial-batch-2.11.9t.json#s1824,"The boy now asks rather than silently imposing the basket. The family agrees, experiences the quiet, tells a story and chooses to repeat the activity. Short clauses and stable referents fit Level 2; this is a family story, not screen-time advice."
s1825,Roads Built in Layers,24c6fea1a5fb79717eb7c7d9556ceb5f973a3b15409763b1e765ccf8b427d3dd,editorial-revision-2026-09-25,content/editorial-batch-2.11.9x.json#s1825,The road structure varied and stone top surfaces were not universal. Describe a possible layered gravel road with drainage rather than a single standard construction.
s1826,How a Cup Telephone Carries Sound,bbb8ed5974188d896877f8da4677e43ae3750367b8572bd9ec0be9268fcdb5d5,source-rechecked-2026-09-25,https://annex.exploratorium.edu/science-explorer/ear_guitar.html,The original omitted that the cups are joined and that the string must stay tight. The checked Exploratorium activity describes voice vibrations moving from cup to taut string to the second cup and air at the listener’s ear. The ending correctly limits performance when the string is loose.
s1827,Dorothy Follows the Yellow Road,3449786eb8c2d9d69377a0f22922741313213d255baf19ecc4b314d39a55a5a2,inherited-v2.9.4,fact_check_all_2000.csv#s1827,Unchanged text; prior editorial claim retained. Not independently rechecked in this release.
s1828,Three Bells after Closing,9899d0b87ed70d6f44d0f51a7f6d1c70048aa1acd22b997eb586ddc996386389,editorial-revision-2026-09-25,content/editorial-batch-2.11.9t.json#s1828,"The sound is a real bell rather than an unexplained metal tool hitting a glass, and the girl does not enter a locked shop to close its window. The owner acts after she reports the clue. Simple clue, inspection and resolution fit Level 2."
s1829,Painted Doors on the Hill,312a2b8d3ee7e7135394df790cbf4b5b8165cd636a54c993a068b67cc08d1751,editorial-revision-2026-09-25,content/editorial-batch-2.11.9t.json#s1829,"One woman’s answer now explains the two marks instead of vaguely invoking a family sign. The visitor asks permission before drawing and respects her request about names. The town remains explicitly invented, not a claim about a real culture."
s1830,A Shelf for Shared Seeds,2fbae8e5e0c9219af8df6d10d13657a812c9bf50d5cf8915da103dbfcdb63cca,editorial-revision-2026-09-25,content/editorial-batch-2.11.9t.json#s1830,"Replaces the nameless not-real-person preface with one explicitly fictional worker and avoids promising all borrowers return seeds. Shelf, labeled bags and weekly check give a coherent, bounded sequence; no actual library policy is asserted."
s1831,The Map beneath the Paint,ec8382d7d47c03a74876f9153a9f6cb6a4ad27b0517d834360f47af8ccf6e3cb,editorial-revision-2026-09-25,content/editorial-batch-2.11.9aa.json#s1831,"The letters were returned to an unnamed owner without a clue to identify that person. Use an envelope addressed to an identifiable neighbor; the changing map remains unmistakable fantasy. Keep the present tense and short Level 3 sentences. Final reread: he waits until the next morning for the gardener to open a locked gate, rather than finding a gardener there at night."
s1832,Warm Air under Feathers,1939f26256fff457501b67f3fc4ab75a996087354741ba0a211dec01dee5863b,inherited-v2.9.4,fact_check_all_2000.csv#s1832,Unchanged text; prior editorial claim retained. Not independently rechecked in this release.
s1833,A Clinic on Market Day,f06d22576a4824d14547e0cd3cdd044f9e359f4761d21a8ae650bd7253e4bf42,inherited-v2.9.4,fact_check_all_2000.csv#s1833,Unchanged text; prior editorial claim retained. Not independently rechecked in this release.
s1834,The Recipe with No Number,3f7d4e1ae908b12ab75769dc65531957a44faae76efff0eb8180f23c0bf19ee3,editorial-reviewed-2026-09-25,content/editorial-batch-2.11.9aa.json#s1834,"Read the entire recipe scene: the imprecise old card leads Mara to cook beside her living grandmother and annotate her own copy. The pronouns, present tense and trial-to-learning sequence are clear; it makes no medical or precise cooking-safety assertion."
s1835,Books Hidden in Family Chests,e01cb55f981f5d00c2657d4475f5abba99f2c324bc47ecd4830399e9fcacfe8a,inherited-v2.9.4,fact_check_all_2000.csv#s1835,Unchanged text; prior editorial claim retained. Not independently rechecked in this release.
s1836,"Ice, Water, and Steam",feb23f050d891817497596da1b8f4936b5f161f61a4f4c2dd66f078c274df7de,inherited-v2.9.4,fact_check_all_2000.csv#s1836,Unchanged text; prior editorial claim retained. Not independently rechecked in this release.
s1837,Pinocchio Wants to Be Real,cff76a27328ae8f8d49d6fcfcb5a13037bef805aae5272713c4e141f403b30d3,inherited-v2.9.4,fact_check_all_2000.csv#s1837,Unchanged text; prior editorial claim retained. Not independently rechecked in this release.
s1838,The Key in the Seed Box,ac4528d49c0c4535a0cb70be6f9bcddf7a326f8a4b57386cc5e470326711f548,editorial-revision-2026-09-25,content/editorial-batch-2.11.9ae.json#s1838,"One physical key cannot newly appear every Monday unless it is retrieved between weeks. Add the park office’s weekly return and the worker’s torn pocket, then repair the pocket and end the recurrence."
s1839,The Long Table in Autumn,ed8dec7abebee0fcf5699600ef7719bd90c3cacedaa7fce9453eaf729633bb33,inherited-v2.9.4,fact_check_all_2000.csv#s1839,Unchanged text; prior editorial claim retained. Not independently rechecked in this release.
s1840,Mavi Draws the Night Route,847975fc5c22d652ec951e0905ed461b0a187758c6f7d98da8673e75f7ad319a,editorial-reviewed-2026-09-25,content/editorial-batch-2.11.9af.json#s1840,"The full short text already identifies Mavi as fictional, follows late-shift observations through a limited route test and keeps the outcome open to rider feedback. The actions, pronouns and Level 3 English are coherent; no documented hospital service is asserted."
s1841,A Library for Lost Minutes,659c9bb1a48a01b374f13c0a99de86e05fea1d671f2ff172e3427e2ffcf644ba,editorial-revision-2026-09-25,content/editorial-batch-2.11.9aj.json#s1841,"The original claims five recovered minutes, but grants one to a nurse who has already missed her train and four to a father with no shown result. Make the borrowed minutes occur before their deadlines and show what they allow."
s1842,Roots in Salt Water,18e2b8cac0998429d2c22b94827e726edb7bf64521f16315b61f192813b532ab,inherited-v2.9.4,fact_check_all_2000.csv#s1842,Unchanged text; prior editorial claim retained. Not independently rechecked in this release.
s1843,Votes for a Small Park,0333633b21cb59bf48302c5b1c613b90b0808c48c780543794dff85339d65449,inherited-v2.9.4,fact_check_all_2000.csv#s1843,Unchanged text; prior editorial claim retained. Not independently rechecked in this release.
s1844,The Chair beside the Lift,6b25d3b6a417dcea542e49e1639ac3b25d167f6290bf49a7631084bcb4208413,editorial-revision-2026-09-25,content/editorial-batch-2.11.9aj.json#s1844,"The original has Emi ready to remove chairs before learning why they exist, and moving one chair may affect exit access. Let her consult the users and facilities staff, then keep resting places with clear routes."
s1845,"Ink, Metal, and Many Pages",b000a4bfa27abcf0831e8966e651df77c809e7f80ced2fde188ed56bf000dfb1,inherited-v2.9.4,fact_check_all_2000.csv#s1845,Unchanged text; prior editorial claim retained. Not independently rechecked in this release.
s1846,Why a Metal Spoon Feels Cold,19a2203e3134252fd355b75910a7afbd85622c97a233a5df11c1337ef07cb92a,inherited-v2.9.4,fact_check_all_2000.csv#s1846,Unchanged text; prior editorial claim retained. Not independently rechecked in this release.
s1847,Jim and the Island Map,d00d06620866076fb17ddb4ec602bb4a1cf653374dc21163ec6a726daf6e19ad,inherited-v2.9.4,fact_check_all_2000.csv#s1847,Unchanged text; prior editorial claim retained. Not independently rechecked in this release.
s1848,The Window That Lit at Noon,bd5cb0728a6d7f5431bb09c2eb3d7a65861a055a58034b37f9abdb20fc240965,editorial-reviewed-2026-09-25,content/editorial-batch-2.11.9am.json#s1848,"The complete short mystery has a lamp removed from the lighthouse, a noon flash observed from a specific cliff, and a broken mirror reflecting sunlight. Sami and the harbor keeper check and remove the misleading glass. Pronouns, chronology and Level 4 language are clear; no revision needed."
s1849,Paper Boats in Alder City,564a47ef2198978db199ae67f4a55b970c68b51e8427dfa7a24dbf50d0d469a3,inherited-v2.9.4,fact_check_all_2000.csv#s1849,Unchanged text; prior editorial claim retained. Not independently rechecked in this release.
s1850,The Crossing Trial,a43e8cd5b801cf68462278875bd96b87e4c239aa854d959ce7d21643f26bcffb,editorial-revision-2026-09-25,content/editorial-batch-2.11.9ao.json#s1850,"“He cannot hear well,” “signal shakes,” and the rainy cover give no practical user interface; avoid implying an untested signal is safe. Make a fictional accessible crossing trial with existing approved signals unchanged."
s1851,The Tailor of Borrowed Courage,83ae90952071b7458f60a469a52136ba6d2fe52b797e4a81ace7eab828866f5f,inherited-v2.9.4,fact_check_all_2000.csv#s1851,Unchanged text; prior editorial claim retained. Not independently rechecked in this release.
s1852,A Butterfly across Generations,f7be8f2db6ff30d643dcea42a3c3b4db29e5f71d054d15974cb6cfb38681965b,inherited-v2.9.4,fact_check_all_2000.csv#s1852,Unchanged text; prior editorial claim retained. Not independently rechecked in this release.
s1853,The Warning before the Flood,78a347babcc080554461e4f1ef41896e0b8f2e0dd704ee6b0ef9bd431fdc8607,inherited-v2.9.4,fact_check_all_2000.csv#s1853,Unchanged text; prior editorial claim retained. Not independently rechecked in this release.
s1854,The Box Marked Someday,e8e7f06898cc3345d84079252f769c773158305d8ba6307bad4a3b36d89c89aa,inherited-v2.9.4,fact_check_all_2000.csv#s1854,Unchanged text; prior editorial claim retained. Not independently rechecked in this release.
s1855,Messages That Became Dots and Lines,59e159ada30e28b9495b612b5c4bec213016bda8f5f1de61bc46d0f2d680ad2d,inherited-v2.9.4,fact_check_all_2000.csv#s1855,Unchanged text; prior editorial claim retained. Not independently rechecked in this release.
s1856,Continents on Restless Plates,796a222058b4cc94c698ddbc19c418eccfa691503ef35a188c5398692f5e6453,inherited-v2.9.4,fact_check_all_2000.csv#s1856,Unchanged text; prior editorial claim retained. Not independently rechecked in this release.
s1857,Toad Learns Too Slowly,8a2ba46ce7bb67ceddcda8fc9ef3fc46e2993cb29a2f7ce5dbdea318a20a3119,inherited-v2.9.4,fact_check_all_2000.csv#s1857,Unchanged text; prior editorial claim retained. Not independently rechecked in this release.
s1858,The Museum's Missing Dust,59686c38b0d25f821550920db35413bb4f9a0546b6642fde8af24ac9368577ee,inherited-v2.9.4,fact_check_all_2000.csv#s1858,Unchanged text; prior editorial claim retained. Not independently rechecked in this release.
s1859,The Guest Who Asked First,61e8352906eff723829fa6962d6e541c6789102c73374c1b985c653931abc56b,inherited-v2.9.4,fact_check_all_2000.csv#s1859,Unchanged text; prior editorial claim retained. Not independently rechecked in this release.
s1860,Nadia Counts the Empty Seats,62afa35375c2f2c0e9be6c06cf6949063a6afe2a15308b80810c13aa90460d34,inherited-v2.9.4,fact_check_all_2000.csv#s1860,Unchanged text; prior editorial claim retained. Not independently rechecked in this release.
s1861,The Archive of Unsaid Apologies,6e8e890f759d40487e08b050a2540571ba7f89b6e00ee545ef927f68722f82bd,inherited-v2.9.4,fact_check_all_2000.csv#s1861,Unchanged text; prior editorial claim retained. Not independently rechecked in this release.
s1862,Gifts from Returning Salmon,8752d4b9389ad7c8b6e4636c26b91ba10ce112e36cb5c18b72739bada68acf6b,inherited-v2.9.4,fact_check_all_2000.csv#s1862,Unchanged text; prior editorial claim retained. Not independently rechecked in this release.
s1863,Lessons in the Temporary Hall,fc750184d89783c2238073db81da35b046ebe399b3963a25c61b1ebb10036dfb,inherited-v2.9.4,fact_check_all_2000.csv#s1863,Unchanged text; prior editorial claim retained. Not independently rechecked in this release.
s1864,The Meeting with an Empty Chair,17d3ee0fe4c6203d5de2d047a3cf19e18c1c5a9ccfe1da3bf661cbe14f28462a,inherited-v2.9.4,fact_check_all_2000.csv#s1864,Unchanged text; prior editorial claim retained. Not independently rechecked in this release.
s1865,A Map around a Water Pump,bc3c7a581fd6aa685908deaf99711e0fe4222e792658887133688fe98fe23ec7,inherited-v2.9.4,fact_check_all_2000.csv#s1865,Unchanged text; prior editorial claim retained. Not independently rechecked in this release.
s1866,How DNA Keeps a Copy,4ff83ff343ae940d28736f67de8658df582813a27a508a3ab3099fdf2fa566a3,inherited-v2.9.4,fact_check_all_2000.csv#s1866,Unchanged text; prior editorial claim retained. Not independently rechecked in this release.
s1867,The Traveler Sees Two Futures,a0377fd2d764e591bb7de26abd617ce7ad300ecbc297accda390dd62e12da135,inherited-v2.9.4,fact_check_all_2000.csv#s1867,Unchanged text; prior editorial claim retained. Not independently rechecked in this release.
s1868,The Ledger That Lost a Line,cd59314dbadf309f71ff079caafa650dc8a44cd23e984c9c9d6d00bb00fe2f17,inherited-v2.9.4,fact_check_all_2000.csv#s1868,Unchanged text; prior editorial claim retained. Not independently rechecked in this release.
s1869,The Word Missing from the Menu,72242c0b94922e8bf28d1a951b931ee757759b44d52dde5b2f7ef0263547c4a2,inherited-v2.9.4,fact_check_all_2000.csv#s1869,Unchanged text; prior editorial claim retained. Not independently rechecked in this release.
s1870,Tomas Keeps the Failed Repairs,28c087a8b27d1c6ff2e90f716045c8cf40cdc08a88956652c513b6e84412bdc1,inherited-v2.9.4,fact_check_all_2000.csv#s1870,Unchanged text; prior editorial claim retained. Not independently rechecked in this release.
s1871,The Bridge That Remembered Weight,b14a8b161cdac252037cba61f47c4abcb6221ddbdb3107d18526d5cc248d91df,inherited-v2.9.4,fact_check_all_2000.csv#s1871,Unchanged text; prior editorial claim retained. Not independently rechecked in this release.
s1872,Elephants beyond Human Hearing,85609aaee3f6c510b98cde906b3ed059f8cd0fce1d4ebd7aa3c83a04c50e86a2,inherited-v2.9.4,fact_check_all_2000.csv#s1872,Unchanged text; prior editorial claim retained. Not independently rechecked in this release.
s1873,A Budget Written in Plain Language,46164e71b4f3b99dcebdcf0cbc52797a486a4636b851728e6cbcbfd7cc097844,inherited-v2.9.4,fact_check_all_2000.csv#s1873,Unchanged text; prior editorial claim retained. Not independently rechecked in this release.
s1874,The Favor That Became a Schedule,def27875147681866f46bbc9dcaa022c57286454ed5923fbc6ae8f5516182dab,inherited-v2.9.4,fact_check_all_2000.csv#s1874,Unchanged text; prior editorial claim retained. Not independently rechecked in this release.
s1875,Rails Meeting at Promontory,ebe6ad159514be4dc1883d70921f47b1e0370f0870f56ac353be15a53a254e38,inherited-v2.9.4,fact_check_all_2000.csv#s1875,Unchanged text; prior editorial claim retained. Not independently rechecked in this release.
s1876,What Immune Memory Remembers,d2308415c25ac09f22696705b3c62f11cc266d87f7d94468d0c5be2d810fbc7f,inherited-v2.9.4,fact_check_all_2000.csv#s1876,Unchanged text; prior editorial claim retained. Not independently rechecked in this release.
s1877,Hester Refuses to Disappear,9097ff28a898af38ced271367674402bfbec235cbe0f76be8e80cbf047c92375,inherited-v2.9.4,fact_check_all_2000.csv#s1877,Unchanged text; prior editorial claim retained. Not independently rechecked in this release.
s1878,The Tunnel Drawn after the Fire,bf1149deb735062bdac52221c16e3e427d836b62ea7d44f7342bb661933c3acf,inherited-v2.9.4,fact_check_all_2000.csv#s1878,Unchanged text; prior editorial claim retained. Not independently rechecked in this release.
s1879,A Quiet Morning in Orsa,36ffc0e3c35e305326356ed483757328334c0718ae0fd08afdd43e17b0c526ba,inherited-v2.9.4,fact_check_all_2000.csv#s1879,Unchanged text; prior editorial claim retained. Not independently rechecked in this release.
s1880,Imani Redesigns the Form,d1858b93ca68cfcbf88b7e4808a206a88d0e9e1767abdcc3bbe35ca32d5d50e7,inherited-v2.9.4,fact_check_all_2000.csv#s1880,Unchanged text; prior editorial claim retained. Not independently rechecked in this release.
s1881,The City That Taxed Prophecies,608ec7b07d21d046e57727832ff085bdee35869c9a86e1fec9bf35c307db5c89,inherited-v2.9.4,fact_check_all_2000.csv#s1881,Unchanged text; prior editorial claim retained. Not independently rechecked in this release.
s1882,When Coral Loses Its Color,63dbe43cff04cfc59fbd6598f85cf7abb70010be681635afcf6ba00f0ce4363d,inherited-v2.9.4,fact_check_all_2000.csv#s1882,Unchanged text; prior editorial claim retained. Not independently rechecked in this release.
s1883,The Food Report That Included Waste,4b2e4e67c0f4dd72ace683dd3eab222c2c5a102cce162b665bc196604fbdacea,inherited-v2.9.4,fact_check_all_2000.csv#s1883,Unchanged text; prior editorial claim retained. Not independently rechecked in this release.
s1884,A Promotion with Two Prices,798f127257f2bc35eb851eddd017c2a82e694d5887ea92bc28abfde2dcb356ee,inherited-v2.9.4,fact_check_all_2000.csv#s1884,Unchanged text; prior editorial claim retained. Not independently rechecked in this release.
s1885,Petitions before the Nineteenth Amendment,b45fdbd6d83f0e7d9ae52c6bb2c1e2d7fc11b73661c48f2b4e0ef7a93c953393,inherited-v2.9.4,fact_check_all_2000.csv#s1885,Unchanged text; prior editorial claim retained. Not independently rechecked in this release.
s1886,The Atmosphere's Useful Blanket,1fc2fa329d455c48d8da569c532acc75b60b072d53129a6e8171e6c372e03772,inherited-v2.9.4,fact_check_all_2000.csv#s1886,Unchanged text; prior editorial claim retained. Not independently rechecked in this release.
s1887,Dorian Bargains with His Portrait,66ad9efe65ec189caac080af2e2fac5d847db71c335c9141028272e30e2950f6,inherited-v2.9.4,fact_check_all_2000.csv#s1887,Unchanged text; prior editorial claim retained. Not independently rechecked in this release.
s1888,The Election Box with Extra Weight,c8c9ab6a7f0d0e11d734832e78b4367f4836234fee6bd915599a9c3609a8fb3f,inherited-v2.9.4,fact_check_all_2000.csv#s1888,Unchanged text; prior editorial claim retained. Not independently rechecked in this release.
s1889,Winter Rooms of Talven,b8432fc1fb3f9fb9ae7589376db2cbd9665c9f8487ceaa91afdf8fbf7288e535,inherited-v2.9.4,fact_check_all_2000.csv#s1889,Unchanged text; prior editorial claim retained. Not independently rechecked in this release.
s1890,Elias Publishes the Null Result,eb1d9dd6adec8fbb20907676d3a7f1424c432de5e8089de172a85ff91be97936,inherited-v2.9.4,fact_check_all_2000.csv#s1890,Unchanged text; prior editorial claim retained. Not independently rechecked in this release.
s1891,The Court of Reversible Decisions,09cefa0d573c21bc5a4e84083624501ebb9c7063a016722494ee1d9ac4885a4a,inherited-v2.9.4,fact_check_all_2000.csv#s1891,Unchanged text; prior editorial claim retained. Not independently rechecked in this release.
s1892,Peat Built by Incomplete Decay,05a89babea1843789e93eeec422391bb8e61d5a55aaa8a9509065e413de8a943,inherited-v2.9.4,fact_check_all_2000.csv#s1892,Unchanged text; prior editorial claim retained. Not independently rechecked in this release.
s1893,The Heat Map with Missing Homes,9bdced45e2a5d5a57316b74815d88892e5f0cd9be5b576a7ea18ed2d6c704029,inherited-v2.9.4,fact_check_all_2000.csv#s1893,Unchanged text; prior editorial claim retained. Not independently rechecked in this release.
s1894,Inheritance in Twelve Boxes,a3c6b48fd9583192b47058140c4c0faf3485dfd74a77b8ed8c2a4939ffb877a4,inherited-v2.9.4,fact_check_all_2000.csv#s1894,Unchanged text; prior editorial claim retained. Not independently rechecked in this release.
s1895,Earthrise from Apollo 8,eba8c065412db2774600770c528e87562189d4c7b24686c94eceaec5b39b4a37,inherited-v2.9.4,fact_check_all_2000.csv#s1895,Unchanged text; prior editorial claim retained. Not independently rechecked in this release.
s1896,A Result Needs Its Uncertainty,8d074e1ed45548a1e5627e4e80e484875b7af87e1701e547fa74234396547ec4,inherited-v2.9.4,fact_check_all_2000.csv#s1896,Unchanged text; prior editorial claim retained. Not independently rechecked in this release.
s1897,Dorothea Revises Her Idea of a Great Life,4f19f67ec4b35a4e9260ee0687a979ca09819e16ea21b7dab849276bcfd59ac8,inherited-v2.9.4,fact_check_all_2000.csv#s1897,Unchanged text; prior editorial claim retained. Not independently rechecked in this release.
s1898,The Voice in the Flood Archive,4c35dff3b55afdc2d4b5918737e4165edf5be689dddb0740d72bea303c2504b5,inherited-v2.9.4,fact_check_all_2000.csv#s1898,Unchanged text; prior editorial claim retained. Not independently rechecked in this release.
s1899,Three Voices beside Each Object,9d9c8d583bc68f769fff8620a504ee4075363f40f6319d4abf4f5cae0d9c7ea0,inherited-v2.9.4,fact_check_all_2000.csv#s1899,Unchanged text; prior editorial claim retained. Not independently rechecked in this release.
s1900,Juno Audits the Helpful Algorithm,c42969088d833b0cad616c4d75216dd2a7fd0c12b0fb8066a677e7918c3e5fc5,inherited-v2.9.4,fact_check_all_2000.csv#s1900,Unchanged text; prior editorial claim retained. Not independently rechecked in this release.
s1901,The Ministry of Almost Certain Things,dca50c54f8415b2ba306fdd86b9e6b552090f3c90231ca963b3e372f385f1ae1,inherited-v2.9.4,fact_check_all_2000.csv#s1901,Unchanged text; prior editorial claim retained. Not independently rechecked in this release.
s1902,"Wolves, Elk, and the Limits of a Cascade",9443eceb2a20ddbbe214666f39f0d69e340eb622bd09be38366c18cfadbba30b,inherited-v2.9.4,fact_check_all_2000.csv#s1902,Unchanged text; prior editorial claim retained. Not independently rechecked in this release.
s1903,A Debt Test for the Sea Wall,8a7e2110e35d29a47ed159cf5cffb641926214e35a156de31f253663730c718c,inherited-v2.9.4,fact_check_all_2000.csv#s1903,Unchanged text; prior editorial claim retained. Not independently rechecked in this release.
s1904,The Friendship Maintenance Window,c9d090e2d14acd7ed0981fad68890eb69fb05ab74b2c38d147fbac14084bfbc4,inherited-v2.9.4,fact_check_all_2000.csv#s1904,Unchanged text; prior editorial claim retained. Not independently rechecked in this release.
s1905,A Continent Reserved for Peace and Science,d4b1b7df7e56b933d6614c350ead3cc49fbeabf73cdb0fed33f0a1af9d550f8b,inherited-v2.9.4,fact_check_all_2000.csv#s1905,Unchanged text; prior editorial claim retained. Not independently rechecked in this release.
s1906,CRISPR as a Guided Molecular Tool,85d3cab5df01555ea049061dcd80092c3f93e4831f5cddddda5790fd6139ddfd,inherited-v2.9.4,fact_check_all_2000.csv#s1906,Unchanged text; prior editorial claim retained. Not independently rechecked in this release.
s1907,The Karamazov Brothers Face a Father's Death,b1d863ca710d8a5fd7195ef8610fbbeae9ae3ceac580a4bc09d7dcf67383b824,inherited-v2.9.4,fact_check_all_2000.csv#s1907,Unchanged text; prior editorial claim retained. Not independently rechecked in this release.
s1908,The Observatory's Impossible Transit,bb1721cd9bfa9a3a62ad7efb980ceb86aef0df6e0b6c8fb0595c7c7e2ee38082,inherited-v2.9.4,fact_check_all_2000.csv#s1908,Unchanged text; prior editorial claim retained. Not independently rechecked in this release.
s1909,The Return Ticket to Varos,b31eceeae13917915e2d4c45e9a9b1315d85d5d90e85fd7d5b97d5d70f150247,inherited-v2.9.4,fact_check_all_2000.csv#s1909,Unchanged text; prior editorial claim retained. Not independently rechecked in this release.
s1910,Mei Designs the Exit before the Pilot,46ed09365f1ee69d07e3344be346fb38a82f6ffbaae39459fbcae29d8a6d18a6,inherited-v2.9.4,fact_check_all_2000.csv#s1910,Unchanged text; prior editorial claim retained. Not independently rechecked in this release.
s1911,The Moon in a Mug,c8ac837ec134173a1488506b9363313e0db8792fac72c7514c5740e36ea94ed7,fiction-language-reviewed,content/editorial-batch-2.11.3.json#s1911,"Retain the moon-in-cup fantasy; the transformation is intentional, short clauses have clear references."
s1912,A Turtle Comes Up for Air,116c6e0b42458c660213bad747804b4a23b0248f8f4e523b01892ea953116acd,source-rechecked,https://www.fisheries.noaa.gov/species/green-turtle,Separate breathing and nesting ideas; use the precise phrase lays her eggs.
s1913,A Bus Map for Everyone,ba5f5d4bccadcc57319932a51373481c3853ff7e6e01ea308a785e38bc39eff1,editorial-revision-2026-09-24,content/editorial-batch-2.11.9k.json#s1913,"The town is explicitly imaginary. Label the episode as fiction and make the accessibility solution legible through route names and large type, not only color choices."
s1914,The Blue Sock on the Stairs,c75ebf569182765cd0770bec411fb1e716ff4ee81ecc60591b75a0d301975533,fiction-language-reviewed,content/editorial-batch-2.11.3.json#s1914,Retain short sock-clearing story and next-morning payoff; at last and the pair are supported by repeated blue socks.
s1915,Clay Held the First Marks,78db5d83230147f4c997b1357df921ed83082853ca1008a4549efde2282b8888,source-rechecked,https://www.britishmuseum.org/blog/how-write-cuneiform; https://www.britishmuseum.org/blog/library-fit-king,Explain clay in context; use concrete verbs and short sentences; retain limited historical scope. Museum search excerpts retrieved; full pages returned 403. No full-page inspection claimed.
s1916,Water Leaves a Leaf,081d1de4e04bc5e933e613ff435295e14fce9c804dfb51058bb76073009ed513,inherited-v2.9.4,fact_check_all_2000.csv#s1916,Unchanged text; prior editorial claim retained. Not independently rechecked in this release.
s1917,Peter Runs from the Garden,5f2c7fe6a4ef497c094fd85593efa59c4b89c858b02c69bc22db307798b75cc5,editorial-revision-2026-09-24,content/editorial-batch-2.11.9k.json#s1917,"Another reviewed Peter Rabbit piece already covers his garden escape. Keep this retelling on a distinct original scene: Peter hides in a watering can, sneezes and is discovered. This also avoids labeling tea as treatment."
s1918,Bread at Sun Street,b8b72c4c58a21654162a827bbc24ad2773e2f8733c46945ecfffaf06e927fb39,inherited-v2.9.4,fact_check_all_2000.csv#s1918,Unchanged text; prior editorial claim retained. Not independently rechecked in this release.
s1919,A Sign Maker Uses Clear Words,1519965d66c3237f942ac641557046320e145855300e391fda6c928bb731135b,editorial-revision-2026-09-24,content/editorial-batch-2.11.9l.json#s1919,The subject is explicitly fictional; the worker replaces a crowded sign with shorter words and pictures. Qualify the outcome as applying to the children who try the signs rather than promising independent access to every child.
s1920,The Umbrella That Hated Rain,deabd93d5d6b82f719ac91f5dd8ff59466428065110ed79ce826fa8351b95175,editorial-revision-2026-09-25,content/editorial-batch-2.11.9t.json#s1920,"The umbrella opens in sunlight but closes in rain; Nuri finds seeds inside its handle and plants them, after which flowers respond to rain. This is a deliberate fantasy reversal of an umbrella’s purpose. The pronouns and progression from object to flowers are clear and compact at Level 2; no botanical claim is implied."
s1921,A Bat Listens for Dinner,4b61631f100714a8f97d88fe12e2cf939d60cae3981953c9dc78744c3df07cf1,editorial-revision-2026-09-25,content/editorial-batch-2.11.9x.json#s1921,"Make clear that echolocation applies to many, not every, bats; explain reflected sound in everyday language and retain the correction that bats can see."
s1922,A Quiet Town Meeting,499af9cc3c722ddba12385736ae23c859d0d286388d38a930bc84366d7cf3f29,editorial-revision-2026-09-25,content/editorial-batch-2.11.9t.json#s1922,"An invented town’s specific meeting was mislabeled explanatory nonfiction. The clerk’s action and next meeting show how written questions enter this particular discussion, without claiming that all town meetings become inclusive."
s1923,Toast for the Late Train,c2d7b59f7d4bfb36f88de9b62e66fa6c6ddff9ffcd8450cdaec5f3b48138de2a,editorial-revision-2026-09-25,content/editorial-batch-2.11.9t.json#s1923,"Jun misses a train, uses the forty-minute wait for toast and a shopping list, and feels differently when the next train comes. His anger and hunger are resolved through concrete actions; the short sequence and title match. This is one fictional experience, not universal advice."
s1924,Pompeii under Ash,c22938d9a89f3c1a0e645f28178b85cf373522bbe64d1eed60064e34a359c660,editorial-revision-2026-09-25,content/editorial-batch-2.11.9x.json#s1924,Keep the date and excavation claim grounded in the Pompeii Archaeological Park account. Replace “hot rock” and the ambiguous assertion that objects were left underground.
s1925,Why the Moon Looks Different,c727c78627766ecc9137fdfaed623d477c69f2634f124fe1791d38e0de27630c,editorial-revision-2026-09-25,content/editorial-batch-2.11.9x.json#s1925,"The Sun usually lights half the Moon, with the eclipse as an exception; the phases depend on viewing the lit part as the Moon orbits Earth. Bound that statement and avoid suggesting Earth’s shadow causes ordinary phases."
s1926,Alice Follows a White Rabbit,0454166db36add89faf963217adddefe4edaee45a9f7397aac9ce1b4a7d8a4ec,source-rechecked,https://www.gutenberg.org/files/11/11-h/11-h.htm,Separate Wonderland episodes; introduce the trial before waking; preserve central events.
s1927,The Lunchbox with the Wrong Name,c7028258ab3b2fdbe75fd7f6e95223af2b191999aa90fb95754827a106d0c781,editorial-revision-2026-09-25,content/editorial-batch-2.11.9t.json#s1927,"The sister and the shared bag now establish why a girl’s label is present. The boy checks food, finds his own label below and sees the other lid is bare; the physical rubbing resolves the clue without changing whose lunch he has."
s1928,Nara Repairs One Bicycle,f62a705d9a864ba3860799bfbc78b08ca28acdcf5fbb805b8636584a7f20f111,editorial-revision-2026-09-25,content/editorial-batch-2.11.9t.json#s1928,"A named fictional worker replaces an unnamed biography. One repair, a rider check and a later return give a more specific outcome than a general claim that all families visit. The story does not teach a complete safety procedure."
s1929,The Bell beneath the Lake,cd910a1802195611f8ac45a988cd413870c39877a141886b36bace36df1df057,editorial-revision-2026-09-25,content/editorial-batch-2.11.9aa.json#s1929,"The first version proposed that a submerged glass bell sounded across the lake solely because water moved through it, an implausible physical explanation. Identify the bell as magical and keep the flooded-town story explicitly a legend, not historical fact; let Suri return it to its original place."
s1930,A Beaver Changes a Stream,2cf18bb5487d1ad4a812cf79e22336813f61d765d9877acf9a179bc39ecbae30,inherited-v2.9.4,fact_check_all_2000.csv#s1930,Unchanged text; prior editorial claim retained. Not independently rechecked in this release.
s1931,The Library Opens Later,68624d8f29dc832de9481078f0eb4108201b5acbe9ef3ee72a72a0baf239fb80,inherited-v2.9.4,fact_check_all_2000.csv#s1931,Unchanged text; prior editorial claim retained. Not independently rechecked in this release.
s1932,A Cup Returned with a Note,a892c1a0ffada40715e40d4020905a3bc3f4487260331b649eabb2d9e8de19a7,fiction-language-revised,content/editorial-batch-2.11.2.json#s1932,"Natural coworker wording; clear mistaken borrowing, apology and result."
s1933,The Charter at Runnymede,79ddfa390784f1df21e58ce980d7bdf109fcff367960304eaec4a4e09d2e33a2,source-rechecked,https://commonslibrary.parliament.uk/research-briefings/cbp-11169/,"Accurate 1215 dispute, failed agreement and later legacy; no modern rights attribution."
s1934,Cabbage Water Changes Color,d9c6ded6b62a22c1350f72688a03a6f5218181f1ea74409332ee0d9bcf6e6094,inherited-v2.9.4,fact_check_all_2000.csv#s1934,Unchanged text; prior editorial claim retained. Not independently rechecked in this release.
s1935,Heidi Returns to the Mountains,8d089fb96cc61288520e3d217bccfe6bdc618f91b735db2583d3dd96488a8405,inherited-v2.9.4,fact_check_all_2000.csv#s1935,Unchanged text; prior editorial claim retained. Not independently rechecked in this release.
s1936,The Muddy Number Seven,55f6f832844bd1fe3bf8f9e96e986498cb553402ae8595a1ac71e07e5c43c72f,editorial-revision-2026-09-25,content/editorial-batch-2.11.9ae.json#s1936,"The first ending says a wheel with seven raised lines leaves a mark shaped like the numeral seven; that pattern does not follow. Make a bent handle shaped like a seven strike the door when a cart turns, and show the worker correcting its path."
s1937,Tea on the Wind Hill,5323dfc9e881c959c6314c581e5c0aafafb0b95239cc223e410652b66285ecdd,inherited-v2.9.4,fact_check_all_2000.csv#s1937,Unchanged text; prior editorial claim retained. Not independently rechecked in this release.
s1938,How a Penguin Holds Heat,89305d1d51fb43f91605e36b0d73ee8f9877cb8ec70db95f4e11da425bfbf8ff,inherited-v2.9.4,fact_check_all_2000.csv#s1938,Unchanged text; prior editorial claim retained. Not independently rechecked in this release.
s1939,Cool Rooms during a Heat Wave,428331ebf59a19de33099671e263c93293d13df16e55833c5176ae888087416d,inherited-v2.9.4,fact_check_all_2000.csv#s1939,Unchanged text; prior editorial claim retained. Not independently rechecked in this release.
s1940,The Calendar No One Owned,b908299d831983a825c9d17f40f6175bdbb537640b47938a27dd25194722bdbd,editorial-revision-2026-09-25,content/editorial-batch-2.11.9aj.json#s1940,"“Cold food box” is unnatural, and the original does not identify which supplies belong to everyone. Use a fridge-side list for shared staples and show a member checking it at the shop."
s1941,The Army Made of Clay,a1d746094bca15aaffc16e63ccb1ddce6483c15fe343cf6307f02629bc78ac18,inherited-v2.9.4,fact_check_all_2000.csv#s1941,Unchanged text; prior editorial claim retained. Not independently rechecked in this release.
s1942,A Clear Bag around a Branch,e066d292628d9bd38b491fbe4b555e5065de20278866a41a4332200df7410ee3,inherited-v2.9.4,fact_check_all_2000.csv#s1942,Unchanged text; prior editorial claim retained. Not independently rechecked in this release.
s1943,Black Beauty Meets Kind and Cruel Hands,e88bebb4839d86e972a2dc7420783b20d06c52c469cd7c2315533b847b58dff0,inherited-v2.9.4,fact_check_all_2000.csv#s1943,Unchanged text; prior editorial claim retained. Not independently rechecked in this release.
s1944,The Blue Light in Cabin Nine,b3553831eafdd881ac36fb121e51276c5715dd9b10b92793669c20ebfabe20b7,editorial-revision-2026-09-25,content/editorial-batch-2.11.9am.json#s1944,“Closed train room” is unnatural and the blue case is treated as a reflector with no clear path. Put a blue screen opposite a compartment window and show the reflection only in tunnel darkness.
s1945,Threads at Cedar Market,3e36f2891b0fcb207288b2561e36af99ae4b46dd87e4e2832ad7bedc977862e4,inherited-v2.9.4,fact_check_all_2000.csv#s1945,Unchanged text; prior editorial claim retained. Not independently rechecked in this release.
s1946,Tala and the Raised Beds,390a13cd0b12b57505ef1dbdaf6d9c0ceee2c0347a620955fb212f58387c6e18,editorial-revision-2026-09-25,content/editorial-batch-2.11.9ao.json#s1946,"The story is already fictional, coherent and considerate; revise the absolute outcome “participation grows” to a specific observation and keep accessible paths clear."
s1947,The River That Fell Asleep,8a901223506fb9c7dc1960aa92953d6130c40340ae39a9cc62afd0ae4c643b71,inherited-v2.9.4,fact_check_all_2000.csv#s1947,Unchanged text; prior editorial claim retained. Not independently rechecked in this release.
s1948,An Octopus Changes Its Look,a8df2a809e175f61af5eb7c00b3905c6112b6363324afc3181ae72505bd2697d,inherited-v2.9.4,fact_check_all_2000.csv#s1948,Unchanged text; prior editorial claim retained. Not independently rechecked in this release.
s1949,A Ballot without a Stair,d5cd42aaf1231c04cc23cbe45d87b7825b062948b4e42b760b4ba47ec76fdaa0,inherited-v2.9.4,fact_check_all_2000.csv#s1949,Unchanged text; prior editorial claim retained. Not independently rechecked in this release.
s1950,The Garden behind the Lease,89d75a62b9b05fa4fab21696e64dc34c20df4d5b02428413117997d3258b2fb2,inherited-v2.9.4,fact_check_all_2000.csv#s1950,Unchanged text; prior editorial claim retained. Not independently rechecked in this release.
s1951,Bread Rises on Yeast Gas,480ec640a58a0a3580b697d69bc86622bca4dfe3cfa90e97bd0f75e6dc834d49,inherited-v2.9.4,fact_check_all_2000.csv#s1951,Unchanged text; prior editorial claim retained. Not independently rechecked in this release.
s1952,Anne Finds a Home at Green Gables,73927e59b63baf9ea4145572930b73006039ac2a90b3391838bdf3d1ea4b24a7,inherited-v2.9.4,fact_check_all_2000.csv#s1952,Unchanged text; prior editorial claim retained. Not independently rechecked in this release.
s1953,The Photograph Taken Tomorrow,b2780f62f95ee2d2653654a6e547fe8b2f1cfb0e1bc48aeb017065700370a097,inherited-v2.9.4,fact_check_all_2000.csv#s1953,Unchanged text; prior editorial claim retained. Not independently rechecked in this release.
s1954,The Last Ferry to Orin,30a4e35575ecb952fd42b030b67196392ec0fa7605ada6c0c2d4d937e18d9e35,inherited-v2.9.4,fact_check_all_2000.csv#s1954,Unchanged text; prior editorial claim retained. Not independently rechecked in this release.
s1955,Iven Keeps the Oven Warm,d61fd979a21cc778b8f642ea073e986c4803939c4c1e25285a48f2ff9133ca5e,inherited-v2.9.4,fact_check_all_2000.csv#s1955,Unchanged text; prior editorial claim retained. Not independently rechecked in this release.
s1956,The Station for Unclaimed Memories,2fe86fb9e511af862d2b53b5f17da7b565ad4d80bbdf177c381255cd01154ad1,inherited-v2.9.4,fact_check_all_2000.csv#s1956,Unchanged text; prior editorial claim retained. Not independently rechecked in this release.
s1957,Water Prices in a Dry Year,a8ea00e5789a5fc074017dc3838fd2d05fa5ae5696c9f7b12b1cbf7353a8516f,inherited-v2.9.4,fact_check_all_2000.csv#s1957,Unchanged text; prior editorial claim retained. Not independently rechecked in this release.
s1958,Saturday at the Repair Table,dade3738ac181135ce8a79ce41fe3b3580ba150a8e1ac71c016b0d46d99324fe,inherited-v2.9.4,fact_check_all_2000.csv#s1958,Unchanged text; prior editorial claim retained. Not independently rechecked in this release.
s1959,Freedom Won in Saint-Domingue,07706daecc7af952a7c7cb672037fc58df7997eca793b5468b013963cdf9d1f2,inherited-v2.9.4,fact_check_all_2000.csv#s1959,Unchanged text; prior editorial claim retained. Not independently rechecked in this release.
s1960,A Complete Path for Electric Current,467b1113e5291424491d751e46338afa4d44280bff1ba8e40587837863df4548,inherited-v2.9.4,fact_check_all_2000.csv#s1960,Unchanged text; prior editorial claim retained. Not independently rechecked in this release.
s1961,Fogg Races around the World,961105e49c5766ed3cb742000f699182c6cc59775c6e13c6f4eb24e0350b946f,inherited-v2.9.4,fact_check_all_2000.csv#s1961,Unchanged text; prior editorial claim retained. Not independently rechecked in this release.
s1962,Seven Keys and One Warm Lock,118c24ab978febc7748bea14c12c4521bd01611479f1ff216ce83150650cd94e,inherited-v2.9.4,fact_check_all_2000.csv#s1962,Unchanged text; prior editorial claim retained. Not independently rechecked in this release.
s1963,Three Ways to Say Welcome in Vela,308afb0ce8b5b1e8f68cd46f8c8464ffd607a00af227145d15c0c63cd00b5dbf,inherited-v2.9.4,fact_check_all_2000.csv#s1963,Unchanged text; prior editorial claim retained. Not independently rechecked in this release.
s1964,Daro Builds a Bridge in Pieces,88acddf877f9478f32145f11d69bff32a7228199bf9f342859fad2969c45b3d6,inherited-v2.9.4,fact_check_all_2000.csv#s1964,Unchanged text; prior editorial claim retained. Not independently rechecked in this release.
s1965,The Market Where Shadows Were Traded,4be4d7d51a2eee08aa0616ac73ff1d0548d072b10582dc6fdec021f8a0219d9b,inherited-v2.9.4,fact_check_all_2000.csv#s1965,Unchanged text; prior editorial claim retained. Not independently rechecked in this release.
s1966,Fungi Return a Fallen Tree to the Forest,2539e7a964fa08628759c5b2317a133633e40ef00b2d43363d45cdc523629e68,inherited-v2.9.4,fact_check_all_2000.csv#s1966,Unchanged text; prior editorial claim retained. Not independently rechecked in this release.
s1967,Homes after the Factory Closed,8835e07d1eeb7d4e94224991c236270145114adc5b53b1bd69f8e4cef284e348,inherited-v2.9.4,fact_check_all_2000.csv#s1967,Unchanged text; prior editorial claim retained. Not independently rechecked in this release.
s1968,Many Roads Called the Silk Roads,792c32ee71a3c88c9718aae9ed9f8703264d5e6280d58f89bf30ee58eac5f43b,inherited-v2.9.4,fact_check_all_2000.csv#s1968,Unchanged text; prior editorial claim retained. Not independently rechecked in this release.
s1969,Resistance Is an Evolutionary Problem,4c2bc1e4bf6f575cd1ced28144616f8076d131f29a02dff8a17666e271d3cfe9,inherited-v2.9.4,fact_check_all_2000.csv#s1969,Unchanged text; prior editorial claim retained. Not independently rechecked in this release.
s1970,Buck Hears the Call,afcf9bf8a9b7ec6392766f5dcb705a732f256ebf7e4994d9480d90c6a9dbd1ea,inherited-v2.9.4,fact_check_all_2000.csv#s1970,Unchanged text; prior editorial claim retained. Not independently rechecked in this release.
s1971,The Radio Message from an Empty Mine,08d85fd3ffca22d8fb9255891f45f6a619b6acdaa8c49f444136f0c5ef0664e5,inherited-v2.9.4,fact_check_all_2000.csv#s1971,Unchanged text; prior editorial claim retained. Not independently rechecked in this release.
s1972,Following the Wells of Aras,557fc3f3f082c81cb53040cd938a0ce4dc4c287ef3f508f70e0210468fe27654,inherited-v2.9.4,fact_check_all_2000.csv#s1972,Unchanged text; prior editorial claim retained. Not independently rechecked in this release.
s1973,Lena Preserves Ordinary Voices,c899f6716ca8865df757145bb1752933101ab720d65a00ceb1656f7aa88731ec,inherited-v2.9.4,fact_check_all_2000.csv#s1973,Unchanged text; prior editorial claim retained. Not independently rechecked in this release.
s1974,The City That Forgot Its Names,9175ff6c624ed1d2cb568bb48a318e9834244c056a9fa7b44f1d4b23a537b8f9,inherited-v2.9.4,fact_check_all_2000.csv#s1974,Unchanged text; prior editorial claim retained. Not independently rechecked in this release.
s1975,Horseshoe Crabs at the Spring Tide,80696742512b676d0e3b36e034a7c2a8596828440bca8e444ea443133ce6068b,inherited-v2.9.4,fact_check_all_2000.csv#s1975,Unchanged text; prior editorial claim retained. Not independently rechecked in this release.
s1976,The Roster beside the Hospital Bed,c7f956bb79e17334164c04fe0592ab4eaa3feb7827168cd18207db460b753ddf,inherited-v2.9.4,fact_check_all_2000.csv#s1976,Unchanged text; prior editorial claim retained. Not independently rechecked in this release.
s1977,What the Emancipation Proclamation Changed,3bcb0ee8cfda545b4ff46b0d94b329e09ff70860e45d9bf991686405e12f5d35,inherited-v2.9.4,fact_check_all_2000.csv#s1977,Unchanged text; prior editorial claim retained. Not independently rechecked in this release.
s1978,Listening for Distortions in Space-Time,e78c70c854a4e75e66f3fe02e21ee3b3c79822258b29d25ca3fc775761d2e8f2,inherited-v2.9.4,fact_check_all_2000.csv#s1978,Unchanged text; prior editorial claim retained. Not independently rechecked in this release.
s1979,The Creature Asks Victor to Listen,d3ffafbd14a3680da5f944955f4282119e8554a9ad71f3f53a1f07ae2af04f86,inherited-v2.9.4,fact_check_all_2000.csv#s1979,Unchanged text; prior editorial claim retained. Not independently rechecked in this release.
s1980,A Star Missing from the Observatory,5dd837ba5b80cb230c1ce3c2553e9f38a8fd7fd0eb53ba7fa21649e2c0fcdc77,inherited-v2.9.4,fact_check_all_2000.csv#s1980,Unchanged text; prior editorial claim retained. Not independently rechecked in this release.
s1981,Two Currencies at the Reed Market,b6cb8315a228c7737df6985071688b7380fa2a88fbb58c29433115c923d2204a,inherited-v2.9.4,fact_check_all_2000.csv#s1981,Unchanged text; prior editorial claim retained. Not independently rechecked in this release.
s1982,Mara Maps Water without Owning It,950ecd429fcd8cab0d14574f941c62cb50e0df46f68ff0aa498f6e3eba2d008c,inherited-v2.9.4,fact_check_all_2000.csv#s1982,Unchanged text; prior editorial claim retained. Not independently rechecked in this release.
s1983,An Archive of Futures That Did Not Happen,617e5b773b406646fa61d5f05264aa3016059fde7f783b666d1c32fe00ae0c61,inherited-v2.9.4,fact_check_all_2000.csv#s1983,Unchanged text; prior editorial claim retained. Not independently rechecked in this release.
s1984,A Whale Fall Becomes a Deep-Sea Habitat,a7af13963dff8d9fe8b29b32b28080db7259d3e4a9f2a9295aadb5f484815e44,inherited-v2.9.4,fact_check_all_2000.csv#s1984,Unchanged text; prior editorial claim retained. Not independently rechecked in this release.
s1985,The Appeal behind the Benefits Algorithm,6ed5e6703293f433f68adbfde84c5f4b8b8623e4a5738ddc1ad90b4349565a2c,inherited-v2.9.4,fact_check_all_2000.csv#s1985,Unchanged text; prior editorial claim retained. Not independently rechecked in this release.
s1986,Closing an Account after a Death,5f121f09593dcedab1a4e8fac957c6aeb085f21e02ce9b03b05a8a56f9a31007,inherited-v2.9.4,fact_check_all_2000.csv#s1986,Unchanged text; prior editorial claim retained. Not independently rechecked in this release.
s1987,Designing the Bretton Woods Institutions,3b17cd460a925b624ba048d5d114ef92ac11201ed0d3affc8d010f4a0c977003,inherited-v2.9.4,fact_check_all_2000.csv#s1987,Unchanged text; prior editorial claim retained. Not independently rechecked in this release.
s1988,Jane Eyre Chooses Equality,8ffa1ff4f3211c79c844657e2aa99e21ab75ad9a8a5973dc7ab987787781eaf7,inherited-v2.9.4,fact_check_all_2000.csv#s1988,Unchanged text; prior editorial claim retained. Not independently rechecked in this release.
s1989,The Harbor Ledger with Two Midnights,c42224b9c8ba5bba9a2c605c58ba44260b38cfa0580e14b25c6ecdb9fe0b8483,inherited-v2.9.4,fact_check_all_2000.csv#s1989,Unchanged text; prior editorial claim retained. Not independently rechecked in this release.
s1990,The Pilgrim Road without a Finish Line,4be62c187af71dc908e4599f5d6471d48bfa8489156c629a002bd193eef71c10,inherited-v2.9.4,fact_check_all_2000.csv#s1990,Unchanged text; prior editorial claim retained. Not independently rechecked in this release.
s1991,Sorin Turns a Shop into a Cooperative,67445213def8e6e716063f621537363bf86367dedf358506e26f704e3bb3f332,inherited-v2.9.4,fact_check_all_2000.csv#s1991,Unchanged text; prior editorial claim retained. Not independently rechecked in this release.
s1992,The Prophecy That Required Consent,5c3d687810a837027a939ffca56e16a38013f00b34d02ab206d188aab5ffd35d,inherited-v2.9.4,fact_check_all_2000.csv#s1992,Unchanged text; prior editorial claim retained. Not independently rechecked in this release.
s1993,The Negotiated Partnership around a Root,a5040f740c68248c63b682a7924a05597b62eda011b8722070ac19f52c171734,inherited-v2.9.4,fact_check_all_2000.csv#s1993,Unchanged text; prior editorial claim retained. Not independently rechecked in this release.
s1994,A Constitution Written after the Storm,52ec30841ae063087907eb5979423502cc14fa27c126d1b9295d20c5317213c5,inherited-v2.9.4,fact_check_all_2000.csv#s1994,Unchanged text; prior editorial claim retained. Not independently rechecked in this release.
s1995,The Promise Hidden in a Group Chat,9ebab16bd31dcafdacb0190856c90b737b38a33cf94e6a4350de331619597f16,inherited-v2.9.4,fact_check_all_2000.csv#s1995,Unchanged text; prior editorial claim retained. Not independently rechecked in this release.
s1996,How Smallpox Eradication Was Verified,b9eb82c57c75fc04af5327f0c7ec5bfe653a7174f192f49162f2e86dae7f3836,inherited-v2.9.4,fact_check_all_2000.csv#s1996,Unchanged text; prior editorial claim retained. Not independently rechecked in this release.
s1997,Entanglement without Faster Messages,00addc05cd9ff970fec3616745cab26b127f7449c5d1d61c039b3b818de3299a,inherited-v2.9.4,fact_check_all_2000.csv#s1997,Unchanged text; prior editorial claim retained. Not independently rechecked in this release.
s1998,The Evidence Bag That Arrived Before the Crime,a115b52b0f799d57be221b2d9c377c71725d24fd4f53fdf4c5ab2367cdf7e72b,inherited-v2.9.4,fact_check_all_2000.csv#s1998,Unchanged text; prior editorial claim retained. Not independently rechecked in this release.
s1999,Returning the Mask from the Glass Case,da1bfe9c08deee84fb5e0283f992172cd3d415fb54b173680241b66f7d52d36b,inherited-v2.9.4,fact_check_all_2000.csv#s1999,Unchanged text; prior editorial claim retained. Not independently rechecked in this release.
s2000,Ada Counts Who Is Missing,b31d29da964e8dfade8774822bf134271fe3b7b697fc14a5fadbf7bdc85a1e84,inherited-v2.9.4,fact_check_all_2000.csv#s2000,Unchanged text; prior editorial claim retained. Not independently rechecked in this release.
s2001,A Cup for Two,ae58109fa7141a385b25674742672fcaf7877539d60b0cfd0d3e7eb980e178c9,inherited-v2.10.9,content/incoming-70.json,Incoming beginner/seasonal content unchanged; not independently source-checked in this merge.
s2002,The Cat at the Door,f2cef42fb5292fcce41f88628e90b63b326512e7501c0697a8d188a287de6688,editorial-revision-2026-09-24,content/editorial-batch-2.11.9e.json#s2002,"Sam opens the door for a cold cat, offers it a chair, and watches it settle. It remains clear which actions belong to Sam and which to the cat; the short present-tense clauses fit Level 1. The individual animal scene is fictional rather than explanatory nonfiction."
s2003,The Red Hat,683ffc320032cbd1d51a41c1303c70ad018684e019e578491de904fe3583af24,inherited-v2.10.9,content/incoming-70.json,Incoming beginner/seasonal content unchanged; not independently source-checked in this merge.
s2004,The Moon in a Cup,8ee46c557479f012513ad4cea52a8b1003d6fb79ed16d9ae4b9a336b6c474dd3,inherited-v2.10.9,content/incoming-70.json,Incoming beginner/seasonal content unchanged; not independently source-checked in this merge.
s2005,A Duck Comes Back,1f6bec8b7e00b7490b593888867f5609c5c1606c2e912b85fa9e801ef275dd00,editorial-revision-2026-09-24,content/editorial-batch-2.11.9e.json#s2005,"The duck explores the tree and flower, hears the other ducks, then returns to swim with them. The call and return make a complete sequence with concrete beginner vocabulary. The individual animal scene is fictional rather than explanatory nonfiction."
s2006,A Place at the Table,ecc79263dc79a0363a743cf1aa67382cbfc76a378556d81c2d924f285b8476dd,inherited-v2.10.9,content/incoming-70.json,Incoming beginner/seasonal content unchanged; not independently source-checked in this merge.
s2007,Where Is the Key?,5a7a04b31945bca67ccc2c10db444fa99f9f67000c84306c1e0e7bd4cb28f32c,editorial-revision-2026-09-24,content/editorial-batch-2.11.9e.json#s2007,Tom checks his bag and the table before his sister points to the door. Say explicitly that the key is in the door so its location and his ability to enter agree.
s2008,A Door for the Wind,7bb7880ce8f4ab6f6e7650f9568d261e3a31d1e6864654fc768641f24fb5278c,inherited-v2.10.9,content/incoming-70.json,Incoming beginner/seasonal content unchanged; not independently source-checked in this merge.
s2009,The Little Fish,4f46cd6fe7e706f805c935073515bfbef05a34b4d6aa9254e35e0cd5ed6a9aad,editorial-revision-2026-09-24,content/editorial-batch-2.11.9e.json#s2009,"The fish hides behind a rock until the big fish has gone and then swims with two other small fish. Sequence, size references and the fictional sunlit water are clear. The individual animal scene is fictional rather than explanatory nonfiction."
s2010,The Last Cookie,689c54f529186d88e98bf2fbbd5f2de9091de3ce4d89e7e3c92c298aebbf989c,editorial-revision-2026-09-24,content/editorial-batch-2.11.9d.json#s2010,Replaced the knife with breaking the cookie by hand. Half clearly refers to one of two pieces. The sharing and final line remain in the same present-tense sequence.
s2011,The Blue Umbrella,94f278a6de2276fb79d93fd5be756b81c04af56f2530c42d0b33b97d3afbfd85,editorial-revision-2026-09-24,content/editorial-batch-2.11.9d.json#s2011,Identified Ken as Emi’s friend before he offers to share his umbrella; the bus arrival and goodbye now clearly follow their walk. The umbrella remains the key concrete image.
s2012,A Bird at the Window,d1cd1af68aea03bd50cf9f34e0e62c8cf73f4b5f0deac5cba5fdcea5cc66b809,editorial-revision-2026-09-24,content/editorial-batch-2.11.9e.json#s2012,"The bird sees bread on the ground, takes it to a tree, and May watches while eating her own bread. Her referent is May, and the two separate pieces of bread remain distinguishable. The individual animal scene is fictional rather than explanatory nonfiction."
s2013,The Little Cloud,c49d71d96437541dc5efc47d715fe9b1a5d3d2f9fc7e866f6a1c9402b65f7a95,inherited-v2.10.9,content/incoming-70.json,Incoming beginner/seasonal content unchanged; not independently source-checked in this merge.
s2014,The Wet Marks,d5eecf5c5e3ad0937b8489893559ab219751c5b88b9fb8d8e52e9a754f417421,inherited-v2.10.9,content/incoming-70.json,Incoming beginner/seasonal content unchanged; not independently source-checked in this merge.
s2015,Lia Takes the Train,a7261703f29f56e390a61ec7a85ecb2075deb88950158bc83e8d2a1c979b86c9,inherited-v2.10.9,content/incoming-70.json,Incoming beginner/seasonal content unchanged; not independently source-checked in this merge.
s2016,A Note in the Lunch Box,fbeaa5039578151c6945cdacbed3a148a59311ac8a6ccf25e89a7dc3b8982341,editorial-revision-2026-09-24,content/editorial-batch-2.11.9d.json#s2016,"Changed two times to reads it again and gave Jun a natural reply to his mother. His new note and its place are explicit, preserving the kind exchange."
s2017,The Slow Snail,65de4e8264701512204efc8e267420cd5f32d56257cc00eb59cc7dd082b9a125,editorial-revision-2026-09-24,content/editorial-batch-2.11.9e.json#s2017,The snail moves from one leaf to another over a day while faster animals pass. The final drop of water provides a concrete stopping point; the story makes no claim about every snail. The individual animal scene is fictional rather than explanatory nonfiction.
s2018,A Star in a Box,a115ccb539fda3950eb8135dd9fdbdebae77f7515311ffdbe31e388b08fe07ad,inherited-v2.10.9,content/incoming-70.json,Incoming beginner/seasonal content unchanged; not independently source-checked in this merge.
s2019,The Open Box,1c9863dab8a75265a1274f5cd61167024943156140c4ff5a4fe2b49205736993,editorial-revision-2026-09-24,content/editorial-batch-2.11.9e.json#s2019,"Kim finds the toy car gone, then sees a loose red wheel at the door where her brother has the car. Remove the instruction that she follows a single wheel as though it forms a trail."
s2020,A Map in the Bag,965f928da4e03399eca3a3e4e0bb4f87e3d00f9b76cdef8efdb4d32c69c2cdd3,inherited-v2.10.9,content/incoming-70.json,Incoming beginner/seasonal content unchanged; not independently source-checked in this merge.
s2021,The Warm Soup,0d71a05b177f3ca24cce3729507aa48a63ee7c77e331cbcb9601b776a9184797,inherited-v2.10.9,content/incoming-70.json,Incoming beginner/seasonal content unchanged; not independently source-checked in this merge.
s2022,A Seed in the Pot,7c80e240916ea3e1676aa74a0bbd05f78e76a4dcedf1beec42bb4130aaf7d9a8,editorial-revision-2026-09-24,content/editorial-batch-2.11.9e.json#s2022,"Leo plants and waters a seed, waits through several days, then shares the new leaf with his sister. The wait avoids promising overnight growth and the observation stays within the story. The individual animal scene is fictional rather than explanatory nonfiction."
s2023,The Sleeping Bell,b82dc0a76c26632381dad0bd6549999235eb4b79c5e55b9a2f6df6fab6aef57d,inherited-v2.10.9,content/incoming-70.json,Incoming beginner/seasonal content unchanged; not independently source-checked in this merge.
s2024,The Light Upstairs,bb56fc32a195d235903a1fccaff8c805978ab81fe32328907f1cfc1199f95cc1,inherited-v2.10.9,content/incoming-70.json,Incoming beginner/seasonal content unchanged; not independently source-checked in this merge.
s2025,The Red Bus,01614dacb72d35b90d4d2a1ec995933e172b97c1d1b7565ab9671b82c44bc6cd,inherited-v2.10.9,content/incoming-70.json,Incoming beginner/seasonal content unchanged; not independently source-checked in this merge.
s2026,One Empty Seat,b0b19082db2a52948bc9ac78500d35723a21014b108b56ac2e85ff313c14edf3,inherited-v2.10.9,content/incoming-70.json,Incoming beginner/seasonal content unchanged; not independently source-checked in this merge.
s2027,A Puppy in the Rain,f9e7e6abbbeb0ae8004bccd00bbb9b282133983bf24df7bdd795745a522769f1,editorial-revision-2026-09-24,content/editorial-batch-2.11.9e.json#s2027,"The puppy seeks cover from rain, but water falls from the leaves. Identify the woman at the gate as its owner so their relationship is clear before she calls it in. The individual animal scene is fictional rather than explanatory nonfiction."
s2028,The Talking Stone,10e26debd00a9a66100ba02356398d0a1f05c0465561c1f5b8ad8e851541a194,inherited-v2.10.9,content/incoming-70.json,Incoming beginner/seasonal content unchanged; not independently source-checked in this merge.
s2029,Who Took the Apple?,ceb084fb79f9454b30c11095b013c2618d22b1f85d60d0f5b3ce3f1f0b110e3d,inherited-v2.10.9,content/incoming-70.json,Incoming beginner/seasonal content unchanged; not independently source-checked in this merge.
s2030,The Beach in the Morning,0740e953fec8c37a42993fd125c567ae58f38e3d02691f3aa76b372beccaf4bb,inherited-v2.10.9,content/incoming-70.json,Incoming beginner/seasonal content unchanged; not independently source-checked in this merge.
s2031,Sara Finds Her Glove,a2949f78efef2ab5248fb00932b81ad28221e2a98be1513e10ee8615bb125662,inherited-v2.10.9,content/incoming-70.json,Incoming beginner/seasonal content unchanged; not independently source-checked in this merge.
s2032,Two Ants,c15a3e0cc011aaa7e118bb72c8374dd66b31daf02811f645c3be5411285fef07,editorial-revision-2026-09-24,content/editorial-batch-2.11.9e.json#s2032,One ant cannot move the food alone; a second helps and the food reaches the hole. The repeated food/ants language and stepwise action suit Level 1 fiction. The individual animal scene is fictional rather than explanatory nonfiction.
s2033,A Paper Moon,b1c4b6363a55e1f77a6b230716cfa32f39f2e07d43a549ceb0702f995233705f,inherited-v2.10.9,content/incoming-70.json,Incoming beginner/seasonal content unchanged; not independently source-checked in this merge.
s2034,The Small Bell,42aa8710946d5f2a691570bcd9db234327f0d6cb00c2e5e0b2be389f50c9fb8c,editorial-revision-2026-09-24,content/editorial-batch-2.11.9e.json#s2034,"Nao traces a ringing bell to the cat on her doorstep. Once the cat is on the step, let it inside rather than opening a separate gate."
s2035,A Room with a View,5e808237f71ac017731699fc7e159f5bb92bd89d57fe60a7c852325b064b8f38,inherited-v2.10.9,content/incoming-70.json,Incoming beginner/seasonal content unchanged; not independently source-checked in this merge.
s2036,A New Plant,86b025a92d5b60f200efd2c9c9c559d577a457c9d40f6bbb0e04f94ce2c27587,inherited-v2.10.9,content/incoming-70.json,Incoming beginner/seasonal content unchanged; not independently source-checked in this merge.
s2037,The Turtle in the Sun,d75062e2f9ea6633865e3ac15c6c98d86351bda3b8c0341f55cc25002cd70cbd,editorial-revision-2026-09-24,content/editorial-batch-2.11.9e.json#s2037,"The turtle sits in sunlight, notices a fish, and leaves when the rock cools after the cloud arrives. Make the cooling gradual, not immediate. The individual animal scene is fictional rather than explanatory nonfiction."
s2038,The Little Dragon,c6f8ebf8b18c8b2ea1e1477c08aa31173c7f138de755c7bb6975969c4d857709,inherited-v2.10.9,content/incoming-70.json,Incoming beginner/seasonal content unchanged; not independently source-checked in this merge.
s2039,The Blue String,86860e1d13925f2149739e9e2297ec1b1c5a1e08f228e312ff300c73b8e2df83,inherited-v2.10.9,content/incoming-70.json,Incoming beginner/seasonal content unchanged; not independently source-checked in this merge.
s2040,The Wrong Stop,91ec14c43b1b14a607c00f79a8e11d86ba8398a09ec8b23e3fe198da2d8880e3,inherited-v2.10.9,content/incoming-70.json,Incoming beginner/seasonal content unchanged; not independently source-checked in this merge.
s2041,The Broken Pencil,d7f7edd77a5fd744916b0d8c617da555e8c1859634f436afea597424fa5a78f6,inherited-v2.10.9,content/incoming-70.json,Incoming beginner/seasonal content unchanged; not independently source-checked in this merge.
s2042,The Bee and the Flower,363c308c76e2c42d99791ff7cd9f83cab06bc0c04b285af97c1bdc21b3e5ef81,editorial-revision-2026-09-24,content/editorial-batch-2.11.9e.json#s2042,The bee moves from one flower to another while a child watches from the path. The action is local to one fictional bee and does not imply a general rule about pollination. The individual animal scene is fictional rather than explanatory nonfiction.
s2043,The Magic Shoe,3778c86cc2622d33d2a23d8719bd1e0c4adb043a2c623213e6f3960b20ad0561,inherited-v2.10.9,content/incoming-70.json,Incoming beginner/seasonal content unchanged; not independently source-checked in this merge.
s2044,A Note on the Door,c8b1269e9d78cafb6b5060a7d493e0ba0ce0e49c8ea739c3efa2e40da98775d5,inherited-v2.10.9,content/incoming-70.json,Incoming beginner/seasonal content unchanged; not independently source-checked in this merge.
s2045,The Bridge to Town,066e975a80cc3f7bd0aec06e13a7c3e2036831f36b85c88c2d94f0b05e128d64,inherited-v2.10.9,content/incoming-70.json,Incoming beginner/seasonal content unchanged; not independently source-checked in this merge.
s2046,Two Tickets,5b6b49dda13d58c9737d19c4a2d7379401738ccbda5c262c80b9792f4fa5db6c,inherited-v2.10.9,content/incoming-70.json,Incoming beginner/seasonal content unchanged; not independently source-checked in this merge.
s2047,The Fish and the Leaf,cb5b0b7c2ffcbf985698bfcef4e1997a2c339959fc3fbd3c7c901328d5c8c887,editorial-revision-2026-09-24,content/editorial-batch-2.11.9e.json#s2047,"A fish moves with a leaf across a pond while a boy interprets the motion as play. The boy’s thought is framed as his interpretation, not a claim about fish behavior. The individual animal scene is fictional rather than explanatory nonfiction."
s2048,The Night Light,0c65bab942398633e90fe3c01e0fca824c642e98cfa070de4116b93a6d712934,inherited-v2.10.9,content/incoming-70.json,Incoming beginner/seasonal content unchanged; not independently source-checked in this merge.
s2049,The Quiet Room,442f8a39d8c0c1abbe9088583019e0c31584380303ad9816120bd2cc54c7e21c,editorial-revision-2026-09-24,content/editorial-batch-2.11.9e.json#s2049,May finds a sleeping cat in a box. Keep the box open when she lets it rest so the ending does not suggest shutting the cat inside.
s2050,The Last Boat,1fe3ad050c78489bd6c9eb95210793dd1166874c6c0acf97e5f4095e6af42c18,inherited-v2.10.9,content/incoming-70.json,Incoming beginner/seasonal content unchanged; not independently source-checked in this merge.
s2051,The Red Leaf,26d9dbb1bcdfe178fa6860e05b40d875a9fc5c801d3cfc5b70a205c1770c9bfa,inherited-v2.10.9,content/incoming-70.json,Incoming beginner/seasonal content unchanged; not independently source-checked in this merge.
s2052,A Squirrel in the Park,47d7936b2800b2c07e3c155a835b205f217ae7acb8fb8f1f6ece758ec498f221,editorial-revision-2026-09-24,content/editorial-batch-2.11.9f.json#s2052,"Ken observes one squirrel burying a nut. Make the squirrel’s front paws precise and label this named encounter as fiction, while keeping the plausible cold-season behavior."
s2053,Soup for a Cool Evening,b314e22d88049320c52d09a942717a556c054ecaa4f5dc5182e5d656eb62cbf5,editorial-revision-2026-09-24,content/editorial-batch-2.11.9f.json#s2053,"Hana cooks the listed vegetables with water and shares the result with her brother. Replace “smells warm,” which describes a feeling as an odor, with concrete beginner-friendly language."
s2054,Lanterns by the River,e023e9966073ab9a2571b4708dabc80e361ad5e0ddde2c707167e15a63f646a3,inherited-v2.10.9,content/incoming-70.json,Incoming beginner/seasonal content unchanged; not independently source-checked in this merge.
s2055,The Geese Above the Field,a0dfc4d29ba492e8523a8eef1981a90242a47a7ea7cca8c94bead5737b0c7701,editorial-revision-2026-09-24,content/editorial-batch-2.11.9f.json#s2055,Sara and her grandfather watch a particular flock of geese in a V. The southward movement fits the northern autumn setting; classify this scene as fiction instead of a general explanatory text.
s2056,The Note in the Acorn,f50e340bc33f0ad678bc7905338a56f1058dbc8408f6725b3c1735d0ff22570c,inherited-v2.10.9,content/incoming-70.json,Incoming beginner/seasonal content unchanged; not independently source-checked in this merge.
s2057,The Last Outdoor Table,44f07380b2cc10ea0d3f105076396d13a9faf3b9152e8d9feb034ca8b0371783,inherited-v2.10.9,content/incoming-70.json,Incoming beginner/seasonal content unchanged; not independently source-checked in this merge.
s2058,The Harvest Bell,5076cd25ae1c2170ff6651b535dfec81d014e157088dbe2abf5e782fb4522a37,editorial-revision-2026-09-24,content/editorial-batch-2.11.9f.json#s2058,The bell and museum describe an invented village custom with no identifying historical source. Classify the scene as narrative fiction so its specific past is not mistaken for verified history.
s2059,The Tree That Kept One Leaf,4d276e6aae58066669dd0f4c4ee1b84bfe80b39f298d07c0a485c3e630e84d24,inherited-v2.10.9,content/incoming-70.json,Incoming beginner/seasonal content unchanged; not independently source-checked in this merge.
s2060,Why Leaves Change Color,e855c78960f0b06601c18644d44d70988ba7ab5ef01b41aaac441444800f376f,inherited-v2.10.9,content/incoming-70.json,Incoming beginner/seasonal content unchanged; not independently source-checked in this merge.
s2061,A Market at Harvest Time,7a50384d5c3778eb334621b0bdab7799db4eb6d7a2de1104a51d5c21e8da2060,inherited-v2.10.9,content/incoming-70.json,Incoming beginner/seasonal content unchanged; not independently source-checked in this merge.
s2062,The Keeper of the Seed Library,5d87d430fddf8c088794c4def939c2a4040956380b8e1e3f2fd90c4449da7814,inherited-v2.10.9,content/incoming-70.json,Incoming beginner/seasonal content unchanged; not independently source-checked in this merge.
s2063,Footprints in the Orchard,facacb265ef3db479602464c0d82dc367a27d47f2c09fca9fa3db86d718913b2,editorial-revision-2026-09-24,content/editorial-batch-2.11.9f.json#s2063,"Human footprints would not logically lead directly to a trapped deer. Use hoofprints and a call for trained help; the discovery, rescue and fence repair then follow without suggesting that Leila handles a distressed wild animal."
s2064,A Season Shared Differently,bb90f6906487c6df38070b7026eaf8298f5f293391c2412bdc9b63f519e53e69,inherited-v2.10.9,content/incoming-70.json,Incoming beginner/seasonal content unchanged; not independently source-checked in this merge.
s2065,The Forest's Quiet Exchange,6c582ecb4a0a51f31843116cd6f48067d5abced2b3176e45c6b468131cba4410,inherited-v2.10.9,content/incoming-70.json,Incoming beginner/seasonal content unchanged; not independently source-checked in this merge.
s2066,Reading by the Earlier Window,ee6db9498d8193e9745e51f609ed939988af62078c8af7c2dffdab4d4c09381f,inherited-v2.10.9,content/incoming-70.json,Incoming beginner/seasonal content unchanged; not independently source-checked in this merge.
s2067,How Communities Marked the Harvest,aac787423365b8f4bec254040835b11a66213a1156855605c17a0d6025aab923,editorial-revision-2026-09-24,content/editorial-batch-2.11.9f.json#s2067,The text explains broad harvest customs across diverse farming communities rather than narrating one particular historical episode. Give it the explanatory-nonfiction category.
s2068,Balance at the Equinox,33efb3b839cc83f76c2ecbdc56bc3ef1983d2283bce9456342ddf71c3b26c1a8,inherited-v2.10.9,content/incoming-70.json,Incoming beginner/seasonal content unchanged; not independently source-checked in this merge.
s2069,Autumn at the Old Estate,5dd366412e7abb33e05970fd54d3fe837398e93ff30a009138204f3345357bee,inherited-v2.10.9,content/incoming-70.json,Incoming beginner/seasonal content unchanged; not independently source-checked in this merge.
s2070,The Translator's Autumn Notebook,807581c015c660cf35696c7be1b03f51f160c9b3c553e22a3ca24ebbe0efdc4c,inherited-v2.10.9,content/incoming-70.json,Incoming beginner/seasonal content unchanged; not independently source-checked in this merge.
s2071,A Cloud in the Kitchen,8bcfab81592d7be40499715d75943b8b3d07680d6cde0bd5b5da692d1086671f,authored-fiction-or-illustration,,"fictional-vignette: authored illustrative narrative, not a report of a real event or study; outcomes limited to the narrated case."
s2072,The Door Under the Rug,ebf272c727fa02e69f75949d301d5457ce58ace174a1de1dbbf902bacae624ed,authored-fiction-or-illustration,,"fictional-vignette: authored illustrative narrative, not a report of a real event or study; outcomes limited to the narrated case."
s2073,The Moon's Lost Shoe,a1061a6d21ac1b85b0c3749c4005b061d6e83120cf33dd09f3d1c7bb52756456,authored-fiction-or-illustration,,"fictional-vignette: authored illustrative narrative, not a report of a real event or study; outcomes limited to the narrated case."
s2074,The Paper Horse,51f9fb669cd1be438a0bbb074309c71ae8fefd97438c916af5b8413c8aff1dc3,authored-fiction-or-illustration,,"fictional-vignette: authored illustrative narrative, not a report of a real event or study; outcomes limited to the narrated case."
s2075,A Song for the Stone,85fb1b093f6fcefe3f7153da593a85f2ae5fdfca0c45a9ccc2efbd783d24d54e,authored-fiction-or-illustration,,"fictional-vignette: authored illustrative narrative, not a report of a real event or study; outcomes limited to the narrated case."
s2076,The Quiet Gate,9694eb76cb5ab97d9151a7008aaa4d9d291bfab8f7e1b4abc8dac99491c4794f,authored-fiction-or-illustration,,"fictional-vignette: authored illustrative narrative, not a report of a real event or study; outcomes limited to the narrated case."
s2077,One Red Leaf,5b439105720c0fff9030992d7a5456f164d526695866edd1aff37d39ca02caa4,authored-fiction-or-illustration,,"fictional-vignette: authored illustrative narrative, not a report of a real event or study; outcomes limited to the narrated case."
s2078,The Cat's New Place,e998436b4334d39eb42e86570c66bed8b4e32a57aa87ca112791d0ec80f43206,authored-fiction-or-illustration,,"fictional-vignette: authored illustrative narrative, not a report of a real event or study; outcomes limited to the narrated case."
s2079,Rain on the Path,2c2944384baba15a69c6ffaf5cb123a02189632e4a5fc47d605581e5c811c65f,authored-fiction-or-illustration,,"fictional-vignette: authored illustrative narrative, not a report of a real event or study; outcomes limited to the narrated case."
s2080,A View of the Tree,ac89c074f1b3d36a9cb247851f95c66aae02b388c612db1790b02cd80ff64017,authored-fiction-or-illustration,,"fictional-vignette: authored illustrative narrative, not a report of a real event or study; outcomes limited to the narrated case."
s2081,A Seat for the Bags,5a02a8081cf6c25b33016a7354a30aaf7857cf8ec827f7ad7072c0b0d91e221c,authored-fiction-or-illustration,,"explicit-imagined-example: authored illustrative narrative, not a report of a real event or study; outcomes limited to the narrated case."
s2082,The Late Meeting,4b53808a6a77e9eefd0922b628cee6f10de1fb3836c5a92b784645e81780d7f2,authored-fiction-or-illustration,,"explicit-imagined-example: authored illustrative narrative, not a report of a real event or study; outcomes limited to the narrated case."
s2083,Two Ways to Read,912fdbfb1bdc5f95f469a436f36cb0fedce026972ce160bd1f15876032b57dc7,authored-fiction-or-illustration,,"explicit-imagined-example: authored illustrative narrative, not a report of a real event or study; outcomes limited to the narrated case."
s2084,The Open Field,1b231717c3063123e1a4277839ba1db29ad60bf8a99df6800fb1f391596709b5,authored-fiction-or-illustration,,"explicit-imagined-example: authored illustrative narrative, not a report of a real event or study; outcomes limited to the narrated case."
s2085,The Water Table,2fa8ed3dcf81548736d466312cd9ec036f5cd817fe159788577405477ecc3a22,authored-fiction-or-illustration,,"explicit-imagined-example: authored illustrative narrative, not a report of a real event or study; outcomes limited to the narrated case."
s2086,Breakfast on the Step,32f5d96bdd423e0352f0665ab4a6b21d8937908937c2b466567eeae9ca46bec5,authored-fiction-or-illustration,,"fictional-vignette: authored illustrative narrative, not a report of a real event or study; outcomes limited to the narrated case."
s2087,The Blue Sock Game,45fc91c8b4c03575e4b38a5bb04ab09ee69d840e57245163bdca1bb7ad373917,authored-fiction-or-illustration,,"fictional-vignette: authored illustrative narrative, not a report of a real event or study; outcomes limited to the narrated case."
s2088,A Cup with a Line,4a1dd6cd4cef6285e9cb0f374e4a498be7880a78dcfd67c6350fa93cb41bc93f,authored-fiction-or-illustration,,"fictional-vignette: authored illustrative narrative, not a report of a real event or study; outcomes limited to the narrated case."
s2089,The Last Clean Shirt,0980d7a1cba688d21b1a52e53ad3fedd2fea5cf9a5106509856a525c62d6ee07,authored-fiction-or-illustration,,"fictional-vignette: authored illustrative narrative, not a report of a real event or study; outcomes limited to the narrated case."
s2090,A Small Place to Write,e28ef53b9cf1de92421a07118052c2b121b44b2f17f1af756197ede4b813ded9,authored-fiction-or-illustration,,"fictional-vignette: authored illustrative narrative, not a report of a real event or study; outcomes limited to the narrated case."
s2091,The Old Shop Bell,2afe9400d588e27514dcc362527d12d128903350d8f7b6bdbff8132d27afe167,authored-fiction-or-illustration,,"explicit-imagined-example: authored illustrative narrative, not a report of a real event or study; outcomes limited to the narrated case."
s2092,A Letter by the Fire,a4b21a457d696fd54545914110c1285d4ebb3b8cfa896213102d7dbabc578094,authored-fiction-or-illustration,,"explicit-imagined-example: authored illustrative narrative, not a report of a real event or study; outcomes limited to the narrated case."
s2093,The Baker's Wooden Mark,cf7dbe18011088fd62049d8c7a56e03d1bad474016c80008c34a75da23cfe609,authored-fiction-or-illustration,,"explicit-imagined-example: authored illustrative narrative, not a report of a real event or study; outcomes limited to the narrated case."
s2094,A Coat for Market Day,52e52e1ea6dfb56613cfdf17f225dab0879733b33eeafed9a691d3580c1b4df2,authored-fiction-or-illustration,,"explicit-imagined-example: authored illustrative narrative, not a report of a real event or study; outcomes limited to the narrated case."
s2095,The Cart at the Well,6fe95dfa702d9ac9ef962246f5308e8bf9abdafd0b6d5cfe46d5288e1c2b3174,authored-fiction-or-illustration,,"explicit-imagined-example: authored illustrative narrative, not a report of a real event or study; outcomes limited to the narrated case."
s2096,The Rolling Test,72e98586fedc57b1a577598088b7e8661e717af5fe769a192cdf774118dd58d7,authored-fiction-or-illustration,,"explicit-imagined-example: authored illustrative narrative, not a report of a real event or study; outcomes limited to the narrated case."
s2097,Two Paper Bridges,8ac93499e516535d10910c5023f403ed3908a32a3ee773505d8378bf1b18713e,authored-fiction-or-illustration,,"explicit-imagined-example: authored illustrative narrative, not a report of a real event or study; outcomes limited to the narrated case."
s2098,A Shadow on the Wall,061a4f743b798f26e769d605629ade5907d653c14105bfa830742cca12de4b41,authored-fiction-or-illustration,,"explicit-imagined-example: authored illustrative narrative, not a report of a real event or study; outcomes limited to the narrated case."
s2099,The Full Spoon,77298f12060692610cbc4566ed2503e89c215b5a99e2b72ad9e4ce88a03805f0,authored-fiction-or-illustration,,"explicit-imagined-example: authored illustrative narrative, not a report of a real event or study; outcomes limited to the narrated case."
s2100,The Warm Window Test,b391a3e021e31e42d42bf6b8e14ce4cd4cf67ecad1668c19f2881bd53ea4c426,authored-fiction-or-illustration,,"explicit-imagined-example: authored illustrative narrative, not a report of a real event or study; outcomes limited to the narrated case."
s2101,The Mouse Opens the Net,858fa250e5b5a239b200a81c8e1fabca3cf884e65f38b392286c2a954dc0e842,primary-text-compared,https://www.gutenberg.org/files/21/21-h/21-h.htm,"Core sequence compared with Aesop: The Lion and the Mouse; simplified retelling and explicit interpretive commentary, not a quotation."
s2102,Grapes Above the Fox,77c05ed719e0e1193e455c50a44678204938314fb0ab33fa676dc4722b18fe4d,primary-text-compared,https://www.gutenberg.org/files/21/21-h/21-h.htm,"Core sequence compared with Aesop: The Fox and the Grapes; simplified retelling and explicit interpretive commentary, not a quotation."
s2103,Stones in the Water Jar,b985392bad85516ff07c24a1f649e4ffffc9d5e0eb3ba06565f1b21f273f892f,primary-text-compared,https://www.gutenberg.org/files/21/21-h/21-h.htm,"Core sequence compared with Aesop: The Crow and the Pitcher; simplified retelling and explicit interpretive commentary, not a quotation."
s2104,The Coat Stays On,5968fd2045f00ed03e314a9a7c56212e9f1e815c905914a871cfb9e140e1c8ab,primary-text-compared,https://www.gutenberg.org/files/21/21-h/21-h.htm,"Core sequence compared with Aesop: The North Wind and the Sun; simplified retelling and explicit interpretive commentary, not a quotation."
s2105,One Stick at a Time,b51671250d520182c84521675e1fdb08119fa5bc926c2edacb7bfb8f04f28e7f,primary-text-compared,https://www.gutenberg.org/files/21/21-h/21-h.htm,"Core sequence compared with Aesop: The Father and His Sons; simplified retelling and explicit interpretive commentary, not a quotation."
s2106,The Wet Circle,79731af6e6ace59605c1bf89c31213f024ed43775b0c3d61bcf62afb032719a3,authored-fiction-or-illustration,,"fictional-vignette: authored illustrative narrative, not a report of a real event or study; outcomes limited to the narrated case."
s2107,The Moving Red Dot,21b7bf8ca0c29e8f9a5ecb346bf32bfeb77595353e0d40bbdd47fc9d5db506d0,authored-fiction-or-illustration,,"fictional-vignette: authored illustrative narrative, not a report of a real event or study; outcomes limited to the narrated case."
s2108,Who Took the Spoon,e4ff48b96a60db3f53f93eed4651213023b75b7fe7dd9d7ea9afc4c1944bad52,authored-fiction-or-illustration,,"fictional-vignette: authored illustrative narrative, not a report of a real event or study; outcomes limited to the narrated case."
s2109,The Light Under the Bed,b80c85b76e0ed7430db5f19d258323751e611ad13dedee64e46799ab00e56010,authored-fiction-or-illustration,,"fictional-vignette: authored illustrative narrative, not a report of a real event or study; outcomes limited to the narrated case."
s2110,Three Green Steps,80f9be4cdb99b42686f48d34dcc052e5cb20cc4282ba74bafb43ed76746b9b6a,authored-fiction-or-illustration,,"fictional-vignette: authored illustrative narrative, not a report of a real event or study; outcomes limited to the narrated case."
s2111,A Map on the Table,4de51d3d6756c9e35577015d3e2b1131026924f1f89207b6ca733205d3e3a819,authored-fiction-or-illustration,,"fictional-vignette: authored illustrative narrative, not a report of a real event or study; outcomes limited to the narrated case."
s2112,The Room with Two Beds,ecaca2aa960237cb7ab92a1c3a634ae631fdc866fe7da3e4588be2bf06bc9425,authored-fiction-or-illustration,,"fictional-vignette: authored illustrative narrative, not a report of a real event or study; outcomes limited to the narrated case."
s2113,The New Dance Step,60537dc1fe49560a3b7245148d7a8c2be0be807ed09c2be886169033a2c620d2,authored-fiction-or-illustration,,"fictional-vignette: authored illustrative narrative, not a report of a real event or study; outcomes limited to the narrated case."
s2114,An Empty Postcard,3fad36a113e54252b6cd1f834d42aeb793c29b781266d86589400dd652a5d9fa,authored-fiction-or-illustration,,"fictional-vignette: authored illustrative narrative, not a report of a real event or study; outcomes limited to the narrated case."
s2115,A Ticket in My Hat,35507f49f4b352542253770176b6279e445bb0aeef78de68000c41a6f812d426,authored-fiction-or-illustration,,"fictional-vignette: authored illustrative narrative, not a report of a real event or study; outcomes limited to the narrated case."
s2116,Rosa's First Loaf,10c6fc8e7679ed9418e4bfb7d6d8b2c03627bec8b9941cc8702082aa8dc7dae8,authored-fiction-or-illustration,,"explicit-imagined-example: authored illustrative narrative, not a report of a real event or study; outcomes limited to the narrated case."
s2117,The Man Who Draws Doors,a5733102804e17b0877ac506e445c4cbfd02f6ba536a4e2a2998b570fd467c80,authored-fiction-or-illustration,,"explicit-imagined-example: authored illustrative narrative, not a report of a real event or study; outcomes limited to the narrated case."
s2118,A New Job for Lin,1c4259fad0f8bc3cd75c99c19ec6fa40b93635b5a88aab7058a8a8b098dd9eb6,authored-fiction-or-illustration,,"explicit-imagined-example: authored illustrative narrative, not a report of a real event or study; outcomes limited to the narrated case."
s2119,Omar Learns to Float,3dca7b6ed80a7a2eaea8d1f37e764c90f56395dbcf4688e4204dbebe0ef3460b,authored-fiction-or-illustration,,"explicit-imagined-example: authored illustrative narrative, not a report of a real event or study; outcomes limited to the narrated case."
s2120,The Singer at the Window,71a4581ac45e2d03c5300820e85884b20f76fd933be2ab655917e1ca37df9a05,authored-fiction-or-illustration,,"explicit-imagined-example: authored illustrative narrative, not a report of a real event or study; outcomes limited to the narrated case."
s2121,The Sleepy Streetlamp,9b1360fdbb36d81245c69a61e2b343276f3e98e191764ef1ed2f386dede026a9,authored-fiction-or-illustration,,"fictional-vignette: authored illustrative narrative, not a report of a real event or study; outcomes limited to the narrated case."
s2122,The Spoon That Loved Soup,6fe50d0f1a1d459e6240c335a0b59abcb76fefd1941f88459996fb147dd19068,authored-fiction-or-illustration,,"fictional-vignette: authored illustrative narrative, not a report of a real event or study; outcomes limited to the narrated case."
s2123,The Rain Seller's Day Off,8b60dbcbd9d956082286e740898ea0e8a0d535b121229290198da72ac65134e4,authored-fiction-or-illustration,,"fictional-vignette: authored illustrative narrative, not a report of a real event or study; outcomes limited to the narrated case."
s2124,A Tail for the Kite,13b38abe4c0e6e1ae696fb9e5e68689c9aa221adeb507722d6ae6af565e2560b,authored-fiction-or-illustration,,"fictional-vignette: authored illustrative narrative, not a report of a real event or study; outcomes limited to the narrated case."
s2125,The Tiny Winter,5072be0cf8e94107adc0fcadb7839c52fa1239fa713fad8c314b176249aa872d,authored-fiction-or-illustration,,"fictional-vignette: authored illustrative narrative, not a report of a real event or study; outcomes limited to the narrated case."
s2126,The Bird behind the Curtain,4874d191b30f5910adf2a42e905df2cf33642e7c8038dc4630a51688acaeead9,authored-fiction-or-illustration,,"fictional-vignette: authored illustrative narrative, not a report of a real event or study; outcomes limited to the narrated case."
s2127,The Garden after Dark,91d48b346173a81482b237003feeac084091dfc12b7be6db1fed9f58f83384c9,authored-fiction-or-illustration,,"fictional-vignette: authored illustrative narrative, not a report of a real event or study; outcomes limited to the narrated case."
s2128,Leaves in the Notebook,58ecdb0052bbe3a0365246f7af32600fe28f7fbdd275b831ea2a50863738cb22,authored-fiction-or-illustration,,"fictional-vignette: authored illustrative narrative, not a report of a real event or study; outcomes limited to the narrated case."
s2129,The Dog Chooses Shade,a67c097b5272bc1d6f5a4a926c23c6ed01cdd732bb2f329a2c7299f44bfd11d0,authored-fiction-or-illustration,,"fictional-vignette: authored illustrative narrative, not a report of a real event or study; outcomes limited to the narrated case."
s2130,A Slow Look at the Pond,8d5fe9ac2f21c8ca7ab3e9b2f8c49d74e84a86797dfa66177f3ac81ef58bdf5c,authored-fiction-or-illustration,,"fictional-vignette: authored illustrative narrative, not a report of a real event or study; outcomes limited to the narrated case."
s2131,The Second Meeting Box,e504763c2f166854d139b3bf0ecf7fa1c090146daeea801d77ef90b62717a826,authored-fiction-or-illustration,,"explicit-imagined-example: authored illustrative narrative, not a report of a real event or study; outcomes limited to the narrated case."
s2132,A Bus Stop with a Roof,1f6c0cf09cf607fe53ff0a9e940bda864ad4fb339f918a92113093df6586a728,authored-fiction-or-illustration,,"explicit-imagined-example: authored illustrative narrative, not a report of a real event or study; outcomes limited to the narrated case."
s2133,A Quieter Hour,78f2c63f80840f3e0b04ce2f72a8fa8f6d5b2a22d379fc8e7824428d41db666a,authored-fiction-or-illustration,,"explicit-imagined-example: authored illustrative narrative, not a report of a real event or study; outcomes limited to the narrated case."
s2134,The Shared Ball,3972ff431ebc5484a73c4e2e7ff00bf3edd7a750f4059dd317a0778832a76938,authored-fiction-or-illustration,,"explicit-imagined-example: authored illustrative narrative, not a report of a real event or study; outcomes limited to the narrated case."
s2135,The Sign beside the Steps,b426dcc892b426404aaa3f5a0a459e6e45c906761c88eb98b40644afb0ae0b89,authored-fiction-or-illustration,,"explicit-imagined-example: authored illustrative narrative, not a report of a real event or study; outcomes limited to the narrated case."
s2136,The Lunch with No Fork,cc78b653a979049588db30d5b3a5c52c09a46a1d8f88382ca3b38497166a5c1b,authored-fiction-or-illustration,,"fictional-vignette: authored illustrative narrative, not a report of a real event or study; outcomes limited to the narrated case."
s2137,A Shelf for Small Things,58f2d1c47228f21552f0749711cdbb2d83e287a73997271b7ca0e74f3af80989,authored-fiction-or-illustration,,"fictional-vignette: authored illustrative narrative, not a report of a real event or study; outcomes limited to the narrated case."
s2138,The Wrong Shopping Bag,f9ed8c76664a2dcafe9cce248c8ef14adfca06c155394e766a4407fb89afdd9e,authored-fiction-or-illustration,,"fictional-vignette: authored illustrative narrative, not a report of a real event or study; outcomes limited to the narrated case."
s2139,One More Place at Dinner,ac9bd09f8756f3ac45276627f748a18795030088d5ea55b630fdf55fadd4b59c,authored-fiction-or-illustration,,"fictional-vignette: authored illustrative narrative, not a report of a real event or study; outcomes limited to the narrated case."
s2140,The Alarm on Sunday,25a8f919571bb39b6565d7b5a153f3ee54f459ffef204f0dec5cf274a7b50c2b,authored-fiction-or-illustration,,"fictional-vignette: authored illustrative narrative, not a report of a real event or study; outcomes limited to the narrated case."
s2141,The Spare Candle,221f6045aa2de0a3ef9aaad87509eddc871beab0335b64fb2786efa774c60c53,authored-fiction-or-illustration,,"explicit-imagined-example: authored illustrative narrative, not a report of a real event or study; outcomes limited to the narrated case."
s2142,The Printer's Dirty Thumb,7d3600c5dde4dce763f5719033a891755ad011a15dc6e4c808f5dec59d31f10c,authored-fiction-or-illustration,,"explicit-imagined-example: authored illustrative narrative, not a report of a real event or study; outcomes limited to the narrated case."
s2143,The Basket by the Ferry,befef12ac5953bd92d812628cb5429d05bf51b3fe08ce417c192cd8417882882,authored-fiction-or-illustration,,"explicit-imagined-example: authored illustrative narrative, not a report of a real event or study; outcomes limited to the narrated case."
s2144,The School Slate,20194313ee5956364bfa12979f8ccd1aac688b8fa0dc67d5bcc59471f80c8cda,authored-fiction-or-illustration,,"explicit-imagined-example: authored illustrative narrative, not a report of a real event or study; outcomes limited to the narrated case."
s2145,A Package without a Name,bdd8358a8237c80fb9f52e1574593232ad55212b2be825b8fa4daae4a0141a67,authored-fiction-or-illustration,,"explicit-imagined-example: authored illustrative narrative, not a report of a real event or study; outcomes limited to the narrated case."
s2146,A Longer Paper Strip,6ac983112a3655ce5caba943d2ad19634f34233acc8192a3cc872bc3a0fb72e0,authored-fiction-or-illustration,,"explicit-imagined-example: authored illustrative narrative, not a report of a real event or study; outcomes limited to the narrated case."
s2147,Counting the Bounces,5f42f25a953f4515b76f158ac2eecade7fb4517532d87208e1b2833a0b4e028d,authored-fiction-or-illustration,,"explicit-imagined-example: authored illustrative narrative, not a report of a real event or study; outcomes limited to the narrated case."
s2148,The Cup with a Lid,8e187a370b577caa2ab1484c45535a5b4a8acd5969de79a9753d4ebdf7ef4382,authored-fiction-or-illustration,,"explicit-imagined-example: authored illustrative narrative, not a report of a real event or study; outcomes limited to the narrated case."
s2149,A Magnet and a Box,10b974dbc5402cff41620ff5fd703c109fbabaef04a94704785c9bfbe466eaa0,authored-fiction-or-illustration,,"explicit-imagined-example: authored illustrative narrative, not a report of a real event or study; outcomes limited to the narrated case."
s2150,The Bent Paper Plane,b012524b859d3e4e6633ed6c52999a44d51b1819b2ec963da36a83549f23b2d3,authored-fiction-or-illustration,,"explicit-imagined-example: authored illustrative narrative, not a report of a real event or study; outcomes limited to the narrated case."
s2151,Meat beneath the Tree,02fc3c168f696729a689d75ac263d86c5a61986440a1fe97bd7eeed565b2cc05,primary-text-compared,https://www.gutenberg.org/files/21/21-h/21-h.htm,"Core sequence compared with Aesop: The Fox and the Crow; simplified retelling and explicit interpretive commentary, not a quotation."
s2152,The Race past the Sleeping Hare,243ea5ac67d8600a52101e6a1e79e569e2be3ec35f74edfae8329661ca53d8ab,primary-text-compared,https://www.gutenberg.org/files/21/21-h/21-h.htm,"Core sequence compared with Aesop: The Hare and the Tortoise; simplified retelling and explicit interpretive commentary, not a quotation."
s2153,The Dog's Second Dinner,fadc6a83e294f5bf8cf3c9dfef0c971b2345750875dcd171e761402b07b9e406,primary-text-compared,https://www.gutenberg.org/files/21/21-h/21-h.htm,"Core sequence compared with Aesop: The Dog and the Shadow; simplified retelling and explicit interpretive commentary, not a quotation."
s2154,The Bell No Mouse Can Carry,5c6aaf93089bd8dbfcd43ac0c4068ceb1188cb1eb79939716ece1eb0ef8229be,primary-text-compared,https://www.gutenberg.org/files/21/21-h/21-h.htm,"Core sequence compared with Aesop: The Mice in Council; simplified retelling and explicit interpretive commentary, not a quotation."
s2155,The Leaf That Carried an Ant,486f1265437e9b63eedb1c42c12bbb4b2f0b1580dbf3a87da5bb5e3130aa096a,primary-text-compared,https://www.gutenberg.org/files/21/21-h/21-h.htm,"Core sequence compared with Aesop: The Ant and the Dove; simplified retelling and explicit interpretive commentary, not a quotation."
s2156,The Sound in the Empty Room,310221c7f4bb34d2e4aaefda261501833aeeda79288cc6050addd7b2d220b1af,authored-fiction-or-illustration,,"fictional-vignette: authored illustrative narrative, not a report of a real event or study; outcomes limited to the narrated case."
s2157,The Missing Cake Corner,bfcfe56abefe6c3d32142906a5dfdd2d4abc915e91dfdf1d2525aab6b469836d,authored-fiction-or-illustration,,"fictional-vignette: authored illustrative narrative, not a report of a real event or study; outcomes limited to the narrated case."
s2158,Footprints toward the Shed,45c21ce781c3374e41d745d335eec096a054776ccc1308def6225c1b8de2ac5b,authored-fiction-or-illustration,,"fictional-vignette: authored illustrative narrative, not a report of a real event or study; outcomes limited to the narrated case."
s2159,A Page That Whistles,b52ce9b94373524a3923677b1564fbe9910768ae60df31fdf87082e6fbbf6744,authored-fiction-or-illustration,,"fictional-vignette: authored illustrative narrative, not a report of a real event or study; outcomes limited to the narrated case."
s2160,The Warm Bench Mystery,2a2b77bb101eb224989f18f9d9ae8d5f3388304adaf21eba9f42d12b67f111c8,authored-fiction-or-illustration,,"fictional-vignette: authored illustrative narrative, not a report of a real event or study; outcomes limited to the narrated case."
s2161,The Platform on the Other Side,b83bd21207579698ba17873887ef2b326428743253bf7d7edb3137efe70d17c3,authored-fiction-or-illustration,,"fictional-vignette: authored illustrative narrative, not a report of a real event or study; outcomes limited to the narrated case."
s2162,A Word on the Menu,3bdee6e4005301ff4bb113c60e9adf79127422f4b81b734eeea15c5928647510,authored-fiction-or-illustration,,"fictional-vignette: authored illustrative narrative, not a report of a real event or study; outcomes limited to the narrated case."
s2163,The Museum's Small Door,1bac468fca83448defc2c4e66c69d07d8189a89b09773176c46ef8a5e52d21df,authored-fiction-or-illustration,,"fictional-vignette: authored illustrative narrative, not a report of a real event or study; outcomes limited to the narrated case."
s2164,A Song from the Square,9ecb0ab85e21fd3e060f0128057b60c556a1c6e0bb76514508135bb1a54446f9,authored-fiction-or-illustration,,"fictional-vignette: authored illustrative narrative, not a report of a real event or study; outcomes limited to the narrated case."
s2165,The Market Bag I Can Carry,221980a7b6674f0b0bef00173667cc98ba8c1c42df995f72af4aa6a01b6da65d,authored-fiction-or-illustration,,"fictional-vignette: authored illustrative narrative, not a report of a real event or study; outcomes limited to the narrated case."
s2166,Nell's First Repair,7ab0275dce6100dafff8e1651c4e8dca910a3d4c4d00dca00515068864c9fcf0,authored-fiction-or-illustration,,"explicit-imagined-example: authored illustrative narrative, not a report of a real event or study; outcomes limited to the narrated case."
s2167,The Driver Who Learned Names,f11cb3d436eb9c9d065d659810ff7d608a0554424a53c1ec1eb0fc4132635993,authored-fiction-or-illustration,,"explicit-imagined-example: authored illustrative narrative, not a report of a real event or study; outcomes limited to the narrated case."
s2168,Iris and the Empty Stage,41d9d179044ad68c58d89a02cd962bfc9f71afe9826f5a9c6a202289f8ac68ef,authored-fiction-or-illustration,,"explicit-imagined-example: authored illustrative narrative, not a report of a real event or study; outcomes limited to the narrated case."
s2169,A Gardener's First Winter,ec235207233bb0d0b9004301005a1110bb7918d31a21d9f2f3decf5615015895,authored-fiction-or-illustration,,"explicit-imagined-example: authored illustrative narrative, not a report of a real event or study; outcomes limited to the narrated case."
s2170,The Girl Who Kept Receipts,ed05dd04297a46af1ee9ccac21aad4f45d546db3d15ccc71390e6882e73c20a0,authored-fiction-or-illustration,,"explicit-imagined-example: authored illustrative narrative, not a report of a real event or study; outcomes limited to the narrated case."
s2171,The Shop for Lost Echoes,cd8828b6e8840f6c2b55b5753abb61ec499d695c2ae1258d39c11639997a10d9,authored-fiction-or-illustration,,"fictional-vignette: authored illustrative narrative, not a report of a real event or study; outcomes limited to the narrated case."
s2172,The Dragon's Small Apron,d2eab269f380ce44fb3fb3e07eb970f8c5f128accc7107316ee2f6e463ea1288,authored-fiction-or-illustration,,"fictional-vignette: authored illustrative narrative, not a report of a real event or study; outcomes limited to the narrated case."
s2173,A Staircase for the Stars,778d55f4b225ef0092b7ac7539d99b43455aa419df4daf5cf6469f82bc09b744,authored-fiction-or-illustration,,"fictional-vignette: authored illustrative narrative, not a report of a real event or study; outcomes limited to the narrated case."
s2174,The River's Forgotten Name,f369958a87fd9d24a2b6d18aa07a07b2205836a97d1b4c062afc865230f0e529,authored-fiction-or-illustration,,"fictional-vignette: authored illustrative narrative, not a report of a real event or study; outcomes limited to the narrated case."
s2175,The Clock That Waited,255513921200fb67a6452c88a23e0a327d2a778f01cd6d4001ce3faaa3c55215,authored-fiction-or-illustration,,"fictional-vignette: authored illustrative narrative, not a report of a real event or study; outcomes limited to the narrated case."
s2176,The Nest beyond the Glass,de354be7ad3a57ae20f4c4b3fe7b1fa844be32d7628a261ea5dd7d6f902c1b07,authored-fiction-or-illustration,,"fictional-vignette: authored illustrative narrative, not a report of a real event or study; outcomes limited to the narrated case."
s2177,The Fallen Branch Survey,37f73378d65092210ca3576a4c3a21891bd9796a2c0711b045eca49a9ead1e90,authored-fiction-or-illustration,,"fictional-vignette: authored illustrative narrative, not a report of a real event or study; outcomes limited to the narrated case."
s2178,The Patient Animal Sketch,63a52116c1eebc06803ad2c1d02a8c017055c5fdd0e9214f595a8b3cfa2545ef,authored-fiction-or-illustration,,"fictional-vignette: authored illustrative narrative, not a report of a real event or study; outcomes limited to the narrated case."
s2179,Seeds in Separate Envelopes,f65e35fd67383b3bf8666da683186c51d96cb37facbbf06009cbc2fc09284ded,authored-fiction-or-illustration,,"fictional-vignette: authored illustrative narrative, not a report of a real event or study; outcomes limited to the narrated case."
s2180,The Change in the Bird Count,3c3d4eed1b79075a6ab9dea56194689ee65c83d172d3333c0b62ec29765d8e5d,authored-fiction-or-illustration,,"fictional-vignette: authored illustrative narrative, not a report of a real event or study; outcomes limited to the narrated case."
s2181,The Library Cart Trial,66a034aeba11ae4f998d6067eaf492f2d6750b08e75bbe1871c78916b8a5ec29,authored-fiction-or-illustration,,"explicit-imagined-example: authored illustrative narrative, not a report of a real event or study; outcomes limited to the narrated case."
s2182,A Playground with a Quiet Corner,77e737c69d43ad9c6a1405f9956704ba17b58747c7db80865432dfdc620b323f,authored-fiction-or-illustration,,"explicit-imagined-example: authored illustrative narrative, not a report of a real event or study; outcomes limited to the narrated case."
s2183,The Evening Repair Table,55618400abd61480dfeec2457d68a238e22150d754ec17ee6014c763adc575ba,authored-fiction-or-illustration,,"explicit-imagined-example: authored illustrative narrative, not a report of a real event or study; outcomes limited to the narrated case."
s2184,The Market Map Vote,572b1a84b51b082ec360d925a6e36b1f94655faeec57a128e36445317491f802,authored-fiction-or-illustration,,"explicit-imagined-example: authored illustrative narrative, not a report of a real event or study; outcomes limited to the narrated case."
s2185,A Crossing near the Hall,0a0155ad73489dcbe45f831bea4ec12ea41324bbcb5c0a59cc6293a29cd6fa0b,authored-fiction-or-illustration,,"explicit-imagined-example: authored illustrative narrative, not a report of a real event or study; outcomes limited to the narrated case."
s2186,The Recipe on a Sticky Note,f8fa411920b656ca56e96861aea3be1cb2cb72a7379c4e652900d3d85165fad3,authored-fiction-or-illustration,,"fictional-vignette: authored illustrative narrative, not a report of a real event or study; outcomes limited to the narrated case."
s2187,The Neighbor's Spare Key,59a7babbd2752af0b43d8e231f2c8857b902f5be60c7aa45157849653b93f44f,authored-fiction-or-illustration,,"fictional-vignette: authored illustrative narrative, not a report of a real event or study; outcomes limited to the narrated case."
s2188,The Chair That Scraped,2f4665df5ed2ec86f10cbe005c3a6faa79f766011c92ea5542b44c0e01f681e3,authored-fiction-or-illustration,,"fictional-vignette: authored illustrative narrative, not a report of a real event or study; outcomes limited to the narrated case."
s2189,A Different Route to Work,db781f3de7bcd72b6a8f98b835e1d871feda9e2973d0ff58169d2abc5d685595,authored-fiction-or-illustration,,"fictional-vignette: authored illustrative narrative, not a report of a real event or study; outcomes limited to the narrated case."
s2190,The Photo We Almost Deleted,8faaccae5d2b8c411422f64f698a366bbe85d6e8edc340d3eb459a2d2dcc5092,authored-fiction-or-illustration,,"fictional-vignette: authored illustrative narrative, not a report of a real event or study; outcomes limited to the narrated case."
s2191,The Watchmaker's Waiting Chair,236766ab4e641805bbd7d575f24074d9cb9f3c736bebda2ca72e4daed352cabb,authored-fiction-or-illustration,,"explicit-imagined-example: authored illustrative narrative, not a report of a real event or study; outcomes limited to the narrated case."
s2192,The Seam in the Sail,14e5cfcb9c4fc6a0f1cb897f3bcd038fca46d4baa03e5a0fcab3fd31b54f4e64,authored-fiction-or-illustration,,"explicit-imagined-example: authored illustrative narrative, not a report of a real event or study; outcomes limited to the narrated case."
s2193,The Innkeeper's Pebble Count,3de67a97aca785d9dcb23e734e439b6b93f15e75b5c7a5c78f991e5221c96ab7,authored-fiction-or-illustration,,"explicit-imagined-example: authored illustrative narrative, not a report of a real event or study; outcomes limited to the narrated case."
s2194,The Letter Carrier's Shortcut,6def09523a0bc13c6a1f14a81a895c857285060071bf21e2179a0469ce59f9bb,authored-fiction-or-illustration,,"explicit-imagined-example: authored illustrative narrative, not a report of a real event or study; outcomes limited to the narrated case."
s2195,The Weaver's Color Note,7415a80c219a5a239ce42ef46058b944c5cf4802a14cc6ff52f525ebdc97f826,authored-fiction-or-illustration,,"explicit-imagined-example: authored illustrative narrative, not a report of a real event or study; outcomes limited to the narrated case."
s2196,The Stopwatch Argument,a2dba15927d77c688031d0312e3902bf165ddabb0fa6a5003a178179fc92a056,authored-fiction-or-illustration,,"explicit-imagined-example: authored illustrative narrative, not a report of a real event or study; outcomes limited to the narrated case."
s2197,The Wet Cloth Comparison,b6c2d408bad05aa099dcd108f09ddf01c0d55df9629c34fb6b845bd2f8f8b033,authored-fiction-or-illustration,,"explicit-imagined-example: authored illustrative narrative, not a report of a real event or study; outcomes limited to the narrated case."
s2198,The Quiet Phone Box,25d02b8a19174ea40d2bd30443c1d4a4e05498473053e8640f8c449ad3158240,authored-fiction-or-illustration,,"explicit-imagined-example: authored illustrative narrative, not a report of a real event or study; outcomes limited to the narrated case."
s2199,A Plant Label Mix-Up,2e7617a888eebeb8cfc80114377edb523bf1cecf67c00ac871e75d46a0052cad,authored-fiction-or-illustration,,"explicit-imagined-example: authored illustrative narrative, not a report of a real event or study; outcomes limited to the narrated case."
s2200,The Long Straw Bridge,edcb665c0b0a2201694ee1d453b70c8705d9977cbc281b44e21613ce3e0b60c5,authored-fiction-or-illustration,,"explicit-imagined-example: authored illustrative narrative, not a report of a real event or study; outcomes limited to the narrated case."
s2201,The Country Mouse Goes Home,02df6b4175ed51588c8f06c5d447212bd41e45d5b09c17ca5dc889054f64e805,primary-text-compared,https://www.gutenberg.org/files/21/21-h/21-h.htm,"Core sequence compared with Aesop: The Town Mouse and the Country Mouse; simplified retelling and explicit interpretive commentary, not a quotation."
s2202,The Jar with the Narrow Neck,323cbacd6df6bed952119a1a126cda805cb5da3f695a31c2d40e909e4572f610,primary-text-compared,https://www.gutenberg.org/files/21/21-h/21-h.htm,"Core sequence compared with Aesop: The Fox and the Crane; simplified retelling and explicit interpretive commentary, not a quotation."
s2203,The Crowded Hand,d4f3733ae4119a6731935dd40bcd7c1f7c1861b02d594a2c1c0e4e5a0e83174b,primary-text-compared,https://www.gutenberg.org/files/21/21-h/21-h.htm,"Core sequence compared with Aesop: The Boy and the Filberts; simplified retelling and explicit interpretive commentary, not a quotation."
s2204,The Star Watcher's Step,096f511de8bfb0c09b85f91223b4bddf3aad4b57c4832589472080bea361ed78,primary-text-compared,https://www.gutenberg.org/files/21/21-h/21-h.htm,"Core sequence compared with Aesop: The Astronomer; simplified retelling and explicit interpretive commentary, not a quotation."
s2205,The Crab's Walking Lesson,5655713df5099aac05e66409379f5a9f91b86f17bd83e95832c13efc7a23475c,primary-text-compared,https://www.gutenberg.org/files/21/21-h/21-h.htm,"Core sequence compared with Aesop: The Crab and Its Mother; simplified retelling and explicit interpretive commentary, not a quotation."
s2206,The Key in the Freezer,1750f4ed67189a0b1615313de26506055a5ae84f9434c02b2974874ad5ed98b4,authored-fiction-or-illustration,,"fictional-vignette: authored illustrative narrative, not a report of a real event or study; outcomes limited to the narrated case."
s2207,The Repeated Doorbell,192491206854e589f40ce3f6eaf482d29c411512723bdb8f5c5ce25ba874da35,authored-fiction-or-illustration,,"fictional-vignette: authored illustrative narrative, not a report of a real event or study; outcomes limited to the narrated case."
s2208,The Light in the Empty Tent,8acb44f177309a8c6ff77a3735dde8faee030fe8d2939222ac8c9db6584fceb2,authored-fiction-or-illustration,,"fictional-vignette: authored illustrative narrative, not a report of a real event or study; outcomes limited to the narrated case."
s2209,The Mark on Every Envelope,c9523155397356c30fb6981b9de387f11f812a18ea0609b8eb9df01618358d0b,authored-fiction-or-illustration,,"fictional-vignette: authored illustrative narrative, not a report of a real event or study; outcomes limited to the narrated case."
s2210,The Path That Ends at a Fence,8bb9a17c3f5b4bc75028cdd417732adf2e38cd2ad5c95f060d17f4f93f66e305,authored-fiction-or-illustration,,"fictional-vignette: authored illustrative narrative, not a report of a real event or study; outcomes limited to the narrated case."
s2211,The Guide's Blank Minute,18f82c56acf15c42bff52d6576e9d476067efba6348c4e7bbf090d1fde9e60c3,authored-fiction-or-illustration,,"fictional-vignette: authored illustrative narrative, not a report of a real event or study; outcomes limited to the narrated case."
s2212,A Seat Facing Backward,90122b3840364c7bc46f78231b238723499b6f48cffd0926b4c1d9d55e0aaa43,authored-fiction-or-illustration,,"fictional-vignette: authored illustrative narrative, not a report of a real event or study; outcomes limited to the narrated case."
s2213,The Guesthouse Shoe Shelf,045d5223f4e54e743beba16600f96ed197331ae39f1a98ced4d3478d2b55f4e6,authored-fiction-or-illustration,,"fictional-vignette: authored illustrative narrative, not a report of a real event or study; outcomes limited to the narrated case."
s2214,A Photograph before Breakfast,f9f2b55f300cc3a01af11ea7d4f3094da041a151380b3e6b229bbc22b39085db,authored-fiction-or-illustration,,"fictional-vignette: authored illustrative narrative, not a report of a real event or study; outcomes limited to the narrated case."
s2215,The Festival Schedule in Pencil,ed1f80565a341b35e3b73bbb24c49509924ace9c337e959efa65747f7c1bb99a,authored-fiction-or-illustration,,"fictional-vignette: authored illustrative narrative, not a report of a real event or study; outcomes limited to the narrated case."
s2216,The Baker Who Started Late,4beb175e00f47ef5d58fbf8296128c3bbddd266140568f30ab4f0f49286e4dbc,authored-fiction-or-illustration,,"explicit-imagined-example: authored illustrative narrative, not a report of a real event or study; outcomes limited to the narrated case."
s2217,Evan's Useful Questions,43d26168e6c562dcd618d476976a99d44970f39b3f6cb9e1798798d02bc7bcbe,authored-fiction-or-illustration,,"explicit-imagined-example: authored illustrative narrative, not a report of a real event or study; outcomes limited to the narrated case."
s2218,The Runner at the Back,445a9a67f488368686ce2072d0680a3e8ec0e13fd4a15f2cb6d46d81b7fdff95,authored-fiction-or-illustration,,"explicit-imagined-example: authored illustrative narrative, not a report of a real event or study; outcomes limited to the narrated case."
s2219,The Carpenter's Small Box,8ded74fb5401985b4f0f7f84c836485d318602e6b8cfe035beca79ffaecf4616,authored-fiction-or-illustration,,"explicit-imagined-example: authored illustrative narrative, not a report of a real event or study; outcomes limited to the narrated case."
s2220,The Translator's First Audience,c259de848140557f99fa0b913fef8a4a900972fc5c8ea5d24d277489c140ec1d,authored-fiction-or-illustration,,"explicit-imagined-example: authored illustrative narrative, not a report of a real event or study; outcomes limited to the narrated case."
s2221,The Library of Unfinished Dreams,c2878046e45968a2be5f4b95d5067a96238e32384e924b7dd98847b2d90ea58d,authored-fiction-or-illustration,,"fictional-vignette: authored illustrative narrative, not a report of a real event or study; outcomes limited to the narrated case."
s2222,The Giant's Teacup Garden,0705f44118624063e0ba0ecf2453bcf64c3fb4348abbc2d967fb59d3e569cd23,authored-fiction-or-illustration,,"fictional-vignette: authored illustrative narrative, not a report of a real event or study; outcomes limited to the narrated case."
s2223,A Letter from Next Tuesday,763ac9bc368a0f8e08c9ebcd7c0c5923dabe8d61c1cf0e67a679e941a92465cc,authored-fiction-or-illustration,,"fictional-vignette: authored illustrative narrative, not a report of a real event or study; outcomes limited to the narrated case."
s2224,The Shadow with a Hobby,3d3780b73bff5948d6718cc1a130c7a8c256ce4f436b58dfaba2e0432d0697bc,authored-fiction-or-illustration,,"fictional-vignette: authored illustrative narrative, not a report of a real event or study; outcomes limited to the narrated case."
s2225,The Wizard's Ordinary Broom,9686213db6fc73653fed8f62c1ea96b9f3c6e25817f9052c3e8da8a0ebf71471,authored-fiction-or-illustration,,"fictional-vignette: authored illustrative narrative, not a report of a real event or study; outcomes limited to the narrated case."
s2226,The Unnamed Garden Visitor,5f8d5d58d29f9a457193ecf4e24d0143e640a070f8a2c2208b2a111665921b75,authored-fiction-or-illustration,,"fictional-vignette: authored illustrative narrative, not a report of a real event or study; outcomes limited to the narrated case."
s2227,The Same Tree in Four Drawings,5c61f42fc2a38599e73703a28cba0cc9abc199d587a954519b11e71cf7dcdf3b,authored-fiction-or-illustration,,"fictional-vignette: authored illustrative narrative, not a report of a real event or study; outcomes limited to the narrated case."
s2228,The Dog Walk Diary,207c51c33a3f36af9b792ec9bc018f08a9ac6405992697ed8fa9f768b0ae69fe,authored-fiction-or-illustration,,"fictional-vignette: authored illustrative narrative, not a report of a real event or study; outcomes limited to the narrated case."
s2229,The Feather That Stayed Outside,256be77b050a18a2e6d9c9b8227ac1196cf70707ce840c1090aef30383fb0a83,authored-fiction-or-illustration,,"fictional-vignette: authored illustrative narrative, not a report of a real event or study; outcomes limited to the narrated case."
s2230,The Pond through Two Lenses,f8555995c5709c8b2223f6ecf20cad3d6f3aea6e268cb8bad84d38a7d6f22760,authored-fiction-or-illustration,,"fictional-vignette: authored illustrative narrative, not a report of a real event or study; outcomes limited to the narrated case."
s2231,The Empty Suggestion Form,9ffae713e5776300ed8faaf35fe8722cbf1d659a886395c8419afffd17e9764e,authored-fiction-or-illustration,,"explicit-imagined-example: authored illustrative narrative, not a report of a real event or study; outcomes limited to the narrated case."
s2232,A Bench in the Right Place,e1d46c498be5a974731669478298381fe53bf0a619d709f1bbff78ab005b66dc,authored-fiction-or-illustration,,"explicit-imagined-example: authored illustrative narrative, not a report of a real event or study; outcomes limited to the narrated case."
s2233,The Tool Library's Waiting List,7bfa0c16da4275c1d456f90e86789a1d8d30ea09ee1a231aad96cf6c0b7967fb,authored-fiction-or-illustration,,"explicit-imagined-example: authored illustrative narrative, not a report of a real event or study; outcomes limited to the narrated case."
s2234,The Community Kitchen Labels,a76298c862d59e4558f5d5fcba71730b9d31ae5fb170d5fc5b54c2086caeb135,authored-fiction-or-illustration,,"explicit-imagined-example: authored illustrative narrative, not a report of a real event or study; outcomes limited to the narrated case."
s2235,A Budget for Both Teams,b48e9ed5f3ae716a21e247c459ee5d5bf251917ffdfffe38008188864d3526db,authored-fiction-or-illustration,,"explicit-imagined-example: authored illustrative narrative, not a report of a real event or study; outcomes limited to the narrated case."
s2236,The List on the Fridge Door,efa00378784b11a27382318efc79de4a570662e4cc16f8b14fac43676b82a296,authored-fiction-or-illustration,,"fictional-vignette: authored illustrative narrative, not a report of a real event or study; outcomes limited to the narrated case."
s2237,The Jacket with the Loose Button,640fbe8eddf940522e50e72062defad21a84ac42258f4a463dd1211a47d5f74b,authored-fiction-or-illustration,,"fictional-vignette: authored illustrative narrative, not a report of a real event or study; outcomes limited to the narrated case."
s2238,The Sunday Phone Call,857f7135a654a754dd927915dfee0d3b8418f703866d4a0956791dc3f50f3088,authored-fiction-or-illustration,,"fictional-vignette: authored illustrative narrative, not a report of a real event or study; outcomes limited to the narrated case."
s2239,The Spare Room Table,4e0aea1c72beeab117f2e0e977ae49d9442ba40d387692a6a8888b57a061e85e,authored-fiction-or-illustration,,"fictional-vignette: authored illustrative narrative, not a report of a real event or study; outcomes limited to the narrated case."
s2240,The Birthday Cake Detour,c2f183f1ed1e1bfa4bc4c3db4803a09d53a26de1c7db5bb4cb40d1de5d054a86,authored-fiction-or-illustration,,"fictional-vignette: authored illustrative narrative, not a report of a real event or study; outcomes limited to the narrated case."
s2241,The Mapmaker's Erased Road,d17b7a58d53aa3204088547a230a104d92820b8afa7e19a008dfd12de3791d29,authored-fiction-or-illustration,,"explicit-imagined-example: authored illustrative narrative, not a report of a real event or study; outcomes limited to the narrated case."
s2242,The Potter's Customer Sample,2dad9f53b827bc70aedf7c32017b7c1eb15b78acdc4b1673a39c289f546736a7,authored-fiction-or-illustration,,"explicit-imagined-example: authored illustrative narrative, not a report of a real event or study; outcomes limited to the narrated case."
s2243,The Lantern at the Stable,742d3c05a7dbe5cf50245935ccd319537b41c70d340ce4aed42c2c52e39fd4c9,authored-fiction-or-illustration,,"explicit-imagined-example: authored illustrative narrative, not a report of a real event or study; outcomes limited to the narrated case."
s2244,The Bookbinder's Extra Page,f0951abb2278272bdd623b4139e3abc39a7ce3a2eab7457da126b4b659ccc82e,authored-fiction-or-illustration,,"explicit-imagined-example: authored illustrative narrative, not a report of a real event or study; outcomes limited to the narrated case."
s2245,The Tailor's Chalk Line,3fb93bfc7aaeecabcb0beb0d4e0203165de8addeb6b3ed347b21b20ce6b0ce5d,authored-fiction-or-illustration,,"explicit-imagined-example: authored illustrative narrative, not a report of a real event or study; outcomes limited to the narrated case."
s2246,A Scale That Needs Checking,4906fd924ef7f97dc6d617e27c3c06f30c0c63701f8bbe07f56cf417eb41bb85,authored-fiction-or-illustration,,"explicit-imagined-example: authored illustrative narrative, not a report of a real event or study; outcomes limited to the narrated case."
s2247,The Bridge and the Uneven Table,e970dfb2f1c8e8d24964c5a9db56ed342ff3d7d40a73df4e20ccd8d6dda7fb1b,authored-fiction-or-illustration,,"explicit-imagined-example: authored illustrative narrative, not a report of a real event or study; outcomes limited to the narrated case."
s2248,The Mystery of the Heavy Sponge,e9cec6977827947706dfe7fba6fde978acc5730595a52280595d2643cb3886c6,authored-fiction-or-illustration,,"explicit-imagined-example: authored illustrative narrative, not a report of a real event or study; outcomes limited to the narrated case."
s2249,The Timer and the Open Door,2fdde1f113ba367b971eb0892d44bb996ce1be6cad1a9ee8a3e8e6bceb2881ab,authored-fiction-or-illustration,,"explicit-imagined-example: authored illustrative narrative, not a report of a real event or study; outcomes limited to the narrated case."
s2250,A Graph with a Missing Day,994d107fd2905435b507c952dd1ac7a51976cdb78cb240cca36c206f16a2d5f7,authored-fiction-or-illustration,,"explicit-imagined-example: authored illustrative narrative, not a report of a real event or study; outcomes limited to the narrated case."
s2251,The Tree That Would Not Bend,e96e3efa1a8c5747dc2dc8907ce49a8147c9aba206917120e437bf5d94d74e80,primary-text-compared,https://www.gutenberg.org/files/21/21-h/21-h.htm,"Core sequence compared with Aesop: The Oak and the Reeds; simplified retelling and explicit interpretive commentary, not a quotation."
s2252,Footprints Facing Only Inward,66be2b3acfc05c89a9b665467c26172440d5fb9ac27c2e4231010958a9bb1901,primary-text-compared,https://www.gutenberg.org/files/21/21-h/21-h.htm,"Core sequence compared with Aesop: The Sick Lion; simplified retelling and explicit interpretive commentary, not a quotation."
s2253,The Boy's Unanswered Shout,0a8748c5d73bd95c9f2f998805ba7d29d486c25fba91dc781a570903feca745f,primary-text-compared,https://www.gutenberg.org/files/21/21-h/21-h.htm,"Core sequence compared with Aesop: The Shepherd's Boy and the Wolf; simplified retelling and explicit interpretive commentary, not a quotation."
s2254,A Meal for Winter,24a7bddba01e6fe530ba21305c6e1aa02bedd8bd595e5b06c3c31b0e79590555,primary-text-compared,https://www.gutenberg.org/files/21/21-h/21-h.htm,"Core sequence compared with Aesop: The Ants and the Grasshopper; simplified retelling and explicit interpretive commentary, not a quotation."
s2255,The Dish No One Could Reach,1878f49a8c31a13144b45a54c1eb58eaddd993362de2bbcdce9585e7504af684,primary-text-compared,https://www.gutenberg.org/files/21/21-h/21-h.htm,"Core sequence compared with Aesop: The Dog in the Manger; simplified retelling and explicit interpretive commentary, not a quotation."
s2256,The Photograph with the Wrong Time,9c1ce9ebcff53c1bc6ed1b14c3ceb42c95d22ff3eb9581f9075d5242d8693b78,authored-fiction-or-illustration,,"fictional-vignette: authored illustrative narrative, not a report of a real event or study; outcomes limited to the narrated case."
s2257,The Parcel That Came Back,91a99b4359c096ec9968076782edeb2c31b588e0d5dc2b15c95dbff07171b458,authored-fiction-or-illustration,,"fictional-vignette: authored illustrative narrative, not a report of a real event or study; outcomes limited to the narrated case."
s2258,The Rattle in the Bicycle Basket,15631f4243e5ec1a29949608ad65311e92f14fa2301f2793a4f7e511710b9f23,authored-fiction-or-illustration,,"fictional-vignette: authored illustrative narrative, not a report of a real event or study; outcomes limited to the narrated case."
s2259,The Light That Moved Upstairs,d4f984ddfc22cf30c0b6351b881b3b6003555f4bfb9be8b1817618129984ce15,authored-fiction-or-illustration,,"fictional-vignette: authored illustrative narrative, not a report of a real event or study; outcomes limited to the narrated case."
s2260,The Unopened Birthday Letter,4e92bd93511e7d5bc45a04c1c99dbd501e2a3d214200d5599b838c588eae241a,authored-fiction-or-illustration,,"fictional-vignette: authored illustrative narrative, not a report of a real event or study; outcomes limited to the narrated case."
s2261,The Walking Tour I Left Early,077866bc3abb5f4f8cddf88430d906914d275fbdbe90744887ab1181be62d81e,authored-fiction-or-illustration,,"fictional-vignette: authored illustrative narrative, not a report of a real event or study; outcomes limited to the narrated case."
s2262,The Host's Favorite Breakfast,754b5e31289e56421c625cc9ae094ed3412f8db9130d451ce16476f963cccb83,authored-fiction-or-illustration,,"fictional-vignette: authored illustrative narrative, not a report of a real event or study; outcomes limited to the narrated case."
s2263,An Audio Guide at My Own Speed,a1f032308a2aa932e0221a89d3a9dc34b14fb79b885266c55ec88d034dc593ce,authored-fiction-or-illustration,,"fictional-vignette: authored illustrative narrative, not a report of a real event or study; outcomes limited to the narrated case."
s2264,The Window Seat Negotiation,796594bafcb80db6abeaf670ab5e73693c5d92b850ab87b6225b576ac46df759,authored-fiction-or-illustration,,"fictional-vignette: authored illustrative narrative, not a report of a real event or study; outcomes limited to the narrated case."
s2265,A Souvenir with a Story Attached,5441bb9fadc67ef129b44f5a0c33f926eb4f25830c42f73bd04ea193a90241b6,authored-fiction-or-illustration,,"fictional-vignette: authored illustrative narrative, not a report of a real event or study; outcomes limited to the narrated case."
s2266,The Mechanic's Listening Habit,a3ed97c57af734c4ac37a5bb7401c3622d25d4dc869fba10da19d4ebbe414e4c,authored-fiction-or-illustration,,"explicit-imagined-example: authored illustrative narrative, not a report of a real event or study; outcomes limited to the narrated case."
s2267,The Librarian's First Display,80a67c55cf631ac7de9a0c99c8e7fa99db3710428de90cc68e242e9c4c7db9f8,authored-fiction-or-illustration,,"explicit-imagined-example: authored illustrative narrative, not a report of a real event or study; outcomes limited to the narrated case."
s2268,The Swimmer's Small Notebook,e9450f5f1449de667a33616e767ef7d8b2a2a9a341ccdedc44c15bf6bfb3b43d,authored-fiction-or-illustration,,"explicit-imagined-example: authored illustrative narrative, not a report of a real event or study; outcomes limited to the narrated case."
s2269,The Cook Who Asked for Silence,9d0465946f6941a595d9f32c4bed890e8565a8e1e2afcb345517d2594c1c0bb3,authored-fiction-or-illustration,,"explicit-imagined-example: authored illustrative narrative, not a report of a real event or study; outcomes limited to the narrated case."
s2270,The Photographer's Rejected Picture,afe98d33b806f250e71bfce29bc05fee1e0ec44627c17e37b2acd7cc5247197f,authored-fiction-or-illustration,,"explicit-imagined-example: authored illustrative narrative, not a report of a real event or study; outcomes limited to the narrated case."
s2271,The Town That Borrowed Dawn,595b1695255002ccedee466025b6768dddaca3dd2e0bb767aaabf05ef4c4d453,authored-fiction-or-illustration,,"fictional-vignette: authored illustrative narrative, not a report of a real event or study; outcomes limited to the narrated case."
s2272,The Mirror's New Question,7bd11adc3908eb1d1fe317af77b52de62a4a7294b3e739ef9c304638087f3a51,authored-fiction-or-illustration,,"fictional-vignette: authored illustrative narrative, not a report of a real event or study; outcomes limited to the narrated case."
s2273,A Dragon at the Lost Property Desk,fc4590ece4c4e406d17b15229a9a209125d2004650ea4bca30f4239d3847dba7,authored-fiction-or-illustration,,"fictional-vignette: authored illustrative narrative, not a report of a real event or study; outcomes limited to the narrated case."
s2274,The Spell with a Spare Word,2efaac5d61a393e6956543b8988760d1c08c9fabc4beabea2902829a8f71bba3,authored-fiction-or-illustration,,"fictional-vignette: authored illustrative narrative, not a report of a real event or study; outcomes limited to the narrated case."
s2275,The Island That Needed Company,1348450579021119b222491601b0534e9e1b709f1aafa62e6e8d8470f988ce46,authored-fiction-or-illustration,,"fictional-vignette: authored illustrative narrative, not a report of a real event or study; outcomes limited to the narrated case."
s2276,The Garden Camera's Empty Hours,8b93383bbd532f8afa94a34e0d49921e02f27c7d557037870318bac6cb0bc740,authored-fiction-or-illustration,,"fictional-vignette: authored illustrative narrative, not a report of a real event or study; outcomes limited to the narrated case."
s2277,The Wildflower Drawing Circle,ed10f7c81565a89e39f94697502112e5721164e552e0baea820e5f955c5b1b0c,authored-fiction-or-illustration,,"fictional-vignette: authored illustrative narrative, not a report of a real event or study; outcomes limited to the narrated case."
s2278,The Bird with the Unclear Mark,688adbbdf9209d14812799bd42280d0cd8870292ebfa22c51cce3da8d4a12db8,authored-fiction-or-illustration,,"fictional-vignette: authored illustrative narrative, not a report of a real event or study; outcomes limited to the narrated case."
s2279,A Path around the Fallen Tree,d6d8e7f028378b0f224aaf88cf5b153370233c8243e5d359a55ef04a14c3a1a7,authored-fiction-or-illustration,,"fictional-vignette: authored illustrative narrative, not a report of a real event or study; outcomes limited to the narrated case."
s2280,The Walk without a Species List,620ad05324442763ecff32846bfbf9e7249ef3180ad8d47fa4179f9ca5e04fef,authored-fiction-or-illustration,,"fictional-vignette: authored illustrative narrative, not a report of a real event or study; outcomes limited to the narrated case."
s2281,The Survey at the Wrong Hour,18058e78382d792a5049f9ffb47aafb0e2fa33ad0cdffe33e64c6272b279ccc1,authored-fiction-or-illustration,,"explicit-imagined-example: authored illustrative narrative, not a report of a real event or study; outcomes limited to the narrated case."
s2282,The Shared Freezer Schedule,397a073962675ee011dccd22a2e0e19115b2fa97b4dc08f07d7c1e6d50b28882,authored-fiction-or-illustration,,"explicit-imagined-example: authored illustrative narrative, not a report of a real event or study; outcomes limited to the narrated case."
s2283,The Street Name Debate,0727fd9c47431b158f74178701a8a318dae9489bdfbb8f8890167ee7b08810bb,authored-fiction-or-illustration,,"explicit-imagined-example: authored illustrative narrative, not a report of a real event or study; outcomes limited to the narrated case."
s2284,A Grant for Maintenance,5db40786c4503ee2de615a7a103b4821d0fabe0b9365e751108eb61419e9a43a,authored-fiction-or-illustration,,"explicit-imagined-example: authored illustrative narrative, not a report of a real event or study; outcomes limited to the narrated case."
s2285,The Public Notice Test,83ed7cb75f556eda03ae902da0babfefb4fdc1739a1a76d9348d3ef00cc46024,authored-fiction-or-illustration,,"explicit-imagined-example: authored illustrative narrative, not a report of a real event or study; outcomes limited to the narrated case."
s2286,The Drawer I Did Not Empty,fa2cda15cb1ac10a1536b4f2d8db0af1fa629afa5b965be308c77b554df58a9a,authored-fiction-or-illustration,,"fictional-vignette: authored illustrative narrative, not a report of a real event or study; outcomes limited to the narrated case."
s2287,An Invitation with an Easy No,17e7e2d6cf9ea1c04d8cb89035fa00593634d90b2c2e42b0bf0bb12325965366,authored-fiction-or-illustration,,"fictional-vignette: authored illustrative narrative, not a report of a real event or study; outcomes limited to the narrated case."
s2288,The Shared Calendar Surprise,32e339ac2d9a6f0aff7155a01e0ed408625fed0967ee4eeb645d448dc03c0f5f,authored-fiction-or-illustration,,"fictional-vignette: authored illustrative narrative, not a report of a real event or study; outcomes limited to the narrated case."
s2289,The Repair That Changed the Sound,67ee48c555ba39724cf1acb1eebdba53f902d53b85fb904c0f18b1b6990a7d0c,authored-fiction-or-illustration,,"fictional-vignette: authored illustrative narrative, not a report of a real event or study; outcomes limited to the narrated case."
s2290,The Meal We Ate in Courses,0d7daca227ea923e14c8abf6decc73deb24683cbdc4593984fd66580e6e3088c,authored-fiction-or-illustration,,"fictional-vignette: authored illustrative narrative, not a report of a real event or study; outcomes limited to the narrated case."
s2291,The Shop Ledger's Quiet Margin,88707751eb896325e181857ce990a713ad39fb91a76901aa7095f2299b71cce7,authored-fiction-or-illustration,,"explicit-imagined-example: authored illustrative narrative, not a report of a real event or study; outcomes limited to the narrated case."
s2292,The Apprentice's Practice Window,2bb347c70c5dcb77fc6dd8d7d824fbef5b0f035389fec780dedc0070419c4ac6,authored-fiction-or-illustration,,"explicit-imagined-example: authored illustrative narrative, not a report of a real event or study; outcomes limited to the narrated case."
s2293,The Traveler's Two Accounts,75aa019fe625e2156e059de3f9423557939a96b9983ced2ac42e35c5aad3678e,authored-fiction-or-illustration,,"explicit-imagined-example: authored illustrative narrative, not a report of a real event or study; outcomes limited to the narrated case."
s2294,The Bell Ringer's Replacement,d8e067d4f23fb5b542870e73ffebf23f1c08d4655055768c166b1f7bd26f8358,authored-fiction-or-illustration,,"explicit-imagined-example: authored illustrative narrative, not a report of a real event or study; outcomes limited to the narrated case."
s2295,The Cloth Seller's Unequal Samples,9ab46f2b067f8e21ce1572aa09ecb473b56e04be4caba81b74928c85662f1d19,authored-fiction-or-illustration,,"explicit-imagined-example: authored illustrative narrative, not a report of a real event or study; outcomes limited to the narrated case."
s2296,The Experiment with Two Changes,cc4cf125a2669019be0dded0ceb9ca2555b85b56d6eab2052d31e1826e7bc1ec,authored-fiction-or-illustration,,"explicit-imagined-example: authored illustrative narrative, not a report of a real event or study; outcomes limited to the narrated case."
s2297,The Average That Hid a Delay,c2a83afec38124858fc2e9948886563a39d49a8ea75bacf2c6f1f7f1fe8c2e77,authored-fiction-or-illustration,,"explicit-imagined-example: authored illustrative narrative, not a report of a real event or study; outcomes limited to the narrated case."
s2298,The Thermometer's Different Places,5292cb5e5b2dbb08a874ab5e8aac2ec028ab3770128fe5f5aba30ed753a1c2b1,authored-fiction-or-illustration,,"explicit-imagined-example: authored illustrative narrative, not a report of a real event or study; outcomes limited to the narrated case."
s2299,The Filter That Looked Clean,4cf6d2f13fcb40b1f644cf0fb671eed94a9a560626101faabe4fbe51f59ad6ff,authored-fiction-or-illustration,,"explicit-imagined-example: authored illustrative narrative, not a report of a real event or study; outcomes limited to the narrated case."
s2300,The Search for a Fair Test Surface,324cbe5d3aef7c10395b501cadb3ff00368a05b276e9c23a6fa7f2fa980f2364,authored-fiction-or-illustration,,"explicit-imagined-example: authored illustrative narrative, not a report of a real event or study; outcomes limited to the narrated case."
s2301,The Treasure beneath the Field,4d8108657ea2f1f7be8de8559cb1918d06a3816d2b670f42b095abed08123e60,primary-text-compared,https://www.gutenberg.org/files/21/21-h/21-h.htm,"Core sequence compared with Aesop: The Farmer and His Sons; simplified retelling and explicit interpretive commentary, not a quotation."
s2302,The Two Pots in the River,11eb0b781c6ed135ffc3cf9b22a5ebb6bebecb14e7534ea5987c2092b0c16397,primary-text-compared,https://www.gutenberg.org/files/21/21-h/21-h.htm,"Core sequence compared with Aesop: The Two Pots; simplified retelling and explicit interpretive commentary, not a quotation."
s2303,The Tail-Less Fashion Advice,550e76ad6f06211091715b3d8d4ed01ad8a3c9b5c6bfce35b1aca22a9277d34f,primary-text-compared,https://www.gutenberg.org/files/21/21-h/21-h.htm,"Core sequence compared with Aesop: The Fox Who Had Lost His Tail; simplified retelling and explicit interpretive commentary, not a quotation."
s2304,The Cup of Milk and the Future,b57683552adcf1921c33edb1128782fd04fbcec6fa0e1cd28d2188ad24b529b3,primary-text-compared,https://www.gutenberg.org/files/21/21-h/21-h.htm,"Core sequence compared with Aesop: The Milk-Woman and Her Pail; simplified retelling and explicit interpretive commentary, not a quotation."
s2305,The Wall Built from One Trade,9dc385ea87152343615c221840a350d1234269fe79afc1e9b5720dd2c0301909,primary-text-compared,https://www.gutenberg.org/files/21/21-h/21-h.htm,"Core sequence compared with Aesop: The Three Tradesmen; simplified retelling and explicit interpretive commentary, not a quotation."
s2306,The Message Sent Tomorrow,4d0d79b1da4725e6ca6bc110156512e16c591f6a5a943d1326a6331b21aff2c3,authored-fiction-or-illustration,,"fictional-vignette: authored illustrative narrative, not a report of a real event or study; outcomes limited to the narrated case."
s2307,The Painting That Changed Color,218dbb6bc56696399e10318eccc9008423261a34744c76c5c6a06b72e60c04f8,authored-fiction-or-illustration,,"fictional-vignette: authored illustrative narrative, not a report of a real event or study; outcomes limited to the narrated case."
s2308,The Silent Alarm Clock,720d58bac0cf89c0842de0bbb2ab76e8cb2e9c339cece4e8e241a83662550e5c,authored-fiction-or-illustration,,"fictional-vignette: authored illustrative narrative, not a report of a real event or study; outcomes limited to the narrated case."
s2309,The Library Book's Hidden Journey,8ec8474af6cf34587ea4821f137023f1bb4ef2c62d67e484a68c62b09f99c25f,authored-fiction-or-illustration,,"fictional-vignette: authored illustrative narrative, not a report of a real event or study; outcomes limited to the narrated case."
s2310,The Room Number on the Key,04c5822581047de0d116cd834e9478ce38efa8ec04e0ce12eff5d4110121c30f,authored-fiction-or-illustration,,"fictional-vignette: authored illustrative narrative, not a report of a real event or study; outcomes limited to the narrated case."
s2311,The Museum Bench Visit,0ba9cd13540a1dc93f3843d593f0b3fc5a8b65314c728e109bbfc61c2f11aec8,authored-fiction-or-illustration,,"fictional-vignette: authored illustrative narrative, not a report of a real event or study; outcomes limited to the narrated case."
s2312,The Festival Volunteer Who Did Not Know,93ab9834dd7358bba07cbf488777b596041c717c35a1ab80e150de0b6b428b56,authored-fiction-or-illustration,,"fictional-vignette: authored illustrative narrative, not a report of a real event or study; outcomes limited to the narrated case."
s2313,The Phrasebook's Too-Formal Greeting,716f11e3ad0665ee19a9f49c9ee9513109da134663007212962c46f498f80ba8,authored-fiction-or-illustration,,"fictional-vignette: authored illustrative narrative, not a report of a real event or study; outcomes limited to the narrated case."
s2314,A View Reserved for Rain,186afb80d281f6889f0e0cef1798e740f05c6229449d19bfe4283ea86a63ae5c,authored-fiction-or-illustration,,"fictional-vignette: authored illustrative narrative, not a report of a real event or study; outcomes limited to the narrated case."
s2315,The Shared Table Conversation,a4d3c01e39b8467d87e06e5d33c923e2b505c07390c5370f5c733add7191ac3d,authored-fiction-or-illustration,,"fictional-vignette: authored illustrative narrative, not a report of a real event or study; outcomes limited to the narrated case."
s2316,The Designer's Uncomfortable Chair,6752a90813e9d208fc2cf889038a04f20c2af382d3e7736cd67859b98da9f2dc,authored-fiction-or-illustration,,"explicit-imagined-example: authored illustrative narrative, not a report of a real event or study; outcomes limited to the narrated case."
s2317,The Editor Who Read Aloud,2b2e4afe509bee63e29ff511066109d3fbd20c31e7345340d5e351e5806634c8,authored-fiction-or-illustration,,"explicit-imagined-example: authored illustrative narrative, not a report of a real event or study; outcomes limited to the narrated case."
s2318,The Teacher's Unfinished Example,cbc425bf7fde03b887a6c6aad28d10517069a1aa8c7555a78b02062e1bc552ad,authored-fiction-or-illustration,,"explicit-imagined-example: authored illustrative narrative, not a report of a real event or study; outcomes limited to the narrated case."
s2319,The Shopkeeper's Shorter Opening Hours,0d0844704057f18b442238c9d9e66594a43ca2f9ce1e739e9fc653c33cf75803,authored-fiction-or-illustration,,"explicit-imagined-example: authored illustrative narrative, not a report of a real event or study; outcomes limited to the narrated case."
s2320,The Pianist's Listening Week,1ea4f6814500b3668b2fad1180a00ef2696b19988f578b4b50c6c980f1ff0238,authored-fiction-or-illustration,,"explicit-imagined-example: authored illustrative narrative, not a report of a real event or study; outcomes limited to the narrated case."
s2321,The Weather in the Wardrobe,937a3d1b26a4073b5457dfaafae65505b268d60b03f67b15580e5c7ae4696854,authored-fiction-or-illustration,,"fictional-vignette: authored illustrative narrative, not a report of a real event or study; outcomes limited to the narrated case."
s2322,The Mountain's Quiet Request,a28b86f7022c77bbec359934114663b1821f89f5a8eb795279dc8fc7b25f7ec3,authored-fiction-or-illustration,,"fictional-vignette: authored illustrative narrative, not a report of a real event or study; outcomes limited to the narrated case."
s2323,The Map That Followed Wishes,c8df4abbd0ed997acdbc9640c128c055585558839e32eca1fb61ec696abb5b5a,authored-fiction-or-illustration,,"fictional-vignette: authored illustrative narrative, not a report of a real event or study; outcomes limited to the narrated case."
s2324,The Borrowed Voice Returns,fa4655808dd727beeb5d04d6b1f81c6905b015c9c683e3fb29b9928f1855b6ed,authored-fiction-or-illustration,,"fictional-vignette: authored illustrative narrative, not a report of a real event or study; outcomes limited to the narrated case."
s2325,The Last Page of the Spellbook,b7d814fe440afc368e5ab270443db8ea8801a11c0814980110b361a5f251ab1a,authored-fiction-or-illustration,,"fictional-vignette: authored illustrative narrative, not a report of a real event or study; outcomes limited to the narrated case."
s2326,The Camera beyond the Usual Path,b1dd248adf63740bb9cdb6439394cd78a1d22ea27031fe97a252a7bcddcc042d,authored-fiction-or-illustration,,"fictional-vignette: authored illustrative narrative, not a report of a real event or study; outcomes limited to the narrated case."
s2327,The Garden's Untidy Border,069c2423fdf17355a239e977353df8eb8b5f04de7278fc658f2f47416db8a5e7,authored-fiction-or-illustration,,"fictional-vignette: authored illustrative narrative, not a report of a real event or study; outcomes limited to the narrated case."
s2328,The Sound No One Could Name,6f37883bf1ba5fde4d236e783197eb77cd412b7b7bf21af0f8ef70e77205152e,authored-fiction-or-illustration,,"fictional-vignette: authored illustrative narrative, not a report of a real event or study; outcomes limited to the narrated case."
s2329,The Familiar Tree from Below,5f649986ccef282ab67dfbbcd50ac25117105fc2e9a66d30a137f4653be8e07a,authored-fiction-or-illustration,,"fictional-vignette: authored illustrative narrative, not a report of a real event or study; outcomes limited to the narrated case."
s2330,The Beach Collection Left Behind,bedf1e7f159c5e096eba403c393e83b87eb20b2c3bc20a5c812d5a1844d0c193,authored-fiction-or-illustration,,"fictional-vignette: authored illustrative narrative, not a report of a real event or study; outcomes limited to the narrated case."
s2331,The Free Service with a Long Queue,2d0e89f0c1979d08344a1673cb169e725a3b06ebe29c69efc8392519c3a4ca11,authored-fiction-or-illustration,,"explicit-imagined-example: authored illustrative narrative, not a report of a real event or study; outcomes limited to the narrated case."
s2332,The Park Rule with an Exception,7b0415f1bd2f0e80d1809f0efd61a415f7a54f3694d78dfd7fd11ad13ecc6652,authored-fiction-or-illustration,,"explicit-imagined-example: authored illustrative narrative, not a report of a real event or study; outcomes limited to the narrated case."
s2333,The Translation at the Meeting,87987106e710074c4ec2a453603a70f312f4d7ac01d95a1e20aff4102cf0b614,authored-fiction-or-illustration,,"explicit-imagined-example: authored illustrative narrative, not a report of a real event or study; outcomes limited to the narrated case."
s2334,A Pilot Project without a Promise,7e11e5801d362d7409d09d0c6cb73c77c3d21de44fc1fc85b6b1f02851cfe96e,authored-fiction-or-illustration,,"explicit-imagined-example: authored illustrative narrative, not a report of a real event or study; outcomes limited to the narrated case."
s2335,The Community Room's Invisible Work,3ea6391485450a080d3088b2aadf88ea31fcbda7898ca0f660388934b22b34f9,authored-fiction-or-illustration,,"explicit-imagined-example: authored illustrative narrative, not a report of a real event or study; outcomes limited to the narrated case."
s2336,The Helpful Reminder That Was Not Helpful,9f471d291c61c5f5d1e16f792c1a7a2ed57f8e17e18011954991cd4f7cd3837e,authored-fiction-or-illustration,,"fictional-vignette: authored illustrative narrative, not a report of a real event or study; outcomes limited to the narrated case."
s2337,The Old Table's New Marks,ccd7fcc320c5d0fa648fad577267aa32086c945c73fbf71a6af5b127e1738bf0,authored-fiction-or-illustration,,"fictional-vignette: authored illustrative narrative, not a report of a real event or study; outcomes limited to the narrated case."
s2338,A Weekend with One Fixed Plan,2c4fdb74bb1a823e470bf1bde371dcc863e3cf9951186e05a3835cee61655330,authored-fiction-or-illustration,,"fictional-vignette: authored illustrative narrative, not a report of a real event or study; outcomes limited to the narrated case."
s2339,The Email I Read in a Hurry,24ca9c75fb59dc538618766955d5e687b3aa40d31a279b9cf35701aba2f45a17,authored-fiction-or-illustration,,"fictional-vignette: authored illustrative narrative, not a report of a real event or study; outcomes limited to the narrated case."
s2340,The Suitcase I Packed Twice,1bb130a3e1c08a0649ddaca08e4197141cf73dcbf47dcaaf7e674716f7da5167,authored-fiction-or-illustration,,"fictional-vignette: authored illustrative narrative, not a report of a real event or study; outcomes limited to the narrated case."
s2341,The Archivist's Uncertain Date,199ea7ca03f1ac7fc1804a4f9077d4c6e116642dbb0f216beaec08487d1b828d,authored-fiction-or-illustration,,"explicit-imagined-example: authored illustrative narrative, not a report of a real event or study; outcomes limited to the narrated case."
s2342,The Mill's Written Routine,dfaae370bec43f20401a69bedf16a44878359fd1eecc373f36c7b32201ca005c,authored-fiction-or-illustration,,"explicit-imagined-example: authored illustrative narrative, not a report of a real event or study; outcomes limited to the narrated case."
s2343,The Portrait's Unusual Background,e28348a0532264b2e354af1768ff93180c6d77f6c85c277794b98578c46546bb,authored-fiction-or-illustration,,"explicit-imagined-example: authored illustrative narrative, not a report of a real event or study; outcomes limited to the narrated case."
s2344,The Merchant's Delayed News,cf7c43e5ff58d75c30be37b8775f11b4bd757205d7257443bac3e108ede43f6c,authored-fiction-or-illustration,,"explicit-imagined-example: authored illustrative narrative, not a report of a real event or study; outcomes limited to the narrated case."
s2345,The Workshop's Shared Measure,f94fb4f48c6fb37b802f32c0aaebd293b2f9e54ad5a97fe8b954b0ee00cdabc4,authored-fiction-or-illustration,,"explicit-imagined-example: authored illustrative narrative, not a report of a real event or study; outcomes limited to the narrated case."
s2346,The Result That Would Not Repeat,454c6ae508dccb8d58dd843fbedc04ad2f2b4f9c50b1f5040b43f1ba0f7aa3f2,authored-fiction-or-illustration,,"explicit-imagined-example: authored illustrative narrative, not a report of a real event or study; outcomes limited to the narrated case."
s2347,The Sensor beside the Heater,41dde4962d57ec5cf496faf50ee5acbe7b7ea5abea0b2e89b444cae3ed063539,authored-fiction-or-illustration,,"explicit-imagined-example: authored illustrative narrative, not a report of a real event or study; outcomes limited to the narrated case."
s2348,The Hidden Empty Container,7d8cd697a98696f8da3e71cb6ecb880b12a4112fd7e0a17d033feefc3057ca3d,authored-fiction-or-illustration,,"explicit-imagined-example: authored illustrative narrative, not a report of a real event or study; outcomes limited to the narrated case."
s2349,A Model with an Open Edge,7c47fdcfcacc469fe5e5b25814560488a9ebcf8d8fb77e5021c15111ce7d45a5,authored-fiction-or-illustration,,"explicit-imagined-example: authored illustrative narrative, not a report of a real event or study; outcomes limited to the narrated case."
s2350,The Software Counter's Extra Click,b7eb41f372a1bca6d98a44ff8546a60cff45043e75ab2ec9947e3e512d9766bf,authored-fiction-or-illustration,,"explicit-imagined-example: authored illustrative narrative, not a report of a real event or study; outcomes limited to the narrated case."
s2351,The Gold That Was Never Used,385e3ca530d6297df7db12bdf9a0099c57ea5872215ce369a8676ecf8221e806,primary-text-compared,https://www.gutenberg.org/files/21/21-h/21-h.htm,"Core sequence compared with Aesop: The Miser; simplified retelling and explicit interpretive commentary, not a quotation."
s2352,The Goat's Missing Exit,36a1811177b37e370fdba051e62eb10189c47a732079b08f09a3d54061350a97,primary-text-compared,https://www.gutenberg.org/files/21/21-h/21-h.htm,"Core sequence compared with Aesop: The Fox and the Goat; simplified retelling and explicit interpretive commentary, not a quotation."
s2353,The Cat with One Escape,9eb98c8d269a4994f1de80e18a6d83a57650785d667f8a015830069f039b0857,primary-text-compared,https://www.gutenberg.org/files/28/28-h/28-h.htm,"Core sequence compared with Aesop: The Fox and the Cat; simplified retelling and explicit interpretive commentary, not a quotation."
s2354,The Sculpture's Other Maker,2a5fd9b082a8ca161671d57dfc78d71e194a6bd65d9d257f8aa635714b34995b,primary-text-compared,https://www.gutenberg.org/files/21/21-h/21-h.htm,"Core sequence compared with Aesop: The Man and the Lion; simplified retelling and explicit interpretive commentary, not a quotation."
s2355,The Medicine and the Missing Furniture,0b39ad905de47c833e24eccf7c5d09d8ddcb769c8c0e1f36f915fd6585064216,primary-text-compared,https://www.gutenberg.org/files/21/21-h/21-h.htm,"Core sequence compared with Aesop: The Old Woman and the Physician; simplified retelling and explicit interpretive commentary, not a quotation."
s2356,The Meeting Room Booked Twice,0ecacbd37f0d6bb2df89132f73a9ea0087a67a696dd075616e2638f80a3930e7,authored-fiction-or-illustration,,"fictional-vignette: authored illustrative narrative, not a report of a real event or study; outcomes limited to the narrated case."
s2357,The Vanishing Spreadsheet Row,f94f3d2a31179e9506e294ba68b962cf69c8df34205a4cbd6f835c9c2e8f5e6e,authored-fiction-or-illustration,,"fictional-vignette: authored illustrative narrative, not a report of a real event or study; outcomes limited to the narrated case."
s2358,The Two Receipts for One Lunch,7f8548505831e22e19c4282ba713bae5a3a6fed412f02f167ecd666947c1c28e,authored-fiction-or-illustration,,"fictional-vignette: authored illustrative narrative, not a report of a real event or study; outcomes limited to the narrated case."
s2359,The Note behind the Calendar,98b5346160f06ad8789f19e5888cb0e2d56026f7f82958748bd602355ea216b1,authored-fiction-or-illustration,,"fictional-vignette: authored illustrative narrative, not a report of a real event or study; outcomes limited to the narrated case."
s2360,The Song Heard through the Wall,d2c2322676e8ad0794940d822837d11a22068de535ad6d91873cb1c23376b524,authored-fiction-or-illustration,,"fictional-vignette: authored illustrative narrative, not a report of a real event or study; outcomes limited to the narrated case."
s2361,The Guidebook's Closed Cafe,2fd749414d10daa17f451efb1c31919a568721e98d36c67928d5cde979ceb1f1,authored-fiction-or-illustration,,"fictional-vignette: authored illustrative narrative, not a report of a real event or study; outcomes limited to the narrated case."
s2362,A Local Invitation with Conditions,5238f43df87cacac22b8125a2e0beae352e9be39a57a54fb055dd72933d8094a,authored-fiction-or-illustration,,"fictional-vignette: authored illustrative narrative, not a report of a real event or study; outcomes limited to the narrated case."
s2363,The Route Chosen for Rest Stops,4f72c9f2e669d4f66eb4561c268315dd257e5b149870946f1cc3562a4e19413b,authored-fiction-or-illustration,,"fictional-vignette: authored illustrative narrative, not a report of a real event or study; outcomes limited to the narrated case."
s2364,The Craft Demonstration's Failed Piece,6c8b272c45c86ab07c65fcf85967a60af40479b911aa577838203fcb13170d87,authored-fiction-or-illustration,,"fictional-vignette: authored illustrative narrative, not a report of a real event or study; outcomes limited to the narrated case."
s2365,A Conversation beyond the Landmark,8e8ce30f8dbe3fbef570a83b7f7afff377412584de7dac23a1e3076b540991c9,authored-fiction-or-illustration,,"fictional-vignette: authored illustrative narrative, not a report of a real event or study; outcomes limited to the narrated case."
s2366,The Engineer's Paper Prototype,90d118a1692d6248b54a445794101f2ff6506c21d67e4d67a43a621fec2f9dbe,authored-fiction-or-illustration,,"explicit-imagined-example: authored illustrative narrative, not a report of a real event or study; outcomes limited to the narrated case."
s2367,The Nurse in the Theater Group,7fce2838e75e2b81bd7fd0b55e88be1d61b92a0ffd633cd226194db58890a863,authored-fiction-or-illustration,,"explicit-imagined-example: authored illustrative narrative, not a report of a real event or study; outcomes limited to the narrated case."
s2368,The Translator's Uncertain Word,37a59ccd9c8810a2f683210b92b801c034c548d8602e3ba342c6aaaae4366053,authored-fiction-or-illustration,,"explicit-imagined-example: authored illustrative narrative, not a report of a real event or study; outcomes limited to the narrated case."
s2369,The Baker's Smaller Menu,f2865547de0edf3c8ea361f903a9b72a60a3b5541bdeef7055b841c8e0bbc448,authored-fiction-or-illustration,,"explicit-imagined-example: authored illustrative narrative, not a report of a real event or study; outcomes limited to the narrated case."
s2370,The Researcher's Corrected Talk,86b818d04623abd6c2b49d193b451d9a12994550e9e455dd6f9f31c1630a55f3,authored-fiction-or-illustration,,"explicit-imagined-example: authored illustrative narrative, not a report of a real event or study; outcomes limited to the narrated case."
s2371,The Opera for Sleeping Houses,cf764fcd05048bdbd1319891ad4d5637d30a42aa3630f07060b8f12ccfb7bbc7,authored-fiction-or-illustration,,"fictional-vignette: authored illustrative narrative, not a report of a real event or study; outcomes limited to the narrated case."
s2372,The Ghost's Forwarding Address,671fc0db9c3aeee176c8041393b330cf47b008b7431f67eb061a6d1aae1f411d,authored-fiction-or-illustration,,"fictional-vignette: authored illustrative narrative, not a report of a real event or study; outcomes limited to the narrated case."
s2373,The Forest's Spare Tuesday,9fe0af076630be36a08d36bb39dca54b05a1c4fd7f87c0161b6fc8a885ee0289,authored-fiction-or-illustration,,"fictional-vignette: authored illustrative narrative, not a report of a real event or study; outcomes limited to the narrated case."
s2374,The Umbrella That Collected Skies,a686a57b486655873f3b9bb4dc3990ea085c45d774984f96a852d17447be0acb,authored-fiction-or-illustration,,"fictional-vignette: authored illustrative narrative, not a report of a real event or study; outcomes limited to the narrated case."
s2375,The Dragon's Retirement Party,62b5df48e0a2ca3dba7a231f450dde97d4a33bd48b26f008d09a7ba874f5055a,authored-fiction-or-illustration,,"fictional-vignette: authored illustrative narrative, not a report of a real event or study; outcomes limited to the narrated case."
s2376,The Garden Gate's Small Audience,e4dff63ba7758f8def40f4960d50591292a03baacff590d4c1d9a3b508439d06,authored-fiction-or-illustration,,"fictional-vignette: authored illustrative narrative, not a report of a real event or study; outcomes limited to the narrated case."
s2377,The Winter Walk's Unexpected Colors,f9b2f7ccac04e04cc2727e8929c423914cc1dc38d146374e143b5e861f49069b,authored-fiction-or-illustration,,"fictional-vignette: authored illustrative narrative, not a report of a real event or study; outcomes limited to the narrated case."
s2378,The Damaged Leaf Gallery,2a7a318d609bf9eed5f25b51863712b1e05b83cb82252c86329ce7f4357e9633,authored-fiction-or-illustration,,"fictional-vignette: authored illustrative narrative, not a report of a real event or study; outcomes limited to the narrated case."
s2379,The Animal Track That Was a Tool,299b2a3e3713c218e37573cc81146fcbf73362fd69d8bc56f8ed2d6147f7b683,authored-fiction-or-illustration,,"fictional-vignette: authored illustrative narrative, not a report of a real event or study; outcomes limited to the narrated case."
s2380,The Tree Kept in the Drawing,74b8c13d7954cf73b40bc06c6ad12d558eae5de7e39cc0acd6271a4e52829b32,authored-fiction-or-illustration,,"fictional-vignette: authored illustrative narrative, not a report of a real event or study; outcomes limited to the narrated case."
s2381,The Volunteer Role Nobody Advertised,862565944ea3ed37f6eb28e26e8651d4ce05b54764910401d2a9624344a5e990,authored-fiction-or-illustration,,"explicit-imagined-example: authored illustrative narrative, not a report of a real event or study; outcomes limited to the narrated case."
s2382,The Consultation after the Design,68b26aa039b49898b47cf7a51b8bf03ea0370bbf8f2f0d943bdf2834229b5075,authored-fiction-or-illustration,,"explicit-imagined-example: authored illustrative narrative, not a report of a real event or study; outcomes limited to the narrated case."
s2383,The Market's Uncounted Visitors,09a9027f54d015c4c08f6d7675afc08c64c39f3f8e30903b66b84204b1bcd67f,authored-fiction-or-illustration,,"explicit-imagined-example: authored illustrative narrative, not a report of a real event or study; outcomes limited to the narrated case."
s2384,The Digital Noticeboard's Paper Twin,978b289c80772ce67450399c28bd813272051cb9d8f1ce2297a49d6b5a0b4f9f,authored-fiction-or-illustration,,"explicit-imagined-example: authored illustrative narrative, not a report of a real event or study; outcomes limited to the narrated case."
s2385,The Playground Opening without a Photo,efb748226a1dafb9489fcbf92b739b507f5e5fd0753da808b0c61301e3daf4fe,authored-fiction-or-illustration,,"explicit-imagined-example: authored illustrative narrative, not a report of a real event or study; outcomes limited to the narrated case."
s2386,The Recipe I Stopped Defending,c8bdb9f6b09b98acaaa7e64d9c747882a3c8c219cc64101260e95d34ff969b07,authored-fiction-or-illustration,,"fictional-vignette: authored illustrative narrative, not a report of a real event or study; outcomes limited to the narrated case."
s2387,A Desk Facing the Wrong View,e077d07646bbc5b5f804e1194d701927eb9b75508a46c33626a0032aede84713,authored-fiction-or-illustration,,"fictional-vignette: authored illustrative narrative, not a report of a real event or study; outcomes limited to the narrated case."
s2388,The Apology without an Explanation First,1baea1c2a29b4e9a3964d6cd82235a7dc043d3033f76321b843caf874b80aea4,authored-fiction-or-illustration,,"fictional-vignette: authored illustrative narrative, not a report of a real event or study; outcomes limited to the narrated case."
s2389,The Last Box after the Move,cd8501b8c52275e60220a8b848021cdfbd744a33c681ce81f2e2dc40f5af039f,authored-fiction-or-illustration,,"fictional-vignette: authored illustrative narrative, not a report of a real event or study; outcomes limited to the narrated case."
s2390,The Dinner Where We Put the Phones Away,d08010159640dbd9d8c5dd63f9ca9dc94ba27cbb1fa0f85b0205dbfe57a78f91,authored-fiction-or-illustration,,"fictional-vignette: authored illustrative narrative, not a report of a real event or study; outcomes limited to the narrated case."
s2391,The Map's Decorative Empty Space,1a3693f073030cbc5e40efcaa01db22ef4fa865899f2818780456acc1ab2a66b,authored-fiction-or-illustration,,"explicit-imagined-example: authored illustrative narrative, not a report of a real event or study; outcomes limited to the narrated case."
s2392,The Household Book's Other Writer,172381995a6c97b72c710fbe0b39a42c7cbd7280b4cf133713737dcde49aae34,authored-fiction-or-illustration,,"explicit-imagined-example: authored illustrative narrative, not a report of a real event or study; outcomes limited to the narrated case."
s2393,The Clockmaker's Borrowed Part,01d36a86b8d5a20d5fcb232685eb94cf0910cdefc423a198ed4c08110d50c646,authored-fiction-or-illustration,,"explicit-imagined-example: authored illustrative narrative, not a report of a real event or study; outcomes limited to the narrated case."
s2394,The Theater's Handwritten Change,d0d4d81e0c8e4aaf1ecdbbe3021da0178c96e78b3d2d35fc69da3d1d2ce0dbd2,authored-fiction-or-illustration,,"explicit-imagined-example: authored illustrative narrative, not a report of a real event or study; outcomes limited to the narrated case."
s2395,The Cargo List and the Empty Crate,388e95470bdcc4e4413c28e03b5e705443815387428a9b7bc9d8a77e35e65069,authored-fiction-or-illustration,,"explicit-imagined-example: authored illustrative narrative, not a report of a real event or study; outcomes limited to the narrated case."
s2396,The Chart with a Narrow Scale,bd01c93527cc582d13018b08162102111c02f5d6a9b34ac6a2f4106c397e4aa6,authored-fiction-or-illustration,,"explicit-imagined-example: authored illustrative narrative, not a report of a real event or study; outcomes limited to the narrated case."
s2397,The Missing Unsuccessful Trials,0f9e99d0e652cd2ae3fb4d162c68b74f6c8b475f18772d5ffbd045f604600651,authored-fiction-or-illustration,,"explicit-imagined-example: authored illustrative narrative, not a report of a real event or study; outcomes limited to the narrated case."
s2398,A Prediction Written Before the Test,6e00a7c31c8e5945814d2cce99a2cdd860ef8bc74d53b6e11e183ebd8e8a3ad5,authored-fiction-or-illustration,,"explicit-imagined-example: authored illustrative narrative, not a report of a real event or study; outcomes limited to the narrated case."
s2399,The App That Measured a Proxy,cf60fc0d9db56a928421fe6047e0887d91c40acaf7b9859d1b6082b35af1cb60,authored-fiction-or-illustration,,"explicit-imagined-example: authored illustrative narrative, not a report of a real event or study; outcomes limited to the narrated case."
s2400,The Repaired Sensor's New Baseline,4281b3ff8cbd541f15a8881b7110e30b79babfb9b287adcd21051d4b0b35db66,authored-fiction-or-illustration,,"explicit-imagined-example: authored illustrative narrative, not a report of a real event or study; outcomes limited to the narrated case."
s2401,The Freedom beneath the Collar,f9cc759254e25ff54cc65efe49cd1e147b9171bd3d836cd09211538ab82340f4,primary-text-compared,https://www.gutenberg.org/files/21/21-h/21-h.htm,"Core sequence compared with Aesop: The Wolf and the Housedog; simplified retelling and explicit interpretive commentary, not a quotation."
s2402,The Boast That Needed No Witness,62c640da37547d4e9ed79ed08780c0d958781c4f3b8fce626260551a3661193a,primary-text-compared,https://www.gutenberg.org/files/21/21-h/21-h.htm,"Core sequence compared with Aesop: The Boasting Traveler; simplified retelling and explicit interpretive commentary, not a quotation."
s2403,The Brass Bell's Real Meaning,7e7c723d53b8aa4f65f2b442d12846154c9fa35903cb757e7f10e85665e1f922,primary-text-compared,https://www.gutenberg.org/files/21/21-h/21-h.htm,"Core sequence compared with Aesop: The Mischievous Dog; simplified retelling and explicit interpretive commentary, not a quotation."
s2404,The Traveler and the Already-Ready Dog,4ed7a62dc95fe18b0342617181a499d270e06134f74c34f58186ee7729d60f9d,primary-text-compared,https://www.gutenberg.org/files/21/21-h/21-h.htm,"Core sequence compared with Aesop: The Traveler and His Dog; simplified retelling and explicit interpretive commentary, not a quotation."
s2405,The Peacock's Answer in the Sky,51b7e2bf7cd25d7b8a6991e0900fcf89bd250de4228a7f7ca00ad9294d664629,primary-text-compared,https://www.gutenberg.org/files/21/21-h/21-h.htm,"Core sequence compared with Aesop: The Peacock and the Crane; simplified retelling and explicit interpretive commentary, not a quotation."
s2406,The Disappearing Signature,4b08c9e319e03aee124a62436e8bce36a8d4c643898f766662c4b8bf939f5ca6,authored-fiction-or-illustration,,"fictional-vignette: authored illustrative narrative, not a report of a real event or study; outcomes limited to the narrated case."
s2407,The Door Locked from Both Sides,bac5cfe047d6a1f3a1226b3530b220a47d9222ad0bde1bbcb97509a7dd768104,authored-fiction-or-illustration,,"fictional-vignette: authored illustrative narrative, not a report of a real event or study; outcomes limited to the narrated case."
s2408,The Duplicate Photograph,6b716777bf37a71fa7a4e8a1fe29f23fdaa2fc05d6410f9047810a9f260921c9,authored-fiction-or-illustration,,"fictional-vignette: authored illustrative narrative, not a report of a real event or study; outcomes limited to the narrated case."
s2409,The Complaint from an Empty Apartment,17851048b9d3b97f5765441589ab4fb3774bdfb49c49a0d00861e297acc51a57,authored-fiction-or-illustration,,"fictional-vignette: authored illustrative narrative, not a report of a real event or study; outcomes limited to the narrated case."
s2410,The Trail Marker Facing Backward,24c7059166667f819c8fc10fde86d4490b640b9f8d6e2ae7a2af4cd159214e0a,authored-fiction-or-illustration,,"fictional-vignette: authored illustrative narrative, not a report of a real event or study; outcomes limited to the narrated case."
s2411,The Tour That Asked Us to Draw,a2170aa4bc2def3407b0dee8864920eabddc7759632f140753d89717d336f71f,authored-fiction-or-illustration,,"fictional-vignette: authored illustrative narrative, not a report of a real event or study; outcomes limited to the narrated case."
s2412,The Dish with Several Home Versions,8ff02ac3016a7bc9888d8d700e5edc8f152ee6f4fce2e629fe3cf67889104bac,authored-fiction-or-illustration,,"fictional-vignette: authored illustrative narrative, not a report of a real event or study; outcomes limited to the narrated case."
s2413,The Photograph I Asked Not to Take,45f0f0e56714419ce49255bac57b40817fb00f359fdd8b04d558412beba63bf7,authored-fiction-or-illustration,,"fictional-vignette: authored illustrative narrative, not a report of a real event or study; outcomes limited to the narrated case."
s2414,The Wrong Season's Walking Advice,5a54dba38b332060533d4d1b7e6422f18870cd8eb659d070a7bf1d15a24bb846,authored-fiction-or-illustration,,"fictional-vignette: authored illustrative narrative, not a report of a real event or study; outcomes limited to the narrated case."
s2415,The Return Visit without a Checklist,f1708d39d12bf05b4fedfd77fd00a3db84d2f3a3c14a288e23031710b28a9ca8,authored-fiction-or-illustration,,"fictional-vignette: authored illustrative narrative, not a report of a real event or study; outcomes limited to the narrated case."
s2416,The Architect's Unsuccessful Shortcut,464ef1172e6ff82687dee170973afcc8cff25dbaf0b71348422f82d219a2f002,authored-fiction-or-illustration,,"explicit-imagined-example: authored illustrative narrative, not a report of a real event or study; outcomes limited to the narrated case."
s2417,The Musician's Quiet Audience,546fb42c602ab8f62907a7dc710724859d1d95582b0d58a2aa9136ac32eb4c1d,authored-fiction-or-illustration,,"explicit-imagined-example: authored illustrative narrative, not a report of a real event or study; outcomes limited to the narrated case."
s2418,The Manager Who Changed Her Question,5d2e04719a4aaf4395f80b636d64f61cab2353917bf38ffdb37076760337fa9f,authored-fiction-or-illustration,,"explicit-imagined-example: authored illustrative narrative, not a report of a real event or study; outcomes limited to the narrated case."
s2419,The Conservator's Visible Repair,ad20cf27659f4c7578cd7e8ea9bdf55620416c8390e892c06d129453b54f07f5,authored-fiction-or-illustration,,"explicit-imagined-example: authored illustrative narrative, not a report of a real event or study; outcomes limited to the narrated case."
s2420,The Poet's Unpublished Folder,c985f172d0c0319e4a5c311563762702197996b9efe386ac9ae5b31a2e318a7b,authored-fiction-or-illustration,,"explicit-imagined-example: authored illustrative narrative, not a report of a real event or study; outcomes limited to the narrated case."
s2421,The Bureau of Misplaced Endings,164fa09751b739565ac336a828be7ed1abd6abde48728a669e0faa6dfb3c4dfb,authored-fiction-or-illustration,,"fictional-vignette: authored illustrative narrative, not a report of a real event or study; outcomes limited to the narrated case."
s2422,The Witch's Unreliable Reputation,0fa44b751309d79b3008cbdaf5a1517b8aeee72cfa1220661440a3b89fbf0ae3,authored-fiction-or-illustration,,"fictional-vignette: authored illustrative narrative, not a report of a real event or study; outcomes limited to the narrated case."
s2423,The Clockwork Whale's Shore Leave,c934102e69825c2042a467d24e4caefb754a7e652f1521a035f8555d6f89a21a,authored-fiction-or-illustration,,"fictional-vignette: authored illustrative narrative, not a report of a real event or study; outcomes limited to the narrated case."
s2424,The Library Card for a Cloud,8749a8d9e35d71723c575088f22452c5c5b9771ab5bd5d0a3ca80138ffd06ff7,authored-fiction-or-illustration,,"fictional-vignette: authored illustrative narrative, not a report of a real event or study; outcomes limited to the narrated case."
s2425,The King Who Rented His Crown,caf16eb301d174e1a3a219174fb33ea64a78d6f9a2dae4cb00acf48f71752ea1,authored-fiction-or-illustration,,"fictional-vignette: authored illustrative narrative, not a report of a real event or study; outcomes limited to the narrated case."
s2426,The Field Notebook's Second Reader,ad0d9d3ff47ab96f8835adcebb081c7aaa9aa4fc72cefdf088d83963f785353a,authored-fiction-or-illustration,,"fictional-vignette: authored illustrative narrative, not a report of a real event or study; outcomes limited to the narrated case."
s2427,The Garden's Unphotographed Corner,5ce881339a9de02da696b982b6c8acf68093caffe2d6b78c61c344d9882c198f,authored-fiction-or-illustration,,"fictional-vignette: authored illustrative narrative, not a report of a real event or study; outcomes limited to the narrated case."
s2428,The Bird Count and the Birthday Party,7c3a4a72d0e2563e450a742e8e3dddf9e51604b5c3203e8264b88fc6f465a605,authored-fiction-or-illustration,,"fictional-vignette: authored illustrative narrative, not a report of a real event or study; outcomes limited to the narrated case."
s2429,The Landscape Remembered Too Green,6c6e68803bd89e316c1016f2bd97afa47955d41a62f1bcdb39378ca3debe2fde,authored-fiction-or-illustration,,"fictional-vignette: authored illustrative narrative, not a report of a real event or study; outcomes limited to the narrated case."
s2430,The Quiet Position beside the Hide,7d6f7a7984925d51d77545be831c9ba1175a0a42c4ccc377b321ae63ee2c75aa,authored-fiction-or-illustration,,"fictional-vignette: authored illustrative narrative, not a report of a real event or study; outcomes limited to the narrated case."
s2431,The Indicator That Became the Goal,c16bceb6f1137144ca89db2fbcd942d6023cd76e33ab2cb27b83ac75e091704b,authored-fiction-or-illustration,,"explicit-imagined-example: authored illustrative narrative, not a report of a real event or study; outcomes limited to the narrated case."
s2432,The Meeting Minutes without the Disagreement,196d70a04034622348a4c0bd247cabc13f1c015261004ff8ef57182c25b295ad,authored-fiction-or-illustration,,"explicit-imagined-example: authored illustrative narrative, not a report of a real event or study; outcomes limited to the narrated case."
s2433,The Accessible Entrance Used by Everyone,10c587bdbf3376468a6b495a3163956a031e1b59c7357f8099057a476ada03ec,authored-fiction-or-illustration,,"explicit-imagined-example: authored illustrative narrative, not a report of a real event or study; outcomes limited to the narrated case."
s2434,The Petition with Two Different Requests,a314123e4eac3f9589c1db85c124021772c9238f0300c236be2b3e68cdcfc7f2,authored-fiction-or-illustration,,"explicit-imagined-example: authored illustrative narrative, not a report of a real event or study; outcomes limited to the narrated case."
s2435,The Grant Report after the Celebration,f438579a1298f3eecab277f9f6d4240d0166f86c47fe2aa45070f61083f7dbd5,authored-fiction-or-illustration,,"explicit-imagined-example: authored illustrative narrative, not a report of a real event or study; outcomes limited to the narrated case."
s2436,The Gift That Needed Instructions,96eadcba55e0291f2076405e6e445fcc5dd4800fddf0fa130c93896dcb7bbb20,authored-fiction-or-illustration,,"fictional-vignette: authored illustrative narrative, not a report of a real event or study; outcomes limited to the narrated case."
s2437,The Favor with an Unspoken Deadline,972041e5bc4acd924d131f8c7cfc3e2f45b2fc9a0fd79abe7e42ed11b2423c1d,authored-fiction-or-illustration,,"fictional-vignette: authored illustrative narrative, not a report of a real event or study; outcomes limited to the narrated case."
s2438,The Photo Album's Ordinary Pages,a20f7d0383595e3514a13e65880cbf0026d52b39c85b9d2f7b56527c66d3669b,authored-fiction-or-illustration,,"fictional-vignette: authored illustrative narrative, not a report of a real event or study; outcomes limited to the narrated case."
s2439,The Productivity List with Rest on It,bb3dddfcd3d4c37febbf04d09a68cb26f0ea7a7c6a1cd68a915d7db1c19a0070,authored-fiction-or-illustration,,"fictional-vignette: authored illustrative narrative, not a report of a real event or study; outcomes limited to the narrated case."
s2440,The Neighbor I Knew through Parcels,ba4efcef1390c4ca59d204ca0fcb5ba3e148327a8b0f242ebd5f5972e04723da,authored-fiction-or-illustration,,"fictional-vignette: authored illustrative narrative, not a report of a real event or study; outcomes limited to the narrated case."
s2441,The Inventory That Counted Chairs but Not Work,b056f81c0f4d22ab1c0a0684da5d6616bdbd1607f4578fb9abc38d029d0a84f9,authored-fiction-or-illustration,,"explicit-imagined-example: authored illustrative narrative, not a report of a real event or study; outcomes limited to the narrated case."
s2442,The Harbor Sketch's Changed Shoreline,3bd0ddb7ffb990de12ccad2b25366141e8817394771dc4edc6a411ba06e87b65,authored-fiction-or-illustration,,"explicit-imagined-example: authored illustrative narrative, not a report of a real event or study; outcomes limited to the narrated case."
s2443,The School Register's Missing Winter,fc4a655faec1974f86d0bd8f4797b07dc3cc38075c9ed7731aee2fb5a0442b9a,authored-fiction-or-illustration,,"explicit-imagined-example: authored illustrative narrative, not a report of a real event or study; outcomes limited to the narrated case."
s2444,The Craft Mark Shared by Several Hands,f78f9087acb3145c6bac8e1f41c630b239a3a5f71d709ec2da5f21cd4023f789,authored-fiction-or-illustration,,"explicit-imagined-example: authored illustrative narrative, not a report of a real event or study; outcomes limited to the narrated case."
s2445,The Feast Described by a Guest,003bfa609d5105b1f4864eb876b495a6cf9af6ccf79ec8f0bc54c403d0bd81cb,authored-fiction-or-illustration,,"explicit-imagined-example: authored illustrative narrative, not a report of a real event or study; outcomes limited to the narrated case."
s2446,The Training Examples That Looked Too Similar,ac2c37f3af919217ba4dbe0e06092d4d5be4a53d7e1812d3eb42c99e4671bd55,authored-fiction-or-illustration,,"explicit-imagined-example: authored illustrative narrative, not a report of a real event or study; outcomes limited to the narrated case."
s2447,The Percentage without Its Starting Number,54bff4b025063ab19c5f940f0fa058dbc2462a419fb535ccdcc2984c9557cb13,authored-fiction-or-illustration,,"explicit-imagined-example: authored illustrative narrative, not a report of a real event or study; outcomes limited to the narrated case."
s2448,The Estimate with Honest Edges,a6deb7cdca68d2831ba23c1337c2d6e66f95dd22c5bdbc6c2205c0acc7b8573c,authored-fiction-or-illustration,,"explicit-imagined-example: authored illustrative narrative, not a report of a real event or study; outcomes limited to the narrated case."
s2449,The Experiment That Changed Its Question,7865778a262306c3067d8cc00f603477fcab2b6091f8e9cf3a54442efef13db3,authored-fiction-or-illustration,,"explicit-imagined-example: authored illustrative narrative, not a report of a real event or study; outcomes limited to the narrated case."
s2450,The Simulation's Convenient Assumption,9e37ddcd5643206a60a147476f05e9b71fb401afd7619e07c82dde9ff7ea90ef,authored-fiction-or-illustration,,"explicit-imagined-example: authored illustrative narrative, not a report of a real event or study; outcomes limited to the narrated case."
s2451,The Bellows and the Same Mouth,4bce7275c3e223a18b5f025aaef640e75136a0751cf1d493bca818771afc2451,primary-text-compared,https://www.gutenberg.org/files/21/21-h/21-h.htm,"Core sequence compared with Aesop: The Man and the Satyr; simplified retelling and explicit interpretive commentary, not a quotation."
s2452,The Donkey beneath the Statue,1af893e996c86f8a8559eba473ee5906b0e7913d5428868005976640d628d724,primary-text-compared,https://www.gutenberg.org/files/21/21-h/21-h.htm,"Core sequence compared with Aesop: The Ass Carrying the Image; simplified retelling and explicit interpretive commentary, not a quotation."
s2453,The Fly on the Axle,2e5da8f8135a53cc46bb490cb3ac9fc8c73a4ba34a6dd320f1f81a0e6da1b566,primary-text-compared,https://www.gutenberg.org/files/21/21-h/21-h.htm,"Core sequence compared with Aesop: The Fly and the Draught-Mule; simplified retelling and explicit interpretive commentary, not a quotation."
s2454,The Empty Net and the Heavy Catch,2490f6e16134215fc36d6fb6e755fabb26f58bba4482841eab6928ea25a8e458,primary-text-compared,https://www.gutenberg.org/files/21/21-h/21-h.htm,"Core sequence compared with Aesop: The Fishermen; simplified retelling and explicit interpretive commentary, not a quotation."
s2455,The Two Daughters' Weather,2078f3a254d9948cd533fbab66f304c4c1a804363ff980640ae31390a1fd25da,primary-text-compared,https://www.gutenberg.org/files/21/21-h/21-h.htm,"Core sequence compared with Aesop: The Father and His Two Daughters; simplified retelling and explicit interpretive commentary, not a quotation."
s2456,The Email That Seemed to Predict the Future,a157d97a9a512d57d1154705b99479982ea9103b2b1f895925dc7f914d0996ad,authored-fiction-or-illustration,,"fictional-vignette: authored illustrative narrative, not a report of a real event or study; outcomes limited to the narrated case."
s2457,The Identical Error in Three Reports,38fc0abe6c8ca9f7ad1d9f6c0c0e1d5f65fae68c5a0ae00b380ac69c567c0be5,authored-fiction-or-illustration,,"fictional-vignette: authored illustrative narrative, not a report of a real event or study; outcomes limited to the narrated case."
s2458,The Empty Seat in Every Photograph,9d27219c36c04c9925b79dbb9f868aae0b70a0067ae0d3125f483799779aba4f,authored-fiction-or-illustration,,"fictional-vignette: authored illustrative narrative, not a report of a real event or study; outcomes limited to the narrated case."
s2459,The Footstep in the Recording,ccd990fd4ad2634322c0f279dc85b43a218b7a625284a4446cf58fcf74edd359,authored-fiction-or-illustration,,"fictional-vignette: authored illustrative narrative, not a report of a real event or study; outcomes limited to the narrated case."
s2460,The Locked Document's Missing Revision,bf08e3602e6f2b73fcac7eb6e82b42f70dc2eb65c1f3ca134146f153b499be7c,authored-fiction-or-illustration,,"fictional-vignette: authored illustrative narrative, not a report of a real event or study; outcomes limited to the narrated case."
s2461,The Heritage Tour's Acknowledged Gap,1dbc864eca8f31f38c91b2758df0000671f810902770e1c391297d50e366ad29,authored-fiction-or-illustration,,"fictional-vignette: authored illustrative narrative, not a report of a real event or study; outcomes limited to the narrated case."
s2462,The Festival Seen from the Cleanup Crew,9493276e0d5eaefb6d17b12b18f1f124fe52c255ee59421a5a4f5e84922467e9,authored-fiction-or-illustration,,"fictional-vignette: authored illustrative narrative, not a report of a real event or study; outcomes limited to the narrated case."
s2463,The Map Drawn for a Particular Walker,d01ae8c2667e55bcf52443430735180fbfbad4d4703937d9c666bbf8ebd66ba2,authored-fiction-or-illustration,,"fictional-vignette: authored illustrative narrative, not a report of a real event or study; outcomes limited to the narrated case."
s2464,The Souvenir I Chose Not to Buy,dd1fdd7d493adf761f167b33963aefe987df37326a1a8c4c2ed3de6f1578a69c,authored-fiction-or-illustration,,"fictional-vignette: authored illustrative narrative, not a report of a real event or study; outcomes limited to the narrated case."
s2465,The Familiar Word in an Unfamiliar Setting,6e904734566154ace1f31ef5ad603eb8b98e5d1c63d8ab997d267045031d2384,authored-fiction-or-illustration,,"fictional-vignette: authored illustrative narrative, not a report of a real event or study; outcomes limited to the narrated case."
s2466,The Curator's Missing Attribution,cd0a8699e10bd70220b5c94a008f64dde6ae22c2c584af3b363add35f2fa65ad,authored-fiction-or-illustration,,"explicit-imagined-example: authored illustrative narrative, not a report of a real event or study; outcomes limited to the narrated case."
s2467,The Developer's Unused Button,e1f01cd164e32a7e42a090364d0fb926a145a3410a276086cfc5db9f62d3e964,authored-fiction-or-illustration,,"explicit-imagined-example: authored illustrative narrative, not a report of a real event or study; outcomes limited to the narrated case."
s2468,The Conductor's Rehearsal Recording,3e9fffb70837207f2f8206e052e60f2533313b025af3ec34e3d29477052b32f9,authored-fiction-or-illustration,,"explicit-imagined-example: authored illustrative narrative, not a report of a real event or study; outcomes limited to the narrated case."
s2469,The Organizer's Cancelled Event,049aa6e82fc9a7e3a8f062db6948dd2bd3411dd01c484ed82f3e48735a961529,authored-fiction-or-illustration,,"explicit-imagined-example: authored illustrative narrative, not a report of a real event or study; outcomes limited to the narrated case."
s2470,The Writer's More Specific Sentence,e6af5671ae2b35f8322e941560284fe8643257aaedd1d056d7bfc07350ea44f1,authored-fiction-or-illustration,,"explicit-imagined-example: authored illustrative narrative, not a report of a real event or study; outcomes limited to the narrated case."
s2471,The Museum of Things That Almost Happened,3897c383c0495f50d3593e24e3020f9b6851137eea6e730ad7c0d3b55db6b60f,authored-fiction-or-illustration,,"fictional-vignette: authored illustrative narrative, not a report of a real event or study; outcomes limited to the narrated case."
s2472,The City with a Detachable Horizon,98b9611e7dcaa9be5e2a4bda1a97f7043e8786aa26ad1199cb7721a179e38f78,authored-fiction-or-illustration,,"fictional-vignette: authored illustrative narrative, not a report of a real event or study; outcomes limited to the narrated case."
s2473,The Alchemist's Successful Failure,34e80ff768e68683b87dc808aa4c552c71f843382322117393b505283f394fc9,authored-fiction-or-illustration,,"fictional-vignette: authored illustrative narrative, not a report of a real event or study; outcomes limited to the narrated case."
s2474,The House That Dreamed of Tenants,e8351580d4f4018b3a918098e2d1ff4f55e1a1e8bfe831d96a926a3d05cd6fb9,authored-fiction-or-illustration,,"fictional-vignette: authored illustrative narrative, not a report of a real event or study; outcomes limited to the narrated case."
s2475,The Oracle's Gardening Leave,bbec3c75afd13837e4dc641cde2e033b6a0bf2ad4d4c1cf0f3a681700b9c0c1a,authored-fiction-or-illustration,,"fictional-vignette: authored illustrative narrative, not a report of a real event or study; outcomes limited to the narrated case."
s2476,The Observation Hidden by a Familiar Name,706e0874697d7513594882eb63f43381b374f1afbd4635d47976c53fd90b9e20,authored-fiction-or-illustration,,"fictional-vignette: authored illustrative narrative, not a report of a real event or study; outcomes limited to the narrated case."
s2477,The Photograph beyond the Chosen Frame,f9429285ccdc9a3250da7762ba7738d0be572ac618ef55a0faa5c7f99ef73ead,authored-fiction-or-illustration,,"fictional-vignette: authored illustrative narrative, not a report of a real event or study; outcomes limited to the narrated case."
s2478,The Long Gap in the Garden Diary,9f19ae35703d5239b289cca8bcfca5e15b249489b97ef56e61b88c5a657b68d0,authored-fiction-or-illustration,,"fictional-vignette: authored illustrative narrative, not a report of a real event or study; outcomes limited to the narrated case."
s2479,The Soundscape without the Favorite Bird,c5654bb4fd64b10cd512dcd456dda848217f81aeec4bb4fcfda144cbe4c1dbfa,authored-fiction-or-illustration,,"fictional-vignette: authored illustrative narrative, not a report of a real event or study; outcomes limited to the narrated case."
s2480,The Unpopular Patch of Nettles,dd3ec51e9409e6bba13fd8b7d042402b5cdbc1984fe048710cdb7d45b5878c49,authored-fiction-or-illustration,,"fictional-vignette: authored illustrative narrative, not a report of a real event or study; outcomes limited to the narrated case."
s2481,The Metric That Counted Repeat Problems,d1b8348f8eb69306add8fd9da7365d8c0a2264ab357856aa0d80df1773bd5cca,authored-fiction-or-illustration,,"explicit-imagined-example: authored illustrative narrative, not a report of a real event or study; outcomes limited to the narrated case."
s2482,The Consultation's Absent Participants,7593ed828f1ee893ed9a0df09423dce169a24120888184aa5bd1912d45fcce00,authored-fiction-or-illustration,,"explicit-imagined-example: authored illustrative narrative, not a report of a real event or study; outcomes limited to the narrated case."
s2483,The Temporary Rule That Never Expired,1122d3131bbf2e50ba10fb7bdd63ec558e2f139c1e48ba7da7af1a9b35e9ed12,authored-fiction-or-illustration,,"explicit-imagined-example: authored illustrative narrative, not a report of a real event or study; outcomes limited to the narrated case."
s2484,The Partnership with Unequal Visibility,55fac5e6c291ee3d1295b69f05fb8adf84547cd01cf5216cf0aa3026586ac9f6,authored-fiction-or-illustration,,"explicit-imagined-example: authored illustrative narrative, not a report of a real event or study; outcomes limited to the narrated case."
s2485,The Public Dashboard's Missing Footnote,89149a1578a53d1b416d8d6337f4e3c08e9e159dd6637e057d86933a28c5c6d8,authored-fiction-or-illustration,,"explicit-imagined-example: authored illustrative narrative, not a report of a real event or study; outcomes limited to the narrated case."
s2486,The Family Story with Two Endings,03a5370f18a8ab2700a79f5c87e12df4d9a374ac7e074fad8dbecd2d2f9c123b,authored-fiction-or-illustration,,"fictional-vignette: authored illustrative narrative, not a report of a real event or study; outcomes limited to the narrated case."
s2487,The Habit I Mistook for a Preference,cc63e8e94e91a60f6acba1dcebf2b6a1e51dabb441237f4bc5f66d372c275b37,authored-fiction-or-illustration,,"fictional-vignette: authored illustrative narrative, not a report of a real event or study; outcomes limited to the narrated case."
s2488,The Conversation after the Advice,3e913fca7dcc3cc6bb75ef90dab934ec2522a0c1334bf3b22e28e3d131376332,authored-fiction-or-illustration,,"fictional-vignette: authored illustrative narrative, not a report of a real event or study; outcomes limited to the narrated case."
s2489,The Object I Returned to Use,6c27cb8e0d6d2e667b2f75ede55a3726240252f334cfffdc0ed2a94f90d1cc3a,authored-fiction-or-illustration,,"fictional-vignette: authored illustrative narrative, not a report of a real event or study; outcomes limited to the narrated case."
s2490,The Plan That Survived Being Shortened,7e02a5dea0a0ee722305194c1b8145af7256fd0b708f50d440cb4f18e5e43da3,authored-fiction-or-illustration,,"fictional-vignette: authored illustrative narrative, not a report of a real event or study; outcomes limited to the narrated case."
s2491,The Letter Preserved by Accident,181e0cbee3822e97815bccf8deaaea06d108d63bd74bb824a7a6bc841709346d,authored-fiction-or-illustration,,"explicit-imagined-example: authored illustrative narrative, not a report of a real event or study; outcomes limited to the narrated case."
s2492,The Public Monument's Private Draft,07c8d6b61fe75e0f3278bffd03804a1aaf198d73a37d0efe0c34b1a3712d6f4b,authored-fiction-or-illustration,,"explicit-imagined-example: authored illustrative narrative, not a report of a real event or study; outcomes limited to the narrated case."
s2493,The Passenger List with an Empty Column,b77a87ba26f4a1f95ca8a1490be6a51b00f14753a84c607a017070be86a8c7a6,authored-fiction-or-illustration,,"explicit-imagined-example: authored illustrative narrative, not a report of a real event or study; outcomes limited to the narrated case."
s2494,The Restored Room's New Paint,ffe3b4c54bbc563f043eb13456245ba099d6c40d8699dae3bbecdbfc5144be66,authored-fiction-or-illustration,,"explicit-imagined-example: authored illustrative narrative, not a report of a real event or study; outcomes limited to the narrated case."
s2495,The Diary Written for a Reader,b7af78b28391780bfd2f2a70f13d650c8e6f372b7ce7f707b1bcc70e0a2f8baa,authored-fiction-or-illustration,,"explicit-imagined-example: authored illustrative narrative, not a report of a real event or study; outcomes limited to the narrated case."
s2496,The Correlation in the Classroom Chart,4daaf94a70943ee1e6d449511f1dd63fc4e7f4f073de92527946a32ac65ba455,authored-fiction-or-illustration,,"explicit-imagined-example: authored illustrative narrative, not a report of a real event or study; outcomes limited to the narrated case."
s2497,The Evaluation That Used the Answer Key,7e85a25ba00b45d7de29f3ec16b8aca047f8007db21f7f468996cf8ac9614782,authored-fiction-or-illustration,,"explicit-imagined-example: authored illustrative narrative, not a report of a real event or study; outcomes limited to the narrated case."
s2498,The Missing Boundary in the Model,a06822902c3222512b562f3495b3e9faa8612ee97d9f58c3e0a9d37942590eeb,authored-fiction-or-illustration,,"explicit-imagined-example: authored illustrative narrative, not a report of a real event or study; outcomes limited to the narrated case."
s2499,The Null Result Worth Keeping,a0bd28cb9b2154e471be0803f065780dcad3a5bca6161b5a3e91f6e88e141e8b,authored-fiction-or-illustration,,"explicit-imagined-example: authored illustrative narrative, not a report of a real event or study; outcomes limited to the narrated case."
s2500,The Benchmark with a Familiar Pattern,93de1b15e332eefd115208656c5fbf367e2f3986769d8d381bc7a7441e95422e,authored-fiction-or-illustration,,"explicit-imagined-example: authored illustrative narrative, not a report of a real event or study; outcomes limited to the narrated case."
s2501,The Statue Included Free of Charge,154f86f3e1e353fcb62f668d652bbced9828a0e8385283d1162c1443b128b825,primary-text-compared,https://www.gutenberg.org/files/21/21-h/21-h.htm,"Core sequence compared with Aesop: Mercury and the Sculptor; simplified retelling and explicit interpretive commentary, not a quotation."
s2502,The Lamp after a Gust of Wind,3973c82af5631e146654d914daadc7daff88e074aace097a065cd268a71571fb,primary-text-compared,https://www.gutenberg.org/files/21/21-h/21-h.htm,"Core sequence compared with Aesop: The Lamp; simplified retelling and explicit interpretive commentary, not a quotation."
s2503,The Small Passenger on the Horn,d63ad94d824035b9dda1157e4bcc9df212912e1ff7c6361f9588d2d64e3164f7,primary-text-compared,https://www.gutenberg.org/files/21/21-h/21-h.htm,"Core sequence compared with Aesop: The Gnat and the Bull; simplified retelling and explicit interpretive commentary, not a quotation."
s2504,The Fisherman's Certain Small Catch,23067fdf5058f654b5257a4e5d5f25a4464322b9466c28a6731f45062951fab6,primary-text-compared,https://www.gutenberg.org/files/21/21-h/21-h.htm,"Core sequence compared with Aesop: The Fisherman and the Little Fish; simplified retelling and explicit interpretive commentary, not a quotation."
s2505,The Bird That Waited for the Farmer,73d48022510a104f6e6f2693def5148a3546e06eac8a22292cc70d2311f866dc,primary-text-compared,https://www.gutenberg.org/files/21/21-h/21-h.htm,"Core sequence compared with Aesop: The Lark and Her Young Ones; simplified retelling and explicit interpretive commentary, not a quotation."
s2506,The Report Dated before the Interview,da1267a8a9c4b9b315460ff21adf3bbd20a315aec8a094551577bc5339ad52e7,authored-fiction-or-illustration,,"fictional-vignette: authored illustrative narrative, not a report of a real event or study; outcomes limited to the narrated case."
s2507,The Map Pin on the Wrong Entrance,130509227ebed619844e50c8974433105f4119d174100fa1d154f593e7d70cd9,authored-fiction-or-illustration,,"fictional-vignette: authored illustrative narrative, not a report of a real event or study; outcomes limited to the narrated case."
s2508,The Quote That Crossed a Page Break,1b7e39bbfb4bff3b028b1e98bc6e7ccd895f8dcffce270ff1f32e337b19f2596,authored-fiction-or-illustration,,"fictional-vignette: authored illustrative narrative, not a report of a real event or study; outcomes limited to the narrated case."
s2509,The Certificate with the Unfamiliar Name,e7a055590adef51c2268dccf049094f1e8598449fcc4dd795aba372372bf4cde,authored-fiction-or-illustration,,"fictional-vignette: authored illustrative narrative, not a report of a real event or study; outcomes limited to the narrated case."
s2510,The Pattern Created by the Search,6edf8b6cfea12e1a35d24a2dcb9f8f58b5331647038493f9ff37c440ad2faaa6,authored-fiction-or-illustration,,"fictional-vignette: authored illustrative narrative, not a report of a real event or study; outcomes limited to the narrated case."
s2511,The Translation beside the Original Label,51f8e9697798dfc6bf5a259e29b602b56c7290b59a78492c8460d47aabdced91,authored-fiction-or-illustration,,"fictional-vignette: authored illustrative narrative, not a report of a real event or study; outcomes limited to the narrated case."
s2512,The Scenic Route as Someone's Commute,329fca7a93310c2d4b351fd952ce0f944322e9014d6023976193c11ed3c8b141,authored-fiction-or-illustration,,"fictional-vignette: authored illustrative narrative, not a report of a real event or study; outcomes limited to the narrated case."
s2513,The Performance without a Single Meaning,5518b6b8b32389d9a3c480f9aa5d89453b21a693351a39c80759b8ca0715fdc6,authored-fiction-or-illustration,,"fictional-vignette: authored illustrative narrative, not a report of a real event or study; outcomes limited to the narrated case."
s2514,The Return Ticket That Changed the Day,e732d490d4cb6bd513c6f571baf2082f053307cc09fc0ec40b74320b63b5e4f5,authored-fiction-or-illustration,,"fictional-vignette: authored illustrative narrative, not a report of a real event or study; outcomes limited to the narrated case."
s2515,The Workshop Demonstration's Invisible Preparation,533ad1837d13963526018bf844a0eb37e3f86e406a9417f74f579e76fc90042c,authored-fiction-or-illustration,,"fictional-vignette: authored illustrative narrative, not a report of a real event or study; outcomes limited to the narrated case."
s2516,The Analyst's Changed Denominator,3333bdfc7a4bf924facda826f4c9c0e954254a3a36847fa2180a81b36271036b,authored-fiction-or-illustration,,"explicit-imagined-example: authored illustrative narrative, not a report of a real event or study; outcomes limited to the narrated case."
s2517,The Historian's Unresolved Footnote,831f6bea7266a4d366ffffc241b2ad878e33bacd3a968c7e112a29d773f7e70e,authored-fiction-or-illustration,,"explicit-imagined-example: authored illustrative narrative, not a report of a real event or study; outcomes limited to the narrated case."
s2518,The Entrepreneur's Smaller Promise,6ea610b3f809b35ae84ed9a862519ce5cfd05917d90af6d4e77821533e9a2285,authored-fiction-or-illustration,,"explicit-imagined-example: authored illustrative narrative, not a report of a real event or study; outcomes limited to the narrated case."
s2519,The Actor's Unnoticed Preparation,4a75acc12a765d949c51163bc345026d6a9efd44c323f45677919208148cee5e,authored-fiction-or-illustration,,"explicit-imagined-example: authored illustrative narrative, not a report of a real event or study; outcomes limited to the narrated case."
s2520,The Editor's Decision to Leave a Gap,065b06c81bc4a360d4ccc4012c194e3aebca40dabe9baded4747fe1b3cf28cde,authored-fiction-or-illustration,,"explicit-imagined-example: authored illustrative narrative, not a report of a real event or study; outcomes limited to the narrated case."
s2521,The Committee for Impossible Bridges,d5cc1714cc9cb3ffc4f9d0c0282e64e26d8949f9f904fb0a1f936dceaf631988,authored-fiction-or-illustration,,"fictional-vignette: authored illustrative narrative, not a report of a real event or study; outcomes limited to the narrated case."
s2522,The Last Dragon's Incorrect Biography,d1137c452b258dfaec2a0970a162c3174a53df99647f977a7fe7ac747a798fe1,authored-fiction-or-illustration,,"fictional-vignette: authored illustrative narrative, not a report of a real event or study; outcomes limited to the narrated case."
s2523,The Planet That Wanted a Nickname,7b38cae5d0170d9ce495a09cb659bc53cb97d8a9fa62520d7243c2be603b26f5,authored-fiction-or-illustration,,"fictional-vignette: authored illustrative narrative, not a report of a real event or study; outcomes limited to the narrated case."
s2524,The Magician's Perfect Duplicate,cdfc1d9e3dc38224121b22a929ca0bd3964ccf321a051230152d4057e390d356,authored-fiction-or-illustration,,"fictional-vignette: authored illustrative narrative, not a report of a real event or study; outcomes limited to the narrated case."
s2525,The Door That Opened Only Once,b4bb5cf2e6a17770d37cec64cd4c53924999427b54aa2d9e6cd8ce19338c59fe,authored-fiction-or-illustration,,"fictional-vignette: authored illustrative narrative, not a report of a real event or study; outcomes limited to the narrated case."
s2526,The Nature Journal's Editorial Choice,f53b8be2aaeb1c401573fb07f7bd604144b1bc49c5534effdda326bf4ef88a4d,authored-fiction-or-illustration,,"fictional-vignette: authored illustrative narrative, not a report of a real event or study; outcomes limited to the narrated case."
s2527,The Landscape Survey's Convenient Boundary,71c65ba45c08c3621d8f772134de4805a361d43606a765618091918aefdde1a1,authored-fiction-or-illustration,,"fictional-vignette: authored illustrative narrative, not a report of a real event or study; outcomes limited to the narrated case."
s2528,The Familiar Path after an Absence,06d9d5ce16a7fa87e6ebe55480fa7a0bd7b135770c0ba78e62fa9ff026ec96a0,authored-fiction-or-illustration,,"fictional-vignette: authored illustrative narrative, not a report of a real event or study; outcomes limited to the narrated case."
s2529,The Unsuccessful Wildlife Photograph,3a1f0426cecf9c9f51304a58b938023e2946d6048ace827650fb45bc5f936d88,authored-fiction-or-illustration,,"fictional-vignette: authored illustrative narrative, not a report of a real event or study; outcomes limited to the narrated case."
s2530,The Garden Designed for More Than a Photograph,a643fa902427deebf42789701532f8ea932857c6067261c3213800f2c639bd70,authored-fiction-or-illustration,,"fictional-vignette: authored illustrative narrative, not a report of a real event or study; outcomes limited to the narrated case."
s2531,The Policy Success with Several Explanations,a1948efe8a3dcc2e85e4f6367306046af4ed27548957527829e5fcb7feb3ca77,authored-fiction-or-illustration,,"explicit-imagined-example: authored illustrative narrative, not a report of a real event or study; outcomes limited to the narrated case."
s2532,The Emergency Procedure after the Emergency,16f565b0643af785c832f11b3bf505822daf74c9a7c19bd7be8306902706c5c4,authored-fiction-or-illustration,,"explicit-imagined-example: authored illustrative narrative, not a report of a real event or study; outcomes limited to the narrated case."
s2533,The Public Argument over Different Questions,c245f3512ad81a17ce2b8596649be275d701d7a682cbdb6ab55633e114df52b0,authored-fiction-or-illustration,,"explicit-imagined-example: authored illustrative narrative, not a report of a real event or study; outcomes limited to the narrated case."
s2534,The Shared Resource's Quiet Depletion,c0a91100653a20975cc690115e24aed2dcdf31f19ee4b8a9f34b62d01d50c3fd,authored-fiction-or-illustration,,"explicit-imagined-example: authored illustrative narrative, not a report of a real event or study; outcomes limited to the narrated case."
s2535,The Accountability Report with a Real Audience,e62d7eadef9be15d453f291b3c528c9cf7a6e348b24e29e32c767afd6c680d6e,authored-fiction-or-illustration,,"explicit-imagined-example: authored illustrative narrative, not a report of a real event or study; outcomes limited to the narrated case."
s2536,The Expertise I Could Not Transfer in One Conversation,91e9c8806ecfb05d395fffc447d6a930160d227a630a4524e9fa202d25bbee57,authored-fiction-or-illustration,,"fictional-vignette: authored illustrative narrative, not a report of a real event or study; outcomes limited to the narrated case."
s2537,The Annual Tradition We Renegotiated,a72cec4cae677e6ca0e8ed707ffbc017632db1aacfd9c55f93d40cb410591579,authored-fiction-or-illustration,,"fictional-vignette: authored illustrative narrative, not a report of a real event or study; outcomes limited to the narrated case."
s2538,The Possession with an Expired Purpose,89cbdb02930c046aae30ba991abea64913c1a9856e9b1ad2a05be21a3c01bd66,authored-fiction-or-illustration,,"fictional-vignette: authored illustrative narrative, not a report of a real event or study; outcomes limited to the narrated case."
s2539,The Opinion I Had Borrowed Unnoticed,1b843d204fc380d821acacad394800a601c1ccb0fd24a4024c5f7f5036ccc68b,authored-fiction-or-illustration,,"fictional-vignette: authored illustrative narrative, not a report of a real event or study; outcomes limited to the narrated case."
s2540,The Week That Looked Empty on Paper,7863617a8123586962bf913a91de48d90672b98566ab1385e6fddd092024a72f,authored-fiction-or-illustration,,"fictional-vignette: authored illustrative narrative, not a report of a real event or study; outcomes limited to the narrated case."
s2541,The Archive's Order Was Not the Past's Order,d84820f898a4ad945347dd022799c1e58ebce0ce5a6360fb7c1780a3fd94fb9c,authored-fiction-or-illustration,,"explicit-imagined-example: authored illustrative narrative, not a report of a real event or study; outcomes limited to the narrated case."
s2542,The Translation That Modernized a Dispute,96934f6e1c79603d04f95c1a6d00e34f5b29cf443f75e0417a8dc0acc3443ab2,authored-fiction-or-illustration,,"explicit-imagined-example: authored illustrative narrative, not a report of a real event or study; outcomes limited to the narrated case."
s2543,The Workshop Account's Apparent Efficiency,6ccee566b17729f242df4a7ebf85b740e0b0845209777606fd52861d1a46b0ee,authored-fiction-or-illustration,,"explicit-imagined-example: authored illustrative narrative, not a report of a real event or study; outcomes limited to the narrated case."
s2544,The Historical Room with Two Valid Dates,afa4457f996540f0073f43b7ed273427a5692c911824bfc28dafbe27c03b43a6,authored-fiction-or-illustration,,"explicit-imagined-example: authored illustrative narrative, not a report of a real event or study; outcomes limited to the narrated case."
s2545,The Famous Speech and the Later Copy,933e2f667f0e5781727daa6efd5f5299aaa3d583fa9aeb058fde85b9f9d2b8f3,authored-fiction-or-illustration,,"explicit-imagined-example: authored illustrative narrative, not a report of a real event or study; outcomes limited to the narrated case."
s2546,The Optimized System and Its Unmeasured Cost,878ed223f9bcfad466b8c7d31a03e6e6af5ff5e5241af9c9e92018db8aa9b690,authored-fiction-or-illustration,,"explicit-imagined-example: authored illustrative narrative, not a report of a real event or study; outcomes limited to the narrated case."
s2547,The Confidence of a Small Sample,9595c8c43af130f95d8117f76325038142b3c737731e38173c8fff83091ed1c3,authored-fiction-or-illustration,,"explicit-imagined-example: authored illustrative narrative, not a report of a real event or study; outcomes limited to the narrated case."
s2548,The Explanation That Arrived after the Outcome,86fa5a5ce009c15616cf5123982c8a9dc46ddcc967506bd5b0bbe6523f062e27,authored-fiction-or-illustration,,"explicit-imagined-example: authored illustrative narrative, not a report of a real event or study; outcomes limited to the narrated case."
s2549,The Interface That Hid the Uncertainty,8d1e6f1fe9000046efe85715884037f6e94079eac4c043fc342d1c1fe2e6b51e,authored-fiction-or-illustration,,"explicit-imagined-example: authored illustrative narrative, not a report of a real event or study; outcomes limited to the narrated case."
s2550,The Reproduction with Documented Differences,ee0e2fe911b1afa9946584a2276dd326e8537f873625703f9e744c653c891c3c,authored-fiction-or-illustration,,"explicit-imagined-example: authored illustrative narrative, not a report of a real event or study; outcomes limited to the narrated case."
s2551,The Bags That Face Different Directions,c90eb6a06b376e4fdfe95703471faf4498792b746ec3d680537b5d82d49e0556,primary-text-compared,https://www.gutenberg.org/files/21/21-h/21-h.htm,"Core sequence compared with Aesop: The Two Bags; simplified retelling and explicit interpretive commentary, not a quotation."
s2552,The Fox's Shelter and the Woodcutter's Hand,08dd20cbe16540ab432ea0caff81397af1de2fd5083a4bf7d8a65392e89e4926,primary-text-compared,https://www.gutenberg.org/files/21/21-h/21-h.htm,"Core sequence compared with Aesop: The Fox and the Woodcutter; simplified retelling and explicit interpretive commentary, not a quotation."
s2553,The Boar Sharpening Its Tusks,d833f08f7660e1dec888cab5ea0612499c7dd6244bb47f4d5dfe1f8d0ac06b44,primary-text-compared,https://www.gutenberg.org/files/21/21-h/21-h.htm,"Core sequence compared with Aesop: The Wild Boar and the Fox; simplified retelling and explicit interpretive commentary, not a quotation."
s2554,The Axe Handle Requested from the Trees,cfe8925300b11d727bb0e4036e9140a054a9e1cc4e236c423ce23c17feb10410,primary-text-compared,https://www.gutenberg.org/files/21/21-h/21-h.htm,"Core sequence compared with Aesop: The Trees and the Axe; simplified retelling and explicit interpretive commentary, not a quotation."
s2555,The Shadow Included in the Hire,16117041cb77b2ffade8fb3741f1fcc1d87fded6929cdb0a2d6d3ce3f8e4f5b5,primary-text-compared,https://www.gutenberg.org/files/21/21-h/21-h.htm,"Core sequence compared with Aesop: The Ass and His Shadow; simplified retelling and explicit interpretive commentary, not a quotation."
s2556,The Evidence File's Invisible Conversion,cf98d034f17a691bd17e854faa6bec15735fe6ff51e56f67b964b4ccee7d0733,authored-fiction-or-illustration,,"fictional-vignette: authored illustrative narrative, not a report of a real event or study; outcomes limited to the narrated case."
s2557,The Witnesses Who Shared One Story,2a609b25ae0a5c1e096cf0e96c05bc64ab9eb4ab3c6c3c7bcc079db425bb4936,authored-fiction-or-illustration,,"fictional-vignette: authored illustrative narrative, not a report of a real event or study; outcomes limited to the narrated case."
s2558,The Anomaly at the Day's Boundary,9a8a65b6f8ce55131c85312511a6f787901c2f9cfe025153e57a3894e4fb3cf9,authored-fiction-or-illustration,,"fictional-vignette: authored illustrative narrative, not a report of a real event or study; outcomes limited to the narrated case."
s2559,The Missing Page That Was Never Printed,8084e35ff43dba02598618e001bec2808db4538e0b3db139705f45cffdc57111,authored-fiction-or-illustration,,"fictional-vignette: authored illustrative narrative, not a report of a real event or study; outcomes limited to the narrated case."
s2560,The Search Result That Remembered an Old Claim,7c8781bfecfbf076096b739b82cb97940667555244d647f2498dbbd23d912bf1,authored-fiction-or-illustration,,"fictional-vignette: authored illustrative narrative, not a report of a real event or study; outcomes limited to the narrated case."
s2561,The Authenticity Asked of One Afternoon,ac5f218aaf3546c6836afddbbb507d7fa9d12209714c8af4aabdc8678cb5c4a7,authored-fiction-or-illustration,,"fictional-vignette: authored illustrative narrative, not a report of a real event or study; outcomes limited to the narrated case."
s2562,The City Seen through Its Maintenance,5b7ad9119d71c799cbdc4fe6bb0835eb8173d41f790b72434d1e2de6cc17b57a,authored-fiction-or-illustration,,"fictional-vignette: authored illustrative narrative, not a report of a real event or study; outcomes limited to the narrated case."
s2563,The Guide's Account and the Resident's Memory,9b798664434a66bdeb61500b378821cc7605bd8a7179dd7c885157d2e53f04f4,authored-fiction-or-illustration,,"fictional-vignette: authored illustrative narrative, not a report of a real event or study; outcomes limited to the narrated case."
s2564,The Return Journey's Unplanned Conversation,90cf838a6d36bfa2cf7775bc6b40dd0d30f8d071abe8d7b985ccc41785578225,authored-fiction-or-illustration,,"fictional-vignette: authored illustrative narrative, not a report of a real event or study; outcomes limited to the narrated case."
s2565,The Photograph Explained by Its Absence,58965edfc4485ac9b14490a24e07e1f0e04cd9f83f03cef8d44e57e6e904f385,authored-fiction-or-illustration,,"fictional-vignette: authored illustrative narrative, not a report of a real event or study; outcomes limited to the narrated case."
s2566,The Statistician's Refusal to Rank,53b286398c02228da48093d573e9796f549d0fd74e2f337842a71ca3a60fb136,authored-fiction-or-illustration,,"explicit-imagined-example: authored illustrative narrative, not a report of a real event or study; outcomes limited to the narrated case."
s2567,The Biographer's Unavailable Interior,6a21117262fadfc7f5679c471d7df53088b8bfbd621737f53ec61d03f2d21ad3,authored-fiction-or-illustration,,"explicit-imagined-example: authored illustrative narrative, not a report of a real event or study; outcomes limited to the narrated case."
s2568,The Designer's Discovery after Delivery,33d059a004eed449a8980646464fdf9f136bf559de869e4cd8932503c9dbdcd1,authored-fiction-or-illustration,,"explicit-imagined-example: authored illustrative narrative, not a report of a real event or study; outcomes limited to the narrated case."
s2569,The Director's Credit at the End,80156b0502389d559d18dd29bf175a921a3ebcb8155395918f305444aff6b7df,authored-fiction-or-illustration,,"explicit-imagined-example: authored illustrative narrative, not a report of a real event or study; outcomes limited to the narrated case."
s2570,The Scholar's Changed Mind in Print,9a9f5d22368e16c8db7a2da4e7054cdf8979e6792a2f6e7a0c3f4a101a17ba92,authored-fiction-or-illustration,,"explicit-imagined-example: authored illustrative narrative, not a report of a real event or study; outcomes limited to the narrated case."
