id,level,topic,title,text_sha256,words,sentences,maxSentence,averageSentence,low_frequency_pct,very_low_frequency_pct,frequency_terms,errors,flags,status
s001,5,Fantasy/stories,Lantern Keeper,70f8f101a6750505c4f22ca1a41fe546e5ad5ef1b22a90e410782691155f96c7,247,24,20,10.29,7.69,0.0,mara (6); lantern (6); smiled (2); other's (2); travelers (1); keepers (1); darkest (1),,,automated-screen-clear
s002,5,Nature and animals,How an Octopus Changes Color,e38cea1f9cb68328f1a947f354dfd62a564498c020c71c696831a412732eae7c,104,9,16,11.56,3.85,1.92,octopus (1); chromatophores (1); octopuses (1); unanswered (1),,,automated-screen-clear
s003,5,World affairs,A City Without Cars,576efb474e9a73ab0a40ca0d900e96b4f7cbaa989f7b313ab666e8aa8b0857fb,259,21,20,12.33,6.18,1.16,mina (4); mina's (2); vans (1); bookshop (1); feared (1); unusually (1); wheelchair (1); complained (1); busier (1); appointments (1); deliveries (1); journeys (1),,,automated-screen-clear
s004,5,Everyday life,Last Seat on the Train,fba0057b083b1b05234fc709039f33de74f0317d4cac42f24eef3b8524eeb223,257,21,25,12.24,3.52,0.0,noticing (2); weekday (1); unusually (1); rushed (1); headphones (1); thanked (1); resting (1); crowded (1),,,automated-screen-clear
s005,5,History,Girl Who Delivered Letters,5c9ca899345c4bee9612453d87e61ea1be52d1d22f151898f2003743f085e3c3,247,19,28,13,6.07,0.4,ada (6); scarce (1); town's (1); doubted (1); planks (1); farther (1); upstream (1); receipt (1); firewood (1); prouder (1),,,automated-screen-clear
s006,5,Science,Why Bread Rises,3f4ef3efb0920028e2428bd666febb6cf43a0e7670ed109e3d56801cff914739,189,18,20,10.5,20.11,3.17,dough (4); bubbles (4); yeast (3); loaf (2); dioxide (2); fermentation (2); gluten (2); expands (2); baker's (1); single-celled (1); fungus (1); sugars (1); gathers (1); stretchy (1); bakers (1),,low-frequency;very-low-frequency,needs-editorial-review
s007,6,Fantasy/stories,Cartographer's Mistake,ae642e146dbd90d139b6294de3ec50a128d704908509a2cf01395f439c256abe,271,22,24,12.32,8.86,3.32,elin (5); sailed (2); captains (2); mapmaker (1); sailors (1); coastlines (1); troubled (1); wooded (1); blamed (1); fog (1); sketched (1); bent (1); bearings (1); faded (1); sailor's (1),,very-low-frequency,needs-editorial-review
s008,6,Nature and animals,How Birds Can Change Their Migration Routes,1ac3bacacb1a22d08f2790d5f1530f34c2650660e2cb7ce89f73d5fb8a17f574,220,14,25,15.71,7.27,0.45,migratory (1); inherited (1); tendencies (1); storms (1); drought (1); resting (1); unfamiliar (1); shifting (1); seasonal (1); migrants (1); depart (1); varies (1); outpace (1); rigid (1); instinct (1),,,automated-screen-clear
s009,6,World affairs,The Fishing Village That Said No,59cf2b9b37e984cb415a57ab1257b71b19097c1780b806952423bb55b153de9a,282,22,27,12.82,3.9,0.35,tomas (3); leila (2); cove (1); catches (1); vague (1); fisheries (1); tomas's (1); cautious (1),,,automated-screen-clear
s010,6,Everyday life,Learning to Cook From Scratch,43af8d88efa15daee4a4d5fa041990657017fca08fb0d135683f8fd132de7e6b,248,21,21,11.81,8.87,3.23,priya (5); lena (3); relied (1); noodles (1); takeout (1); poured (1); guessed (1); yolk (1); borrowed (1); cookbook (1); lid (1); batch (1); practiced (1); gentler (1); priya's (1),,very-low-frequency,needs-editorial-review
s011,6,History,Bridge Built in a Single Winter,8e2254f1152c32f7b22b927ca7be59894855ede2f897ad36a544a51cc048e72d,269,18,26,14.94,6.32,1.12,mara (4); carts (2); walkway (2); alderford (1); carpenter (1); footbridge (1); foundations (1); jo's (1); slower (1); cracked (1); inspected (1); thaw (1),,,automated-screen-clear
s012,6,Science,What the Brain Does During Sleep,ecaa6ae5a6fefcff2067621449e46e5a539e27d699501a8c22d1d3c8667a6284,223,14,24,15.93,4.93,0.9,rem (1); vivid (1); dreaming (1); wakefulness (1); stabilize (1); glymphatic (1); nightly (1); differs (1); biologically (1); contributes (1); metabolism (1),,,automated-screen-clear
s013,7,Fantasy/stories,Clockmaker's Apprentice,e43da1b6c3439a03f9343a3b371027c2b7d6a67adf183fec0a58b3c436ec1abb,272,21,24,12.95,7.72,3.68,teodor (6); orin (3); astronomer (2); cathedral (1); clockmaker (1); repaired (1); clocks (1); apprentice (1); gears (1); observatory (1); reopened (1); engraved (1); smiled (1),,very-low-frequency,needs-editorial-review
s014,7,Nature and animals,Leafcutter Ants and Their Fungus Garden,9f0296e1fb221d3d8e38a5a6de2d5ebc00d211737da85a75f13b8fd1851c2179,224,15,25,14.93,11.61,0.89,ants (6); fungus (5); fungi (2); leafcutter (1); nests (1); digest (1); chew (1); cultivated (1); leafcutter-ant (1); compounds (1); parasites (1); evolutionary (1); resembles (1); arise (1); cultivation (1),,,automated-screen-clear
s015,7,World affairs,When a River Crosses a Border,581b0989cd8c3109b0b38a4c2389b54d727a8ac51ae0d0e5e78856a6aac3dc82,293,20,29,14.65,5.48,0.68,upstream (2); farther (1); downstream (1); irrigation (1); neighboring (1); disappears (1); crosses (1); river's (1); reservoir (1); disturb (1); habitat (1); watercourses (1); equitable (1); timely (1); ecosystems (1),,,automated-screen-clear
s016,7,Everyday life,Apartment Above the Bakery,6cbc162ca0cb8f4dd587c801b8343491f0660a858f37c9ebd947a8b19368f238,276,24,26,11.5,8.7,2.17,ilse (4); bakery (2); downstairs (2); mixer (2); bakers (1); vibrated (1); trays (1); rattled (1); bakery's (1); dismiss (1); baking (1); mat (1); thanked (1); other's (1); routines (1),,,automated-screen-clear
s017,7,History,Telegraph Operator Who Changed a War,4d9814c4d6aab4bfc86492e679e35dc0758d5eaeb6a2ab111d9a66866ccf4a84,263,20,25,13.15,7.98,1.9,whitfield (5); copied (2); wartime (1); wires (1); onward (1); occupy (1); commanders (1); unprepared (1); awaiting (1); incorrectly (1); farther (1); corrected (1); officer's (1); messenger (1); wording (1),,,automated-screen-clear
s018,7,Science,Spirals in Seashell Growth,a99fd03758ae508204806dea16ca38904dc0c7ebc10374f3fa5aaa068a1095b1,211,14,23,15.07,9.48,0.95,spiral (4); shells (2); develops (2); mathematicians (1); logarithmic (1); mollusk (1); discarded (1); rebuilt (1); equations (1); approximation (1); blueprint (1); storms (1); galaxies (1); rotating (1); recognizable (1),,,automated-screen-clear
s019,8,Fantasy/stories,Archivist's Debt,ba650b009e7c8a00c550c9abc390e63c05597c097145a197994dc5be981cb5c0,295,24,24,12.29,10.17,2.71,ilsabet (6); inherited (2); shelves (2); catalogue (2); archivist (1); scripts (1); paperwork (1); unsigned (1); cipher (1); overdue (1); evenings (1); decoding (1); displaced (1); diverted (1); legible (1),,,automated-screen-clear
s020,8,Nature and animals,Life Around Deep-Sea Hydrothermal Vents,fbafa08d1d0b149a492b555a85f56d662e3964f80cdff9bd5fe0f811d4f81266,227,17,22,13.35,14.16,3.1,vents (3); sunlight (3); hydrothermal (2); ecosystem (2); worms (2); vent (2); dense (1); webs (1); earth's (1); seawater (1); seafloor (1); dissolved (1); minerals (1); microorganisms (1); chemosynthesis (1),,,automated-screen-clear
s021,8,World affairs,Who Keeps the Digital Currency Record?,12c76ebdbdf1ee45c02c5f4186271cbe3394a27b5a8e286b73541310c1ee42ee,297,22,24,13.5,5.72,1.68,ledger (2); cryptocurrencies (1); network's (1); propose (1); currencies (1); cryptoasset (1); sharply (1); safeguard (1); unevenly (1); cyberattacks (1); consume (1); varies (1); regulate (1); cryptoassets (1); issuer (1),,,automated-screen-clear
s022,8,Everyday life,Neighbor Who Kept Score,4a374db1ece771bc8822b1e93585ef30be96c6cb71adfcff12264c5e8085d2cd,275,20,26,13.75,9.09,2.18,hendricks (5); renata (5); notebook (2); renata's (1); downstairs (1); recycling (1); handwriting (1); hers (1); outage (1); candles (1); kettle (1); stove (1); exits (1); stair (1); thanked (1),,,automated-screen-clear
s023,8,History,Committee That Erased Itself,20d13e3e7305af41623cab41ee606bdb6a2a8aa4d653362b41e5ab46604a3c5e,259,19,27,13.63,6.56,0.77,mira (3); greyport (1); rented (1); crowded (1); duplicate (1); recycled (1); committee's (1); searched (1); dispose (1); objected (1); council's (1); disposals (1); archive (1); catalogue (1); erase (1),,,automated-screen-clear
s024,8,Science,The Memory That Isn't Where You Think It Is,ea197a37d95becd5b62494e31e77ccad8fa730068c9828fce737f55134c9d885,389,12,48,32.42,16.71,3.08,recordings (3); discrete (2); neuroscience (2); subtly (2); reconsolidation (2); continuously (2); approximations (2); computer's (1); identifiable (1); theoretically (1); retrieved (1); locate (1); archive (1); intuitive (1); misleading (1),,long-sentence;dense-syntax,needs-editorial-review
s025,5,Fantasy/stories,Baker Who Whispered to Bread,facda97b4a72cc97dc96fa27bbf2ade7b294ceb403c9f78f85edf7f348e4de99,238,22,23,10.82,11.76,5.04,oskar (7); dough (4); loaf (3); loaves (2); oskar's (2); whispered (2); jar (2); softly (1); smiled (1); yeast (1); sourdough (1); bubbles (1); baking (1),,very-low-frequency,needs-editorial-review
s026,5,Fantasy/stories,Door That Only Opened at Noon,a03099b172686fb4d0af81dc4e263dcb234a6f01e241ae2b373110e423587b6e,250,22,21,11.36,5.2,1.6,nessa (4); meadow (3); saturdays (2); cloudy (1); sunlight (1); villagers (1); stone's (1),,,automated-screen-clear
s027,6,Fantasy/stories,The Tailor's Invisible Thread,a80e93982fa9e59a8251ac19066546555aad29b694427ff4302ae42e10b974cf,242,14,33,17.29,13.64,4.96,berta (6); drawer (3); widower (3); spool (2); tailor (1); peculiar (1); drawer's (1); garment (1); mending (1); inherited (1); carelessly (1); grieving (1); wife's (1); altering (1); seam (1),,very-low-frequency,needs-editorial-review
s028,6,Fantasy/stories,River That Remembered Names,03a363ca072d2cb5845bbebe4358dc63eaf964a79daf50299234a30d3f2529e2,244,20,26,12.2,9.84,3.28,tomasz (6); marta (5); nets (2); fisherman (1); river's (1); bends (1); slippery (1); footing (1); shallows (1); dizzy (1); rested (1); healer (1); greeted (1); grandparents (1),,very-low-frequency,needs-editorial-review
s029,7,Fantasy/stories,Clockmaker's Second Apprentice,c25988f15882027af213a6bc64bb938dcea8ab3626bc4abbd47f270859ec679b,265,22,23,12.05,7.17,2.64,halvard (6); ren (6); apprentice (1); clockmaker (1); clocks (1); faint (1); smoothly (1); prediction (1); thinner (1),,,automated-screen-clear
s030,7,Fantasy/stories,The Garden Grown From Borrowed Time,2422989b68c112886ca261f34f3370810143bedc3a1cc2ed893f55f2e7a9d398,239,20,28,11.95,10.88,2.93,ingrid (6); bargain (3); ada (3); bloomed (2); ingrid's (1); garden's (1); ached (1); gladly (1); tending (1); watered (1); herbs (1); buds (1); stranger's (1); ada's (1); seedlings (1),,,automated-screen-clear
s031,8,Fantasy/stories,Cartographer Who Sold Directions,29f9e2cd158176880886d37e3f302008343e3991c78d1d142fd9fce75af888d4,265,20,36,13.25,5.66,3.4,thessaly (5); arven (3); fountain (2); searched (1); fountain's (1); packet (1); ledger (1); traveler (1),,,automated-screen-clear
s032,8,Fantasy/stories,Innkeeper's Ledger of Debts,154c3a01b3fe370aeb9131345605b103df2bed30da5a400a6f635bf01b29a7c3,252,24,17,10.5,8.73,3.97,corvin (5); lysa (4); ledgers (1); traveler (1); unfinished (1); frightened (1); anyone's (1); rainy (1); borrowed (1); repayment (1); stared (1); forgiveness (1); repay (1); ledger (1); faint (1),,,automated-screen-clear
s033,5,Nature and animals,How Crows Learn a Dangerous Face,dbbf000e5fc703d78e6e9aacf841a1c8c6b238ab8e5aea3fa14493af9ebd50d0,206,15,21,13.73,6.8,0.49,crows (9); masks (1); farther (1); crow (1); crow's (1); afterward (1),,,automated-screen-clear
s034,5,Nature and animals,How Trees and Fungi Exchange Resources Underground,abe5ffceca8715c758c43932c81de8cc71238ae3c08117c793780738be589e61,202,14,23,14.43,9.9,0.5,fungi (4); nutrients (3); partnerships (1); mycorrhizae (1); compounds (1); threads (1); fungal (1); certainty (1); fungus (1); metaphors (1); intentionally (1); seedlings (1); biologically (1); neighboring (1); cooperative (1),,,automated-screen-clear
s035,6,Nature and animals,Fish That Climbs Waterfalls,5f8076a405d3656850c9290975fe72d7b4482e22c6fb476946fc248888741fcd,256,11,33,23.27,13.28,1.95,waterfalls (2); swept (2); gobies (2); hawaiian (1); goby (1); hatch (1); freshwater (1); downstream (1); saltwater (1); upstream (1); reproduce (1); ancestors (1); tumbled (1); leap (1); currents (1),,dense-syntax,needs-editorial-review
s036,6,Nature and animals,The Bees That Vote With Their Bodies,665255b95b3c2174aef3a647179c48352433ff7fc7c3b37e3dc9ec215b1c78eb,262,9,44,29.11,13.36,1.53,bees (5); dances (3); swarm (2); scout (2); centralized (2); honeybee (1); hive (1); collectively (1); individually (1); nesting (1); evaluating (1); cavity (1); performs (1); proportional (1); favors (1),,long-sentence;dense-syntax,needs-editorial-review
s037,7,Nature and animals,Elephant's Long Memory for Grief,5b3edcf744129322a74addf6652596772d123b1d86ba158b18f700d5e25bdfd7,299,9,46,33.22,15.72,2.34,elephants (5); behaviors (4); exhibiting (1); superficially (1); prompting (1); instinctive (1); evolutionarily (1); programmed (1); herds (1); encountering (1); deceased (1); unrelated (1); extensively (1); trunks (1); calves (1),,long-sentence;dense-syntax,needs-editorial-review
s038,7,Nature and animals,Bird That Fakes a Broken Wing,8002c204401b4858e15f5d9eb891ba018fcb5a8f0b269c8f7f1f6f75a9ff3b55,172,13,18,13.23,3.49,1.16,killdeer (2); lays (1); hollow (1); farther (1); lifts (1),,,automated-screen-clear
s039,8,Nature and animals,The Fungus That Controls an Ant's Mind,bc1bceb476ff2638f36299ef2144a46b0edf4b3d148b6fb5fb94d9791aef2ca3,326,7,54,46.57,26.07,3.99,ant (9); fungus (5); fungal (4); spores (3); ant's (3); foraging (3); behavioral (3); manipulation (3); parasitic (2); manipulating (2); host's (2); ants (2); evolutionary (2); unsettling (1); phenomena (1),,long-sentence;dense-syntax;low-frequency,needs-editorial-review
s040,8,Nature and animals,How Humpback Whale Songs Spread,e8196742df633e6e9f2b6b9ebd34c94553bd522df2e425cea66a25aea1033529,205,12,24,17.08,7.8,0.49,whales (5); recordings (2); whale (2); humpback (1); phrases (1); singers (1); novelty (1); copying (1); distances (1); motivations (1),,,automated-screen-clear
s041,5,World affairs,Town That Shared One Library Book,919bf31bac1206a57d56635e9fd11131fafd66b70e1147d31be6a043a4022b02,253,13,31,19.46,3.95,0.0,shelves (2); informal (2); fictional (1); borrowing (1); unused (1); town's (1); organizing (1); repairing (1),,dense-syntax,needs-editorial-review
s042,8,World affairs,A School With No Walls,eb430b955dc5bb7564da05553e2fce5f08cc69a9cab6e184a119137e63e3a1fc,242,11,34,22,8.26,2.07,priya (2); skeptical (2); fictional (1); interfered (1); outdoors (1); desks (1); chalkboard (1); borrowed (1); village's (1); arithmetic (1); priya's (1); copying (1); adapting (1); schooling (1); schedules (1),,,automated-screen-clear
s043,8,World affairs,Island Nation Selling Its Weather,734aa4266a445dd82763cf01eb7fe61f7ad6c3da4581cf9041693a5675312f6e,267,9,49,29.67,12.36,1.12,skies (2); island's (2); steadily (2); recognizing (2); fictional (1); exceptionally (1); astronomers (1); stargazing (1); enthusiasts (1); viable (1); astronomical (1); pursuing (1); attracting (1); limiting (1); fixtures (1),,long-sentence;dense-syntax,needs-editorial-review
s044,8,World affairs,City That Rented Out Its Rooftops,8d412a5dd5c1369ab806b21a944ef76b8eb5653301a7aa251c3b16771608d077,282,9,41,31.33,11.7,0.0,rooftop (6); renewable (3); unused (3); densely (2); fictional (1); persistent (1); shortage (1); populated (1); unconventional (1); uncertain (1); complications (1); standardized (1); specifying (1); incentives (1); financially (1),,dense-syntax,needs-editorial-review
s045,8,World affairs,The Border That Moves Every Spring,93bb4454c2ec4bb2837124c8c27d3c05dc8bef726a632292ac2a75e774aaaa85,334,9,50,37.11,18.26,2.69,river's (5); territorial (3); functioned (2); seasonal (2); flooding (2); shifting (2); surveyors (2); disputes (2); fictional (1); separating (1); erosion (1); periodically (1); renegotiating (1); impractically (1); adjusting (1),,long-sentence;dense-syntax,needs-editorial-review
s046,7,World affairs,Country Without an Official Language,b5ba619370988f3f7f1660b470b90bfdae1309adbebe54f8ab413d25384dd628,307,10,47,30.7,14.33,2.61,linguistic (4); designating (3); symbolic (2); fictional (1); designate (1); avoids (1); whatsoever (1); reflecting (1); nation's (1); exceptionally (1); deliberate (1); designation (1); lengthy (1); inevitably (1); community's (1),,long-sentence;dense-syntax,needs-editorial-review
s047,8,World affairs,Treaty No One Remembers Signing,d0a9c22eef25e3bc2d7162514a298ab0cbab19a730129214277d41bbf240a558,344,9,49,38.22,14.83,1.74,clause (4); treaty's (2); successive (2); unchanged (2); negotiating (2); fictional (1); historians (1); researching (1); puzzling (1); anomaly (1); locate (1); clauses (1); ratified (1); mundane (1); amended (1),,long-sentence;dense-syntax,needs-editorial-review
s048,8,World affairs,The River Two Countries Refuse to Stop Sharing,f9e000f2c6b2ef3d294313faf0ae294edafc313c203bb476e186a188ed85d904,328,9,49,36.44,13.41,1.22,disputes (2); persistently (2); strained (2); hostility (2); durability (2); commission's (2); fictional (1); generating (1); scarcity (1); intensify (1); diminish (1); steadily (1); antagonistic (1); contentious (1); durable (1),,long-sentence;dense-syntax,needs-editorial-review
s049,5,Everyday life,Umbrella That Belonged to Everyone,16df8c7a272e77ff046b4e88c4aa1ac89cf4d82551def6e0de5b1df19217b7f2,217,11,38,19.73,8.76,0.46,umbrella (5); umbrellas (4); rainy (3); handwritten (1); rains (1); mornings (1); crowded (1); mismatched (1); mateo (1); unofficial (1),,long-sentence;dense-syntax,needs-editorial-review
s050,5,Everyday life,Learning to Ride a Bike at Forty,942b50d8640bb2fda0b2aba5d5551149b75d18b6f9e1342947808507455e9f49,239,13,38,18.38,10.04,0.42,camille (3); bicycle (3); coworkers (1); basics (1); clumsy (1); frustrating (1); wobbled (1); scraping (1); lightly (1); apologies (1); learner (1); trusting (1); upright (1); wobbly (1); uneven (1),,long-sentence;dense-syntax,needs-editorial-review
s051,6,Everyday life,The Neighbor's Garden Wall,75d1cd148bf0f1db18ca58bc2e222d985a25a7d491b837c08061109784819dd6,235,8,38,29.38,9.36,2.55,tile (4); farida (3); tiles (3); alvarez (3); neighbor's (1); grandchild's (1); unrelated (1); informal (1); street's (1); evenings (1); nodded (1); approvingly (1); mentioning (1),,dense-syntax,needs-editorial-review
s052,6,Everyday life,Waiting for the Repairman,1f6cd0676b906b90539399193b7c5799ffbbaac617acfb83529d1d11f2487aa6,237,8,41,29.63,12.66,2.53,refrigerator (5); deshawn (3); groceries (2); deshawn's (1); unexpectedly (1); inconvenienced (1); scheduling (1); frustrating (1); discard (1); refrigerated (1); stocking (1); spoil (1); unused (1); borrowing (1); friend's (1),,long-sentence;dense-syntax,needs-editorial-review
s053,7,Everyday life,Silence After the Renovation,218f3cc26d8032fca343195f12098f8b80979aec0ecf78fe49a6d211c8882333,216,17,18,12.71,8.8,2.78,odalys (3); renovating (1); repaired (1); fixtures (1); crowded (1); belongings (1); relieved (1); uneasy (1); brighter (1); renovation (1); floorboards (1); creaked (1); vanished (1); wandered (1); objectively (1),,,automated-screen-clear
s054,7,Everyday life,The Habit of Sunday Phone Calls,ecd634445a139aa2d5502b7cb4958d2a9980e16b6e309d8c22632300c1967481,216,19,18,11.37,3.7,1.39,grzegorz (3); evenings (1); restless (1); rituals (1); copying (1); dependable (1),,,automated-screen-clear
s055,8,Everyday life,Inheritance of an Empty House,a00c53923098b025239faea3a410f19658750a99ed115c5292db32d64ef7d38c,373,9,57,41.44,12.87,4.56,wilhelmina (5); aunt's (3); unremarkable (3); correspondence (3); inherited (2); straightforward (2); sorting (2); admittedly (2); preserving (2); settling (1); accumulated (1); extraordinarily (1); logistically (1); tucked (1); revealing (1),,long-sentence;dense-syntax;very-low-frequency,needs-editorial-review
s056,8,Everyday life,Ritual of the Late Train,1ef08f51e6416e7ed011450642fb86139ebf050ae5168b51f44d5caafae290b6,398,10,59,39.8,9.3,1.01,bartholomew (4); scheduling (2); weeknight (1); unusually (1); necessity (1); commuters (1); distinctly (1); crowded (1); scattered (1); uninterrupted (1); solidified (1); comfortably (1); predictable (1); restructured (1); permitting (1),,long-sentence;dense-syntax,needs-editorial-review
s057,5,History,The Boy Who Rang the Wrong Bell,70ff2f57751d7142cfe1d9064dd88c99bf2dcdf4f0a31f961f57149dde0c7e1c,264,10,36,26.4,11.74,0.38,tomas (4); coastline (2); rang (2); whale (2); fictional (1); unspecified (1); bells (1); storms (1); foggy (1); mist (1); frightened (1); loudly (1); fishermen (1); rushed (1); belongings (1),,long-sentence;dense-syntax,needs-editorial-review
s058,8,History,Map Made of Sticks,c19365bf84893167c7f45d5b3639a8dd290278920ae872839e2dad2d52446a2d,259,10,45,25.9,11.2,1.93,sailors (3); navigators (3); shells (2); fictional (1); unspecified (1); fibers (1); stretches (1); currents (1); navigate (1); curved (1); swells (1); memorized (1); voyage (1); voyages (1); extensively (1),,dense-syntax,needs-editorial-review
s059,8,History,Winter the River Became a Road,afd2d6a6a396712fd6f4c0d002f450c8b63e478b0df1cd4ade751e3bb85d695c,310,8,49,38.75,11.94,0.97,overland (4); merchants (3); wagons (2); sufficiently (2); seasonal (2); fictional (1); unspecified (1); unusually (1); inland (1); froze (1); occurrence (1); warmer (1); enterprising (1); smoother (1); region's (1),,long-sentence;dense-syntax,needs-editorial-review
s060,8,History,The Queen Who Never Left Her Room,43394ab9101a4e5d7b048d267655de99d25c2e6a0420ea887ec376ddc0e93249,308,8,55,38.5,7.79,0.0,historians (3); queen's (3); diplomats (2); deliberate (2); confinement (2); fictional (1); unspecified (1); thirties (1); speculation (1); diminished (1); exclusivity (1); arguably (1); sharply (1); insufficient (1); definitively (1),,long-sentence;dense-syntax,needs-editorial-review
s061,7,History,Clerk Who Saved a City's Records,6aa059ac7c138e582078453b2eb37a5173cf8113dba72768ebc48ad3707a9395,371,12,53,30.92,12.67,2.7,aldric (5); monastery (3); invading (2); historians (2); fictional (1); unspecified (1); prolonged (1); administrators (1); evacuated (1); abandoning (1); looting (1); survives (1); evacuating (1); transportable (1); containers (1),,long-sentence;dense-syntax,needs-editorial-review
s062,8,History,Expedition That Got the Math Wrong,bdbd683a76cfa066674b804ceccdddcf52de2aab1ff3d03c4e591f6da283dda3,364,10,49,36.4,17.31,2.2,surveying (5); expedition (3); geographic (3); expedition's (3); surveyor (3); sequential (3); accumulated (3); calculation (2); undetected (2); progressively (2); fictional (1); unspecified (1); nineteenth-century (1); dispatched (1); landmarks (1),,long-sentence;dense-syntax,needs-editorial-review
s063,8,History,The Diplomat Who Negotiated in Silence,6a59dbe437f8defca8a6697a0a75ab0e25b7ecc72f2f9f1731367d459a224183,386,8,59,48.25,18.91,2.59,negotiating (5); historians (3); negotiation (3); verbal (3); substantive (3); correspondence (2); delegates (2); favorable (2); concessions (2); debated (2); deliberate (2); fictional (1); unspecified (1); protracted (1); territorial (1),,long-sentence;dense-syntax,needs-editorial-review
s064,8,History,Census That Counted the Wrong Century,33f641e1b3b2fb8afdb9a656ceec753137cb435719092ab1c99b97d40b5d5382,356,8,53,44.5,16.01,2.81,demographic (5); archival (3); discrepancy (3); province's (3); censuses (2); inconsistent (2); cross-referencing (2); fictional (1); unspecified (1); reviewing (1); puzzling (1); incompetence (1); sophistication (1); governmental (1); standardized (1),,long-sentence;dense-syntax,needs-editorial-review
s065,8,Science,Why Onions Make You Cry,51ce0991da47d0a8500dfbea7520fa2712441a11f04ff845fc1d24b46b396a90,249,9,45,27.67,11.24,0.4,onion (6); onions (3); irritating (2); sting (1); touches (1); harmless (1); uncut (1); floats (1); invisibly (1); reacts (1); unpleasant (1); responds (1); interestingly (1); evolve (1); discourage (1),,dense-syntax,needs-editorial-review
s066,8,Science,How Spiders Build Without a Plan,1bf85ed9152ce571c9f74d36881d1d056d6f879c74fe867dcad56d2b7b830a4d,262,7,51,37.43,9.54,0.76,spiders (5); webs (3); outward (2); remembering (1); instincts (1); encoded (1); strand (1); catches (1); web's (1); builds (1); spiral (1); threads (1); steadily (1); instinctual (1); inherited (1),,long-sentence;dense-syntax,needs-editorial-review
s067,6,Science,Ice That Doesn't Melt Evenly,6b495878808556552698efa87404ba7c3b07bb2862109aa413d3d50feb4491fb,265,8,49,33.13,18.11,2.26,melting (7); cube (4); warmer (3); cubes (2); melt (2); uneven (2); melts (2); meltwater (2); currents (2); uniformly (1); shrinking (1); evenly (1); absorbs (1); denser (1); downward (1),,long-sentence;dense-syntax;low-frequency,needs-editorial-review
s068,6,Science,Why Some Metals Remember Their Shape,1b7adfb78fa9fe5c7b23fbc6cb0486af83ccb86bccf5e472e59c8ce178395720,266,9,46,29.56,15.04,2.63,bent (3); alloys (3); metals (2); deformed (2); metal's (2); atomic (2); alloy's (2); atoms (2); rigid (2); patient's (2); tendency (1); whatsoever (1); deforming (1); scientifically (1); behaves (1),,long-sentence;dense-syntax;low-frequency,needs-editorial-review
s069,7,Science,The Bacteria That Eat Plastic,1167615eeabbda5e2f309bebbacf0b9469b0e4e75cb7b26fdc71cde4877df93d,336,7,51,48,13.69,1.19,recycling (5); enzyme (3); bacterial (3); nutritional (2); plastic-degrading (2); occurring (2); accumulating (1); inert (1); biologically (1); indigestible (1); persistently (1); resistant (1); plastics (1); decomposition (1); degradation (1),,long-sentence;dense-syntax,needs-editorial-review
s070,8,Science,Do Plants Feel Pain?,49b92a3d1496143e066ec2b19c4f39e274c53b3453433e58048a4ce3ef1f7a76,201,16,20,12.56,6.47,1.49,bitten (1); defenses (1); neurons (1); plant's (1); adaptive (1); organism's (1); sensing (1); unimportant (1); signaling (1); ecologically (1); separates (1); measurable (1); assigning (1),,,automated-screen-clear
s071,8,Science,Particle That Barely Exists,b862e85a0d477f5c343549ea2765c6d11f363b04123b9a9bb13f4ee4a933f4ac,382,8,69,47.75,19.11,5.5,neutrinos (8); neutrino (7); physicists (4); particle (3); extraordinarily (3); whatsoever (2); interacting (2); dense (2); occurring (2); fundamentally (2); inaccessible (2); cosmic (2); conceptually (1); entities (1); subatomic (1),,long-sentence;dense-syntax;very-low-frequency,needs-editorial-review
s072,8,Science,The Clock That Runs Faster on a Mountain,cac13fe55219ddb3650b76fe533446c702be398d723d094100f35751cc6bebc1,395,8,63,49.38,23.54,5.06,gravitational (9); clocks (5); positioned (4); dilation (4); altitude (4); positioning (4); einstein's (3); earth's (3); measurably (3); relativistic (3); relativity (2); tick (2); extraordinarily (2); physicists (2); counterintuitive (1),,long-sentence;dense-syntax;low-frequency;very-low-frequency,needs-editorial-review
s073,5,Famous books,Scrooge Sees His Past,e7becc031a5eb5cd1d60184510cc0ad7616c596c343350f4670ec5cdea635832,213,18,23,11.83,5.16,4.23,scrooge (8); belle (2); fezziwig (1),,very-low-frequency,needs-editorial-review
s074,5,Famous books,Scrooge Meets the Second Spirit,0a183eb1610a53c0e7a781ef85b2fac72c650cb8b861b730f19e4261c0986d7d,201,17,18,11.82,7.46,4.48,scrooge (7); cratchit (2); welcomed (1); feast (1); cheerful (1); hopeful (1); celebrations (1); frightened (1),,very-low-frequency,needs-editorial-review
s075,6,Famous books,Elizabeth Meets Mr Darcy,1b9e579aba3ce31b6e2baf9edbe3e5c10ef16dd67de4fb6e01371d44eebd9e06,194,20,18,9.7,9.28,0.0,darcy (7); bennet (1); crowded (1); admired (1); danced (1); amused (1); lively (1); flatter (1); unfriendly (1); judged (1); mistaken (1); judgments (1),,,automated-screen-clear
s076,6,Famous books,Darcy's First Proposal,1f2d5a3e5b50e6edebcff68008ee81bb31b4aeefd4adc836d9954600f1326a1b,203,21,19,9.67,6.4,0.49,darcy (5); reconsider (2); blamed (1); separating (1); bingley (1); selfishness (1); cruelty (1); accusations (1),,,automated-screen-clear
s077,7,Famous books,Pip Meets the Convict,07bbfaceb5875f34d76aa32da12ef37482872ab0362bb44acbd06f1b56043b41,193,17,25,11.35,6.74,0.52,pip (6); marshes (1); graves (1); terrified (1); marsh (1); pip's (1); frightened (1); gratitude (1),,,automated-screen-clear
s078,7,Famous books,Pip Visits Miss Havisham,9f9bcd08e102e43ca30d24376c2a3618a1f26a71a2228ae056f4858667ddfbdc,191,16,20,11.94,10.99,4.19,pip (5); havisham (4); estella (3); decaying (1); feast (1); decay (1); mocked (1); pip's (1); manners (1); admiration (1); unfinished (1); dissatisfied (1),,very-low-frequency,needs-editorial-review
s079,8,Famous books,A Tale of Two Cities Begins,ff577341d5d799ac78bc65f8264e0fcbbba381d18839500cdb566d4822c76671,200,15,20,13.33,9.0,2.0,lucie (3); manette (3); imprisonment (2); contradictions (1); banker (1); lorry (1); learns (1); eighteen (1); spends (1); lucie's (1); inequality (1); grievances (1); imprisoned (1),,,automated-screen-clear
s080,8,Famous books,Doctor Manette Returns to Life,216ff70a8338f1a22b868de57a2384dd4c7efcb19b496e3874e868296928700b,201,17,20,11.82,7.46,1.99,manette (3); lucie (2); imprisonment (1); spends (1); repetitive (1); predictable (1); fragments (1); recovers (1); shoemaking (1); erase (1); revolutionaries (1); merciful (1),,,automated-screen-clear
s081,5,Fantasy/stories,The Lantern That Only Lights for Honest People,f08e9bea0ed8b9b8e05007eecd1c84421b8ebe3c0fe7e3bfe993e4015e3e1cfa,251,15,28,16.73,9.56,1.59,lantern (8); villagers (2); unlit (1); glow (1); loudly (1); unremarkable (1); plainly (1); neighbor's (1); frightened (1); confess (1); flickered (1); softly (1); glowed (1); steadily (1); brighter (1),,,automated-screen-clear
s082,6,Fantasy/stories,Weaver Who Sold Dreams by the Yard,8f392d6672e81bd7e032e8b8ef7963470f3d1fc22626e703dd5cb4480c57e16f,261,9,40,29,13.41,4.21,ottilie (3); nobleman (3); canopy (3); threads (2); ottilie's (2); pillowcase (2); woven (1); phases (1); handsomely (1); pillowcases (1); blankets (1); troubled (1); sleepers (1); nightmares (1); restless (1),,long-sentence;dense-syntax;very-low-frequency,needs-editorial-review
s083,7,Fantasy/stories,Apprentice Who Inherited a Debt of Silence,60293006199eabe39d3b341067faf2329a631b03207a864cc368645efb1cbca8,216,18,20,12,11.57,4.63,yevgeni (4); casimir (4); remedies (3); unexplained (2); apprentice (1); inherited (1); apothecary (1); shelves (1); inherit (1); master's (1); initials (1); owed (1); yevgeni's (1); lifelong (1); gratitude (1),,very-low-frequency,needs-editorial-review
s084,8,Fantasy/stories,The Bridge That Charges a Different Toll to Everyone,2b87b35f088bacffce4ae49c4fac481daaee35cfb4db0d985f73261c7486ef75,344,9,55,38.22,15.41,1.74,travelers (6); traveler (2); whatsoever (2); interpreted (2); skeptical (2); scholar (2); aldenmoor (1); rushvale (1); calibrated (1); merchants (1); parting (1); sums (1); negligible (1); poorer (1); tolls (1),,long-sentence;dense-syntax,needs-editorial-review
s085,5,Nature and animals,What Octopus Color Changes Can Signal,09f8ce0c425d64aa4fd468246a789ecb04538108d6f932dfb047ac8262e1996b,257,8,52,32.13,12.45,3.11,octopuses (4); camouflage (3); octopus's (2); octopus (2); blending (1); seamlessly (1); coral (1); predators (1); chromatophores (1); fraction (1); slower (1); hormonal (1); observing (1); predator (1); cautious (1),,long-sentence;dense-syntax;very-low-frequency,needs-editorial-review
s086,6,Nature and animals,Ants That Build Living Bridges,ed4f8b19abc2cee6101c5cb37e1f59dc9056fca048eedbfef0721322d53cba2c,196,17,17,11.53,6.12,0.0,ants (6); ant (3); nests (1); hooks (1); responds (1),,,automated-screen-clear
s087,8,Nature and animals,The Bat That Navigates by Borrowed Echoes,1bcc99e6a4fde0734b522285fbb05c80cfc6414138ff6c3da47d6609f0c5c31f,299,8,50,37.38,19.06,6.02,bats (8); echolocation (7); eavesdropping (3); acoustic (3); prey (2); bat's (2); navigational (2); navigate (1); interpreting (1); echoes (1); construct (1); surroundings (1); obstacles (1); colonies (1); eavesdrop (1),,long-sentence;dense-syntax;very-low-frequency,needs-editorial-review
s088,8,Nature and animals,How Corals Record Past Ocean Conditions,1eb22e88490a1a1bf67960acf979a5b11d8fd60d8e0183a2ce6612be7c91b8d8,208,14,24,14.86,11.54,0.96,coral (5); corals (2); skeletons (2); clues (1); ratios (1); skeleton (1); coral's (1); reconstruct (1); rainfall (1); circulation (1); uncertainties (1); colonies (1); thermometers (1); interpreting (1); calibration (1),,,automated-screen-clear
s089,6,World affairs,Village That Grows Its Own Electricity,63eca95dbae73ecd283f231b57fe4b4025e001b87073e16b8264b4a81d178d35,269,9,43,29.89,11.52,1.86,biogas (3); generators (2); village's (2); fictional (1); relied (1); unreliable (1); costly (1); steadily (1); manure (1); cows (1); villagers (1); skeptical (1); uncertain (1); realistically (1); pumping (1),,long-sentence;dense-syntax,needs-editorial-review
s090,6,World affairs,The City That Banned Cars for a Day,ceb25954a6268324d1499b0d16b1a9e94b3e73d7099eb9e6a0e9307523611254,282,9,43,31.33,9.57,0.35,congestion (2); pedestrian (2); automobile (2); fictional (1); persistent (1); worsening (1); banning (1); automobiles (1); pedestrians (1); cyclists (1); coordinating (1); sundays (1); unusually (1); pedestrian-friendly (1); inconvenience (1),,long-sentence;dense-syntax,needs-editorial-review
s091,7,World affairs,Nation That Measures Progress by Happiness,c6c9e7a31258bbf33174cd761f44664a09cd8f44ce29b75aa41abcdace118986,300,8,54,37.5,14.33,1.67,indicators (4); wellbeing (4); nation's (2); metric (1); arguably (1); societal (1); flourishing (1); explicitly (1); prioritizing (1); evaluating (1); incorporates (1); vitality (1); sustainability (1); assessments (1); inherently (1),,long-sentence;dense-syntax,needs-editorial-review
s092,8,World affairs,Two Cities Sharing One Airport,c5ca3935796b91e58fac95bd005c0360f4ad2bd98cf8ee7f71626d32d3e7986c,360,10,59,36,9.17,1.39,fictional (1); bisect (1); strategically (1); geographically (1); constrained (1); jointly (1); runways (1); terminals (1); straddled (1); unprecedented (1); bureaucratic (1); coordination (1); protocols (1); disorienting (1); unambiguous (1),,long-sentence;dense-syntax,needs-editorial-review
s093,5,Everyday life,The Recipe Card With No Measurements,abac7dd8200be4a7100b727f0554f4f78992fb0683319dab4e721884f225faed,239,11,39,21.73,10.46,2.09,naledi (5); grandmother's (4); stew (2); tasted (2); inherited (1); recreate (1); handwriting (1); frustrating (1); onions (1); clearer (1); vague (1); tasting (1); adjusting (1); noticeably (1); dinners (1),,long-sentence;dense-syntax,needs-editorial-review
s094,6,Everyday life,Commute That Became a Friendship,951856014bdce7034ba68899f023d736ee3352105e7483e2a80cf115f824ae00,203,17,19,11.94,8.37,0.99,henrik (3); solveig (2); commute (2); rode (1); crowded (1); exchanged (1); polite (1); nods (1); unfamiliar (1); enjoyable (1); hobby (1); dull (1); silently (1),,,automated-screen-clear
s095,7,Everyday life,Year Without a Microwave,891600a88328b2390a43981e211bfc68817e9e750a17ae3b63268aa499a2c740,215,17,21,12.65,8.84,0.93,microwave (4); priscilla (2); priscilla's (1); weekday (1); unavailable (1); researching (1); inconvenience (1); frustrating (1); reheating (1); stove (1); slower (1); healthier (1); eighteen (1); accidental (1); noticing (1),,,automated-screen-clear
s096,8,Everyday life,The Father's Silence and the Son's Questions,d06544ce2896a8c096849c10def6b1236dfeab4617da10ba3b27e9cf598cb575,327,8,56,40.88,14.37,4.59,anselm (5); anselm's (2); unexplained (2); vague (2); reluctance (2); upbringing (1); deflecting (1); discouraged (1); explicitly (1); forbidding (1); adolescence (1); evident (1); persistent (1); hurtful (1); curiosity (1),,long-sentence;dense-syntax;very-low-frequency,needs-editorial-review
s097,5,History,Drummer Who Warned a Village,99eccec564ddf29a24b44eb04565d8a2ddd7e1e363a877f369e2c4655cbf19ed,209,18,24,11.61,7.66,2.87,petar (5); villagers (2); fictional (1); unspecified (1); drummer (1); floods (1); lantern (1); villager (1); thanked (1); aching (1); depended (1),,very-low-frequency,needs-editorial-review
s098,7,History,Coin With Two Different Faces,8b46206f676b0f45c2756bebcd8a90a2ef88975fa8dac20934bf9b999e230365,317,8,58,39.63,12.3,2.52,government's (2); uncertain (2); merchants (2); fictional (1); unspecified (1); instability (1); claimants (1); ruler (1); minting (1); assert (1); legitimacy (1); minted (1); rival's (1); merchant's (1); currencies (1),,long-sentence;dense-syntax,needs-editorial-review
s099,7,History,The Interpreter Who Refused to Translate,7655016c912f4ed698b2143f2c0580b21dfdf9a254d80fc1cadd6f47bdf30455,347,9,60,38.56,16.71,4.61,ysolde (4); literal (3); interpreter (2); linguistic (2); delegate (2); rephrase (2); fictional (1); unspecified (1); negotiation (1); delegations (1); relied (1); assignments (1); midway (1); territorial (1); delegation's (1),,long-sentence;dense-syntax;very-low-frequency,needs-editorial-review
s100,8,History,Governor Who Ruled by Letter Only,47867ea865eca5ce4f606384aae10c594f1bcabceb8902ac33b12f36f6950380,381,9,56,42.33,16.01,2.36,consultative (5); historians (4); unilateral (3); inherent (2); administrators (2); superiors (2); slower (2); governor's (2); fictional (1); unspecified (1); govern (1); unavoidable (1); constraints (1); territorial (1); dispatching (1),,long-sentence;dense-syntax,needs-editorial-review
s101,5,Science,Why Cats Always Land on Their Feet,f8497545f873137be438a6e58e672d7d916fceb2e396a9b67e24037dd7f3e1b2,172,16,22,10.75,5.81,0.58,reflex (2); righting (1); develops (1); kittens (1); cat's (1); spine (1); spreads (1); absorb (1); balconies (1),,,automated-screen-clear
s102,6,Science,The Salt That Preserves Without Cold,6fbb899f233153df900eee7d8b88982f66b81cb47fdc3592bbe9cf63541da97f,279,9,47,31,10.39,2.51,refrigeration (2); spoilage (2); multiply (2); preservative (2); straightforward (1); microorganisms (1); decay (1); eventual (1); osmosis (1); dehydrating (1); depriving (1); reproduction (1); spoilage-causing (1); salted (1); edible (1),,long-sentence;dense-syntax,needs-editorial-review
s103,7,Science,Fungus That Glows in the Dark,cda71d744770c9e9850a93b5c77fe4d444f81ae50abf4884ef6c75a8a3df661e,162,15,19,10.8,10.49,0.62,fungus (3); glow (3); fungi (2); luciferin (1); enzyme (1); spores (1); warns (1); hunters (1); harmful (1); glowing (1); non-glowing (1); trait (1),,,automated-screen-clear
s104,8,Science,Star That Refuses to Die Quietly,cf6e06b1e27e0eca2c71eda64c7754f06f48ba1e0c99bab6484992da86e8cc71,350,9,51,38.89,16.0,1.43,stellar (7); supernova (6); astronomers (2); undergo (2); astronomical (2); brightening (2); masses (1); exhaust (1); predictable (1); evolutionary (1); dwarf (1); catastrophically (1); collapsing (1); star's (1); persistently (1),,long-sentence;dense-syntax,needs-editorial-review
s105,5,Famous books,Scrooge Wakes on Christmas Morning,ca16debae897619dc9afbf196f184956c76b848bc7ddda73ba37ee454981b311,213,19,22,11.21,7.98,5.16,scrooge (8); cratchit (3); bells (1); loudly (1); greeted (1); pretended (1); announcing (1); erase (1),,very-low-frequency,needs-editorial-review
s106,6,Famous books,The Crisis Caused by Lydia,43720e3ff58bb066bd43b0d4efdb2763caf48cf5ea24a21804e66256306e6c8e,199,17,21,11.71,12.56,4.02,wickham (5); darcy (4); lydia (2); elizabeth's (1); brighton (1); disastrous (1); bennet (1); lydia's (1); horrified (1); dishonest (1); afterward (1); searched (1); wickham's (1); debts (1); disliked (1),,very-low-frequency,needs-editorial-review
s107,7,Famous books,Pip Learns Who Helped Him,4c120a69fa40b20528052664db985f57a291fc174e2f5ddac9527a14c0dc8c31,208,19,27,10.95,12.5,3.37,pip (6); pip's (3); estella (2); havisham (1); stormy (1); convict (1); marshes (1); frightened (1); benefactor (1); admired (1); disgust (1); revelation (1); reconsider (1); assumptions (1); socially (1),,,automated-screen-clear
s108,8,Famous books,Carton and Darnay Look Alike,a2863fc96102ad98494ad12d99385fcdc83cac267981bd7da427f84a78f322dc,201,19,18,10.58,13.43,3.48,darnay (6); carton (5); resemblance (2); treason (1); remarkably (1); confuse (1); similarity (1); resembling (1); disciplined (1); polite (1); dissatisfied (1); lucie (1); manette (1); builds (1); assumes (1),,,automated-screen-clear
s109,9,Fantasy/stories,Cartomancer's Final Reading,6466253dc35d2824f2e75911a5a03fc0778a94fec8bad88cefdd81e921e70a92,476,11,65,43.27,14.71,4.62,osvaldina (5); prediction (2); uncertain (2); readings (2); troubling (2); unremarkable (2); practiced (1); cartomancy (1); clientele (1); nobility (1); merchants (1); monarch (1); incognito (1); difficult-to-articulate (1); glimpsed (1),,long-sentence;dense-syntax,needs-editorial-review
s110,9,Fantasy/stories,Puppeteer Who Lost the Strings,7774001ccf10908acf6b9ebc4de51b174bbfa7dcdfbf2d9beca55dd14ad51bed,452,10,59,45.2,22.57,5.97,puppets (10); anatol (7); marionettes (5); anatol's (3); cruelty (3); puppet (2); lifelike (2); stiff (2); commissioned (2); portray (2); betrayal (2); embody (2); adjusting (2); resting (1); mastery (1),,long-sentence;dense-syntax;low-frequency;very-low-frequency,needs-editorial-review
s111,10,Fantasy/stories,The Alchemist's Unfinished Equation,1db07bf6e0b0910eb589d5e3da83fe968d57e96dd7426b29fa46d3133d2cb580,538,10,83,53.8,21.56,6.51,theodoric (4); theodoric's (4); eventual (4); master's (4); unfalsifiable (3); alchemical (2); refined (2); persistent (2); pseudo-science (2); experimentation (2); refinement (2); dedication (2); skeptical (2); elaboration (2); perpetua (2),,long-sentence;dense-syntax;very-low-frequency,needs-editorial-review
s112,10,Fantasy/stories,Keeper of Names No One Speaks,5ebe2b50edd2df93a0633b29327cba5fbecda9af42c66b3b8589230508fc45cc,530,10,64,53,18.49,4.15,theological (6); erased (5); erasure (4); monastery's (4); community's (3); preserving (3); cassian (3); monks (2); archive (2); offenses (2); originating (2); spiritually (2); punitive (2); monastic (2); cosmic (2),,long-sentence;dense-syntax,needs-editorial-review
s113,9,Nature and animals,How Instinct and Experience Guide Bird Migration,0380a4bf623322b7b926a667525cc3c0060d9753cf9b628e55a4fd14b20960ac,206,16,18,12.88,9.22,0.49,inherited (2); migratory (1); migrate (1); inheritance (1); landmarks (1); earth's (1); cues (1); travelers (1); tags (1); comparisons (1); habitats (1); instinct (1); skipped (1); population's (1); layered (1),,,automated-screen-clear
s114,9,Nature and animals,How Cleaner Fish Trade a Service,8f1cff3f4e7a0dfc8d1897cb6c702c1d4725d6a2f6bfb1322c9d70996fffd0d3,200,13,26,15.38,10.5,0.5,cleaner (4); parasites (2); cleaners (2); coral (1); reefs (1); mouths (1); gills (1); mutualism (1); cooperative (1); mucus (1); punish (1); cheats (1); reef (1); predator (1); abruptly (1),,,automated-screen-clear
s115,10,Nature and animals,Ecosystem Hidden Beneath the Ice,dba1022ca1924a1d4f35915e879ab53f4ebd27118d783045ffcbcd30e205175b,483,9,66,53.67,18.01,3.93,subglacial (5); antarctic (4); ecosystem (3); microbial (3); geological (2); extraordinarily (2); incompatible (2); sustaining (2); lake's (2); broadly (2); evolutionary (2); antarctica's (2); freshwater (1); kilometers (1); earth's (1),,long-sentence;dense-syntax,needs-editorial-review
s116,10,Nature and animals,What Scientists Mean by Self-Domestication,c5ef877e0412280981dfc0b19d6aed8fbb586deaeb2156eb9e914e8334bf74a6,215,14,23,15.36,13.49,2.33,domestication (2); self-domestication (2); hypothesis (2); aggression (2); traits (2); reproduce (1); proposes (1); reactive (1); deliberate (1); tolerate (1); bonobos (1); settlements (1); intentional (1); developmental (1); debated (1),,,automated-screen-clear
s117,9,World affairs,The Currency Backed by Trust Alone,021616d05e81b724ca29f7c87a0f2085cdfe88e65577f5042fac1acabf4bc5f1,469,12,59,39.08,13.86,0.64,system's (4); informal (3); improvised (3); relying (2); crises (2); fairness (2); economists (2); fictional (1); catastrophic (1); rendered (1); worthless (1); confronting (1); reliably (1); severity (1); collaboratively (1),,long-sentence;dense-syntax,needs-editorial-review
s118,9,World affairs,Parliament That Meets Underwater,dd307aa1add459a4bc13ece1eb18a5e9223217305dbae1eb5f6fea0446c8b873,507,12,63,42.25,13.81,1.38,symbolic (7); existential (5); unprecedented (4); underwater (4); sovereignty (4); nation's (3); posed (2); uninhabitable (2); frameworks (2); scenarios (2); render (1); portions (1); convened (1); scuba (1); submerged (1),,long-sentence;dense-syntax,needs-editorial-review
s119,10,World affairs,Diplomatic Immunity That Outlived Its Purpose,3788656f862a38c5f9d6c41e9ecadf3bc62f45c34add2d2b710cb5338b4303b5,528,10,70,52.8,14.02,1.52,immunity (7); diplomats (4); cooperative (4); bilateral (4); accountability (3); unrelated (3); immunity's (3); protections (3); offenses (2); unstable (2); frameworks (2); diplomat's (2); accredited (1); arbitrary (1); detention (1),,long-sentence;dense-syntax,needs-editorial-review
s120,10,World affairs,The Federation That Never Formally Existed,b61c6048be84992e0f1c5a0c7012fb80956a3a58f32cc54944c67bc069ffe885,476,12,77,39.67,14.5,1.26,informal (10); governmental (3); cooperative (3); coordination (3); legitimacy (3); historians (2); neighboring (2); ratification (2); sovereignty (2); calculation (2); accountability (2); fictional (1); unusually (1); coordinated (1); confederational (1),,long-sentence;dense-syntax,needs-editorial-review
s121,9,Everyday life,Grief That Arrived Years Late,31eab5909881dd0f4f19def686f252811d6c0837f559d66beb569b8b31f15c94,507,12,62,42.25,11.24,3.16,rosalind (5); processed (3); brother's (3); bereavement (3); composure (2); aftermath (2); appropriately (2); disorienting (2); rosalind's (2); grief's (2); resuming (1); psychologically (1); paced (1); timeframe (1); functioned (1),,long-sentence;dense-syntax,needs-editorial-review
s122,9,Everyday life,Language Two Siblings Invented,6f97208bba185a1de838a4e6a71c9857160f554d5973d3d91b2c28069fe3513e,451,10,62,45.1,15.3,3.33,unsupervised (4); vocabulary (3); linguistic (3); schedules (2); anneke (2); bertrand (2); incorporating (2); phrases (2); companionship (2); examining (2); overlapping (1); deliberate (1); gestural (1); observer (1); readily (1),,long-sentence;dense-syntax,needs-editorial-review
s123,10,Everyday life,The Inheritance of an Unfinished Argument,ffb6c1de98604211f3d1c0263c7eb58dab60a6e513cbdae9828fd8a09a4dbcd8,559,12,71,46.58,14.49,1.61,cornelius (10); disagreement (4); cornelius's (3); unresolved (3); evolving (3); unsent (3); reconciliation (3); prompted (2); extensively (2); unshared (2); protracted (1); preceding (1); explicitly (1); forgiven (1); noticeably (1),,long-sentence;dense-syntax,needs-editorial-review
s124,10,Everyday life,Correspondence That Outlasted the Marriage,ab34ee247fece48dc74ced15679fa05eed91f82f198e034bbf582227397f7262,553,11,71,50.27,15.55,3.98,wilhelmina (6); correspondence (5); marriage's (5); accumulated (4); dissolution (4); eventual (3); retrospective (3); diminished (3); attentiveness (3); rereading (2); attentive (2); uncertain (2); sustain (2); sorting (1); exchanged (1),,long-sentence;dense-syntax,needs-editorial-review
s125,9,History,Cartographer Who Erased a Kingdom,79b457e2e3eac4f1256d77f3b6666c0de581c35592551bea0a92eb124a7f1e32,554,13,79,42.62,18.41,4.87,territorial (8); documentation (6); aldwin (5); patron's (5); cartographic (5); commissioned (4); historians (4); depicting (3); disputed (3); aldwin's (3); patron (2); factual (2); straightforward (2); fictional (1); unspecified (1),,long-sentence;dense-syntax,needs-editorial-review
s126,9,History,The Famine That Rewrote a Legal Code,8dca3516566f696fc53cab349674004a1bd97014ae0ead5425457dec98b785bf,554,13,64,42.62,16.43,3.07,inheritance (9); famine (6); famine's (5); succession (4); rigid (3); historians (3); absent (3); disruption (2); mortality (2); patrilineal (2); unworked (2); substantially (2); crisis's (2); undeniable (2); inadequacies (2),,long-sentence;dense-syntax,needs-editorial-review
s127,10,History,Empire That Governed by Rumor,78062ac483260280f5986f96c082311f6dd1ca90e3a5bc6dcffbc16612cb4252,582,12,72,48.5,18.21,3.44,empire's (10); historians (4); cultivated (4); territorial (2); rumor (2); deliberate (2); relying (2); strategically (2); recognizing (2); realistically (2); exaggerating (2); administrators (2); narratives (2); nominal (2); fearsome (2),,long-sentence;dense-syntax,needs-editorial-review
s128,10,History,Scribe Who Forged His Own Death,c518b7d6100c262ae8544aef108f4d11f5ca475769d16d99014cdd27eb11448c,600,13,69,46.15,12.17,3.0,aurelian (8); documentation (5); historians (5); deception (4); implicated (3); scribe (2); orchestrated (2); convincing (2); damaging (2); vindication (2); fictional (1); unspecified (1); implicating (1); reigning (1); monarch (1),,long-sentence;dense-syntax,needs-editorial-review
s129,9,Science,How a Small Biological Change Can Affect a Food Web,90b1c781639f58cd86efe0094cd3197b46669950231fb3a4946de73e2ff175d5,205,12,27,17.08,10.73,0.98,predators (2); algae (2); enzyme (2); connects (1); organisms (1); farther (1); nutrients (1); reproduce (1); enzymes (1); ecologists (1); rewired (1); traces (1); sampling (1); traits (1); ecosystem (1),,,automated-screen-clear
s130,9,Science,Memory That Exists Outside the Brain,0f5d8107a050474ad2d998da4f9c5528bd71d64e56a0f1eeae69ae3ec8fb93b7,473,12,63,39.42,19.66,3.17,neural (7); organism (6); centralized (6); behavioral (5); possessing (4); slime (4); organisms (4); organism's (3); neuroscience (3); mold (3); neuroscientists (2); extensively (2); whatsoever (2); puzzling (2); single-celled (2),,long-sentence;dense-syntax,needs-editorial-review
s131,10,Science,Symmetry That Physics Cannot Explain,3a7fedc522a508e84ebc1feb06005d9fa0c593bf59670494e2b8e9e25cf0c3d1,589,11,81,53.55,17.66,4.92,asymmetry (9); physicists (5); particle (5); observable (5); antimatter (5); universe's (4); quantities (4); puzzle (4); frameworks (4); symmetry (4); matter-antimatter (4); cp (3); experimentally (3); resolving (3); unresolved (3),,long-sentence;dense-syntax,needs-editorial-review
s132,10,Science,The Jellyfish That Can Reverse Its Life Cycle,03387ceb998fa0e5d5a8328af74ba10b709fd8c8e91ce1f1957a6cf2dde8f27b,525,12,81,43.75,15.24,2.86,jellyfish (7); developmental (5); cellular (5); mortality (3); immortality (3); theoretically (2); indefinitely (2); organism's (2); transdifferentiation (2); eventual (2); reversion (2); organisms (2); biologists (1); fundamentally (1); inherent (1),,long-sentence;dense-syntax,needs-editorial-review
s133,9,Famous books,Elizabeth Reconsiders Mr Darcy,3a86842dc845def2514835a23b9b3e69777e27ac1712eac0c9b37a590894a512,220,16,23,13.75,12.73,3.64,darcy (4); elizabeth's (2); humility (2); bennet's (1); revelation (1); wickham's (1); dislike (1); exposes (1); darcy's (1); pemberley (1); hears (1); behaves (1); courteous (1); embarrass (1); lydia's (1),,,automated-screen-clear
s134,9,Famous books,The Creature Argues for Justice,fc9b17d1c3a42cb7b736a9ff6d61a761584a85a13d5ee15dbcf8cd74b3d283c0,214,18,18,11.89,10.28,1.87,frankenstein's (1); complicates (1); reader's (1); remembers (1); observing (1); rejection (1); excuses (1); commits (1); dismiss (1); sentient (1); companionship (1); unbearable (1); agreeing (1); multiply (1); shelley (1),,,automated-screen-clear
s135,10,Famous books,Gulliver's Travels as Political Satire,e10bb24f6dcab4c3fa6cfafa640b41a3982298af825f3d21fb4fef6339da5e26,242,16,28,15.13,17.77,4.96,gulliver (3); gulliver's (2); voyage (2); satirical (1); judged (1); lilliput (1); disputes (1); trivial (1); distinctions (1); ambitions (1); recognizably (1); brobdingnag (1); proudly (1); irrational (1); outsider (1),,,automated-screen-clear
s136,10,Famous books,Frankenstein and the Creator's Responsibility,f91eced9750884aff2847e6cbeb801f4477c9d59dfcd6b21353c8b2dd91751b5,256,19,24,13.47,7.42,1.17,frankenstein (2); novel's (1); rejection (1); frankenstein's (1); fascinated (1); abandons (1); refusal (1); learns (1); discovers (1); affection (1); insists (1); develops (1); minimizing (1); nineteenth-century (1); obligations (1),,,automated-screen-clear
s137,5,Fantasy/stories,Chair That Remembers Who Sat In It,7b9766d9541492436c56dd6a38eacdbb7cf73f3709adb0bed0792b2025100eca,279,14,28,19.93,7.17,0.0,tavern (6); traveler (2); warmth (2); faint (1); harmless (1); rainy (1); comforting (1); rested (1); granddaughter (1); smiled (1); travelers (1); requesting (1); cozy (1),,dense-syntax,needs-editorial-review
s138,6,Fantasy/stories,The Miller Who Ground Silence Into Flour,9954c8dd19cd9685fbb6a4e0a0f7a277fbfbee1bff061b4f54274facedd5335d,273,9,49,30.33,15.38,4.03,bertram (4); bertram's (3); villagers (2); unusually (2); coincidence (2); thornwick (1); noisy (1); calmer (1); quieter (1); consumed (1); advertised (1); milling (1); mentioning (1); grinding (1); miller's (1),,long-sentence;dense-syntax;low-frequency;very-low-frequency,needs-editorial-review
s139,7,Fantasy/stories,Locksmith Who Sold Second Chances,2ce56dd5a93ef2933b64debacbd65de4f197ea1e624654d9355909f256b9ba34,219,20,18,10.95,6.39,1.37,ferdinand (4); locksmith (1); alley (1); locks (1); erase (1); unsaid (1); reconsider (1); thoughtful (1); cowardly (1); weakened (1); key's (1),,,automated-screen-clear
s140,8,Fantasy/stories,Shepherd Who Herded Forgotten Wishes,7a85223fe49cf2aa4722e3c24914a5a4bb4e46f41714dfafa104306a426ccd6f,442,13,62,34,16.74,3.17,ambrose (6); pastures (5); drifting (4); flock (3); ambrose's (3); wisher (3); travelers (2); ventured (2); shepherd (2); tended (2); luminous (2); villagers (2); hillsides (2); dusk (2); heartfelt (2),,long-sentence;dense-syntax,needs-editorial-review
s141,9,Fantasy/stories,The Glassblower Who Trapped a Single Regret,d4e836de4a96e55da02ad052b0a0af51dc9e7c95cb1940b6fa465c28369dfc78,429,10,64,42.9,17.72,3.73,amara (6); sphere (4); appropriately (3); glassblowing (2); specialty (2); commissioned (2); acknowledgment (2); fisherman (2); dignified (2); practiced (1); overlooking (1); peculiar (1); craftspeople (1); intricately (1); spheres (1),,long-sentence;dense-syntax,needs-editorial-review
s142,10,Fantasy/stories,Astronomer Who Charted a Sky That Wasn't There,406c7018356ca665c2c8988733da88ce39c1bb018a372ec7e4b460c6f27172a1,439,9,66,48.78,26.2,5.69,observational (7); theodora's (6); astronomical (5); theodora (3); meticulous (3); meticulously (2); documenting (2); scholarly (2); persistent (2); celestial (2); ceased (2); phenomena (2); explanatory (2); frameworks (2); eventual (2),,long-sentence;dense-syntax;low-frequency,needs-editorial-review
s143,5,Nature and animals,Squirrel That Plants a Forest by Accident,fd75adc6005cca65fca4dc8b10ee95be8e48e76f0fe0f247b151b90d4ae69193,185,17,17,10.88,11.35,2.7,squirrels (5); acorns (5); acorn (3); bury (2); squirrel (2); forgets (1); sunlight (1); farther (1); burying (1),,very-low-frequency,needs-editorial-review
s144,6,Nature and animals,The Frog That Freezes Solid and Survives,2262833bf21cb943e5450bb634746d40209094837deede10454bba30ba381ccc,325,7,63,46.43,13.54,3.38,frog's (8); frog (4); crystals (2); antifreeze (2); sharply (1); sixty (1); portions (1); transforming (1); resembling (1); coldest (1); prevents (1); quantities (1); glucose (1); bloodstream (1); protects (1),,long-sentence;dense-syntax;very-low-frequency,needs-editorial-review
s145,7,Nature and animals,Spider That Fishes on the Water,07b85b1760d0b22201d3e49ff38e2d5a95b71e430033f46e8a3336b07cb95eb5,218,17,23,12.82,12.39,1.83,prey (5); spiders (4); hairs (3); vibrations (2); water-repelling (2); webs (1); ponds (1); waits (1); water's (1); insect (1); tadpole (1); sinking (1); grabs (1); delivers (1); underwater (1),,,automated-screen-clear
s146,8,Nature and animals,"Black Walnut, Juglone, and Plant Competition",2026b5c3fae4866a02ca05b0a2d90a7c64c576e1c8b5a65924488d34b4b46cf1,197,13,21,15.15,10.66,2.54,walnut (5); juglone (2); microbes (2); allelopathy (2); tissues (1); concentrations (1); poisons (1); sensitivity (1); demonstrating (1); gardeners (1); walnut-tolerant (1); hulls (1); precaution (1); rivals (1),,,automated-screen-clear
s147,9,Nature and animals,The Fish That Changes Sex to Save the Group,3b267ea9e6d31bda562e8214b75bff13fdfb29e3e51c749bcc4b4bfb21c5d140,406,9,61,45.11,14.29,1.72,reproductive (10); reef (2); undergoing (2); characteristic (2); behavioral (2); transforming (2); neurological (2); ecological (2); biologists (1); sequential (1); hermaphroditism (1); randomly (1); demographic (1); hierarchical (1); persists (1),,long-sentence;dense-syntax,needs-editorial-review
s148,10,Nature and animals,Genome That Contains an Ancient Virus's Instructions,9e64e3ae418709937c692400bc3a1803f899b0c95a3168ce4b181a5c7bc24e10,472,9,77,52.44,19.92,2.75,evolutionary (9); genome (6); infections (4); ancestors (4); mammalian (4); genomic (3); sequences (3); retroviruses (2); originated (2); reproductive (2); offspring (2); viral-derived (2); co-opted (2); placental (2); distinguishing (2),,long-sentence;dense-syntax,needs-editorial-review
s149,5,World affairs,Town That Pays Its Bus Fares in Books,a45e5859de3726219a8059579280347f161c16762d3d0acaa25763bcb92a902a,198,18,14,11,6.06,0.0,librarian (2); fare (2); fictional (1); depended (1); fares (1); budgets (1); unsure (1); shelves (1); rode (1); town's (1),,,automated-screen-clear
s150,8,World affairs,The Country That Sends Its Trash to Make Electricity,8867e06620df6a9986b7e45bb1fe2247ab608a9ec0f3a27e40b873b474a7d985,358,10,58,35.8,10.06,1.4,incineration (3); persistent (2); densely (2); populated (2); generating (2); nation's (2); landfill (2); renewable (2); constraints (2); fictional (1); converting (1); landfills (1); impractical (1); transported (1); electricity-generating (1),,long-sentence;dense-syntax,needs-editorial-review
s151,7,World affairs,City That Elected a Committee of Children,7be8f3bfd72b8f48ab2575bb9878ce5f263aed648e6b2d9256acff03a8e78735,379,9,59,42.11,10.29,0.79,comprising (2); planners (2); weigh (2); incorporating (2); councils (2); fictional (1); fourteen (1); tasked (1); reviewing (1); conceived (1); symbolic (1); intending (1); generating (1); substantive (1); playground (1),,long-sentence;dense-syntax,needs-editorial-review
s152,8,World affairs,Nation That Rents Its Army to the United Nations,bcd615d26f604c7828cecea43d0feff2e3600e316ee5335161ef27a1bffd665c,448,9,72,49.78,16.96,1.34,peacekeeping (16); nation's (6); deployment (4); considerations (4); humanitarian (4); professionally (2); constitutes (2); troop (2); explicit (2); arrangement's (2); mission's (2); ethically (2); fictional (1); persistent (1); underutilized (1),,long-sentence;dense-syntax,needs-editorial-review
s153,9,World affairs,The Region That Prints Its Own Local Currency Alongside the National One,12eebcc606e85852e96026f7c0947ff17ca24d1a14d312a15878eab1faca22cd,449,12,84,37.42,8.69,0.45,economically (3); measurable (3); explicitly (2); periodic (2); fictional (1); persistent (1); grassroots (1); sanctioned (1); circulating (1); neighboring (1); exchangeable (1); usable (1); retailers (1); benefited (1); organizers (1),,long-sentence;dense-syntax,needs-editorial-review
s154,10,World affairs,Court That Has No Country to Enforce Its Rulings,06de26b3ef8c2937e198859581e8dcb40974b7b07b90077b1d13fb8f899a63b8,512,10,81,51.2,10.16,0.59,rulings (5); persistent (4); credibility (3); disputes (2); limitation (2); reputational (2); absent (2); arbitration (1); broadly (1); tribunals (1); procedurally (1); compel (1); chooses (1); court's (1); unfavorable (1),,long-sentence;dense-syntax,needs-editorial-review
s155,5,Everyday life,Jar of Coins Saved for Nothing in Particular,18deff79510a1436c9fc2fa030c73e9f6d6efef0160ea976e06ccfc92ed53c93,277,11,40,25.18,9.75,2.17,jar (5); fumiko (3); unplanned (2); spontaneous (2); fumiko's (1); refrigerator (1); satisfying (1); comfortably (1); accumulated (1); depositing (1); whim (1); folding (1); budgeted (1); totaled (1); immensely (1),,long-sentence;dense-syntax,needs-editorial-review
s156,6,Everyday life,The Neighbor Who Waters Plants While You're Away,4c0341ca602779dcda6ced3f7eb01923d91afc01697f3670fa9345f59a833e3c,194,17,19,11.41,11.86,2.06,marguerite (5); odile (3); exchanged (2); polite (1); nods (1); elevator (1); houseplants (1); watering (1); gladly (1); solitary (1); other's (1); afterward (1); favors (1); friendships (1); hallway (1),,,automated-screen-clear
s157,7,Everyday life,Apartment That Echoes Differently at Night,57b740cdc0b89c45c067dabe58eccc4a2afcf2b7df37705ec78c4b72c8833b22,212,19,18,11.16,9.91,1.42,desmond (3); friend's (2); hum (1); desmond's (1); filtered (1); unusually (1); quieter (1); refrigerator's (1); tones (1); footsteps (1); tile (1); unfamiliar (1); unnoticed (1); recognizing (1); apartment's (1),,,automated-screen-clear
s158,8,Everyday life,Promise Kept Long After It Was Forgotten,32198450ecd5d737e782c3352e3e99620dc3701ac52874e4b23a4103f6b1d4c1,425,11,58,38.64,13.41,1.41,reginald (9); thirtieth (2); researched (2); extensively (2); premature (2); discovering (2); offhand (1); amid (1); reginald's (1); unexpectedly (1); nineteen (1); absorbed (1); afterward (1); resurfaced (1); handwritten (1),,long-sentence;dense-syntax,needs-editorial-review
s159,9,Everyday life,The Silence That Followed a Retirement,b887954bb3da0302b463d3041e771cfe2a70e840719167271b56632112a87405,473,11,69,43,9.51,2.54,consolata (6); disorienting (3); structured (2); consciously (2); satisfying (2); freed (1); accompanying (1); commitments (1); adequately (1); colleague (1); recognizing (1); persistent (1); auditory (1); backdrop (1); appealing (1),,long-sentence;dense-syntax,needs-editorial-review
s160,10,Everyday life,House That Two Siblings Could Not Agree to Sell,33e2c195032bf8931297736ff1a68461f66479fadd15cf18928c353fdd49424e,454,9,74,50.44,13.88,3.3,disagreement (5); theodric (4); prolonged (4); wilhelmina (3); sibling (3); occupy (2); wilhelmina's (2); reluctance (2); eventual (2); inherited (1); persisted (1); remarkably (1); considerations (1); necessity (1); centered (1),,long-sentence;dense-syntax,needs-editorial-review
s161,6,History,Well That Never Ran Dry,cf6ae8560f9f26a36cf39be734cd4f01e5eb00f424192bec2ac3a6993b54515c,235,18,24,13.06,4.26,0.43,drought (2); builders (2); fictional (1); unspecified (1); formations (1); droughts (1); proudly (1); geology (1),,,automated-screen-clear
s162,8,History,The Merchant Who Paid His Taxes in Salt,206dd152af86b123b32150e38999322feda299e7ad659f75fde27943608a03ca,380,10,52,38,14.21,4.21,kingdom's (4); unreliable (3); taxation (3); commodity (3); instability (3); merchants (3); debasement (2); aldous (2); collectors (2); salt's (2); informal (2); commodity-based (2); fictional (1); unspecified (1); confidently (1),,long-sentence;dense-syntax,needs-editorial-review
s163,7,History,Bridge Built to Be Destroyed,ab0aa0a73f4b50ff207f0e57d962954cb923da51ec983afb909bc06d17776fee,419,10,65,41.9,12.65,2.86,bridge's (4); pursuing (3); retreating (3); incorporating (3); weaknesses (3); concealed (3); kingdom's (2); perpetua (2); positioned (2); triggered (2); perpetua's (2); fictional (1); unspecified (1); prolonged (1); besieged (1),,long-sentence;dense-syntax,needs-editorial-review
s164,8,History,Treaty Signed by Two Men Who Never Met,f2cf48481da4442428fe53b8fd2d86ab0a081ea9a0d4dd2e48a4cc4640c4e0b2,411,11,57,37.36,18.49,1.7,negotiation (9); correspondence (4); historians (3); kingdoms (3); negotiators (3); territorial (2); negotiator (2); mutually (2); misunderstandings (2); diplomats (2); fictional (1); unspecified (1); prolonged (1); geographically (1); circumstance (1),,long-sentence;dense-syntax,needs-editorial-review
s165,9,History,The Regent Who Ruled for a Single Afternoon,836411fc7649b0f7fcb8892c614fdba659af22d703cdfa0899d0831b93d99ebf,444,11,58,40.36,17.57,2.7,succession (10); kingdom's (5); regency (4); regent (3); improvised (3); monarch (2); protocols (2); aldric (2); unprecedented (2); adequately (2); historians (2); fictional (1); unspecified (1); reconstruction (1); shortest (1),,long-sentence;dense-syntax,needs-editorial-review
s166,10,History,Archive That Survived by Being Ignored,7a387eb5b282e8ee6ba125b5a156a260bf45ad1b39c736b6489a3f830de7097f,517,11,77,47,11.61,1.55,historians (8); deliberate (5); mundane (3); archive's (2); archive (2); revision (2); dramatically (2); unimportant (2); fictional (1); unspecified (1); counterintuitive (1); periodic (1); upheaval (1); judgments (1); correspondence (1),,long-sentence;dense-syntax,needs-editorial-review
s167,5,Science,Why Bananas Turn Brown So Quickly,276c847ce8d92617ca898bd0ea9fd23fc26703a677ce6c48232883490358e14b,309,7,51,44.14,12.94,6.15,bananas (7); ripening (5); ethylene (4); browning (2); ripen (2); storing (2); banana's (2); peel (1); triggers (1); peel's (1); overripe (1); interestingly (1); apples (1); oranges (1); speeding (1),,long-sentence;dense-syntax;very-low-frequency,needs-editorial-review
s168,6,Science,How Bread Mold Grows Even in the Fridge,0478986b3601abe497ef455a9fdaebbc2f807c77bc923e0490aef7085b894f4b,337,11,51,30.64,16.02,0.89,mold (16); refrigeration (5); refrigerator (4); slows (2); refrigerators (2); refrigerated (2); frustration (1); develops (1); organisms (1); reproduce (1); moisture (1); nutrients (1); prefers (1); optimal (1); albeit (1),,long-sentence;dense-syntax;low-frequency,needs-editorial-review
s169,7,Science,Reason Metal Feels Colder Than Wood,54a4965a352e8efa8d875e5810ddb610910bc89bf8d26555e82a664c549f06ae,376,11,58,34.18,13.3,1.6,conductivity (6); ambient (4); flooring (4); utensils (3); doorknob (2); colder (2); noticeably (2); sensory (2); sensation (2); consequently (1); substances (1); possesses (1); efficiently (1); touches (1); warmer (1),,long-sentence;dense-syntax,needs-editorial-review
s170,8,Science,Gas That Makes Deep Divers Talk Strangely,6f228254d715779967080613f7941bdf6e999460ab44319cabe4e4347fb614e7,403,10,66,40.3,21.34,1.99,divers (10); nitrogen (7); depths (5); mixtures (4); narcosis (4); narcotic (3); helium (3); clearer (3); peculiar (2); intoxication (2); noticeably (2); helium-based (2); helium's (2); compressed (1); physiological (1),,long-sentence;dense-syntax;low-frequency,needs-editorial-review
s171,9,Science,How Proteins Find a Working Shape,c878b606cdfa64c8479f4668f59b88adc91bb776e2939edaa2ada21d16edcbbb,203,14,29,14.5,12.81,1.97,folding (3); amino (2); acids (2); incorrect (2); shapes (1); helper (1); chaperones (1); slower (1); misfolded (1); harmful (1); aggregates (1); cell's (1); neurodegenerative (1); amino-acid (1); sequences (1),,,automated-screen-clear
s172,10,Science,Vacuum That Isn't Actually Empty,18fd71f86aef2e8ba4efa0dbb6c173f2cf7f2d87b6edfeb95eb23b1731cafa83,456,9,70,50.67,15.57,4.17,physicists (4); particle (3); fluctuations (3); occurring (2); measurably (2); compelling (2); counterintuitive (2); casimir (2); experimentally (2); fundamentally (1); devoid (1); whatsoever (1); revealing (1); evacuated (1); adequately (1),,long-sentence;dense-syntax,needs-editorial-review
s173,5,Famous books,The Mutiny Begins,e2475e602e2121a2a9aeb369aee197eeed021087bdbca7a43248ebade89c2b00,209,22,15,9.5,5.26,0.48,sailors (2); hawkins (1); climbed (1); silver’s (1); pirate (1); flint (1); pirates (1); sailor (1); rushed (1); captain’s (1),,,automated-screen-clear
s174,6,Famous books,Victor Brings the Creature to Life,0862a127c2b0a54b33c50e40963e6d1f531b09da8424b2b4c1b68310fb3a4387,202,18,23,11.22,4.46,0.0,frankenstein (1); fascinated (1); anatomy (1); curiosity (1); obsession (1); greatness (1); pictured (1); endlessly (1); succeeding (1),,,automated-screen-clear
s175,7,Famous books,The Bishop and the Candlesticks,0854b4839a4709c4d72fc4cedf786c9cfed9537697593c0b7a4214a479035351,205,18,20,11.39,7.8,4.39,valjean (6); bishop's (2); candlesticks (2); welcomed (1); shaken (1); hostility (1); erase (1); valjean's (1); cruelty (1),,very-low-frequency,needs-editorial-review
s176,8,Famous books,Sydney Carton's Final Choice,c122f6ce7cd6811615fbac5908ea98553f126a6559d4d2c978341bc2972d6f54,199,18,20,11.06,12.56,3.52,carton (6); darnay (3); lucie (3); regrets (2); imprisoned (1); arranges (1); unconscious (1); carton's (1); darnay's (1); protects (1); imagines (1); gratitude (1); substitution (1); symbolically (1); replaces (1),,,automated-screen-clear
s177,9,Famous books,Valjean Faces an Impossible Choice,01645cea5151eb0eea9e905a7f2afd716d7dce6f95f08f84b78c71124b23ff8b,228,16,23,14.25,9.21,2.63,valjean (6); respectable (1); learns (1); mistaken (1); condemned (1); selfishness (1); construct (1); bishop's (1); hugo (1); distinguish (1); simplest (1); calculation (1); permitting (1); honesty (1); wrongful (1),,,automated-screen-clear
s178,10,Famous books,"Moby-Dick: Fate, Freedom, and Obsession",ad69d3a6eec3f56c6ef20639547090b3f77169041383bc61fde65b3252990594,252,21,19,12,14.68,5.16,ahab (6); whale (4); ahab's (2); moby (2); moby-dick (1); metaphysical (1); indifferent (1); symbolic (1); organize (1); traps (1); obsession (1); ishmael (1); queequeg (1); starbuck (1); recognizes (1),,,automated-screen-clear
s179,5,Fantasy/stories,Baker's Daughter Who Could Taste Lies,88231f831f4be9c9725a8b029dd21d09d03c78f576ac1311ce41254fd73e8ffe,314,13,37,24.15,7.96,0.32,wren (6); tasted (2); bakery (2); troubling (2); faintly (1); handing (1); cheerful (1); strangely (1); wren's (1); baked (1); confronting (1); softly (1); doubts (1); patiently (1); thanking (1),,long-sentence;dense-syntax,needs-editorial-review
s180,5,Fantasy/stories,The Scarecrow That Learned to Whistle,1fe93e79c83f5c51402b3b38a298d260b463ae44ab7d0ecae626041c558a39c5,298,12,42,24.83,15.44,2.68,scarecrow (6); whistling (6); casper (5); tunes (3); farmhands (3); straw (2); cheerful (2); afternoons (2); scarecrow's (2); faint (2); cornfield (1); frightening (1); farmhand (1); casper's (1); imagining (1),,long-sentence;dense-syntax;low-frequency;very-low-frequency,needs-editorial-review
s181,6,Fantasy/stories,Cobbler Who Mended Broken Promises,2188ca7f114331b8bbec6404688d9de1c202a190bbe07b778bf5d56250915d88,350,13,50,26.92,9.71,4.0,fennimore (5); mending (3); fennimore's (2); stitches (2); forgiveness (2); troubled (2); townspeople (2); husband's (2); shoemaker (1); aldenbrook (1); repairing (1); advertised (1); whatsoever (1); judged (1); trustworthy (1),,long-sentence;dense-syntax;very-low-frequency,needs-editorial-review
s182,6,Fantasy/stories,Ferryman Who Only Crossed at Midnight,0d4cf43c7a6a7d601f0208e018c87b5535a0e84de60ff354abc8c1573d0d1998,179,16,18,11.19,5.03,1.68,osric (3); travelers (2); yesterday's (1); smiled (1); calmer (1); limiting (1),,,automated-screen-clear
s183,7,Fantasy/stories,The Beekeeper Who Traded Honey for Memories,b3632624718d2caf3431f3797fd394041afbc3f3c450ac253bbf42bd3e6e95ba,224,20,26,11.2,9.82,3.12,cordelia (5); bees (2); jar (2); meadow (2); tasted (1); mattered (1); longtime (1); hives (1); pollen (1); surroundings (1); customer's (1); hive (1); afterward (1); cordelia's (1); beekeeper (1),,,automated-screen-clear
s184,7,Fantasy/stories,Mapmaker's Daughter Who Drew What Wasn't There Yet,96f983f485812742d18f338d92cb1c52c1e3648aa99d84563664a93328e8191a,340,10,52,34,11.47,4.12,isadora (7); mapmaking (2); unconsciously (2); cartography (1); mapmaker (1); reliability (1); differed (1); observational (1); sketching (1); documenting (1); deliberate (1); careless (1); corrected (1); fishermen (1); constructing (1),,long-sentence;dense-syntax;very-low-frequency,needs-editorial-review
s185,8,Fantasy/stories,Potter Who Shaped Silence Into Bowls,99aaf027fd8eb67fb370c6fe521e15befe77b0d4a152cded27e42e630d34ae13,395,10,57,39.5,9.62,3.04,aurelio (6); bowls (3); accumulated (2); articulate (2); literal (2); practiced (1); pottery (1); specialty (1); craftspeople (1); ceramic (1); calming (1); inherited (1); refined (1); unbroken (1); stillness (1),,long-sentence;dense-syntax,needs-editorial-review
s186,8,Fantasy/stories,The Watchmaker Who Sold Borrowed Mornings,6bdd771b55b71354f817480e054f3162f5a781aa9db3723d6b304f2970f75c95,433,11,62,39.36,10.85,2.08,relive (3); ephraim (3); ephraim's (2); joyful (2); possessed (2); reliving (2); processed (2); commissions (2); mornings (2); watchmaking (1); timekeeping (1); unfolded (1); cautioned (1); prospective (1); borrowing (1),,long-sentence;dense-syntax,needs-editorial-review
s187,5,Nature and animals,How Woodpeckers Withstand Repeated Pecking,0b713fb6f854535453eac33f6db0136a6f3c1eae48eb00df5755716831001f6e,204,13,35,15.69,12.25,4.41,pecking (2); woodpeckers (2); woodpecker (1); acceleration (1); beak (1); posture (1); twisting (1); damaging (1); explanations (1); spongy (1); woodpecker's (1); hyoid (1); absorber (1); cushion (1); absorbing (1),,long-sentence;very-low-frequency,needs-editorial-review
s188,5,Nature and animals,Owl That Hunts by Sound Alone,0704d8fc3c943c231d50f9abb82d170f6f2dc9bf11030196dcb100bcd762278b,297,11,44,27,13.47,2.36,owl (5); barn (4); owls (3); eyesight (3); prey (3); positioned (3); nighttime (2); owl's (2); dim (1); relying (1); whatsoever (1); asymmetrically (1); sound's (1); symmetrically (1); rustles (1),,long-sentence;dense-syntax;low-frequency,needs-editorial-review
s189,6,Nature and animals,The Turtle That Breathes Through Its Skin,34cb858f751caa4df970db099597f9bf7d4e2be5d50338d71f05768bf0a51a22,214,15,28,14.27,7.94,0.47,lungs (2); turtle (2); turtles (1); absorb (1); underwater (1); gills (1); dissolved (1); turtle's (1); pond (1); metabolism (1); slows (1); absorbed (1); efficiently (1); bloodstream (1); habitats (1),,,automated-screen-clear
s190,6,Nature and animals,Plant That Traps Insects for Dinner,dba382453aff705511a36fa8660765a96ec379c823ce07863f922f1184acb7b9,182,16,22,11.38,7.69,0.55,minerals (2); nitrogen (2); hairs (2); insect (2); venus (1); flytrap (1); catches (1); juices (1); sunlight (1); eats (1),,,automated-screen-clear
s191,7,Nature and animals,The Bird That Builds a Bower to Attract Mates,aec3cca10e3d47951bec8aca1dc6e2d007fe1d8280188d39c8b8048e78f146ff,345,9,70,38.33,17.97,4.06,courtship (5); bowers (5); bowerbird (3); bower (3); male's (2); arranging (2); colorful (2); bower's (2); decorative (2); behaviors (1); construct (1); intricate (1); elaborately (1); decorated (1); colorfully (1),,long-sentence;dense-syntax;low-frequency;very-low-frequency,needs-editorial-review
s192,7,Nature and animals,The Shrimp That Sees Colors Humans Cannot,05e6421293b3dc0b9c99ec41473bee8be5940742ef4c0bf091b40d65b79bc332,323,9,65,35.89,17.65,1.86,mantis (8); shrimp (7); receptor (4); receptors (3); perceive (2); translate (2); analytically (2); polarized (2); kingdom's (1); colorful (1); crustacean (1); wavelengths (1); sixteen (1); interestingly (1); behavioral (1),,long-sentence;dense-syntax;low-frequency,needs-editorial-review
s193,8,Nature and animals,Tardigrade That Survives the Vacuum of Space,22fcd64c4fd93df0bbeef323629ee709f66c075c28d66fb8dd644c7198fa5ca4,365,9,61,40.56,12.6,4.66,tardigrades (5); tardigrade (3); extremes (2); hospitable (2); cryptobiosis (2); cellular (2); dehydration (2); resilience (2); resilient (1); organisms (1); microscopic (1); invertebrates (1); orbital (1); fluctuations (1); revived (1),,long-sentence;dense-syntax;very-low-frequency,needs-editorial-review
s194,8,Nature and animals,A Giant Fungus Beneath the Forest,c4f9ef385199a361f500d3a7ee3048a76c0690f3c6d8d7d4feea65a143474d69,395,10,61,39.5,15.7,2.78,organism (6); fungus (6); fungal (5); ecosystem (2); growths (2); genetically (2); organism's (2); constitutes (2); ecological (2); mycologists (1); scattered (1); kilometers (1); scientifically (1); spreads (1); rhizomorphs (1),,long-sentence;dense-syntax,needs-editorial-review
s195,5,World affairs,The Town Where Everyone Owns a Piece of the Bakery,0e801353c994b87eaff7515995322945d569b90fc4f4356fe19dd542507d8300,337,8,52,42.13,6.53,0.0,bakery (8); cooperative (4); fictional (1); longtime (1); jointly (1); sixty (1); wealthier (1); discounts (1); thrived (1); succeeding (1); benefited (1); town's (1),,long-sentence;dense-syntax,needs-editorial-review
s196,6,World affairs,School Bus That Doubles as a Mobile Library,f8a9f3ca355d8ebe8e6dbd0bd95d110d5db1cfd62ae5e35129bd3582166ef25f,219,19,20,11.53,1.83,0.0,fictional (1); shelves (1); parked (1); browse (1),,,automated-screen-clear
s197,6,World affairs,City That Turned Its Empty Lots Into Gardens,44b68bffcf99e480a635b6089a86806d1ca2907ad862db3be01697dfe01f61e7,368,10,67,36.8,7.61,0.27,neighborhoods (4); program's (3); vacant (2); gardening (2); fictional (1); scattered (1); economically (1); unused (1); amendments (1); noticeably (1); litter (1); neglect (1); unmonitored (1); oversight (1); informal (1),,long-sentence;dense-syntax,needs-editorial-review
s198,7,World affairs,The Country That Requires Every Law to Expire,9cbafbe4c62a1187b3bcc62366ad89998717044c0735ee30c6df53d6a1e74b36,429,13,65,33,16.08,2.1,legislators (5); nation's (4); outdated (3); periodic (3); renewal (3); substantive (3); expire (2); renew (2); clause (2); expiring (2); accumulation (2); evident (2); routinely (2); reconsideration (2); fictional (1),,long-sentence;dense-syntax,needs-editorial-review
s199,7,World affairs,Village That Votes by Placing Stones in Jars,96cec6866b805a547a56738633d75b90006353b13b4e406a37d4ea90e2808212,408,9,72,45.33,13.97,0.25,stone-jar (4); ballots (3); literacy (3); community's (3); jar (2); preserving (2); adopting (2); standardized (2); fictional (1); impractical (1); elders (1); persisted (1); jars (1); labeled (1); simpler (1),,long-sentence;dense-syntax,needs-editorial-review
s200,8,World affairs,Nation That Shares Its Border Guards With a Neighbor,cc390260ebccabadc4243168cc47d8c4023038bb9f36780ae385da0a5838fb6a,441,12,60,36.75,7.94,0.45,tense (2); neighboring (2); nation's (2); deteriorate (2); fictional (1); mixed-nationality (1); staffed (1); negotiation (1); proceeding (1); unprecedented (1); functioned (1); smoothly (1); region's (1); geography (1); smuggling (1),,long-sentence;dense-syntax,needs-editorial-review
s201,8,World affairs,The City-State That Outsources Its Own Foreign Policy,d205100d93315077df9167ea2f5d5bdc8bf8a3b381120e03dfa3954a3fae6325,506,13,64,38.92,9.29,0.79,nation's (7); sovereignty (5); constraints (2); inherent (2); contracted (2); adequately (2); fictional (1); contracting (1); forums (1); lacked (1); preserving (1); diplomats (1); advocated (1); formulated (1); communicated (1),,long-sentence;dense-syntax,needs-editorial-review
s202,8,World affairs,Country Whose Constitution Fits on a Single Page,32c525590db7ea9570c05ca38e7e054450477ab1457d0e04322430dd80662a60,472,13,71,36.31,15.25,2.75,governmental (9); nation's (6); constitutions (3); drafters (3); brevity (3); precedent (3); minimalist (2); interpretive (2); fictional (1); foundational (1); maintains (1); shortest (1); philosophical (1); document's (1); overly (1),,long-sentence;dense-syntax,needs-editorial-review
s203,5,Everyday life,Sweater That Outlived Three Winters,23ba7b70eb1e199a89359a84a38ea2be9740d3b8682b803d4622ab18ce3064f2,293,10,51,29.3,15.02,4.1,sweater (6); beatrix (5); wool (2); warmth (2); garment (2); patched (2); hand-knitted (1); evenings (1); workday (1); beatrix's (1); mornings (1); attachment (1); usefulness (1); unexpectedly (1); relying (1),,long-sentence;dense-syntax;low-frequency;very-low-frequency,needs-editorial-review
s204,5,Everyday life,The Morning Walk That Became a Habit,37a0023c22b0e482c22684ddd6ec5ae93085573de7416262e44d4d4265bd5417,194,17,20,11.41,4.12,0.52,desmond (3); desmond's (1); slower (1); greetings (1); calmer (1); routines (1),,,automated-screen-clear
s205,6,Everyday life,Potluck Dinner That Started By Accident,30d0d898e3dfe039f7368cec76a157580d2f8dece043389f9aefcb51aa38acdd,199,16,22,12.44,7.04,2.01,priscilla (3); potluck (2); misunderstanding (1); doubled (1); canceling (1); priscilla's (1); recipes (1); gatherings (1); organizing (1); potlucks (1); stressful (1),,,automated-screen-clear
s206,6,Everyday life,Spare Key Under the Wrong Mat,4cd5087d70a62ad191b3d911892fa6856db1ec5174a18b434ed9b00aaa5eb033,202,18,18,11.22,9.9,1.49,fitzgerald (4); mat (3); henrietta (3); mailbox (1); hid (1); doormats (1); neighbor's (1); apologetic (1); amusement (1); thanked (1); reasoned (1); building's (1); fitzgerald's (1),,,automated-screen-clear
s207,7,Everyday life,The Garden Plot Shared by Strangers,f0a1b43fcaa1eba55650df8eb1559344f14c382a340fbd4ccb96e4866b2c6bbf,320,9,47,35.56,16.25,2.5,gardening (6); ferdinand (6); rosalind (5); gardeners (4); plots (3); vegetable (2); noticeably (2); individually (2); exchanging (1); pleasantries (1); neighboring (1); tending (1); gardener (1); garden's (1); program's (1),,long-sentence;dense-syntax,needs-editorial-review
s208,7,Everyday life,Voicemail Never Deleted,681150e870f8caa1207c05a053b5baec4ff36da8eeda672ed969339e15fecc66,328,7,52,46.86,14.02,3.96,recordings (6); cornelius (5); unremarkable (5); voicemail (4); mundane (3); irreplaceable (2); treasured (2); voicemails (2); unpredictably (2); confirming (1); forgetfulness (1); sentimental (1); replaying (1); scheduling (1); voicemail's (1),,long-sentence;dense-syntax;very-low-frequency,needs-editorial-review
s209,8,Everyday life,Chair at the Table No One Sits In,a3ba170e14e194912a87b23499ae6ae9140fa06593dc74fb215fd4271272c41d,376,10,51,37.6,13.3,2.39,henrietta (5); husband's (4); chair's (3); grieving (3); henrietta's (2); unhealthy (2); customary (1); rearranging (1); accustomed (1); now-solitary (1); gatherings (1); exchanging (1); glances (1); interpreted (1); inability (1),,long-sentence;dense-syntax,needs-editorial-review
s210,8,Everyday life,The Photographs Nobody Could Agree to Divide,570f59c7bc8cb4900d338ba4eceacab1b798254b87fbcfc3709be89630d68fc3,413,10,64,41.3,7.99,1.45,bartholomew (4); cordelia (3); dividing (3); sibling (2); inheritance (2); photographic (2); spanning (1); facilitated (1); chronological (1); thematic (1); sorting (1); pausing (1); transforming (1); contentious (1); irreplaceable (1),,long-sentence;dense-syntax,needs-editorial-review
s211,5,History,Baker Who Fed a Whole Army by Accident,d970a3bbf4b80383d7da380b1a38404f01e386c4d275e5b3e97f418df7f5d5ef,345,12,58,28.75,13.33,2.9,aldric (3); army's (3); bakers (2); village's (2); aldric's (2); proudly (2); fictional (1); unspecified (1); dramatically (1); interrupted (1); unexpectedly (1); marched (1); commander's (1); wagons (1); marching (1),,long-sentence;dense-syntax;low-frequency;very-low-frequency,needs-editorial-review
s212,5,History,Lighthouse Keeper Who Refused to Leave,e9e9ce1d91ea9f6ea743dca8510fec70c664c4516a83d7a7a6eb1e3cf12ea584,211,19,24,11.11,8.53,0.0,magnus (5); lighthouse (5); fictional (1); unspecified (1); inland (1); abandoning (1); unsafe (1); crews (1); unharmed (1); sailors (1),,,automated-screen-clear
s213,6,History,The Village That Traded Places With Its Neighbor,c89a65398dd3e85c6a7664b35d664e2a6eb928e5a190495daa6601aad4c8c2aa,409,12,68,34.08,14.18,1.47,territorial (4); disputed (3); relocation (3); historians (2); relocating (2); occupy (2); village's (2); mediators (2); b's (2); fictional (1); unspecified (1); lengthy (1); ambiguous (1); definitively (1); awarding (1),,long-sentence;dense-syntax,needs-editorial-review
s214,6,History,Soldier Who Delivered Peace Instead of War,6a6ab902c23db176d7bd2df9f4071900bb0391ecccedd37e902b5f8a688a7099,423,9,70,47,9.93,2.6,percival (4); kingdoms (3); prolonged (2); messenger (2); kingdom's (2); historians (2); warring (2); percival's (2); fictional (1); unspecified (1); dispatched (1); instructing (1); confidential (1); attack's (1); contested (1),,long-sentence;dense-syntax,needs-editorial-review
s215,7,History,Judge Who Ruled Against His Own King,acbfadf833e314206baa6e259c7c6aae26cb69605aaa17524f513294674a963f,253,19,25,13.32,7.91,2.77,aldous (4); monarch (2); fictional (1); unspecified (1); farmland (1); inherited (1); kingdom's (1); visibly (1); displeased (1); advisers (1); dismiss (1); disloyalty (1); restraint (1); punishing (1); historians (1),,,automated-screen-clear
s216,7,History,The Harbor Built by Mistake,f874c814914f2821522ff50845689d3b7afa5925a1bede4d62a5519fe8c7fdeb,383,11,52,34.82,12.27,3.13,kingdom's (4); fortress (3); coastline (3); economically (2); originated (2); miscalculation (2); unplanned (2); harbor's (2); deliberate (2); fictional (1); unspecified (1); redirect (1); moat (1); straightforward (1); redirection (1),,long-sentence;dense-syntax,needs-editorial-review
s217,8,History,Minister Who Governed From Exile,e56bcdddd3e31a2e84cc3fe22bf20e7b437e5cee990389ed3f2e052cf0af6426,416,11,71,37.82,15.38,1.44,governmental (7); exile (6); exiled (6); kingdom's (3); historians (3); minister's (3); correspondence (2); implementing (2); eventual (2); definitive (2); displacement (2); fictional (1); unspecified (1); hasty (1); sympathetic (1),,long-sentence;dense-syntax,needs-editorial-review
s218,8,History,Law That Was Never Actually Repealed,6e423a5371089c95713952019f186e308812f3578cf9e037e6f4c6fd778db39f,470,11,81,42.73,14.89,1.91,repeal (7); historians (6); law's (5); kingdom's (4); archival (4); documentation (3); universally (2); repealed (2); evidently (2); scholarly (2); narratives (2); inherited (2); fictional (1); unspecified (1); researching (1),,long-sentence;dense-syntax,needs-editorial-review
s219,5,Science,Why Popcorn Pops,4fd084b98ad0f60f969af27e23c4a03071305ddfc0f3acff0a5e77a6a489b987,162,14,16,11.57,6.83,0.62,starch (4); popcorn (1); softens (1); celsius (1); expands (1); cools (1); escapes (1); lacks (1),,,automated-screen-clear
s220,5,Science,How Soap Actually Cleans Your Hands,2f7b0ce1e4e2983329099cfd075d3c8e6a41c78b6e77fc8c39348a798e1414a7,185,19,17,9.74,10.27,1.08,grease (4); rinse (3); germs (2); molecule (1); molecules (1); micelles (1); harmful (1); viruses (1); fatty (1); loosen (1); handwashing (1); rubbing (1); thumbs (1),,,automated-screen-clear
s221,6,Science,Why the Sky Turns Red at Sunset,e60ece57d93855d06b4019ed1fc80854f9c76bc542dca67bebc610e0713a7b56,321,13,39,24.69,11.53,1.87,sunlight (5); sunrise (3); observer's (3); wavelength (2); scatter (2); scatters (2); atmospheric (2); sunsets (2); transforms (1); interacts (1); planet's (1); earth's (1); collides (1); molecules (1); wavelengths (1),,long-sentence;dense-syntax,needs-editorial-review
s222,6,Science,How Bicycles Balance Themselves While Moving,a8668597c737683d0563fcc40f69c5e9d8338169a876b63a0d4b4008a923a375,345,9,71,38.33,15.07,2.61,bicycle (8); upright (4); gyroscopic (4); bicycle's (4); steering (4); spinning (3); geometric (3); stationary (2); bicycles (2); correction (2); leaning (2); balancing (1); stabilizing (1); slows (1); reversed (1),,long-sentence;dense-syntax;low-frequency,needs-editorial-review
s223,7,Science,Reason Glass Is Technically a Liquid Myth,f72b3e3ac42314d2cca331ca0113c28f1e1b401cf324a680aa73b3ad03e81788,236,19,18,12.42,10.17,2.54,thicker (2); uneven (2); panes (2); atoms (1); repeating (1); resembles (1); liquid's (1); believable (1); behaves (1); timescale (1); glassmakers (1); thickness (1); builders (1); heavier (1); flowing-liquid (1),,,automated-screen-clear
s224,7,Science,Why Some Painkillers Take Longer to Work Than Others,c5657fa0d63fbed1b7c8e88f22bf76fed5abb5f7ea7c66388d22db64658838ad,246,18,19,13.67,11.38,0.41,medicines (3); ingredient (2); medicine's (1); swallowed (1); dissolve (1); digestive (1); absorb (1); bloodstream (1); tissues (1); preparations (1); absorbed (1); tablets (1); coatings (1); inflammation (1); signaling (1),,,automated-screen-clear
s225,8,Science,The Chemistry Behind Why Chili Peppers Burn,3cddec91b0aad16117508f1892c7b82c0207adda60d1c78d0aa0610a4314d663,393,10,59,39.3,19.59,3.56,spicy (7); receptors (7); peppers (6); capsaicin (6); sensation (4); chili (4); trpv (2); activating (2); activate (2); spiciness (2); sensitivity (2); activates (1); stimulation (1); mucous (1); membranes (1),,long-sentence;dense-syntax,needs-editorial-review
s226,8,Science,Physics of Why Rainbows Are Always Curved,a40ed29bef756f8cac08522fdf4865fabec8460740ecdec82d35dd8ce0540774,383,10,73,38.3,18.28,2.87,rainbows (7); curved (7); sunlight (6); geometric (5); droplets (5); observers (3); observer's (3); droplet (3); observer (3); droplet's (2); mathematically (2); arcs (1); stretching (1); characteristic (1); straightforward (1),,long-sentence;dense-syntax,needs-editorial-review
s227,5,Famous books,Jim Meets Ben Gunn,91199fa3ae2b9a3f0852faed39c322e0ba162cd39593729e09991735379b9934,211,20,17,10.55,3.79,0.47,explored (1); nervously (1); gunn (1); pirate (1); flint’s (1); companions (1); ship’s (1); mutiny (1),,,automated-screen-clear
s228,5,Famous books,Phileas Fogg Makes a Strange Bet,fafba79495a133d1463f693cc5a96147cb668050889393d4cfc6d47f7c0b876f,208,19,21,10.95,10.1,4.33,fogg (6); eighty (2); timetable (2); passepartout (2); phileas (1); railways (1); steamship (1); delays (1); storms (1); calmly (1); luggage (1); depart (1); foolish (1),,very-low-frequency,needs-editorial-review
s229,6,Famous books,The Creature Watches a Family,ed7ce7f686d436ae5fb2a943de0e72c4f58a9002cdfa5d0a599b154502ea0962,198,19,17,10.42,2.53,0.51,frightened (2); victor's (1); wandered (1); screamed (1),,,automated-screen-clear
s230,6,Famous books,The Creature Demands an Answer,7072a118f33d9d9f46c42c02a658ca8a5b7fb701bb2c893964d1db5d89510124,202,21,15,9.62,4.46,0.5,loneliness (2); confronted (1); rejection (1); blamed (1); abandoning (1); horrified (1); feared (1); creature's (1),,,automated-screen-clear
s231,7,Famous books,Fantine and Jean Valjean,aa9bf1b91ff117d8646fed770ba21fffdcaeae11c9568cff98d355daab138887,194,18,21,10.78,11.34,8.76,fantine (6); cosette (4); valjean (4); innkeeper's (1); businessman (1); possessions (1); reunion (1); indifference (1); fantine's (1); punishes (1); vulnerability (1),,very-low-frequency,needs-editorial-review
s232,7,Famous books,The Barricade in Paris,dec1ebfdf23ca1ac7a73ae4646487c7efc6bb86c2e9ca94e03beba98c68edb3c,198,18,21,11,14.14,4.55,valjean (5); marius (4); barricade (3); cosette (3); unrest (1); spreads (1); idealists (1); builds (1); despair (1); chooses (1); unconscious (1); sewers (1); exhausting (1); obstacles (1); accepts (1),,very-low-frequency,needs-editorial-review
s233,8,Famous books,Gulliver in Lilliput,4716f35eeb26eeba48a92ae3cfa5e14df7c1387b21cf751d4d7bd352135d6447,191,17,21,11.24,10.99,4.71,gulliver (3); lilliput (2); shipwreck (1); lemuel (1); wakes (1); discovers (1); cooperate (1); lilliputians (1); amusing (1); neighboring (1); absurd (1); visually (1); satire (1); imaginary (1); invites (1),,very-low-frequency,needs-editorial-review
s234,8,Famous books,Gulliver Among the Giants,3b70a82a0626a1b1502afc7f15d3c8f8307df649001356d03ea6cf0abba8cdff,194,19,24,10.21,8.76,3.09,gulliver (3); voyage (1); inhabited (1); reversed (1); lilliput (1); overlook (1); curiosity (1); expects (1); admire (1); inventions (1); gulliver's (1); irrational (1); unpleasantly (1); familiarity (1); superiority (1),,,automated-screen-clear
s235,5,Science,Why Your Stomach Growls When You're Hungry,6f998daaee467ee5acd897c8de8cd902e4906a500952ab6ebf2f2ffa38ea6950,284,13,45,21.85,11.97,3.17,growling (5); squeezing (5); digestive (4); inconvenient (2); embarrassment (1); loudly (1); intestines (1); fluids (1); peristalsis (1); continuously (1); muffled (1); muffle (1); louder (1); noticeable (1); rumbling (1),,long-sentence;dense-syntax;very-low-frequency,needs-editorial-review
s236,5,History,Town Clock That Ran Backward for a Week,b7ab679a0d8703e4ac296fbba6dd6d84dbcfd1ab2a0b6dec362311cddbf0f17f,303,11,39,27.55,8.25,2.97,backward (3); tower's (3); clockmaker (2); fictional (1); unspecified (1); ticking (1); routines (1); townspeople (1); appointments (1); shopkeepers (1); timekeeping (1); reversed (1); restoring (1); afterward (1); plaque (1),,long-sentence;dense-syntax;very-low-frequency,needs-editorial-review
s237,6,Fantasy/stories,The Innkeeper Who Never Forgot a Face,5f91eb6ada5a54494488e38342a032ad4d782fc4755162420230b384019d740b,197,17,19,11.59,9.14,4.57,gustaf (6); travelers (2); greeted (1); pebble (1); guest's (1); innkeeper (1); traveler (1); smiled (1); remembering (1); pebbles (1); welcomed (1); gustaf's (1),,very-low-frequency,needs-editorial-review
s238,6,Everyday life,Borrowed Ladder That Started a Friendship,da9e50199dbda1447614eb4177a57abe5233f811544e6bf882f4fc4d6c81203f,335,11,47,30.45,12.84,0.9,theodore (8); percy (8); taller (2); favors (2); gutters (1); roofline (1); greeted (1); readily (1); lend (1); mentioning (1); casually (1); advancing (1); hesitation (1); stubborn (1); hinge (1),,long-sentence;dense-syntax,needs-editorial-review
s239,7,Nature and animals,Ant That Farms Its Own Food,30d9d9658f311dc124baf58befc1b5c3d68184401dcb0c1574d38fdd9cce961a,323,9,59,35.89,17.03,1.55,ants (7); fungal (5); fungus (4); cultivated (4); ant (3); leafcutter (3); cultivate (2); harmful (2); scavenging (1); scraps (1); cultivating (1); rivals (1); famously (1); nests (1); fragments (1),,long-sentence;dense-syntax;low-frequency,needs-editorial-review
s240,7,World affairs,The Town That Shares One Ambulance With Three Villages,a0cce42fc74f271989e4aabaec68d6b13d90fe428a9f14e30864ce9b3c9608db,402,9,72,44.67,7.71,0.75,cooperative (2); coordination (2); individually (2); fictional (1); mountainous (1); terrain (1); negotiated (1); jointly (1); centrally (1); positioned (1); service's (1); proportional (1); protocols (1); determining (1); prioritize (1),,long-sentence;dense-syntax,needs-editorial-review
s241,8,Famous books,Gulliver and the Houyhnhnms,6fdb934ae881cf90b1f4faf9c16ca32141afd78c761f07c7f6eaa45155bbaa3c,184,16,18,11.5,16.76,7.03,yahoos (4); gulliver (3); houyhnhnms (2); resembles (2); voyage (1); humanlike (1); greedy (1); appetite (1); horrified (1); realizes (1); theirs (1); houyhnhnm (1); admires (1); rationality (1); satire (1),,very-low-frequency,needs-editorial-review
s242,8,Science,Reason Your Voice Sounds Different on Recordings,a7bfc55460187ad17804210a3b66466bebd3925fd42da9a0514ac0049e9613c7,374,10,53,37.4,13.1,1.34,pathway (7); airborne (6); pathways (3); bone-conduction (3); frequencies (3); noticeably (2); higher-pitched (2); perceive (2); embarrassment (1); sounding (1); outward (1); eardrums (1); captures (1); unavailable (1); listeners (1),,long-sentence;dense-syntax,needs-editorial-review
s243,9,Fantasy/stories,The Cartographer Who Mapped Only What He'd Lost,4582da8466ba9b50335b33a773d0103d6027e302dbf8bce9a049ca80b901099e,395,9,64,43.89,12.41,1.77,bartholomew (4); rendered (4); depicting (3); geography (2); commissioned (2); literal (2); bartholomew's (2); estranged (2); unresolved (2); cartography (1); unplanned (1); mapping (1); specialty (1); consumed (1); render (1),,long-sentence;dense-syntax,needs-editorial-review
s244,9,History,Envoy Who Negotiated With an Empire That No Longer Existed,71f104e28b6fd41e62685f91d76346be0f34ffe1e98a9cd67e79a537b4b219ff,468,11,73,42.55,13.46,1.71,envoy (6); successor (5); negotiate (3); negotiating (3); historians (2); overland (2); empire's (2); unified (2); unprecedented (2); fictional (1); unspecified (1); miscommunication (1); neighboring (1); collapsed (1); dispatched (1),,long-sentence;dense-syntax,needs-editorial-review
s245,10,Nature and animals,How Nearby Bacteria Coordinate Their Behavior,8c2ca1f9ecc2184994909a86c8e26fee9ab5daf3b63083cd4a956c3ffad4085a,196,15,24,13.07,10.2,1.02,molecules (2); quorum (2); sensing (2); biofilm (2); signaling (1); surroundings (1); coordinated (1); toxins (1); exchanging (1); organisms (1); bacterial (1); interfere (1); antibiotics (1); evolve (1); coordinate (1),,,automated-screen-clear
s246,10,Everyday life,The Diary Two Strangers Kept Without Knowing Each Other,60374f0386b04704fc3aa6d635916d3eb368048565168c600cd2a31fbab97714,429,8,71,53.63,11.19,2.1,prudence (8); journal's (6); reflections (4); secondhand (3); owner's (2); intending (1); abandoning (1); partway (1); captivated (1); stranger's (1); frustrations (1); philosophical (1); unexpectedly (1); resonant (1); admittedly (1),,long-sentence;dense-syntax,needs-editorial-review
s247,5,Fantasy/stories,Kite That Carried Wishes to the Wind,e3070f611b96fd47670e86ede368864fd903501a7ccde316b5f2d3d1a30340ef,308,12,49,25.67,8.12,2.92,kites (5); wishing (2); notebook (2); emil (2); kite (1); whisper (1); distracted (1); faithfully (1); thrilled (1); smiled (1); reminding (1); wisher's (1); kite's (1); village's (1); patiently (1),,long-sentence;dense-syntax;very-low-frequency,needs-editorial-review
s248,5,Fantasy/stories,Blacksmith Who Forged Second Chances,5efe912240ff77df15cc2e1fb8bb65bb64a54e489a0d658e6bdbcded4bd11fd6,290,11,46,26.36,10.69,4.83,hendrik (8); plow (3); melted (2); insisting (2); metalworking (1); blacksmith (1); puzzled (1); melt (1); repairing (1); blacksmiths (1); reshaped (1); slower (1); tool's (1); erasing (1); mended (1),,long-sentence;dense-syntax;very-low-frequency,needs-editorial-review
s249,5,Fantasy/stories,The Girl Who Collected Fallen Stars,81db2c7a38e7e7b6b2c3a9386735349ec4f2335e6c117fe4397d0504f9335ae8,286,12,42,23.83,11.19,2.8,astrid (7); glowing (4); villagers (1); starlight (1); searched (1); mornings (1); dew-covered (1); faintly (1); sunlight (1); teased (1); hobby (1); insisting (1); teasing (1); searches (1); curiously (1),,long-sentence;dense-syntax;very-low-frequency,needs-editorial-review
s250,6,Fantasy/stories,Librarian Who Lent Books to Ghosts,f741f7eebaf1c7211e3852287fc9d3d9ff79505b388b388c68072bcaf109da55,355,12,49,29.58,9.58,1.97,wilhelmina (5); patrons (3); librarian (2); securely (2); noticing (2); unseen (2); discovering (1); resembling (1); visitor's (1); preferences (1); favoring (1); village's (1); founding (1); cautiously (1); imagining (1),,long-sentence;dense-syntax,needs-editorial-review
s251,6,Fantasy/stories,Tinker Who Repaired Broken Hearts,89627f84eb577233d026c721b9443328265d4a37899cf433139940e16f9862be,337,11,46,30.64,6.53,0.89,cornelius (7); mending (2); mend (2); grieving (2); pots (1); shattered (1); discarding (1); patiently (1); repaired (1); aloud (1); daughter's (1); craftsmanship (1); insisting (1),,long-sentence;dense-syntax,needs-editorial-review
s252,6,Fantasy/stories,The Gardener Who Grew Silence Into Roses,9590f55b3cb661fc27d84405996a3056ed7f6c1052a2f6b261f55190ab956fbc,198,17,19,11.65,7.58,2.02,matthias (4); gardener (2); gardeners (2); rosewick (1); competitions (1); fragrant (1); noisier (1); matthias's (1); mattered (1); garden's (1),,,automated-screen-clear
s253,7,Fantasy/stories,Weaver Who Stitched Together Torn Fates,1f4a9fdbb4ee99429d05a6d63c96d2d2814e1d63bb16a02687f20a5f12bbd1c7,361,11,56,32.82,15.24,3.88,ottavia (5); weaving (3); estranged (3); estrangement (3); tapestries (2); reconciliation (2); inheritance (2); resentment (2); tapestry (2); rendered (2); practiced (1); peculiar (1); specialty (1); weavers (1); mend (1),,long-sentence;dense-syntax;very-low-frequency,needs-editorial-review
s254,7,Fantasy/stories,Innkeeper's Wife Who Dreamed Other People's Dreams,52a444145175a06539ed4ecbe066606de46d64675d7b8021402c3519f972c6b1,226,20,23,11.3,9.29,2.65,josepha (5); aloud (2); possessed (1); troubling (1); dreaming (1); innkeeper (1); sensed (1); harmed (1); confront (1); travelers (1); guessed (1); distress (1); cautious (1); expose (1); depended (1),,,automated-screen-clear
s255,7,Fantasy/stories,The Cooper Who Barreled Up Bad Luck,7a5877213ba95702e45c682095ff39cc4ba0df6b778138dafe66d2e23760ef61,222,18,22,12.33,8.11,3.15,fitzwilliam (4); barrels (2); assembled (1); staves (1); misfortune (1); interruption (1); interfere (1); harvests (1); unpredictable (1); credited (1); burial (1); fitzwilliam's (1); imprisoned (1); troubles (1),,,automated-screen-clear
s256,8,Fantasy/stories,Silversmith Who Melted Down Old Grudges,ac943820841df93fea8b4f1ba989d84b79f3b29c90b86e2f8d15fc87b8d1e272,404,11,59,36.73,16.34,4.46,evangelina (5); resentment (3); grievance (3); betrayal (3); silversmithing (2); specialty (2); commissioned (2); resentments (2); melt (2); gradual (2); melting (2); reshaping (2); aloud (2); eventual (2); resilience (2),,long-sentence;dense-syntax,needs-editorial-review
s257,8,Fantasy/stories,Midwife Who Delivered More Than Babies,bc1c00952e843853ebe2dc0426dcde802dc7b1aee3de2f9b5ec0e51680108f3d,398,10,65,39.8,17.84,4.52,perpetua (7); perpetua's (3); reassurance (3); midwife (2); evident (2); possessed (2); temperament (2); newborn's (2); accumulated (2); compassionate (2); community's (1); longtime (1); perceive (1); newborn (1); infant's (1),,long-sentence;dense-syntax;very-low-frequency,needs-editorial-review
s258,8,Fantasy/stories,The Ropemaker Who Braided Fortune and Misfortune Together,b8371cc7b3a51e8550a0e9c62d5f7235a6999bca66862a9ceab0fa37634996ee,382,10,61,38.2,16.23,5.5,thaddeus (5); thaddeus's (5); sailors (4); ropes (3); braiding (3); voyage's (3); voyage (3); deliberate (3); maritime (2); voyages (2); dangers (2); testimonials (2); ship's (2); fishermen (1); specialty (1),,long-sentence;dense-syntax;very-low-frequency,needs-editorial-review
s259,5,Nature and animals,How Giraffes Control Blood Pressure,280ef542c55249e0313b1e31767d00ddc2ca0b0d3643c91a0f6b0f5d93da122e,208,13,23,16,12.98,0.48,giraffe (4); valves (2); circulation (2); upward (1); maintains (1); arterial (1); mammals (1); ventricle (1); generates (1); connective (1); swelling (1); lowering (1); veins (1); spreads (1); unusually (1),,,automated-screen-clear
s260,5,Nature and animals,Beetle That Rolls Its Dinner Uphill,8df941ce0b326d4b44b1b0ac8685e68849e46231526cc76ae963b2697cff848d,295,9,49,32.78,14.24,1.69,dung (7); beetles (7); beetle (3); bury (2); celestial (2); ecological (2); droppings (1); distances (1); uneven (1); obstacle-filled (1); terrain (1); backward (1); navigate (1); sailors (1); navigated (1),,long-sentence;dense-syntax;low-frequency,needs-editorial-review
s261,5,Nature and animals,How Chameleons Really Change Color,daafbe3aef4a05c1f30a08fe8c6d5b106b2954a48c1c4258127f6ff018c86451,166,14,24,11.86,6.63,0.6,chameleon (2); crystals (2); brighter (1); differs (1); chameleons (1); slower (1); reacts (1); surroundings (1); richer (1),,,automated-screen-clear
s262,6,Nature and animals,Fish That Lives Out of Water for Days,7e227c7a3b1c2465957d641017ace3e786915fdcc76179ceaf48558b250a8b7f,307,10,67,30.7,14.01,3.26,mudskippers (4); adaptations (3); mudflats (2); evolutionary (2); suffocate (1); mudskipper (1); comfortably (1); inhabit (1); mangrove (1); swamps (1); tidal (1); watery (1); habitat (1); absorb (1); lining (1),,long-sentence;dense-syntax;very-low-frequency,needs-editorial-review
s263,6,Nature and animals,Bird That Steals Nests Instead of Building Them,683c0d377e0ea807e623835fb2d29c52b25b646cec2497fb8e627e63b0609e4e,317,9,57,35.22,15.77,1.89,cuckoo (9); chicks (3); host's (3); nests (2); offspring (2); deception (2); evolutionary (2); dedicate (1); reproductive (1); tricking (1); unsuspecting (1); brood (1); parasitism (1); locate (1); absent (1),,long-sentence;dense-syntax;low-frequency,needs-editorial-review
s264,6,Nature and animals,The Ant That Explodes to Protect Its Colony,aea3c5923ebc5f72900e9c9e8c3342e4f27364147ec5a5efde66118c527338cd,332,8,64,41.5,15.36,2.41,ant (4); ants (4); ant's (4); glands (3); sticky (2); colonies (2); evolutionary (2); behaviors (1); insect (1); rupture (1); predators (1); exploding (1); suicidal (1); defenders (1); enlarged (1),,long-sentence;dense-syntax;low-frequency,needs-editorial-review
s265,7,Nature and animals,Mammal That Lays Eggs Instead of Giving Birth,7df1b483e36ddd9375e07520747827baa792fbd85465587e59e6febd9779208e,176,16,25,11,13.07,2.27,mammals (5); platypus (2); mammal (2); ancestors (2); echidna (1); exceptions (1); monotremes (1); egg-laying (1); lays (1); curls (1); hatch (1); nipples (1); traits (1); clues (1); reptiles (1),,,automated-screen-clear
s266,7,Nature and animals,Fish That Uses Tools to Crack Shells,e5466dba49dfe798555919308ac23a36de19a6ec1e9a53bfb880d5849a13145d,239,17,20,14.06,10.46,2.09,prey (3); wrasse (2); wrasses (2); anvil (2); primates (1); mammals (1); clams (1); urchins (1); hard-shelled (1); mouths (1); deliberate (1); locate (1); cognition (1); underestimate (1); differs (1),,,automated-screen-clear
s267,7,Nature and animals,The Bird That Remembers Thousands of Hiding Spots,7e3c8a42dc73942ac4248de24fe53a5312ee8e3a0db3b04455727287471c2df4,348,8,67,43.5,13.79,4.31,spatial (5); cache's (3); clark's (2); nutcracker (2); cache (2); relocate (2); caches (2); landmark-based (2); geographic (2); landmarks (2); food-caching (2); neurological (2); corvid (1); relocating (1); nutcrackers (1),,long-sentence;dense-syntax;very-low-frequency,needs-editorial-review
s268,8,Nature and animals,Deep-Sea Creature That Makes Its Own Light,31a95dc8044e5bd62299b0e502cb8f91a2f09da611182949ffe6ab64b28f0ec7,360,9,61,40,18.06,4.72,bioluminescence (5); prey (3); ocean's (2); sunlight (2); organisms (2); attracting (2); communicating (2); mates (2); anglerfish (2); bioluminescent (2); lure (2); deepest (1); penetrates (1); lightless (1); possessing (1),,long-sentence;dense-syntax;very-low-frequency,needs-editorial-review
s269,8,Nature and animals,Insect That Mimics a Leaf to Survive,7ff5aeaa1bcfbd7e50deb30c624a7dfc9165e670cb75cdb04721544087f77a4c,360,7,64,51.43,25.28,2.5,camouflage (7); coloration (4); predators (4); convincing (3); insect (3); resembling (3); convincingly (3); evolutionary (3); visually (2); mimicry (2); displaying (2); behavioral (2); adaptations (2); masquerade (2); organism (2),,long-sentence;dense-syntax;low-frequency,needs-editorial-review
s270,8,Nature and animals,How Newborn Mice Can Repair Heart Tissue,3a34072350a23ea8f8af742b6b1ff44cecb693cc569d8e77db2aa5f0ddc38cd6,413,10,60,41.3,10.9,0.97,regeneration (5); regenerative (4); regenerate (2); mammal (2); cardiac (2); restoring (2); developmental (2); mammals (2); exceeding (1); neonatal (1); portions (1); experimentally (1); progressively (1); retaining (1); multiply (1),,long-sentence;dense-syntax,needs-editorial-review
s271,5,World affairs,Town That Built a Playground Out of Old Boats,8da24583e46dbbd6256b524513501da1f9a89bbeb8fbc2bf16cf7ef4585550ce,317,9,50,35.22,8.52,0.63,playground (4); imaginative (2); fictional (1); hauled (1); straightforward (1); usefulness (1); discarding (1); town's (1); sanding (1); securing (1); preserving (1); weathered (1); resembled (1); steer (1); ramps (1),,long-sentence;dense-syntax,needs-editorial-review
s272,5,World affairs,Village That Shares a Single Tractor,9ba8c1a4715a1d83aac5b4bc14b8af116937277fff96a43581db7170817e966b,314,9,52,34.89,7.32,0.96,tractor (6); fictional (1); pooled (1); rotating (1); elders (1); prioritizing (1); whichever (1); urgently (1); inevitably (1); scheduling (1); disagreements (1); financially (1); villagers (1); depended (1); collectively (1),,long-sentence;dense-syntax,needs-editorial-review
s273,6,World affairs,The City That Paints Its Crosswalks Like Rainbows,088bf62ae8e1cc226ce4fa91d3cc771fd82a41241347f0e6e0bb527354452e50,193,14,30,13.79,5.18,0.52,crossings (2); fictional (1); welcoming (1); crosswalks (1); confuse (1); slippery (1); walkers (1); copied (1); cheerful (1),,,automated-screen-clear
s274,6,World affairs,Country That Grows Its Own National Forest,17be188c1db04bee783db67033631831aec57143f542162ff597fc98a21d351d,198,15,21,13.2,3.03,0.0,fictional (1); forestry (1); planting (1); differed (1); crosses (1); cycles (1),,,automated-screen-clear
s275,6,World affairs,Town That Turned Its Water Tower Into a Museum,7d71fc578a5e7c1c69a33d0a3c8c972c42bdf0a4407d2c14138bc81650e8ba3b,315,8,51,39.38,12.7,0.95,town's (3); obsolete (2); preserving (2); project's (2); tower's (2); exhibits (2); fictional (1); demolish (1); outdated (1); enthusiast (1); sentimental (1); longtime (1); feasibility (1); renovation (1); converting (1),,long-sentence;dense-syntax,needs-editorial-review
s276,6,World affairs,The City That Lets Citizens Design Their Own Parks,a98ce34449e3554520088628814c5b9ff36957f3710864a4b9492323d21381ec,378,11,57,34.36,10.58,0.53,participatory (4); neighborhoods (4); amenities (2); organizing (2); designing (2); fictional (1); workshops (1); propose (1); finalized (1); blueprints (1); ensures (1); eventual (1); inconsistent (1); coordinated (1); smoothly (1),,long-sentence;dense-syntax,needs-editorial-review
s277,7,World affairs,Nation That Trains Farmers to Become Diplomats,662a16a60f3b903f7f02641ceb20cb0f25c92d4dc247ebc4e397f95c615e524a,377,9,61,41.89,12.2,0.8,diplomats (4); farmer-diplomats (4); negotiation (2); preserving (2); negotiating (2); fictional (1); recognizing (1); pathways (1); lacked (1); recruited (1); protocols (1); briefings (1); explicitly (1); valuing (1); correction (1),,long-sentence;dense-syntax,needs-editorial-review
s278,8,World affairs,Region That Shares a Single Power Grid Across Three Countries,9425af60bf3490102fd7195bb01372d31968504b8a1b63ce7ed8fa8d0b95e355,416,10,63,41.6,7.69,0.72,shortage (4); seasonal (2); surplus (2); protocols (2); whichever (2); reliability (2); fictional (1); mountainous (1); hydroelectric (1); surpluses (1); shortages (1); integrating (1); grids (1); exporting (1); coordination (1),,long-sentence;dense-syntax,needs-editorial-review
s279,8,World affairs,The Nation That Negotiates Its Fishing Rights Every Season,d11d083f09213267a76713dcf0cd39e005b53c70820901983a7a94b053fb8030,412,12,58,34.33,15.05,2.43,maritime (4); quotas (4); renegotiation (3); sustainability (3); neighboring (2); predictable (2); certainty (2); assessments (2); overfishing (2); exceeded (2); ecological (2); jointly (2); relying (2); fixed-quota (2); fictional (1),,long-sentence;dense-syntax,needs-editorial-review
s280,8,World affairs,Union of Towns That Shares One Fire Department,cf7cc0a314ae42aee9061c6873339a61383794fa0eaf268ccdb4af973585c03c,382,10,55,38.2,11.52,0.79,consolidation (5); individually (3); department's (3); constraints (2); jointly (2); underfunded (2); fictional (1); persistent (1); adequately (1); staffed (1); impractical (1); negotiated (1); governed (1); understaffed (1); negotiation (1),,long-sentence;dense-syntax,needs-editorial-review
s281,8,World affairs,Nation That Publishes Its Government Budget as a Children's Book,e56db49ef0d8a0f3e6111035a34aef8bdc89dae6eae51f6d9cb5f9fb5ec1079b,401,10,63,40.1,9.48,0.5,simplified (4); budgetary (4); transparency (3); colorful (2); illustrations (2); fictional (1); nation's (1); taxation (1); analogies (1); functioned (1); financially (1); lacked (1); incorporating (1); curricula (1); governmental (1),,long-sentence;dense-syntax,needs-editorial-review
s282,5,Everyday life,The Umbrella Stand That Became a Neighborhood Tradition,d8528a28388a987cfb924b6261a932ea18d58534f2369bc1330e46d90a13fad3,291,10,45,29.1,7.22,2.06,umbrella (7); farrukh (4); handwritten (1); remembers (1); steadily (1); rainstorm (1); umbrellas (1); stand's (1); informal (1); oversight (1); smoothly (1); recreate (1),,long-sentence;dense-syntax,needs-editorial-review
s283,5,Everyday life,Recipe Passed Down Through a Single Photograph,34cd07cc2899c71b2bbc73e3735fc59da7a1a76141353c5335e2dced518889ba,316,7,50,45.14,12.97,2.22,yolanda (4); baking (3); treasured (3); grandmother's (2); recreate (2); cherished (2); yolanda's (1); inherited (1); noticing (1); great-grandmother's (1); shaping (1); dough (1); clues (1); experimented (1); combinations (1),,long-sentence;dense-syntax,needs-editorial-review
s284,5,Everyday life,Bench Where Strangers Became Regulars,b5770435a5dd2c1db4361edf76c895d416ae0ea4daa6d9576bcc085a54b78d18,188,18,18,10.44,6.38,1.6,rosalind (3); ducks (2); bertrand (2); pond (1); afternoons (1); nodded (1); greetings (1); routines (1),,,automated-screen-clear
s285,6,Everyday life,The Shared Toolbox in the Apartment Basement,ded92a220a7d38b815e0dac9a5f683445ebbaa44fa9a084736eda4122a1cb54c,322,8,50,40.25,9.01,1.86,desmond (6); toolbox (6); building's (2); promptly (2); borrowing (1); wobbly (1); assembling (1); appreciating (1); responsibly (1); borrowed (1); benefited (1); replacements (1); additions (1); transforming (1); collectively (1),,long-sentence;dense-syntax,needs-editorial-review
s286,6,Everyday life,Coat Left at a Party for Years,5c6b3728f7413d90c215fde66af50eb81c7ff58ed41df9f4926477c2a1a38976,205,17,23,12.06,8.78,0.98,penelope (6); crowded (1); housewarming (1); wool (1); acquaintance (1); garment (1); sister's (1); joked (1); accidental (1); caretaker (1); stranger's (1); storing (1); discarded (1),,,automated-screen-clear
s287,7,Everyday life,Piano No One in the Family Could Play,ef75fd5035619e1d380c90fa8c580c3948a685844c3ea5fea2cc31ac718e162f,214,18,22,11.89,7.01,1.4,cornelius's (3); cornelius (2); inherited (1); upright (1); pianist (1); donating (1); fascinated (1); frustrating (1); worthwhile (1); gatherings (1); restoring (1); untouchable (1),,,automated-screen-clear
s288,7,Everyday life,The Attic Box Neither Sibling Wanted to Open,c0f1b78ead6f0d7ceb24845e4ce2b172e2d3aa7fac6fac203a5179cbd9474a8e,236,19,29,12.42,8.9,2.54,cordelia (2); maximilian (2); longtime (1); smoothly (1); unmarked (1); cardboard (1); attic (1); sibling (1); unopened (1); cordelia's (1); inventing (1); acknowledgment (1); avoidance (1); devotion (1); erasing (1),,,automated-screen-clear
s289,7,Everyday life,Sunday Ritual That Survived a Divorce,489afa1f464a9458b18a6e37523fd291c5fcbd9466ed8d4869a4d313eab2e214,220,18,18,12.22,5.0,1.36,desmond (2); philippa (2); amicable (1); schedules (1); parenting (1); warmth (1); respectfully (1); dependable (1); discard (1),,,automated-screen-clear
s290,8,Everyday life,Handwriting That Outlived the Letter Writer,3914bd1b9a8766b2c9ae88795794965f2c6d73acc66b6a7be094537a67123ee0,414,10,62,41.4,13.77,3.38,grandmother's (9); wilhelmina (9); handwriting (6); tangible (3); inherited (1); wilhelmina's (1); documentation (1); powerfully (1); reviewing (1); recognizable (1); oddly (1); underlining (1); emphasized (1); handwriting's (1); steadiness (1),,long-sentence;dense-syntax,needs-editorial-review
s291,8,Everyday life,The Garden Left Exactly as the Owner Had Planted It,1873c0f290f62721c6453ed4eab6dd8a7e79baa238ea598779cf38162756e6b1,406,10,55,40.6,12.07,1.48,bartholomew (6); gardening (5); owner's (3); inherited (2); preferences (2); landscaping (2); garden's (2); positioned (2); preserving (2); thoughtful (2); cultivating (1); refining (1); lacked (1); evidently (1); necessity (1),,long-sentence;dense-syntax,needs-editorial-review
s292,8,Everyday life,Silence Between Two Old Friends Who Never Apologized,5ae08160bc8da9df789b2d26eaeac055d92210dd5c51bcbbf4a0434d4b5315ec,410,10,64,41,12.93,1.46,cornelius (6); reconciliation (6); disagreement (5); bartholomew (4); uncertain (3); estrangement (2); polite (1); acquaintance (1); unavoidably (1); articulate (1); intervening (1); vague (1); persistent (1); accumulated (1); cornelius's (1),,long-sentence;dense-syntax,needs-editorial-review
s293,5,History,Fisherman Who Warned of a Coming Storm,92027920fe197b2b8c7ee644dc7f4fadc410a63efa50dc6e461281881c64eda4,339,9,53,37.67,12.68,2.65,godric (4); fishermen (3); villagers (2); observers (2); godric's (2); storm's (2); fictional (1); unspecified (1); depended (1); fisherman (1); observing (1); predicting (1); skies (1); urgently (1); ashore (1),,long-sentence;dense-syntax;very-low-frequency,needs-editorial-review
s294,5,History,The Child Who Carried a Kingdom's Only Seed,a52c36714d911a15af2d13ac3117e833ad4442eacc4f8a68bf94df33421cebca,374,8,61,46.75,10.43,3.21,kingdom's (4); pouch (4); marisol (4); devastated (2); bandits (2); resourcefulness (2); fictional (1); unspecified (1); prolonged (1); drought (1); drought-resistant (1); successive (1); harvests (1); depleted (1); transported (1),,long-sentence;dense-syntax;very-low-frequency,needs-editorial-review
s295,5,History,Innkeeper Who Hid a Fugitive Prince,c334f686c53a03e215a6671b7cd85537f4ee4ed2c8460a4cb506e6c459488ea2,221,20,24,11.05,9.05,2.71,godiva (3); innkeeper (2); fictional (1); unspecified (1); nobles (1); countryside (1); exhausting (1); roadside (1); feared (1); rulers (1); exposing (1); hid (1); travelers (1); neighboring (1); regained (1),,very-low-frequency,needs-editorial-review
s296,6,History,Toll Collector Who Refused a King's Coin,5f5bc0de0151e3509250901e272c6afd83f24ef76b3abc2294e06b6378aae9c8,404,10,75,40.4,12.62,4.7,aldric (6); kingdom's (5); traveler (2); aldric's (2); evident (2); adherence (2); traveler's (2); honesty (2); fictional (1); unspecified (1); collector (1); faithfully (1); merchants (1); travelers (1); procession (1),,long-sentence;dense-syntax;very-low-frequency,needs-editorial-review
s297,6,History,The Widow Who Ran a Trading Post Alone,1f404678e91cef06627e8f6db1e9819d0b4b9fc7fd30ab57570975ad8752380b,395,10,56,39.5,13.42,2.78,helena's (4); helena (3); husband's (2); abandoning (2); prevailing (2); skepticism (2); competence (2); post's (2); fictional (1); unspecified (1); jointly (1); discouraged (1); oversight (1); grudging (1); merchants (1),,long-sentence;dense-syntax,needs-editorial-review
s298,6,History,Carpenter Who Built a Bridge in a Single Night,a7fc62c41a41e1abbdeef272612f93c881a841b9f6e1908077ad84226c37a3be,385,10,59,38.5,9.09,1.3,frederick (5); frederick's (3); reinforcements (2); commanders (2); fictional (1); unspecified (1); necessity (1); advancing (1); desperately (1); carpenter (1); rebuild (1); disasters (1); characteristic (1); organizing (1); construct (1),,long-sentence;dense-syntax,needs-editorial-review
s299,7,History,Scholar Who Hid a Library in Plain Sight,72a2a7a46e10a8e0fa50c974a6054e82e26e21d11d6aa6b6cc21178d75ebc5f5,393,11,60,35.73,16.79,5.09,forbidden (6); aurelius (5); aurelius's (5); persecution (4); preserving (3); disguising (2); manuscripts (2); coding (2); unremarkable (2); fictional (1); unspecified (1); heretical (1); scholar (1); defying (1); government's (1),,long-sentence;dense-syntax;very-low-frequency,needs-editorial-review
s300,7,History,The Messenger Who Delivered News a Century Late,7455d0d25b9736a3ceaad2f7660506c3339cb5e8ba6048f9635cfcb2f49e0765,441,9,75,49,13.61,2.72,historians (5); recipient (4); uncertain (2); unfolded (2); speculation (2); messenger's (2); fictional (1); unspecified (1); archival (1); kingdom's (1); correspondence (1); puzzling (1); undelivered (1); messenger (1); intending (1),,long-sentence;dense-syntax,needs-editorial-review
s301,7,History,Farmer Who Fed Both Sides of a War,0604da08b7bfc4b78bbc04572d630f62634ce6786a8efe5f6160db546e442a0b,408,9,59,45.33,14.95,3.68,bertholt (5); contested (3); warring (3); conflict's (3); pragmatic (3); bertholt's (3); prolonged (2); factions (2); faction (2); farm's (2); allegiance (2); occupying (2); intact (2); wartime (2); fictional (1),,long-sentence;dense-syntax;very-low-frequency,needs-editorial-review
s302,8,History,Ambassador Who Negotiated Peace With No Authority to Do So,2fe0cb6b8c204b50cd2a35c3d046c476c0b793dc00117429e2caf93e573589b9,461,12,61,38.42,17.57,5.42,kingdom's (8); cassius (7); negotiated (3); cassius's (3); escalating (2); authorization (2); uncertain (2); negotiation (2); unauthorized (2); fortunately (2); precedent (2); fictional (1); unspecified (1); neighboring (1); kingdoms (1),,long-sentence;dense-syntax;very-low-frequency,needs-editorial-review
s303,8,History,The Cartographer Who Mapped a Border That Kept Moving,6450319eb88f46ade8e566d155683ff6382d37113e4f1a05e5f389aa6e538b1c,448,11,75,40.73,18.53,4.46,territorial (8); historians (6); theodosia's (5); outdated (3); invaluable (3); continuously (2); documenting (2); shifted (2); documentation (2); border's (2); cartographic (2); obsolete (2); superseded (2); disputes (2); broadly (2),,long-sentence;dense-syntax,needs-editorial-review
s304,8,History,Scribe Who Recorded a History No One Wanted Told,cab967ba7981a0fc2822a67f6faf37ff004fa26b0e2c2e76f62223e79049f786,425,11,63,38.64,13.65,1.88,leopold (5); leopold's (4); historians (3); kingdom's (2); dynasty (2); troubling (2); complying (2); documenting (2); defying (2); fictional (1); unspecified (1); scribe (1); reflecting (1); posterity (1); unjustified (1),,long-sentence;dense-syntax,needs-editorial-review
s305,6,Everyday life,Umbrella Rack That Never Stayed the Same,e91a9129d2dc881156c56ced7b639ec281a5312edce46c752816689c07d64e1d,211,19,18,11.11,9.48,1.9,umbrella (6); rack (5); odalys (3); umbrellas (1); receptionist (1); unofficial (1); borrowed (1); accidental (1); informality (1),,,automated-screen-clear
s306,7,World affairs,The District That Elects Representatives by Random Selection,0ba6950f2a42723db15c8ef5b489083fc96d29ab6e46e8a98a16eb4c8d0701ef,395,9,57,43.89,9.37,1.01,randomly (7); conventionally (4); perspectives (2); implementing (2); fictional (1); persistent (1); frustration (1); disconnect (1); supplementing (1); juries (1); proponents (1); reflecting (1); population's (1); disproportionately (1); narrower (1),,long-sentence;dense-syntax,needs-editorial-review
s307,5,Science,Why Ice Floats Instead of Sinking,2039c6d717a1562b075fbe76fd1c35a8146c3846ba500e8a793f3fcc232c695c,202,17,18,11.88,9.9,0.99,molecules (3); denser (2); wax (2); floats (2); dense (2); sinks (1); melted (1); freezes (1); pond (1); slows (1); sank (1); upward (1); aquatic (1); ecosystems (1),,,automated-screen-clear
s308,5,Science,How Your Body Knows When to Sleep,0c9e6926de0363aa58fc00d041b857e2f14748631d98f2a7666b4f32cd8e4840,193,17,21,11.35,6.22,2.07,melatonin (2); circadian (1); wakefulness (1); responds (1); daylight (1); bedtime (1); hormone (1); sleepy (1); disturb (1); mismatch (1); lag (1),,,automated-screen-clear
s309,6,Science,Why Some Fruits Have Seeds and Others Don't,0fe772d42bd81048f1f1b4d6f9eb1fc7a4382013643fcabe1c495a86e910acae,298,6,61,49.67,12.08,2.68,varieties (5); reproduce (4); seedless (4); genetically (3); underdeveloped (2); apples (1); oranges (1); watermelons (1); grape (1); puzzling (1); fruiting (1); deliberate (1); unusually (1); noticeable (1); reliably (1),,long-sentence;dense-syntax,needs-editorial-review
s310,6,Science,How Vaccines Teach the Body to Fight Back,f427caa24c2c0b26639b9709b126dd15838707e80d7292dae07af37721abd9ef,207,18,18,11.5,9.66,0.0,vaccines (4); germ (2); vaccination (2); defenses (2); harmful (1); bacterium (1); weakened (1); inactive (1); harmless (1); antibodies (1); doses (1); lowers (1); protects (1); body's (1),,,automated-screen-clear
s311,6,Science,Why Deserts Get So Cold at Night,06698626c82ecff04fda96670b7a68deb8d0a8e2f8b30d4ca3a9fce316082fdf,203,18,19,11.28,8.37,0.0,deserts (2); moisture (2); daytime (1); skies (1); sunlight (1); warms (1); vapor (1); absorb (1); warmth (1); humid (1); altitude (1); oceans (1); humidity (1); nighttime (1); rainfall (1),,,automated-screen-clear
s312,6,Science,How Fireflies Make Light Without Heat,d217b2dd8c720372ace2d6f3b820a98e5f0c97349cea339ceafc6395f3fa2118,189,13,24,14.54,12.17,2.12,firefly (2); luciferase (2); insect (2); abdomen (1); molecule (1); luciferin (1); reacts (1); enzyme (1); bulb (1); biologists (1); regulate (1); flashes (1); rhythms (1); imitate (1); prey (1),,,automated-screen-clear
s313,7,Science,Reason Muscles Get Sore After Exercise,3161594499a1ed0ea900521d529d49262aef30c90764078c1522e50fe3707c59,228,19,21,12,14.04,2.63,soreness (5); doms (3); discomfort (2); unfamiliar (1); onset (1); lengthens (1); lowering (1); downhill (1); microscopic (1); fibers (1); inflammatory (1); sensitivity (1); tenderness (1); stiffness (1); lactic (1),,,automated-screen-clear
s314,7,Science,Why a New Language Can Feel More Difficult,c0ce9e0cdebb0581da9450de053fc3ffd3b8777e6bfcf8316626cc71977ad038,215,16,21,13.44,7.91,1.4,learners (2); learner (1); resemble (1); learnable (1); sorting (1); likelihood (1); implicitly (1); literacy (1); explicit (1); proficiency (1); misleading (1); inherently (1); learner's (1); anticipates (1); contrasts (1),,,automated-screen-clear
s315,7,Science,Why Yawning Can Be Contagious,a790e7f29c060885871c3ec597242a9c84e9044be5cea6beb22ad2961a17bde2,203,15,22,13.53,13.79,1.48,yawn (5); contagious (4); yawning (4); empathy (3); closeness (1); reproduced (1); correlation (1); excitability (1); inhibition (1); tiredness (1); responds (1); copying (1); empathetic (1); connects (1); involuntary-looking (1),,,automated-screen-clear
s316,8,Science,Why Old Books Have a Distinctive Smell,dd12ef911f4e76a3189d9bf623ed86477e50279667a951c9d1c230b01b2a6188,192,13,21,14.77,15.62,3.65,compounds (3); moisture (2); lignin (2); cellulose (1); adhesives (1); inks (1); airborne (1); molecules (1); volatile (1); grassy (1); almond-like (1); musty (1); odors (1); vanillin (1); vanilla-like (1),,,automated-screen-clear
s317,8,Science,Physics Behind Why Mirrors Reverse Left and Right But Not Up and Down,a1f3a3956efa2c180cb26edbf0f3ec092cf40c99961646979c1325ddf38886ed,420,11,65,38.18,12.86,2.14,mirrors (7); mirror's (4); reversed (4); intuitive (3); inconsistency (2); upright (2); reversal (2); unreversed (2); interpret (2); puzzling (1); puzzled (1); observers (1); misunderstanding (1); reverses (1); perpendicular (1),,long-sentence;dense-syntax,needs-editorial-review
s318,8,Science,Why Some People Are Exceptional at Recognizing Faces,1548dfae6d4eb22b1bcb21654bcbf4e1bc95f2eacd66f59719ce94f8fcb82034,196,14,23,14,9.69,3.57,blindness (2); super-recognizers (2); developmental (1); prosopagnosia (1); unusually (1); super-recognizer (1); reliably (1); temporal (1); occipital (1); lobes (1); brain-imaging (1); differs (1); neural (1); recognizer (1); infallible (1),,,automated-screen-clear
s319,5,Famous books,A Rescue During the Journey,5c24cae6869907fa25b6a8fd4765d415b8aa86fe418f42ef3bf19678b7db93ae,203,18,22,11.28,8.87,5.91,fogg (4); aouda (4); passepartout (2); phileas (1); companions (1); guarded (1); hid (1); distracted (1); risked (1); aouda’s (1); mattered (1),,very-low-frequency,needs-editorial-review
s320,5,Famous books,The Journey Down the Volcano,760eb9a8aacc5a99fdbe4dcd3dffcc9612bbde3866301fd0a11b6451bc7bbb6b,203,20,17,10.15,9.36,0.49,axel (4); hans (2); lidenbrock (1); iceland (1); volcano (1); climbed (1); crater (1); tunnels (1); descent (1); ropes (1); sunlight (1); lamps (1); dangerously (1); feared (1); downward (1),,,automated-screen-clear
s321,5,Famous books,The Underground Sea,d932ae5492b5236c2bb051816f801b502fa53ae72faee284466506283428f192,202,22,14,9.18,6.44,0.5,travelers (2); axel (2); raft (2); stretched (1); lamps (1); lidenbrock (1); hans (1); shapes (1); flashed (1); dangers (1),,,automated-screen-clear
s322,6,Famous books,Oliver Asks for More,c3131aeb6b937de5549d1511f593e0d371e4ca3960f5ef44b6a350e972f6f7fd,210,18,24,11.67,3.81,0.0,warmth (1); scarce (1); troublesome (1); frightened (1); unwilling (1); cruelty (1); exposes (1); tolerate (1),,,automated-screen-clear
s323,6,Famous books,Oliver Enters Fagin's London,7809b91862e821f18c9cc1b357d8c195b92e6e1eead521180fa9671ad0932eed,194,20,16,9.7,8.25,1.55,dodger (3); fagin (2); escaping (1); cheerful (1); artful (1); welcomed (1); joked (1); rewarded (1); handkerchief (1); horrified (1); frightened (1); thief (1); chased (1),,,automated-screen-clear
s324,6,Famous books,Nancy Makes Her Choice,41d3e1561e01fce211b18060579819fd4dc53b222b94096f6cbc7206e0fd4e88,204,18,20,11.33,5.88,2.45,sikes (2); dangers (1); fagin's (1); feared (1); betraying (1); maylie (1); dishonest (1); outsiders (1); novel's (1); undo (1); compassion (1),,,automated-screen-clear
s325,7,Famous books,Ishmael Meets Queequeg,09b1a48337a2860cd6f3b772495a687a99dd777b5b4bbeb651602a292943ce5e,191,16,22,11.94,15.71,7.33,ishmael (7); queequeg (4); crowded (1); seaport (1); discovers (1); alarmed (1); unfamiliar (1); frightening (1); notices (1); behaves (1); generosity (1); ishmael's (1); whaling (1); hierarchy (1); ambition (1),,very-low-frequency,needs-editorial-review
s326,8,Famous books,Hester Stands on the Scaffold,4cfd4ba675bf1173c7429300dd781bf58afd5cded9ee5880ff76ac792f9cb712,188,17,23,11.06,15.96,3.72,hester (5); scarlet (2); child's (2); dimmesdale (2); hester's (2); prynne (1); puritan (1); infant (1); adultery (1); socially (1); long-absent (1); accepts (1); novel's (1); suffers (1); evaluated (1),,,automated-screen-clear
s327,7,Famous books,Captain Ahab and the White Whale,bbf5734318f0d5d653aa0eee0fa4d50b01251956e36c081bf4396d860b0d91e2,198,18,17,11,12.12,4.55,ahab (5); whale (4); moby (3); ahab's (2); pequod (1); gathers (1); sailor (1); starbuck (1); disturbed (1); whales (1); voyage (1); obsession (1); narrows (1); invites (1),,very-low-frequency,needs-editorial-review
s328,8,Famous books,Dimmesdale Keeps His Secret,8195957d185995d5172b256175080f67bd29df2959d990e2aede66e225b35b5b,187,19,17,9.84,15.51,5.35,dimmesdale (4); hester (3); hester's (2); admired (1); congregation (1); sensitivity (1); purity (1); prynne's (1); dimmesdale's (1); preaches (1); troubles (1); declines (1); chillingworth (1); suspects (1); discovering (1),,very-low-frequency,needs-editorial-review
s329,8,Famous books,The Final Confession,a4d32094f30633f0b90909dc20ba28347d17189cd7f754ad7033414ceeb5ceaf,190,16,18,11.88,12.63,1.58,hester (3); confession (3); dimmesdale (2); shamed (1); sermon (1); spiritually (1); feared (1); acknowledges (1); destroys (1); insists (1); flawed (1); honesty (1); frees (1); secrecy (1); functioned (1),,,automated-screen-clear
s330,8,Famous books,The Count Returns to Paris,8d4f95155e1ddc83444b1eebfac919b0d72d524d18352cda014484fbf2c1ff90,199,19,21,10.47,10.34,4.43,dant (4); escaping (1); edmond (1); monte (1); cristo (1); sailor (1); betrayed (1); danglars (1); fernand (1); villefort (1); observes (1); finances (1); ambitions (1); weaknesses (1); spouses (1),,,automated-screen-clear
s331,1,Fantasy/stories,A Small Dog and a Big Star,47cb2480bc7b19a269d960a66be07cc2229c75d3962b87ed038150d45c57019c,73,14,11,5.21,2.74,0.0,shines (1); sleeps (1),,,automated-screen-clear
s332,1,Fantasy/stories,Little Boat,21d1b3ca70aa09f00a1d1cb081af8772d7b998ec71043ad6e17c6469e58a7058,82,17,8,4.82,2.44,0.0,swims (1); sails (1),,,automated-screen-clear
s333,1,Fantasy/stories,A Girl and Her Cat,114d0f85bbb7f4d9f0190c8229a54210d3ac97911a7c4c2e666cf0704adb4da0,72,13,9,5.54,2.78,0.0,sleeps (1); girl's (1),,,automated-screen-clear
s334,2,Fantasy/stories,Magic Hat,f692492a2914b1bf14bb8d9c97f1a3fc284b55b3903d07a74bae1d6395ce4d70,169,23,12,7.35,3.43,0.0,ana (2); grandmother's (1); smiled (1); tomorrow's (1); surprises (1),,,automated-screen-clear
s335,2,Fantasy/stories,A Friend in the Tree,384fae9078899be0fa8798cfc9fdefac2c5bf622349f84f25c315e05e396cd29,138,20,13,6.9,7.97,0.0,lily (7); owl (2); umbrella (1); thanked (1),,low-frequency,needs-editorial-review
s336,2,Fantasy/stories,The Little King,0661c361b518b3fee942ffe9f3999f77dec9f543d3c8dc644b1167a37d0a19fe,157,18,14,8.72,3.82,0.0,marco (6),,,automated-screen-clear
s337,3,Fantasy/stories,Boy and the Talking Fish,cc7a5132b9a3e83e460aa7529c43bfa1a7dd47a29f749971de3304aae679b8a4,170,21,17,8.1,4.12,0.59,smiled (2); shiny (1); scales (1); swam (1); diego's (1); cane (1),,,automated-screen-clear
s338,3,Fantasy/stories,A New Friend at the Lake,f6c19a54244f3cde7832f911e2d36107f0c891dac8e277f108ec79d0122255bc,134,13,15,10.31,9.7,1.49,sophia (4); pip (4); aunt's (2); softly (1); ducks (1); reeds (1),,low-frequency,needs-editorial-review
s339,3,Fantasy/stories,The Small Dragon,01d3f2045b7618cf2d31388cd6b8364c8045889933f15e51292b0e2450909e2b,170,16,22,10.63,10.59,1.76,elena (6); barn (2); farmer's (1); scales (1); flapped (1); softly (1); clapped (1); encouragingly (1); circling (1); shouted (1); nuzzled (1); thanking (1),,low-frequency;very-low-frequency,needs-editorial-review
s340,4,Fantasy/stories,Girl Who Found a Map,28de401794e08c4c2e81ee159ed4fc96029288aaa04273e2276d6665381d5852,159,14,15,11.36,7.55,2.52,camila (4); attic (1); labeled (1); smiled (1); bushes (1); faint (1); grandmother’s (1); carved (1); glowing (1),,very-low-frequency,needs-editorial-review
s341,4,Fantasy/stories,Old Wizard's Garden,233ff17ba5bfc85b62198d7b890062c407cebfafa240e6f44b1a1145b526f60d,168,15,18,11.2,9.52,2.98,aldric (5); tobias (4); wizard (1); glowing (1); shining (1); softly (1); invent (1); frightening (1); gardener (1),,very-low-frequency,needs-editorial-review
s342,4,Fantasy/stories,A Night in the Forest,ea60dc1dd054977c99f90a8f9c7772093aab3633c51fcb98c2856751697e013c,172,17,21,10.12,9.88,2.91,mateo (3); isabela (3); pond (3); mechanic (2); coats (1); flickered (1); fireflies (1); moonlight (1); vanished (1); disagreed (1),,very-low-frequency,needs-editorial-review
s343,1,Nature and animals,Cat Sleeps,cac5ad287e242cf3a776bd96bcf5590ba7957f594d71dcb7ed623280dd9ae6bd,55,12,6,4.58,10.91,0.0,sleeps (3); wakes (1); meow (1); eats (1),,low-frequency,needs-editorial-review
s344,1,Nature and animals,A Big Fish,2175ac0b4a9028e7b78e0f726976ccb77b174e0137257cfa9c44ff211a4a0957,63,12,10,5.25,7.94,0.0,swims (5),,low-frequency,needs-editorial-review
s345,1,Nature and animals,Birds in the Sky,657d06e712159b7a1cf708ca15a9766bee7490455e8f17d56f70db085d2eae7f,53,12,7,4.42,0.0,0.0,,,,automated-screen-clear
s346,2,Nature and animals,Dog and the Ball,8800c207ff4dc192c5b7e52dbabd8076650ac4995597ddc151b0179f4b3aaa0e,116,15,10,7.73,10.34,0.0,rex (7); pond (2); swam (2); owner's (1),,low-frequency,needs-editorial-review
s347,2,Nature and animals,Ants Work Together,ab2b1213be5c8b54240fb1628cff18112df0308dc41daa89d68e7432cdfffe01,103,11,15,9.36,1.94,0.0,ants (1); ant (1),,,automated-screen-clear
s348,2,Nature and animals,A Bee and a Flower,6c9c578ec2f1f9ac99665bfc84e87f9424c2961e77cf6c7798804aee2d638fef,90,11,14,8.18,6.67,0.0,pollen (2); nectar (1); drank (1); bees (1); hive (1),,,automated-screen-clear
s349,3,Nature and animals,Different Ways Birds Nest,b07dbfdea930317b390e7ab43a509685e67a5c43f857ae13416e4027c8bd9f6e,132,11,20,12,3.79,0.0,twigs (1); beak (1); builds (1); hatch (1); hatching (1),,,automated-screen-clear
s350,3,Nature and animals,Fast Rabbit,20dc45130b620a17fff55a36542435d869b93c889b0277491be54569e6635613,117,13,13,9,6.84,0.0,hazel (4); meadow (1); jumps (1); sharply (1); slips (1),,,automated-screen-clear
s351,3,Nature and animals,A Day at the Farm,e6a13799048f0717127e7656c73945ed30931d9b03bea026eed4f3afa3709e15,94,8,16,11.75,10.64,0.0,mia (4); uncle's (1); chickens (1); peck (1); hay (1); cows (1); muddy (1),,low-frequency,needs-editorial-review
s352,4,Nature and animals,Why Owls Hunt at Night,2e554368c15d34b4c666c1622c3090f5029e3c17706b7055c87b8a7ce545d591,163,13,22,12.54,14.11,1.23,owl (5); prey (5); owls (2); eyesight (1); locate (1); talons (1); feathers (1); owl's (1); unusually (1); perch (1); glide (1); hover (1); nocturnal (1); dusk (1),,low-frequency,needs-editorial-review
s353,4,Nature and animals,The Young Bear at the River,76a05101e96d94c5b0b8a3569d702e8486e050f0161e44a3e7072d944372f781,143,13,16,11,5.59,0.0,cub (3); rushed (1); climbed (1); mornings (1); quieter (1); imagines (1),,,automated-screen-clear
s354,4,Nature and animals,How Fish Use Gills,02ea798b4e4db4a13e075fb1bead84409daf8aeb19cf6cfd6556952bf8e4bd70,173,15,18,11.53,9.25,0.0,gills (4); dissolved (2); gill (2); atom (1); molecule (1); dioxide (1); varies (1); breathes (1); decaying (1); exchanging (1); gases (1),,,automated-screen-clear
s355,1,World affairs,A New School,0f18dfc0a458450219b74ffb9fa9902bf52e7ece64aa8d68735ab25394f0cad3,75,11,11,6.82,0.0,0.0,,,,automated-screen-clear
s356,1,World affairs,Big City,c334e15a7940d46a99d5d53a7374b414a51f2cf48b270d22fa943f3ebfa63663,72,11,12,6.55,0.0,0.0,,,,automated-screen-clear
s357,1,World affairs,People Help Each Other,f5db0800d74035805d31791623ba10d548910854b1c4131f9020c8250f83fc55,66,10,11,6.6,3.03,0.0,teaches (1); fixes (1),,,automated-screen-clear
s358,2,World affairs,A Town by the Sea,095b96ccdb7cbb5102b5f4cc51bbc53dcd05ff5999a1fd05508e7e901db4df0f,94,10,15,9.4,1.06,0.0,seaside (1),,,automated-screen-clear
s359,2,World affairs,Market Day,8ff21662d8d1f40afa907e0128fee4ec97cefbdef2f551463f246908ec2b26ec,69,8,11,8.63,8.7,0.0,mia (3); apples (2); baskets (1),,low-frequency,needs-editorial-review
s360,2,World affairs,New Neighbors,b983fe509f71c445dfc96808ff873eac5d6637efe2a217c96de1e76136c5b843,70,10,11,7,5.71,0.0,amir (2); other's (1); smiled (1),,,automated-screen-clear
s361,3,World affairs,A School for Everyone,6550a11e0560c23da9c9e1650242fc56dd6b00149d94000452bb559bf9b68f3c,130,13,14,10,3.85,3.08,ines (4); fictional (1),,very-low-frequency,needs-editorial-review
s362,3,World affairs,Clean River Project,3b1e88f3d5ed01be0e51f602a3b0d66ea24fb105f2e485f87f09d7eb292e8a80,128,12,18,10.67,9.38,0.78,litter (2); factories (2); fictional (1); polluted (1); rubbish (1); arranges (1); cleanup (1); collects (1); unpleasant (1); inspectors (1),,low-frequency,needs-editorial-review
s363,3,World affairs,A Small Farm Grows Big,5fffe1538f2fb1d1504f87eff3f61aac4a776ddd8ba07799fc4e889bd420368e,134,14,13,9.57,5.22,1.49,inherits (2); fictional (1); debts (1); adviser (1); planting (1); rents (1),,,automated-screen-clear
s364,4,World affairs,Planning a Town Park,c6c474c59c176604c653dc353e437e12e9e0ff5264eeca69604320daacaec2c9,169,13,19,13,3.55,0.59,lawn (1); benches (1); volunteered (1); mulch (1); removable (1); supervised (1),,,automated-screen-clear
s365,4,World affairs,Two Villages Consider a Bridge,a3209fc419a55d3e551ce778e883cbb26a27f23412400ac8607d93e6ad618b63,168,12,25,14,2.38,0.0,seasonal (1); flooding (1); journeys (1); inspections (1),,,automated-screen-clear
s366,4,World affairs,Sharing Water During a Drought,8505b057ddaea99eb2a06fc2ba205b18217571d3528c418140f915626d8b0e3e,182,13,28,14,7.14,0.0,drought (2); canals (1); disagreed (1); specialists (1); allocation (1); schedules (1); drafted (1); reservoir (1); violations (1); satisfy (1); fictional (1); revising (1),,,automated-screen-clear
s367,1,Everyday life,My Day,6d5d5109fca3250af8bd55aa42c83d1aad18c05b21de8f4f82c26ea38b72d295,43,10,6,4.3,0.0,0.0,,,,automated-screen-clear
s368,1,Everyday life,A Cup of Tea,83636328248256bc294ad6b60db772c99c4e411ded755e9d9226bc14a12cc9a1,48,10,8,4.8,0.0,0.0,,,,automated-screen-clear
s369,1,Everyday life,The Red Umbrella,f0266755dbc16c35f784170b2bd6e18431c8ccc0caaec99f580af9b2c6ebfc0e,58,10,9,5.8,8.62,0.0,umbrella (4); smiles (1),,low-frequency,needs-editorial-review
s370,2,Everyday life,A Walk in the Park,6fca06329e239dc8859fbab30c8fa6e23fd6ab6475352eb6cb9664e00740e1eb,69,10,10,6.9,5.8,0.0,chen (2); softly (1); thanked (1),,,automated-screen-clear
s371,2,Everyday life,Making Dinner,c18a97ead19160e215caf3d4ebfd689dceff0490f46ad14702e5a2e788da81de,98,14,11,7,12.24,0.0,sara (4); carrots (2); vegetable (1); smelled (1); stirred (1); herbs (1); poured (1); bowls (1),,low-frequency,needs-editorial-review
s372,2,Everyday life,The Lost Key,acc858b73490cb879d410a75ae4c37531922958c07390b9b613af122d6194d87,97,11,15,8.82,0.0,0.0,,,,automated-screen-clear
s373,3,Everyday life,Emma Helps at the Store,af7fab6625073a692eeb026ac5994f7e72e220ea6dcf44286f40120ad753d678,100,10,18,10,4.0,0.0,apples (2); cart (1); shopper (1),,,automated-screen-clear
s374,3,Everyday life,New Neighbor,c2c042d3b1ac441f220635b8f732db4517e0dc6fd64e48664f9152c34dcb8b9b,85,8,19,10.63,4.71,0.0,mateo (2); baked (1); loaf (1),,,automated-screen-clear
s375,3,Everyday life,A Rainy Day at Home,d5864ee70e82f065bd1d4c4a53ffd1373b5115c4fc523df4f063db66eed12d0b,123,14,12,8.79,7.32,0.81,mia (3); indoors (1); sofa (1); pillows (1); flashlights (1); pretended (1); blankets (1),,,automated-screen-clear
s376,4,Everyday life,Old Photo Album,f273887fa9d11cb0fa2493f90999f51aa4efcf3b02d06237da938c376734c3a2,165,16,20,10.31,7.88,0.61,mateo (4); dent (2); sixteen-year-old (1); attic (1); stalled (1); mateo’s (1); slips (1); grandparents (1); smiled (1),,,automated-screen-clear
s377,4,Everyday life,A Birthday Surprise,38e4d4b4bdcba05a6fe3202099f614ac29ab72f31bfcc1180c574563af6120ec,151,14,23,10.79,9.93,1.99,sofia (7); valentina’s (3); valentina (3); waiter (1); thanked (1),,,automated-screen-clear
s378,4,Everyday life,Learning to Cook,fd29f1b24ceccd4686953be65ad971b8bc59c5dd9f2b0e03621b347101b8aaae,165,13,21,12.69,3.03,0.0,sandwiches (1); smelled (1); lowered (1); boil (1); timer (1),,,automated-screen-clear
s379,1,History,An Old House,54018f1803e2d7828d71234f3c66fd75b9411518e4185dc8783bc897012f341f,68,12,9,5.67,0.0,0.0,,,,automated-screen-clear
s380,1,History,First King,3180b7bc11a69489cbdac04d3105013a8273be002c5760012b9ee226e22e915c,69,11,9,6.27,0.0,0.0,,,,automated-screen-clear
s381,1,History,A Long Trip,5dc037fe1e23df267389a9350bf831ded4f30bb2f75903e1b3147db5ed2896c5,64,11,9,5.82,0.0,0.0,,,,automated-screen-clear
s382,2,History,Old Bridge,273302ca772b65ef7a4bbfc46e52ee0019e112025477f8367a7f1bd1fdfa3732,71,9,13,7.89,2.82,0.0,builder (1); villagers (1),,,automated-screen-clear
s383,2,History,A Small Village Long Ago,3b94abb9453ba5f05aad7c6884c74373a02611ddfba37021feada4cc6e82ce5f,69,11,12,6.27,2.9,0.0,evenings (1); repaired (1),,,automated-screen-clear
s384,2,History,The First Train,ebf43fb50cf8f6dd5178b66554977ca2c122162084c1d94b55cbd118d7cc0b06,115,12,16,9.58,1.74,0.0,cheered (1); farther (1),,,automated-screen-clear
s385,4,History,Marisol Learns to Build a Boat,9ba37a7baaafcfae171e9ec6ced44009f67e1047941c686b51df13ad103b339f,181,13,28,13.92,8.29,1.66,rosa (4); marisol (3); repaired (1); builder (1); practiced (1); scraps (1); rowing (1); sheltered (1); inspected (1); apprentices (1),,,automated-screen-clear
s386,3,History,A King and His People,066467c5ca347858132719283ad7790ad9f484380cb0f41f5548e13ed79678b2,131,13,19,10.08,6.11,3.82,aldric (4); fictional (1); harvests (1); roofs (1); advisers (1),,very-low-frequency,needs-editorial-review
s387,4,History,The Ledger of the Old Market,49025ac9da05f950b68f04397fa9b80b90bd2bf5d6f2f8de62445808dcd58d4a,181,13,21,13.92,6.63,1.1,ada (2); stall (2); ledger (2); traders (1); potters (1); sellers (1); stalls (1); ada's (1); fictional (1),,,automated-screen-clear
s388,5,History,Village by the River,a31955997a24ca3f1992975f46ace2b27876905a54caa179a3308a4becd410de,188,15,24,12.53,5.85,0.0,fictional (1); unspecified (1); floods (1); archaeologists (1); pots (1); weights (1); nets (1); ceremonies (1); shells (1); villagers (1); exchanged (1),,,automated-screen-clear
s389,4,History,How the Town Got Its Name,91fafbec1add44a0f3055bb2a74678a8a8a2a2e2e949c6a2e5fe2704c1873ea5,190,14,29,13.57,2.63,0.53,town's (3); traveler (1); tree's (1),,,automated-screen-clear
s390,5,History,A Letter From Long Ago,5c4a80f0b03576641aaca5d312e197c7c7424ed97ceec7172a4839684f3566fc,205,17,24,12.06,4.88,0.0,fictional (1); unspecified (1); repairing (1); seventy (1); neat (1); handwriting (1); hometown (1); searched (1); descendants (1); ancestor (1),,,automated-screen-clear
s391,1,Science,Water and Ice,c1475b1f07920af1596cd255da3c7f299949c618f970018f6b3e5af7c23e6984,58,7,11,8.29,0.0,0.0,,,,automated-screen-clear
s392,1,Science,Sun Is Hot,de1e5f87f5da8dfee65005dcec10a4bc7decc496324d3f4208787729a6587d64,59,7,15,8.43,5.08,0.0,warmth (1); sunlight (1); sun's (1),,low-frequency,needs-editorial-review
s393,1,Science,Plants Need Water,7caadbced9c709a1edb15fe7ba9b381fac6140477982afb070de829ac4a13269,54,6,14,9,0.0,0.0,,,,automated-screen-clear
s394,2,Science,Why We Sleep,afaf5c7b74efa02b749938a20acfca10013dd48518bfec4d2ad9fff7c24d728f,72,9,15,8,1.39,0.0,bedtime (1),,,automated-screen-clear
s395,2,Science,How Rain Falls,09103349793f90344725f262cedb973b0894a9e72bde708b866648fc8e46e9e7,104,13,12,8,4.81,0.0,warms (2); seas (2); colder (1),,,automated-screen-clear
s396,2,Science,Why Leaves Fall,f2d3b0748c4d8de7e40dc49531b5bda3d1f89ed9b7784876bb9b67e4a90ce225,99,11,14,9,2.02,1.01,sunlight (1); chlorophyll (1),,very-low-frequency,needs-editorial-review
s397,3,Science,From Seed to Green Plant,9dd1fb44686c79c00ca42f78abe2dc4799c3ef586629c9cbb53e53adcd63bdbd,92,8,23,11.5,2.17,0.0,warmth (1); sunlight (1),,,automated-screen-clear
s398,3,Science,Why the Moon Changes,47461e35f1480744d2d4fdb652bb000e50419f4c53919304b8b37702d1904161,75,7,17,10.71,2.67,0.0,sunlight (1); lighted (1),,,automated-screen-clear
s399,3,Science,How We Hear Sounds,a1d778ddbc9bc9c4c3d00d09d5a3faffe581b29034c97cd5153074b7ed0ac56a,80,7,15,11.43,2.5,1.25,pushes (1); eardrum (1),,,automated-screen-clear
s400,4,Science,Why the Sky Looks Blue,a409c42bb4cf8bd701f8ad1bf4e6400829f7d3d75bcf59aa4de75931dc1a6faa,177,14,21,12.64,8.47,0.56,sunlight (4); scattered (3); wavelength (2); earth's (1); molecules (1); wavelengths (1); interacting (1); scattering (1); paler (1),,,automated-screen-clear
s401,4,Science,How Bees Make Honey,e3f5963b01095366cbf4804b85dfc4afe641ff932491e871255c6bf8dbed4c80,172,14,19,12.29,8.14,0.58,bees (4); hive (2); wax (2); nectar (1); juices (1); six-sided (1); honeycomb (1); feeds (1); jar (1),,,automated-screen-clear
s402,4,Science,Why We Need to Eat,d586a66894687bc2641e6a95a140b5f4b0dba3855df5fe2c594f04bfa091e25b,194,16,24,12.13,21.65,1.03,nutrients (5); intestine (3); acids (3); saliva (2); absorbs (2); fatty (2); vitamins (2); digestion (1); absorb (1); chewing (1); moistens (1); enzyme (1); starch (1); swallow (1); esophagus (1),,low-frequency,needs-editorial-review
s403,1,Famous books,The Lion and the Mouse,09a3e3d8d788acfae1ff61b3fea51c0102249cbf49862ea6ddbe42896436f2a1,112,16,12,7,2.68,0.0,paw (1); hunters (1); thanked (1),,,automated-screen-clear
s404,1,Famous books,The Tortoise and the Hare,120ea0d191d3c7301cb2a9df632c2a750ba237a329244212fea024ff7c7ed1c9,81,10,12,8.1,4.94,0.0,hare (2); tortoise (2),,,automated-screen-clear
s405,1,Famous books,The Boy Who Cried Wolf,767ed4a9b397907412a9690c9dc1b1ee96c3ac2bc9e1e99745d40ff6b725fd19,98,20,9,4.9,2.04,0.0,shouted (2),,,automated-screen-clear
s406,2,Famous books,The Ant and the Grasshopper,ce687b79e8c06f0dcde4f1b145a310c2bb65d6d484ded7c61126f3af1cc7b851,130,20,10,6.5,7.69,0.0,ant (5); grasshopper (4); thanked (1),,low-frequency,needs-editorial-review
s407,3,Famous books,Cinderella Goes to the Ball,6e395aaca08657411e9b11fe0ee6ee3832c5c4e5af8993d94733b4bae2c8132f,158,18,13,8.78,6.96,0.63,cinderella (7); stepmother (2); stepsisters (1); carriage (1),,,automated-screen-clear
s408,2,Famous books,The Town Mouse and the Country Mouse,1945e67e46fe91cca87f0d566f58807d5283adff5483a869f4e0f68f59864d3b,135,19,12,7.11,0.0,0.0,,,,automated-screen-clear
s409,3,Famous books,Rapunzel Plans a Way Out,fedbb56d0f1c0965664cfc70c40ac9faf9bee146dbdf0ddde5facab3e478fa59,121,12,15,10.08,7.44,4.96,rapunzel (6); climbed (1); frightened (1); lengths (1),,very-low-frequency,needs-editorial-review
s410,3,Famous books,Snow White Finds a Small House,68d0419c2880a013d331cd9554d6325754653b8540646c182f6b71a07f2fc25a,124,12,15,10.33,1.61,0.0,dwarfs (2),,,automated-screen-clear
s411,3,Famous books,Alice Follows the White Rabbit,b4d66d03cd049718e31c9cdc6d3dfad8a256e535155ac3523cf7e785b1a52998,155,19,13,8.16,1.94,0.0,hedge (1); shelves (1); hurried (1),,,automated-screen-clear
s412,4,Famous books,Alice at the Mad Tea Party,3ac0be9e87208c083e1f9e5a0884843276047f587db932ff9981cc1a37525c3a,203,19,17,10.68,7.88,3.94,hatter (6); hare (4); dormouse (2); sleepy (1); raven (1); riddle (1); interrupted (1),,very-low-frequency,needs-editorial-review
s413,4,Famous books,Alice Plays Croquet with the Queen,19fb22f497912ebacc683f82302e8dcb3c421773c5c2f6d82dcea8c826a65d92,200,19,17,10.53,12.0,3.0,hedgehogs (2); executioner (2); queen's (1); croquet (1); mallets (1); flamingos (1); ridges (1); bent (1); arches (1); tucked (1); flamingo (1); hedgehog (1); unrolled (1); crawled (1); furious (1),,low-frequency;very-low-frequency,needs-editorial-review
s414,4,Famous books,Alice Meets the Cheshire Cat,f7cf686a2d60eb9a280615cf6c5cfc3dbb9a6b719a505f6a86180804a32db6d3,200,17,19,11.76,5.0,0.5,grin (2); vanished (2); cheshire (1); claws (1); depended (1); hatter (1); hare (1); complained (1),,,automated-screen-clear
s415,1,Fantasy/stories,A Small Light in the Dark,665a81f50a8208308bd3654c58e0e5291bee80e6f0cb3c2f359bdc01ae02646c,71,12,8,5.92,5.63,0.0,mai (4),,low-frequency,needs-editorial-review
s416,2,Fantasy/stories,Singing Well,1250c3e60ec6ee3da39eae176435aeae0470daab8ab3ccff522337fae3745d53,105,9,20,11.67,3.77,0.0,villagers (2); excitedly (1); melody (1),,,automated-screen-clear
s417,3,Fantasy/stories,A Cloud That Followed a Boy,daf33cb5fec56e752ea5acbd4ac75aee0493239383c082454f9460b669457a4d,118,13,14,9.08,5.93,0.85,rained (2); teased (1); drooping (1); rows (1); watering (1); taller (1),,,automated-screen-clear
s418,4,Fantasy/stories,Painter Who Used Real Colors,6012eb06cbe1e355dc19159be4d1ac519a550efd71f34a63b7bd4563d29f3e5b,147,12,18,12.25,5.44,1.36,mira (3); elian (2); jars (1); smelled (1); smiled (1),,,automated-screen-clear
s419,5,Fantasy/stories,Clockwork Sparrow,0eb180689118cc8aaa4a9369754a0ec1bb96bb34635309e099fb8d015818ce58,171,17,18,10.06,7.02,0.58,mara (3); sparrow (3); clocks (1); hopped (1); gears (1); rainy (1); clockmaker (1); repaired (1),,,automated-screen-clear
s420,6,Fantasy/stories,The Baker's Invisible Cat,00734ace28f895c2b08938e0ab287aca69eb371493f4580a12a5909037555860,118,4,34,29.5,14.41,3.39,henrietta (3); sunrise (1); swore (1); winding (1); ankles (1); kneading (1); dough (1); bakery (1); whiskers (1); whiskers's (1); accustomed (1); softly (1); nudging (1); curling (1); successor (1),,dense-syntax;very-low-frequency,needs-editorial-review
s421,7,Fantasy/stories,Violinist Who Played for Trees,21c991f0b4493a292f2870a9530b856f3f4c0588ef8a32acb6b0efc33a63eeca,124,4,36,31,15.32,4.84,casimir (4); grove (2); violinist (1); melodies (1); solitary (1); villagers (1); harmless (1); flourish (1); vibrantly (1); petitioned (1); passionately (1); insisting (1); reroute (1); nightly (1); companionship (1),,dense-syntax;very-low-frequency,needs-editorial-review
s422,8,Fantasy/stories,Cartographer's Missing Street,07cd51cfcaa433124120407503c9db2a808386b2323568f9a473e4ca21157221,125,4,35,31.25,16.0,6.4,mapmaker (2); perpetua (2); cartography (1); meticulous (1); geography (1); cartographic (1); mistakenly (1); cartographers (1); copying (1); verifying (1); perpetua's (1); puzzling (1); nonexistent (1); preserving (1); phantom (1),,dense-syntax;very-low-frequency,needs-editorial-review
s423,9,Fantasy/stories,The Alchemist's Borrowed Shadow,d08577cc83e51e446900ec5d56c51d83ad819a74f758317e6e84f5b94dd8e72e,126,4,34,31.5,15.87,4.76,theodoric (4); moderately (1); alchemist (1); behaving (1); fractionally (1); sync (1); alarming (1); aloud (1); alchemical (1); breakthrough (1); instinctively (1); thanking (1); informing (1); verbal (1); shifted (1),,dense-syntax,needs-editorial-review
s424,10,Fantasy/stories,Loom That Wove Forgotten Names,250919acd67150316806ad8175940fdb94f6942e727c3ed7f36cd6e3e901fd19,137,4,47,34.25,18.98,3.65,weaving (3); nuns (2); forgetting (2); convent (1); loom (1); reputed (1); threads (1); woven (1); abbess (1); order's (1); theological (1); constituted (1); symbolic (1); remembrance (1); historians (1),,dense-syntax,needs-editorial-review
s425,1,Nature and animals,A Frog in the Pond,2bf6d60adb39c8b60482cbd92dbfed895b10f504703968f9c6c32b37841af698,64,11,12,5.82,23.44,0.0,frog (5); frogs (3); pond (2); waits (1); insect (1); jumps (1); catches (1); rests (1),,low-frequency,needs-editorial-review
s426,2,Nature and animals,The Busy Squirrel,38c2046d2cd3381646a70fc2624a2b7dbd3053bf43c04d79dc72720f9caf5150,72,7,15,10.29,11.11,8.33,nutkin (3); acorns (3); squirrel (1); dug (1),,low-frequency;very-low-frequency,needs-editorial-review
s427,3,Nature and animals,How Snails Move,a3b6f30887f205688c9314405e89e3b657c443ac6e1c73f286ae1628cc2c43b3,101,9,15,11.22,14.85,0.99,snail (5); mucus (4); muscular (1); crawls (1); slime (1); shiny (1); sliding (1); downhill (1),,low-frequency,needs-editorial-review
s428,4,Nature and animals,Why Peacocks Show Their Feathers,bd6367dc9d9363acc1a9f905fdfc0400f6e9ad51f0e809cf70e7cbd8ea8385bc,171,13,21,13.15,5.26,0.0,feathers (4); peacock (1); mates (1); lifts (1); shakes (1); clues (1),,,automated-screen-clear
s429,5,Nature and animals,The Octopus That Hides in a Shell,44cefd216ad058c2bee92f20187108f57f8ed99e2e31669c20bbbcbe40064499,169,15,21,11.27,8.88,1.18,octopus (4); shells (3); halves (2); coconut (1); gathers (1); animal's (1); slower (1); backbones (1); evolve (1),,,automated-screen-clear
s430,6,Nature and animals,Bird That Flies Without Landing,edcc912111c19a03eba64a34a58e6126eee4ac887874b26f87031aa489ffd9e7,110,4,33,27.5,9.09,2.73,swifts (2); migratory (1); continuously (1); airborne (1); mating (1); manages (1); distances (1); kilometers (1); wintering (1),,dense-syntax,needs-editorial-review
s431,7,Nature and animals,Fish That Changes Color at Night,7a624ba2eec914e299ff57651e63d67cc8e1434ecff8426172d2e3573aad485e,105,4,32,26.25,20.95,1.9,reef (2); coloration (2); nighttime (2); daylight (2); dramatically (1); daytime (1); attracting (1); mates (1); muted (1); blotchy (1); camouflage (1); predators (1); brightly (1); resting (1); coral (1),,dense-syntax;low-frequency,needs-editorial-review
s432,8,Nature and animals,The Insect That Looks Like a Twig,7c6f7eed6cf7ad139612f76610a2bfcdfe73cd12fdd209c892ac3aa496dc3b9e,105,4,32,26.25,23.81,2.86,convincing (2); camouflage (2); twigs (2); predators (2); nature's (1); shapes (1); observers (1); distinguish (1); extends (1); swaying (1); mimicking (1); disturbed (1); disguise (1); mimicry (1); favoring (1),,dense-syntax;low-frequency,needs-editorial-review
s433,9,Nature and animals,Coral That Builds an Entire Reef,f970f6498620adaae87e6e856fa6ef9bc408efdee85778ef2e657a693e1a7dfb,119,4,38,29.75,23.53,3.36,reefs (4); coral (3); polyps (2); soft-bodied (1); organisms (1); insignificant (1); collectively (1); construct (1); earth's (1); kilometers (1); polyp (1); secretes (1); calcium (1); carbonate (1); skeleton (1),,dense-syntax;low-frequency,needs-editorial-review
s434,10,Nature and animals,Microbe That Lives in Boiling Water,cfe85dcb9f36cc766b3eac71805f416e2255ecb6a85995aa5e2ce319b52b6d0b,124,4,35,31,15.32,1.61,thermophiles (2); geothermal (1); exceeds (1); boiling (1); microorganisms (1); thrive (1); organisms (1); cellular (1); membranes (1); structurally (1); reinforced (1); molecules (1); heat-resistant (1); enzyme (1); fundamentally (1),,dense-syntax,needs-editorial-review
s435,1,World affairs,A New Road,95ee9b3e8d2b641434d4d4deb0b29221f33b77d41aeb7b0d92ca36618f56d283,58,10,8,5.8,3.45,0.0,builds (1); connects (1),,,automated-screen-clear
s436,2,World affairs,Town Meeting,f7008f72dfde876b13a4bf0c074be6e0788699279d078fe1668bab3a6041161e,73,9,11,8.11,2.74,1.37,hall's (1); rained (1),,very-low-frequency,needs-editorial-review
s437,3,World affairs,A Well for the Village,c0618cdedc969d2bbf15fd1886a11c31a4103fbc9a2cfda44693f5ec27c9e5d6,113,12,13,9.42,6.19,1.77,fictional (1); specialists (1); builds (1); installs (1); shopkeeper (1); closes (1); chooses (1),,very-low-frequency,needs-editorial-review
s438,4,World affairs,The Shared Garden,c2b39ed2f6703dedab5f6020bc1874ecbb6d00dcae7bdc955f7ef20ab69af116,166,15,21,11.07,6.63,0.0,plots (3); watering (2); fictional (1); crowded (1); herbs (1); benches (1); cleanup (1); uneven (1),,,automated-screen-clear
s439,5,World affairs,City That Recycles Everything,532522a32d2a5ab34c56c64c4a5709cb6f53464411bc5101ad91e060f10ce121,128,5,36,25.6,8.59,1.56,landfills (2); fictional (1); unusually (1); ambitious (1); recycling (1); workshops (1); cumbersome (1); noticeably (1); sorting (1); landfill (1),,long-sentence;dense-syntax,needs-editorial-review
s440,6,World affairs,Village That Trades Skills Instead of Money,0147acd2cc55a2eb10da34154cc423fbaabf3433787bcfbdb8119fe57a878bb8,123,5,31,24.6,11.38,1.63,neighbor's (2); fictional (1); downturn (1); carpenter (1); seamstress (1); mend (1); organizers (1); exchanges (1); barter (1); relying (1); scarce (1); strengthening (1); neighborly (1),,dense-syntax,needs-editorial-review
s441,7,World affairs,The Town With Free Bicycles,b21592a869be8a93b9fb669ccfef8f0c16ec6eec6a76341cb20cf3ccc97a40bb,130,5,35,26,10.77,0.77,bicycles (3); congestion (2); bicycle (2); fictional (1); brightly (1); errand (1); unfounded (1); noticeably (1); crediting (1); healthier (1),,dense-syntax,needs-editorial-review
s442,8,World affairs,Region That Shares a Language School,9d2c418d485d5659b255798cb79a766b99c6a1b1943a15d226d1d2a60ac1abb7,127,5,34,25.4,13.39,0.79,budgets (2); fictional (1); recognizing (1); individually (1); impractical (1); municipalities (1); jointly (1); consolidated (1); employ (1); instructors (1); offerings (1); municipality (1); coordination (1); school's (1); complications (1),,dense-syntax,needs-editorial-review
s443,9,World affairs,Nation That Funds Small Inventions,764f0bfdcb939da1af57b405c9dbe197442cfba2486b4e0fe0a169508a097b2d,136,5,35,27.2,9.56,0.74,innovations (2); inventions (2); fictional (1); recognizing (1); originated (1); solving (1); nation's (1); credentials (1); tradespeople (1); filtration (1); unlock (1),,dense-syntax,needs-editorial-review
s444,10,World affairs,The Council That Meets in Every Village Once a Year,ce135207650826caf82c44022bf874fd2f947af7ec5c917adfd8c0076ca6ccb7,139,5,42,27.8,7.91,1.44,fictional (1); rotating (1); convene (1); monopolized (1); coordination (1); cumbersome (1); persisted (1); historians (1); crediting (1); geographically (1); dispersed (1),,,automated-screen-clear
s445,1,Everyday life,A Quiet Morning,b1d48feadcc73414ba3dd671418aea77bfcbdc6279fc1445cdc35a58f2089aff,52,11,6,4.73,3.85,0.0,wakes (1); noisy (1),,,automated-screen-clear
s446,2,Everyday life,Missing Sock,d8d8e172441185e1a99eb06c11965f90b4cfda247097fc6ed4427a7e0b883f9a,65,9,11,7.22,7.69,0.0,sock (2); sofa (2); marta (1),,low-frequency,needs-editorial-review
s447,3,Everyday life,A Trip to Grandma's,19cc8491e9e77a2a0e2c5d815a821c769784d7d9f6e568b19684887d2c0c7211,106,11,14,9.64,6.6,0.0,countryside (1); snacks (1); grandma's (1); smelled (1); buzzing (1); bees (1); bake (1),,,automated-screen-clear
s448,4,Everyday life,Broken Umbrella,708329ccdc8a466bc4c3501eff364761af0c369be0ff1dde0d59e022bc5797e4,135,13,17,10.38,11.85,4.44,priya (4); umbrella (4); awning (2); gust (1); ribs (1); pavement (1); thanked (1); paused (1); nodded (1),,low-frequency;very-low-frequency,needs-editorial-review
s449,5,Everyday life,Note on the Fridge,04db39e6eb0ddefc7882f9fb870e789184d7576971015e5d2dd033386e5cc93a,117,7,31,16.71,6.78,0.85,desmond (2); handwritten (1); refrigerator (1); dinner's (1); smiled (1); thoughtful (1); gesture (1),,,automated-screen-clear
s450,6,Everyday life,The Borrowed Book,09f73baeec674b2e185f09ca7ccbf6380262d8fef9cd8b30de6451d367a4c9b8,128,5,27,25.6,9.38,3.12,anneke (3); coworker (3); lent (1); casually (1); overly (1); unprompted (1); heartfelt (1); unused (1),,dense-syntax;very-low-frequency,needs-editorial-review
s451,7,Everyday life,Empty Chair at Dinner,418bef4f1c78c7b3867d8f75c11e58c29ca5f9b14651d422ee094a501b45fb18,134,4,39,33.5,8.21,1.49,rosalind (2); adjustment (2); son's (1); substantially (1); shifted (1); stacking (1); jarring (1); restoring (1); rightful (1),,dense-syntax,needs-editorial-review
s452,8,Everyday life,Recipe Written in the Margins,e33ad2c490beeb14d6287ef0e20bc835f4328e3902ff6dfc468574e1fc458bc1,156,4,45,39,12.82,2.56,consuela (2); adjustments (2); marginal (2); inherit (2); deceased (1); handwritten (1); scribbled (1); margins (1); corrections (1); evolving (1); impatience (1); additions (1); preferences (1); adequately (1); conveyed (1),,dense-syntax,needs-editorial-review
s453,9,Everyday life,The Silence After the Kids Left Home,aa0d41adb0096745ff5aff98bede335be8a2e8b9b1ec112fc0a07f6d29c87d23,152,4,41,38,15.13,3.29,routines (2); parenting (2); bartholomew (1); confronting (1); unexpectedly (1); profound (1); bustling (1); eventual (1); preceding (1); schedules (1); purposeless (1); unstructured (1); disorienting (1); relaxing (1); adjusting (1),,dense-syntax,needs-editorial-review
s454,10,Everyday life,Letter Kept in a Drawer for Years,a5509016da4c1c4aa103ecb0bc9fa7adaa502f0481f5c7920c53ab14d7ffc655,154,4,46,38.5,11.04,2.6,wilhelmina (2); unopened (1); tucked (1); drawer (1); summon (1); readiness (1); overwhelmed (1); curiosity (1); reopen (1); intervening (1); daughter's (1); recognizing (1); impending (1); grandmotherhood (1); shifted (1),,dense-syntax,needs-editorial-review
s455,1,History,Old Well,422dd923e2025b18c2586b1cd3b93d9e60dd2d03e5fb679b0b275ea674eafcc3,65,11,9,5.91,1.54,0.0,remembers (1),,,automated-screen-clear
s456,2,History,A Village Fire,74dcd0db805740e3f297af1c26a5b9ed8cf8e148b19c0fcb0fc8fc63cf07f751,68,10,13,6.8,0.0,0.0,,,,automated-screen-clear
s457,4,History,First Map,776d1e758cbb4dfa10cf47d2c10197b20e976c191028a5d594163bfa0fa37af3,174,16,20,10.88,6.32,1.72,aldric (2); guides (2); traders (1); fog (1); hid (1); mapmaker (1); day's (1); neat (1); carts (1),,,automated-screen-clear
s458,4,History,Long Winter,03201fe92b76885f436817179782feac54647c35b929e3c8a0220b6fe6dbaaef,183,15,19,12.2,4.37,1.09,frost (1); rebuilt (1); goats (1); hunters (1); mara's (1); mara (1); villagers (1); storehouse (1),,,automated-screen-clear
s459,5,History,The Messenger's Horse,2cc39082648903093b9c79cf7dab3d4f937ee0a210d884de9407606ef8d651ed,157,6,37,26.17,13.38,1.91,fenwick (2); fictional (1); unspecified (1); messenger (1); entrusted (1); army's (1); contested (1); midway (1); collapsed (1); exhaustion (1); mounting (1); fatigue (1); commanders (1); awaited (1); breathless (1),,long-sentence;dense-syntax;low-frequency,needs-editorial-review
s460,6,History,Coin From a Lost Kingdom,1c71649d51bd8bfc93d147e8004fec8535ba13407d7eb0f07a93c65d8f09706b,147,5,35,29.4,12.93,1.36,historians (3); fictional (1); unspecified (1); plowing (1); attracting (1); archaeologists (1); originated (1); kingdoms (1); absorbed (1); obscure (1); kingdom's (1); prompting (1); archaeological (1); excavations (1); uncovered (1),,dense-syntax,needs-editorial-review
s461,7,History,Scholar's Hidden Notes,eb6d95fdd6ed8373e71d96dd0874f08333d7a5bc536d736505e63355963a77ee,151,5,37,30.2,14.57,1.32,prudence (3); archaeological (2); notebooks (2); scholarly (2); fictional (1); unspecified (1); scholar (1); researching (1); persistent (1); caution (1); insightful (1); discoveries (1); posthumously (1); insights (1); modestly (1),,dense-syntax,needs-editorial-review
s462,8,History,The Treaty Signed in the Rain,657e9091806296511ea5f87c032d1ae12e8019dc528fe5ff6b5f6f5e836fbd6d,166,5,40,33.2,15.66,1.2,historians (2); delegations (2); discomfort (2); fictional (1); unspecified (1); downpour (1); dignitaries (1); warring (1); soaked (1); postponing (1); appropriately (1); symbolic (1); endured (1); prolonged (1); costly (1),,dense-syntax,needs-editorial-review
s463,9,History,General Who Refused to Fight,4a9067988b82b9abd243ca2cb03f6a200b298cf62e086c17e50c6c424f13b904,178,5,42,35.6,14.61,2.81,aurelius (2); needlessly (2); fictional (1); unspecified (1); professionally (1); risky (1); hopeless (1); costly (1); emphasized (1); unfavorable (1); preserving (1); winnable (1); engagements (1); wiser (1); sacrificing (1),,dense-syntax,needs-editorial-review
s464,10,History,City Buried Under Sand,f2316f4ed4a0d7e893a5f1dde863dd04ef4f3143fafd77adbfd795667447f021,184,5,48,36.8,15.76,2.72,shifting (2); excavation (2); scholarly (2); fictional (1); unspecified (1); archaeologists (1); excavating (1); uncovered (1); dunes (1); imaging (1); geometric (1); desert's (1); marketplace (1); unconnected (1); civilizations (1),,dense-syntax,needs-editorial-review
s465,1,Science,Why We Blink,a497b348a94df54afaee3f85534526dccf51a25cda5baf5eded6878d576e0bff,53,7,10,7.57,9.43,0.0,blink (4); closes (1),,low-frequency,needs-editorial-review
s466,2,Science,How Soap Bubbles Form,1bbfc1cbe8a66153045d221b64c2610a24fac141dd566b596bae7b836fc9b7c8,79,7,21,11.29,5.06,1.27,soapy (1); pushes (1); outward (1); escapes (1),,very-low-frequency,needs-editorial-review
s467,3,Science,Why Metal Feels Cold,677bc35fafb22e53dd7f53ee7bd7cebee2844636d3b40f2b36772f6c07c10e8d,106,9,16,11.78,6.6,0.0,spoon (5); cooler (1); colder (1),,,automated-screen-clear
s468,4,Science,How Volcanoes Erupt,ec570a3621f0f1fe36e0acecc0f37005365c1b5c51c1888739a9a5f498682d05,154,13,19,11.85,11.04,0.0,magma (3); eruption (3); lava (2); volcano (2); melt (1); melted (1); earth's (1); slope (1); earthquakes (1); gases (1); unsafe (1),,low-frequency,needs-editorial-review
s469,5,Science,Why the Ocean Is Salty,fd882d650ae5dbb50f370734a69df18ad86dec70120d299786a53bfb97e05576,144,5,34,28.8,15.97,0.69,dissolved (4); freshwater (2); geological (1); occurring (1); continuously (1); dissolves (1); minerals (1); substances (1); seawater (1); evaporates (1); evaporate (1); molecules (1); countless (1); comparatively (1); onward (1),,dense-syntax;low-frequency,needs-editorial-review
s470,6,Science,How Bats See in the Dark,797ad677e8ca7d05dee8bbcc3240d34ac8c05fbb700d783f28cd6c2cca510ba0,134,5,35,26.8,14.93,2.24,bats (3); sensory (3); eyesight (2); echolocation (1); navigating (1); emit (1); high-pitched (1); outward (1); bouncing (1); analyzing (1); echoes (1); bat's (1); object's (1); whatsoever (1); nature's (1),,dense-syntax,needs-editorial-review
s471,7,Science,The Chemistry of Rust,1eed785d1f746aab31f445cb245f6397f25a25ea563dfefe81850a9d0263dd78,132,4,36,33,20.45,1.52,rust (3); molecules (2); moisture (1); reddish-brown (1); coating (1); oxidation (1); atoms (1); readily (1); chemically (1); facilitate (1); accelerate (1); weakens (1); metal's (1); brittle (1); structurally (1),,dense-syntax;low-frequency,needs-editorial-review
s472,8,Science,Why Some Stars Twinkle,961085cb4b8ee378965bed9d8f62df7b88fcf2ca6d32421a48eb60a330cc191a,144,4,46,36,20.83,4.17,atmospheric (3); earth's (2); twinkling (2); observing (1); twinkle (1); flicker (1); unwavering (1); celestial (1); object's (1); positioned (1); distances (1); infinitely (1); susceptible (1); disruption (1); shifting (1),,dense-syntax;low-frequency,needs-editorial-review
s473,9,Science,Physics of a Soap Bubble's Colors,c52beb7f94903a7826bc93e0999ba45b9f2d3ffd64fbf3aa6924f9f342929d78,151,4,40,37.75,15.89,4.64,bubble's (5); shifting (2); sunlight (1); curved (1); interacting (1); physicists (1); interference (1); reflecting (1); film's (1); recombine (1); observer's (1); reinforcing (1); canceling (1); thickness (1); varies (1),,dense-syntax,needs-editorial-review
s474,10,Science,The Biology of Why Wounds Heal,7f9e37e3c8ad3d1330c001b3b2f2857f0efc2ce6888907390407c3a476ae11b0,173,5,44,34.6,12.72,2.89,sustains (1); initiates (1); coordinated (1); sequential (1); coordination (1); constrict (1); platelets (1); clot (1); harmful (1); penetrate (1); collagen (1); fibers (1); rebuilding (1); wound's (1); migrate (1),,dense-syntax,needs-editorial-review
s475,1,Famous books,The Fox and the Grapes,d62dad8458e8728137cef02e4e3889115599a193df1bcc07abb3727d1aa04b47,104,13,13,8,4.81,0.0,grapes (5),,,automated-screen-clear
s476,2,Famous books,Hansel and Gretel,a652c736ff7feb4a033eac785be6b69e2b9f1b9cf537ee54d3953084b015d2fa,110,12,13,9.17,8.18,8.18,gretel (6); hansel (2); hansel’s (1),,low-frequency;very-low-frequency,needs-editorial-review
s477,3,Famous books,Alice and the Little Bottle,3c5e36ae9e14feada99f871c43281f2fbdba2c33e4ae2d69e7013fa524967d28,103,11,14,9.36,1.94,0.0,labeled (1); drank (1),,,automated-screen-clear
s478,4,Famous books,Jim Finds the Treasure Map,27795dccb018c4fc351e49f8f543b8ee522060293093033beffdae9d13924eeb,208,18,22,11.56,11.06,3.37,packet (2); pirates (2); livesey (2); squire (2); hawkins (1); benbow (1); sailor (1); drank (1); frightening (1); sailors (1); billy's (1); shipmates (1); afterward (1); owed (1); oilskin (1),,low-frequency;very-low-frequency,needs-editorial-review
s479,5,Famous books,Jo Sells Her First Stories,10ccdfefc831ba6eb5ce70f6f27bad53fb3898171fde4272453c9253a1802eb6,197,21,20,9.38,3.05,0.0,nervously (1); thrilled (1); mattered (1); revision (1); rejection (1); willingness (1),,,automated-screen-clear
s480,6,Famous books,Edmond Dantès Is Betrayed,4a20501272cff66003646cc0de3bcccdae3bef2a5aa4f26bb6d54a3696dbea58,194,21,20,9.24,12.62,7.77,dant (7); merc (2); villefort (2); edmond (1); marseille (1); envied (1); danglars (1); disliked (1); fernand (1); accusation (1); corrected (1); villefort's (1); ch (1); teau (1); betrayed (1),,very-low-frequency,needs-editorial-review
s481,7,Famous books,The Final Chase,b0d00119dbd0119b2544f35f33f407c0aaa401c73d5efbf1cc89a9453d47cbcc,200,22,27,9.09,18.0,6.5,ahab (4); pequod (3); whale (3); moby (2); ishmael (2); survives (2); ahab's (2); lowered (1); pursues (1); warnings (1); accumulate (1); starbuck (1); abandoning (1); defining (1); confrontation (1),,low-frequency;very-low-frequency,needs-editorial-review
s482,8,Famous books,The Count Begins His Revenge,4a6099df3ae0a88ad8fa199bb486fe80fe4015a50bf9a457a3c2d9ea0437ec88,194,18,23,10.78,13.27,4.59,dant (2); s's (2); monte (1); cristo (1); weaknesses (1); learns (1); danglars (1); discovers (1); fernand's (1); concealed (1); villefort (1); prosecutor (1); introduces (1); waits (1); correcting (1),,very-low-frequency,needs-editorial-review
s483,9,Famous books,Ahab's Obsession Takes Command,7dd46a9e02f82a849a38d1d86f415cb0670cc07bc33e7322b7186c1df924fd6f,205,18,23,11.39,14.63,3.41,ahab's (3); obsession (2); pequod (1); transforms (1); voyage (1); displaying (1); moby (1); starbuck's (1); starbuck (1); objections (1); ahab (1); charismatic (1); certainty (1); seas (1); unpredictable (1),,,automated-screen-clear
s484,10,Famous books,"Pride and Prejudice: Judgment, Marriage, and Class",e938cb9e02c3ddb3ba848583df833c93555251491058c44e840ab2c0d02f5b8a,247,19,31,13,12.96,1.62,prejudice (2); bennet (2); darcy (2); structured (1); perceptive (1); correction (1); encourages (1); preferences (1); develops (1); gradual (1); revision (1); novel's (1); rigid (1); inherit (1); accepts (1),,,automated-screen-clear
s485,1,Fantasy/stories,Sleepy Moon,c7c147ececfbd0b83440dcdc9368c3692417e912ee4102a55e598088d75dbd01,33,6,7,5.5,9.09,0.0,sleepy (1); sings (1); smiles (1),,low-frequency,needs-editorial-review
s486,2,Fantasy/stories,The Garden That Grew at Night,2bf0c6ae937f6fa8358666c9e0faa202edb1b51594ae8c1bd83429bf4ca9d797,94,10,16,9.4,4.26,1.06,tomas (3); tomas's (1),,very-low-frequency,needs-editorial-review
s487,3,Fantasy/stories,Door With No Handle,ee36b5d8486150ad5fab4a53d18b3d66fda7453719e9ce7fc3f04530e2356ba5,124,13,15,9.54,5.65,3.23,amara (4); hallway (2); sunlight (1),,very-low-frequency,needs-editorial-review
s488,4,Fantasy/stories,Umbrella That Changed the Weather,403f60851901c68ee48dc13e671a3f8d08a8c1403afb5babf9391778df31336a,176,17,16,10.35,7.95,0.0,umbrella (6); felix (5); indoors (1); neighbor’s (1); muddy (1),,,automated-screen-clear
s489,5,Fantasy/stories,The Tailor's Thread of Patience,d82eed4ba1ea75f898797bad3b179618a08440bde76cba19ef9f95e10314135d,131,5,39,26.2,15.27,1.53,ferdinand (3); tailor (1); spool (1); drawer (1); garments (1); judged (1); urgently (1); mentor (1); calmed (1); stitched (1); commissioned (1); admitting (1); terrified (1); sparingly (1); suit's (1),,long-sentence;dense-syntax;low-frequency,needs-editorial-review
s490,6,Fantasy/stories,Postman Who Delivered Dreams,53d2943c6970f354022b5ed790366c3796fadddc8940912b4675a24408d12271,154,13,19,11.85,9.09,2.6,wenceslas (3); postman (2); folded (1); mailbag (1); handwriting (1); sender (1); heavier (1); slipped (1); recipients (1); vivid (1); successor (1),,,automated-screen-clear
s491,7,Fantasy/stories,Cartographer Who Drew Feelings Instead of Land,3bfdb917533bc943ec73de45085df2b5ab55f37784e196444c37e0b8914261d5,165,4,43,41.25,16.97,5.45,rosalind (3); cartography (1); unconventional (1); peculiar (1); specialty (1); mapping (1); geography (1); depicting (1); grieving (1); commissioned (1); husband's (1); disbelief (1); eventual (1); disorienting (1); rendering (1),,long-sentence;dense-syntax;very-low-frequency,needs-editorial-review
s492,8,Fantasy/stories,The Glassblower's Frozen Moments,73f4fec48e6d28cf9247ca8cb0bb88a937f9d72465c31203f1934f22de69a187,225,6,53,37.5,15.11,2.67,sebastian (4); sphere (2); practiced (1); glassblowing (1); specialty (1); distinguishing (1); glassblower (1); spheres (1); fleeting (1); unchanging (1); clarity (1); exhaustive (1); molten (1); incorporating (1); corresponded (1),,long-sentence;dense-syntax,needs-editorial-review
s493,9,Fantasy/stories,Bookbinder Who Sewed Together Broken Time,1f54bc9b31cfded949279c15da0cf533186692fa5196baa503c66abfd5595f01,219,5,55,43.8,19.63,3.65,ottilie (4); scattered (4); fragmented (3); bind (2); fragments (2); chaotic (2); practiced (1); bookbinding (1); tucked (1); peculiar (1); evident (1); conclude (1); handwritten (1); coherent (1); impose (1),,long-sentence;dense-syntax,needs-editorial-review
s494,10,Fantasy/stories,Cartomancer Who Read the Future in Reverse,316cb249dcc813bb3fc1815dd693084720a227c5c2947ac11fd0034f64656c74,253,5,61,50.6,15.02,3.56,reversed (5); zosia (3); readings (3); cartomancy (2); countless (2); client's (2); zosia's (2); disconnected (1); teller (1); practiced (1); lineage (1); verify (1); unfolded (1); pursuing (1); unchosen (1),,long-sentence;dense-syntax,needs-editorial-review
s495,1,Nature and animals,A Duck on the Pond,ae8024949c4ccfed584548dfc7a17f409dd46b4a2cd89bff8b6c82bcf40b9b63,31,6,7,5.17,16.13,0.0,pond (2); swims (1); eats (1); ducks (1),,low-frequency,needs-editorial-review
s496,2,Nature and animals,Spider's Web,ce9f0b444a4bb4397218cf3c609b2e77a5158411042af506369ec3575d1d8993,73,9,11,8.11,6.85,1.37,clara (3); clara’s (1); threads (1),,very-low-frequency,needs-editorial-review
s497,3,Nature and animals,What a Cat’s Purr Tells Us,b0c2ccc4b2da9aad5e7bd25088cb2aa24253ebf1cdb8d713e054b6aa880712e3,96,8,18,12,11.46,4.17,purr (4); vibrations (1); breathes (1); rests (1); frightened (1); unwell (1); eats (1); reacts (1),,low-frequency;very-low-frequency,needs-editorial-review
s498,6,Nature and animals,The Migration of Monarch Butterflies,980fc1e29d18b5e1ead23cd4b20184d278c626a05e287cf429cfeb574a2abc76,151,5,43,30.2,13.91,1.99,butterflies (4); wintering (2); navigate (2); monarchs (2); monarch (1); undertake (1); warmer (1); sun's (1); earth's (1); multi-generational (1); navigational (1); reliably (1); cluster (1); nature's (1); visually (1),,long-sentence;dense-syntax,needs-editorial-review
s499,5,Nature and animals,Hedgehog's Winter Sleep,6194ec36b203c694cc27c53d1d1767be34a71e3238d74e4754f87507ac1da245,164,14,22,11.71,9.76,0.61,hedgehog (2); hibernation (2); colder (1); prepares (1); eats (1); logs (1); animal's (1); cools (1); unbroken (1); waking (1); disturbance (1); piles (1); wakes (1); nap (1),,,automated-screen-clear
s500,6,Nature and animals,Elephant's Remarkable Trunk,b4d26f1680545ff7671cde03cba5f07fc45cc8bedf59be15df34b0b7703e53e2,171,13,21,13.15,8.19,0.58,elephants (3); trunks (2); elephant's (1); combines (1); breathes (1); scents (1); pours (1); guides (1); calf (1); greet (1); performs (1),,,automated-screen-clear
s501,7,Nature and animals,The Termite Mound's Natural Air Conditioning,05941ad28cc13ea333576524abcf3e943c4103184cbe6002a9659448b6ca2103,169,15,22,11.27,10.65,1.18,mound (4); termite (2); openings (2); tunnels (1); cooler (1); damp (1); cools (1); dries (1); chimney (1); sensors (1); architects (1); mounds (1); designing (1),,,automated-screen-clear
s502,8,Nature and animals,Cuttlefish's Remarkable Camouflage,72fee9166b45b7c6101ab5b9c0463007020146f081b2ac381240748765d417aa,200,5,41,40,21.0,8.5,cuttlefish (5); camouflage (5); textural (3); surroundings (2); ocean's (1); visually (1); skin's (1); fractions (1); stems (1); chromatophores (1); pigment (1); sacs (1); neural (1); instantaneous (1); camouflaging (1),,dense-syntax;low-frequency;very-low-frequency,needs-editorial-review
s503,9,Nature and animals,Naked Mole Rat's Unusual Biology,6fa0d4f79dec3ce8dd6a85458384cdb6eba3a0f5792b287166998c4d42e6bae4,215,5,47,43,18.6,1.4,mole (5); mammals (2); lifespan (2); rodents (2); cellular (2); colonies (2); extraordinarily (1); rodent (1); captivity (1); correlates (1); unusually (1); distinguishing (1); mammalian (1); remarkably (1); resistant (1),,dense-syntax,needs-editorial-review
s504,10,Nature and animals,The Deep-Sea Anglerfish's Unusual Reproduction,e2ed87b9cb519f856873d5b5954d402e570a8a53d07f593936ab7a83d9244f33,212,5,44,42.4,20.28,4.72,reproductive (5); anglerfish (3); depths (2); locating (2); extraordinarily (2); circulatory (2); ocean's (1); darkest (1); counterparts (1); sensors (1); attaches (1); fusing (1); hers (1); interconnected (1); termed (1),,dense-syntax,needs-editorial-review
s505,1,World affairs,A Free Meal,51b00c0ab85ec630be8dcbbfe88386e848bb2446deb5316d9e05e77bf63ea9e3,32,6,9,5.33,3.12,0.0,diners (1),,,automated-screen-clear
s506,2,World affairs,Free Bus Ride,353bc98ffd8a94e1341e5131bc18ff1a61d986cef5912bb9493ed42767484e20,73,8,12,9.13,0.0,0.0,,,,automated-screen-clear
s507,3,World affairs,The Neighborhood Watch,69ce2325cbc54f7f3dd4b288a3bb0ebf5b2194fa6d91e051bf66d3abeb2e296c,112,12,14,9.33,2.68,0.0,fictional (1); confronting (1); break-ins (1),,,automated-screen-clear
s508,4,World affairs,City's Free Repair Café,1f8746a376dc93a887043084ab0f10390ebe0458d105bc9c7a1951a5e1ab524f,172,13,19,13.23,8.14,1.74,repaired (3); caf (2); fictional (1); repairers (1); mend (1); approving (1); appliances (1); lamps (1); unsafe (1); unavailable (1); organizers (1),,,automated-screen-clear
s509,5,World affairs,Village That Adopted a River,9753a6e9d55cf24d86e81132f465cb2626324077bdcfce505cfa5c3c32d9d6ae,188,19,15,9.89,3.19,0.0,fictional (1); polluted (1); traced (1); repaired (1); unsafe (1); storms (1),,,automated-screen-clear
s510,6,World affairs,The Town That Banned Single-Use Plastic,ac714c85687dfbc82c22955bc87b408a5116112a8c3256f3e088b55de77ce7d2,164,6,39,27.33,10.98,0.61,transitional (2); fictional (1); beaches (1); straws (1); disposable (1); containers (1); inconvenience (1); negatively (1); reusable (1); ban's (1); measurable (1); cleanliness (1); debris (1); hesitation (1); bans (1),,long-sentence;dense-syntax,needs-editorial-review
s511,7,World affairs,Region That Built Affordable Housing Together,3f772ff966993b8eeb8c24eb6008b77bdabcab3c5683997ced26b0b1389a832f,202,6,44,33.67,13.37,0.5,cooperative (3); municipality (3); individually (2); fictional (1); persistent (1); shortage (1); lacked (1); municipalities (1); pooling (1); construct (1); economies (1); unavailable (1); negotiating (1); securing (1); determining (1),,long-sentence;dense-syntax,needs-editorial-review
s512,8,World affairs,Nation That Requires Environmental Impact Voting,ed0cefa60d9327d470e39531f0c9811fd5f4109206c681749b357e7a4293a0f8,231,6,54,38.5,10.82,1.73,sustainability (2); proceeding (2); tradeoffs (2); fictional (1); recognizing (1); prioritized (1); considerations (1); exceeding (1); project's (1); merits (1); assessments (1); dense (1); misunderstanding (1); inherent (1); proponents (1),,long-sentence;dense-syntax,needs-editorial-review
s513,9,World affairs,The Federation That Shares Disaster Response Equipment,a9b5944131c4a9e7a1dc456fe9b9bf74faacad664907e7879b39310df980549e,238,6,65,39.67,13.45,0.84,disasters (4); inherently (2); unpredictable (2); fictional (1); recognizing (1); individually (1); impractical (1); infrequent (1); neighboring (1); jointly (1); exceeding (1); coordination (1); protocols (1); determining (1); allocated (1),,long-sentence;dense-syntax,needs-editorial-review
s514,10,World affairs,Confederation That Rotates Its Capital City,67a46488b6910460148edaa90290f3797e639e2abf40665b71223b1e37a624d9,260,6,54,43.33,14.62,1.54,governmental (5); rotating (3); confederation (2); confederation's (2); persistent (2); centralized (2); fictional (1); semi-autonomous (1); maintains (1); predetermined (1); historians (1); comparative (1); possessing (1); selecting (1); resentment (1),,dense-syntax,needs-editorial-review
s515,1,Everyday life,Breakfast Together,8a8b3a767447df31603e84286668e02343ba425ed15aef748957994cd6a25143,33,5,10,6.6,3.03,0.0,smiles (1),,,automated-screen-clear
s516,2,Everyday life,The Family Recipe Box,1a842ca67189c19ade247d7fa2609b74822795c4f4a5b288ffefff5ef4e2c7c7,69,8,14,8.63,4.35,0.0,recipes (2); stove (1),,,automated-screen-clear
s517,3,Everyday life,Overgrown Backyard,8279c0685df3a711d1226bdaee9f2df4a914cde86d65ac184869bf75e5287f08,85,9,13,9.44,4.71,1.18,emma's (1); weeds (1); tomatoes (1); herbs (1),,,automated-screen-clear
s518,4,Everyday life,Neighborhood Book Exchange,168a7af6f21bf22da71aa9c4c36938e631ba597e9290524f5813b478157e99d4,146,13,18,11.23,6.16,3.42,priya (4); bins (1); mailboxes (1); cookbook (1); handwritten (1); margins (1),,very-low-frequency,needs-editorial-review
s519,5,Everyday life,The Stranger Who Returned a Wallet,61bff815b2988c6c0bc40d7500536e3867d90cab4b73b357e03206fd325d4157,125,11,19,11.36,7.2,1.6,aisha (2); marcus's (2); panicked (1); canceling (1); caller (1); sincerely (1); honesty (1),,,automated-screen-clear
s520,6,Everyday life,Retirement Party That Almost Didn't Happen,f78c195f5e3eaeff92e68cc91f04dbb5f78cf90bd982395b78176fc52b56a38a,199,6,43,33.17,10.55,1.01,preferences (2); complication (1); preferring (1); workday (1); fuss (1); objections (1); coworkers (1); acknowledgment (1); organize (1); bernard's (1); evident (1); expressions (1); visibly (1); colleague (1); thoughtful (1),,long-sentence;dense-syntax,needs-editorial-review
s521,7,Everyday life,Apartment Building's Unofficial Historian,c2dc9d03ee19438acb86abcea0e50ddba982da9d4ce5f2548d16a17f9a995789,195,5,46,39,15.9,1.54,henrietta (3); building's (3); fascinated (2); accumulated (2); henrietta's (2); designation (1); unofficial (1); historian (1); possessing (1); apartment's (1); occupants (1); discovering (1); relying (1); wishing (1); inevitably (1),,long-sentence;dense-syntax,needs-editorial-review
s522,8,Everyday life,The Widower's New Sunday Ritual,2f4b6676db58feb2fa41f4af87d0bba55a0c094b67644e6d180bb9c8e3fc2613,226,6,49,37.67,13.27,0.44,cornelius (5); mornings (3); wife's (2); modification (2); abandonment (2); sundays (1); leisurely (1); unbearable (1); skipping (1); cherished (1); navigate (1); proposing (1); afterward (1); abandoning (1); painfully (1),,long-sentence;dense-syntax,needs-editorial-review
s523,9,Everyday life,House That Held Three Generations of Arguments,f47cadcd73a70b1d03f408db9658683661b637bb69f2974df954cb22d35839a9,240,6,51,40,12.08,2.92,wilhelmina (3); wilhelmina's (2); grandmother's (2); grandparents (2); seventy (1); reflecting (1); extensively (1); witnessing (1); grandfather's (1); disagreement (1); declining (1); disagreements (1); echoing (1); discomfort (1); accumulated (1),,long-sentence;dense-syntax,needs-editorial-review
s524,10,Everyday life,Correspondence That Spanned a War and Outlasted It,2e36570a9880f859074cc49f279960ac7d3df4bb8232ff75562be825984841de,289,6,70,48.17,12.11,3.81,cordelia (5); correspondence (4); aunt's (3); eventual (3); wartime (3); evidently (2); exchanged (1); spanning (1); affection (1); diverged (1); explicitly (1); piecing (1); poignant (1); incomplete (1); longing (1),,long-sentence;dense-syntax,needs-editorial-review
s525,1,History,The Old Wagon,5891bf24a1a242970db6e819bb9852fe78d2e1aebc4d73d97db6fc9ac7f100a2,48,8,9,6,8.33,0.0,wagon (2); barn (1); remembers (1),,low-frequency,needs-editorial-review
s526,2,History,Village Blacksmith,7b0291d2c33a8f5dc7fb19c036bf4b5bd301b8f4eb02e63db9db771f7fcc57f6,109,11,17,9.91,4.59,2.75,gustaf (3); blacksmith (1); feared (1),,very-low-frequency,needs-editorial-review
s527,4,History,Traveling Storyteller,ae7e6f950308c92e01374bbfd05fc3cb397990902b223af88da67166148ea35c,180,16,16,11.25,3.33,2.22,aldous (4); fooled (1); remembering (1),,very-low-frequency,needs-editorial-review
s528,4,History,The Winter Market,e5638dc75a4d2123270cbd5a96e32beeddc3642ef9768eeaca2425007a477622,194,16,28,12.13,5.67,0.52,traders (2); watchman (2); merchants (1); fishers (1); ropes (1); carts (1); stalls (1); crowded (1); warmer (1),,,automated-screen-clear
s529,5,History,Apprentice Who Became a Master,8bbc6639abebb1360799361a765911077a00423fff64210090a7e2cedab6f10c,209,8,41,26.13,13.88,3.35,ines (4); guild (3); qualification (2); fictional (1); unspecified (1); pursuing (1); woodworking (1); apprenticeships (1); disguised (1); securing (1); apprenticeship (1); woodworker (1); unaware (1); surpassing (1); apprentices (1),,long-sentence;dense-syntax;low-frequency;very-low-frequency,needs-editorial-review
s530,6,History,Plague Doctor's Notebook,a94f12ae1b8900178bf4448acc740d1f58b2eb1d5548dea76b1689fd6c9b98ab,268,7,59,38.29,11.19,2.24,notebook (4); historians (3); aldric's (3); aldric (2); fictional (1); unspecified (1); plague (1); outbreak (1); exceeded (1); ineffective (1); harmful (1); confidently (1); skepticism (1); documentation (1); hygiene (1),,long-sentence;dense-syntax,needs-editorial-review
s531,8,History,The Merchant Fleet That Sailed Without Maps,751aeb91d6533cdc5b569d648250c21b45e039397fec19c9672cb14b8a951f5e,274,6,61,45.67,16.79,4.74,navigational (8); sailors (4); preceding (2); navigators (2); historians (2); fictional (1); unspecified (1); expedition (1); navigated (1); unmapped (1); relying (1); memorized (1); apprentice (1); memorize (1); extraordinarily (1),,long-sentence;dense-syntax;very-low-frequency,needs-editorial-review
s532,8,History,Court Painter Who Recorded Dissent,cf85117e18aedb57e7f5ec5e24ea2e0796a08134459ce3e7f51a91dd1ac25060,314,7,68,44.86,16.56,2.87,historians (4); flattering (3); perpetua (2); commissioned (2); portraits (2); depicted (2); representations (2); sketchbooks (2); evidently (2); sketches (2); fictional (1); unspecified (1); painter (1); idealized (1); patrons (1),,long-sentence;dense-syntax,needs-editorial-review
s533,9,History,Cartographer Who Refused to Finish His Final Map,16c4991b24d0b6f020d38c3ecb62b5160f601125625af162750bc482af06f72b,298,7,71,42.57,14.09,2.35,bartholomew's (3); puzzling (2); bartholomew (2); cartographic (2); historians (2); geographic (2); fictional (1); unspecified (1); cartographer (1); definitive (1); eventual (1); deficiency (1); persistent (1); refusal (1); prompting (1),,long-sentence;dense-syntax,needs-editorial-review
s534,10,History,The Diplomat Whose Silence Ended a War,3d23a35410e59798cf2abe59f7097ea7cb330ffe79980e9b2aff68e1eb0482b2,313,7,69,44.71,20.77,2.88,negotiating (8); historians (3); delegates (3); cassandra (2); verbal (2); unsuccessful (2); negotiation (2); negotiation's (2); substantive (2); unsettled (2); cassandra's (2); strategy's (2); fictional (1); unspecified (1); prolonged (1),,long-sentence;dense-syntax,needs-editorial-review
s535,1,Science,Why Fire Is Hot,ed5c34d5f764ab50cfb5c12327cdd15a9501be444a6985417e7a3974321c4187,29,6,6,4.83,0.0,0.0,,,,automated-screen-clear
s536,2,Science,Why Bread Gets Hard,8946c331d12ccc4fa6839a2f8715bb7328e0e8626d8e046cb59e62027a92a3fc,79,7,16,11.29,6.33,0.0,starch (2); uncovered (1); cools (1); drying (1),,,automated-screen-clear
s537,3,Science,How Our Skin Protects Us,7103f380229083c444e11a4c5f018b0d51c90b92581a07572a63d8c625e1665c,111,11,14,10.09,3.6,0.0,harmful (1); germs (1); vapor (1); endings (1),,,automated-screen-clear
s538,4,Science,How Airplanes Stay in the Air,39307dc0c204dd24625d941c6f072ef12a7e14103f297c81bd9b5d444fda186a,151,7,31,21.57,10.6,1.32,airplane (2); thrust (2); airplanes (1); weighing (1); defying (1); curved (1); generates (1); upward (1); sufficiently (1); counteracts (1); airplane's (1); airborne (1); engineered (1); enabling (1),,long-sentence;dense-syntax,needs-editorial-review
s539,5,Science,Science of Why We Get Goosebumps,3c472bc410f9cc455e3d874b19d031a57fcc4ff3368facb1d213ac9f2076a96d,170,13,27,13.08,5.29,0.0,goosebumps (2); hairs (1); bump (1); furry (1); thicker (1); bumps (1); reacting (1); histories (1),,,automated-screen-clear
s540,6,Science,How Antibiotics Fight Bacteria,c7945a7ae92444f2e499e8a6932ddf3617c5200579b1487c5e03057a6050f001,163,14,20,11.64,8.59,0.0,antibiotics (2); medicines (2); bacterial (1); body's (1); defenses (1); weakened (1); viruses (1); flu (1); incorrectly (1); multiply (1); antibiotic (1); leftover (1),,,automated-screen-clear
s541,7,Science,Physics of Why We Feel Weightless in Free Fall,c4635ecc5afc39d21498189eb97d277bea4ba9bfd412e7c420e83632f134fb65,236,7,47,33.71,14.41,1.69,orbital (4); astronauts (3); earth's (3); sensation (3); weightlessness (2); continuously (2); mistakenly (1); attribute (1); station's (1); altitude (1); occupants (1); weaker (1); gravity's (1); gravitational (1); velocity (1),,long-sentence;dense-syntax,needs-editorial-review
s542,8,Science,Chemistry Behind Why Certain Foods Taste Better Together,fd34887e6cd4d11175d106fe106c113bc1474e7f23ed43d6ed4b1e4d8d53ac5a,241,5,54,48.2,16.18,0.41,combinations (6); culinary (5); pairing (2); appealing (2); aromatic (2); compounds (2); similarities (2); overlapping (1); interpret (1); harmonious (1); satisfying (1); consumed (1); cooks (1); chefs (1); analyzing (1),,long-sentence;dense-syntax,needs-editorial-review
s543,9,Science,The Neuroscience of Why Music Gives Us Chills,d4f37d3ecb099ecb4369cb75b10c3a28623af517a6fbd5aa5e8cacceab2d4de2,232,6,52,38.67,14.22,1.72,neural (4); chills (3); pleasurable (2); neuroscientists (1); passages (1); goosebumps (1); listeners (1); brain's (1); pathways (1); enjoyable (1); intimacy (1); imaging (1); harmonic (1); measurable (1); dopamine (1),,long-sentence;dense-syntax,needs-editorial-review
s544,10,Science,Quantum Mechanics of Why Certain Materials Become Superconductors,2f8d16931ac0f86ed925d72d783cfa2714426f98bedf043e9a1d8943067ab7e0,274,6,58,45.67,21.53,5.84,superconductivity (4); electrons (4); physicists (3); material's (3); superconductors (3); measurable (2); cooled (2); adequately (2); atomic (2); consequently (2); bcs (2); theoretically (2); frameworks (1); counterintuitive (1); conductors (1),,long-sentence;dense-syntax,needs-editorial-review
s545,1,Famous books,Little Red Riding Hood,e23af5d83b3e24eea02c7fdec7326db64a4c46a05049ceb2dc733a6a09e3fa7b,100,14,12,7.14,2.0,0.0,grandma’s (1); hid (1),,,automated-screen-clear
s546,2,Famous books,The Emperor's New Clothes,b66175ecadfe4d12973c8d3ea8a21b374912f2cde451757b78bfefa1ddecab11,142,18,11,7.89,2.11,0.0,foolish (2); pretended (1),,,automated-screen-clear
s547,3,Famous books,Pinocchio Runs Away from Home,9c397c5563f818a2fbd6e96fbe4e2e1c3f6a451fa900a184f3e2732e67928002,158,18,15,8.78,8.23,6.96,pinocchio (6); geppetto (5); raced (1); policeman (1),,very-low-frequency,needs-editorial-review
s548,4,Famous books,Jim Meets Long John Silver,bb34d24d4eb9ce27a568878ae2aacc410d92ba125b23fb08ea9107abf57a71e7,208,19,19,10.95,10.1,3.37,tavern (3); squire (2); trelawney (2); livesey (2); hawkins (1); crutch (1); silver's (1); one-legged (1); sailor (1); cheerful (1); hurried (1); sailors (1); benbow (1); dog's (1); regretted (1),,very-low-frequency,needs-editorial-review
s549,5,Famous books,Beth and the Quiet Piano,1e46931d9569ccd5d1dbd8d291f16743fe59b6948ec1cbcaccceaa60684e5f6e,202,19,19,10.63,8.91,0.99,beth (6); laurence (4); quietest (1); disliked (1); admired (1); happiest (1); slippers (1); hugged (1); beth’s (1); polite (1),,,automated-screen-clear
s550,6,Famous books,Escape from the Château d'If,30908351ff325cc6ba70e49fc73e8b2c78545dbec55afc68072cb1ee8723520c,201,20,19,10.05,13.88,8.13,dant (7); faria (4); sack (3); edmond (1); ch (1); teau (1); faint (1); digging (1); abb (1); s's (1); betrayed (1); monte (1); cristo (1); faria's (1); hid (1),,very-low-frequency,needs-editorial-review
s551,7,Famous books,The Portrait Begins to Change,a6256799d73f48e04dbcc1e0387ae6a0bfb5f399294514a3ba0519328ef3b411,194,18,19,10.78,11.34,1.03,dorian (6); fascinated (1); fade (1); unchanged (1); afterward (1); cruelly (1); rejects (1); sibyl (1); vane (1); notices (1); frightened (1); secrecy (1); hides (1); temptation (1); protects (1),,,automated-screen-clear
s552,8,Famous books,The Count Learns to Show Mercy,c4a68d18bd6b89801979fef5c0e22273a9125da8f12a2c593d775ef3ed1cede0,199,17,20,11.71,5.47,1.99,dant (2); count's (1); wrongs (1); harmed (1); s's (1); dangerously (1); recognizes (1); sailor (1); futures (1); accepts (1),,,automated-screen-clear
s553,9,Famous books,Pip Reconsiders What Makes a Gentleman,2830aa02deca21103a41335d80ce710de30078d1e1aa4574ed22a3955c376c2d,207,15,25,13.8,15.79,1.91,pip (7); spends (1); advancement (1); assumes (1); acquiring (1); manners (1); ambition (1); contradiction (1); supposedly (1); admirable (1); improves (1); revelation (1); magwitch (1); convict (1); legitimacy (1),,,automated-screen-clear
s554,10,Famous books,"Les Misérables: Law, Mercy, and Moral Change",2726e86c3c9cd6b028066a5d3edb147c519d5c731478685786d4ecfafff2021f,253,18,29,14.06,10.94,4.69,valjean (4); javert (4); mis (1); rables (1); bishop's (1); expects (1); certainty (1); valjean's (1); intolerable (1); worldview (1); protector (1); cosette (1); chooses (1); reconcile (1); hugo (1),,,automated-screen-clear
s555,1,Fantasy/stories,The Fox With Two Tails,adb43bfb767376013915ddf48b30c2267dce0fc9e7812f3b62934f1807b71008,35,6,7,5.83,14.29,0.0,tails (3); foxes (2),,low-frequency,needs-editorial-review
s556,1,Fantasy/stories,Talking Rock,b90a5829dc3f402b98808bba52826014893bf94c7eb21dcf615e97b02ed7a129,45,10,6,4.5,2.22,0.0,smiles (1),,,automated-screen-clear
s557,2,Fantasy/stories,Shoemaker's Extra Pair,b41b3bbda521f93d60a0972ff00c41dfa8abff3c221cda0a28ac9a3c85f4c81d,90,11,13,8.18,7.78,1.11,anton (2); child’s (1); anton’s (1); laces (1); neat (1); bows (1),,low-frequency;very-low-frequency,needs-editorial-review
s558,2,Fantasy/stories,The Cloud Shepherd,d3afc2c6e724c355f373507a6e8043dc0798857b8481b41dd8cdd7c41e3ff192,105,9,16,11.67,3.81,1.9,elzbieta (2); shepherd (1); smiled (1),,very-low-frequency,needs-editorial-review
s559,3,Fantasy/stories,Wishing Bench,7afa1d8adccc8e651ab10edcf0c11bfe76f851b988f94b9e57653e9a869d6f19,96,9,17,10.67,8.33,1.04,josef (3); baked (2); josef's (1); bakery (1); repaired (1),,,automated-screen-clear
s560,3,Fantasy/stories,Painter's Missing Color,333f7ec0b73d9c236cc596637a61f40784ebce2e7e23199f226a1bfb4aec94ea,123,13,13,9.46,4.07,1.63,cosima (2); painter (1); searched (1); painters (1),,very-low-frequency,needs-editorial-review
s561,4,Fantasy/stories,The Locksmith's Final Key,dba5269b24d2c6b23941a479b0d667ddc235aa02214ab48c2fb9c0724c0e4632,151,15,21,10.07,9.27,0.0,vale (4); ambrose (3); lid (2); repaired (1); locks (1); openings (1); faded (1); smiled (1),,,automated-screen-clear
s562,4,Fantasy/stories,Weathervane That Remembered,9f33d827436670d80d4f84da8e12e6c9be95663c6ecd712de159c93799194253,147,13,17,11.31,4.76,0.0,rooster (3); mara (2); festivals (1); notebooks (1),,,automated-screen-clear
s563,5,Fantasy/stories,Cobbler Who Mended Time,7ee87b20992518facbe5930a8edd26e54e31d018e06fea223bd5a6b6716bf125,177,5,57,35.4,9.6,1.13,wilhelm (4); repaired (2); cobbler (1); prosperous (1); faithfully (1); husband's (1); strangely (1); preserving (1); watch's (1); ticking (1); comforting (1); intentionally (1); prominently (1),,long-sentence;dense-syntax,needs-editorial-review
s564,5,Fantasy/stories,The Baker Who Kneaded Memories,34cb749d298112b54579efa7319ab9c094db398268c20c220aeb3a843f4ee6b4,176,14,21,12.57,5.68,0.57,niko (5); knead (1); scent (1); peel (1); baked (1); loaf (1),,,automated-screen-clear
s565,6,Fantasy/stories,Cartwright Who Built Roads to Nowhere,841ce0d03035d34d17b04ad994b211ace404a5f113d8a5b0e09f73632a3e43f1,167,17,16,9.82,5.99,2.4,elian (3); cartwright (1); wasteful (1); flooded (1); carts (1); elian's (1); unused (1); successes (1),,,automated-screen-clear
s566,6,Fantasy/stories,Weaver's Loom of Quiet Places,a68d015173ba69fa16e769270d2e9d942fcf186341840a3403a499c75784d2c5,169,6,39,28.17,13.61,3.55,anneliese (3); blankets (3); weaving (2); possessing (1); calming (1); creations (1); lakeshore (1); grandmother's (1); child's (1); commissioned (1); anneliese's (1); admittedly (1); adjustment (1); wove (1); imagining (1),,long-sentence;dense-syntax;very-low-frequency,needs-editorial-review
s567,7,Fantasy/stories,The Apothecary Who Bottled Courage,f58ed538bcfc51ee8a1c40fba0ceb92e72c1e759012c509f8f41df7b4f0810e5,199,6,49,33.17,11.56,3.02,zosia (3); medicinal (2); apothecary (1); evident (1); remedies (1); bottled (1); mentioning (1); confront (1); batch (1); bottle's (1); confess (1); nervousness (1); zosia's (1); supernatural (1); confessed (1),,long-sentence;dense-syntax,needs-editorial-review
s568,7,Fantasy/stories,Chandler Who Sold Borrowed Light,581049d787b025afe28d652e76739e2203d41be24c5dcf2bc6cd15c975d854a9,179,5,49,35.8,24.58,2.23,candles (5); fitzgerald (2); sailors (2); voyages (2); crafted (2); daylight (2); frightening (2); mentioning (2); fitzgerald's (2); candle (1); specialty (1); candle-making (1); borrowed (1); darkest (1); afternoons (1),,long-sentence;dense-syntax;low-frequency,needs-editorial-review
s569,8,Fantasy/stories,Instrument Maker Who Tuned Grief,c1dc26b42eeda6987614443d6487030786a0a5bdbce8fe2daa48828b0058b9d0,219,7,65,31.29,11.42,3.2,casimir (5); grieving (3); commissioned (2); silenced (2); crafted (1); stringed (1); peculiar (1); specialty (1); modification (1); experimentation (1); tonal (1); relationship's (1); daughter's (1); girl's (1); capturing (1),,long-sentence;dense-syntax,needs-editorial-review
s570,8,Fantasy/stories,The Mapmaker Who Charted Regret,ba19b39e972e7bba36c68eabfb571fbe77477fd796b19e14034dfe1200238386,226,6,45,37.67,10.62,2.65,perpetua (3); cartography (1); unconventional (1); specialty (1); depicting (1); geography (1); charting (1); terrain (1); documentation (1); commissioned (1); patient's (1); rendering (1); intricate (1); bottomless (1); canyon (1),,dense-syntax,needs-editorial-review
s571,9,Fantasy/stories,Glazier Who Trapped Sunsets,6af9f04dbab1a67c35a21f7a828cda3e2e9b3b006fd6e176f552c3097929df90,245,6,57,40.83,11.84,4.49,theodora (4); practiced (1); glasswork (1); specialty (1); glazier (1); stained (1); exhaustive (1); corresponded (1); sunset's (1); fisherman (1); lifelong (1); commissioned (1); hues (1); silhouette (1); profound (1),,long-sentence;dense-syntax,needs-editorial-review
s572,9,Fantasy/stories,Silversmith Who Forged Second Voices,f1df0aa8037413d0eed1ee7cb9b48a024838792ce59e3b4e7292edc403893c7e,223,5,58,44.6,15.7,4.04,aurelio (3); whistle (3); grieving (2); crafted (2); practiced (1); silversmithing (1); specialty (1); distinguishing (1); silversmith (1); crafting (1); whistles (1); humanly (1); deceased (1); phrases (1); exhaustive (1),,long-sentence;dense-syntax,needs-editorial-review
s573,10,Fantasy/stories,The Bell Founder Who Cast Forgiveness,a4f630b621ad6e45a54d3599d7fb4d70a530cdcd2e4ff269d8f06787f89103af,272,6,57,45.33,16.91,2.21,bells (3); monastery (2); reconciliation (2); commissioned (2); interpersonal (2); monastery's (2); symbolic (2); estranged (2); disconnected (1); monks (1); reputed (1); rung (1); facilitate (1); irresolvable (1); presiding (1),,long-sentence;dense-syntax,needs-editorial-review
s574,10,Fantasy/stories,Archivist Who Catalogued Unspoken Apologies,fc7c861d09c2d9f6d8f82568aa8b790314523ad549a5243f5e6542cadcacfc2e,255,5,62,51,16.86,5.1,prudence (4); apologies (2); estrangement (2); unsent (2); archive's (2); obscure (1); archive (1); archivist (1); preserving (1); recipients (1); accumulated (1); cowardice (1); eventual (1); order's (1); founding (1),,long-sentence;dense-syntax,needs-editorial-review
s575,1,Nature and animals,A Rabbit in the Grass,80d6d6f4086d269b4f7f9126624b48aeded368459a4dcb1d808c0c71480af28f,31,7,6,4.43,9.68,0.0,hears (1); jumps (1); hides (1),,low-frequency,needs-editorial-review
s576,1,Nature and animals,The Little Ant,2f42417c9abc3115c35b6091d7c9bdf2daa20d1b0e81d3e09a2cde06b9cae813,33,7,7,4.71,12.12,0.0,ant (3); ants (1),,low-frequency,needs-editorial-review
s577,2,Nature and animals,Woodpecker's Loud Knock,f2b483122f03817b197c58f31bc50c26771f231689729c35e13b7702f20bea34,75,8,16,9.38,8.0,4.0,woodpecker (2); tapped (2); marcus’s (1); insect (1),,low-frequency;very-low-frequency,needs-editorial-review
s578,2,Nature and animals,Turtle's Slow Journey,37eca759bd4b53ce276a81d2153a560d85702ddaccee18296dc830755bdec1f6,67,8,14,8.38,8.96,0.0,turtle (3); pond (1); fox’s (1); rested (1),,low-frequency,needs-editorial-review
s579,3,Nature and animals,The Crow and the Hard Nut,6c26da84bcca6db8f58ead44674984d1d5e0c6509aaf18bd261e78ae1a8b0d3c,86,9,13,9.56,5.81,0.0,crow (3); cracked (1); surroundings (1),,,automated-screen-clear
s580,3,Nature and animals,Bats Hunt After Sunset,6da9d49ff16970ae006dbd0d0937049df77dad4f2cfbb5907d217c26c97d9e8e,90,8,24,11.25,12.22,0.0,bats (4); insect-eating (1); barn (1); listens (1); hunts (1); pests (1); farmer's (1); senses (1),,low-frequency,needs-editorial-review
s581,4,Nature and animals,How Salmon Find Their Way Home,6e960cd796e7b397bd4c6b6f3a091adf2164871c437770419bd3ab99bb3eaff9,167,14,18,11.93,2.4,0.0,sunlight (1); earth's (1); remembers (1); inland (1),,,automated-screen-clear
s582,4,Nature and animals,The Chameleon's Sticky Tongue,146f34181af9c9ce6cc2602233632b089b53a8303e5d6764bd5240dd6e651c22,158,13,17,12.15,7.59,0.63,chameleon (3); insect (3); waits (1); shoots (1); farther (1); animal's (1); sticky (1); hunters (1),,,automated-screen-clear
s583,5,Nature and animals,Remarkable Homing Ability of Pigeons,3fb4c100261d85aad8fc8e3dc64cf0386e4f8d8d2c62f727a549894de635a3de,173,6,41,28.83,8.09,1.16,distances (2); pigeons (1); navigational (1); unfamiliar (1); homing (1); earth's (1); sun's (1); redundant (1); reliably (1); unavailable (1); messengers (1); pigeon (1); cues (1),,long-sentence;dense-syntax,needs-editorial-review
s584,5,Nature and animals,Praying Mantis's Patient Hunting Strategy,d1fe0a9522bfd681a98e0d41752c100da6a82db16d71cf0dccb09db9df45d067,164,13,18,12.62,10.37,0.61,mantis (3); prey (3); praying (1); hunts (1); folded (1); stems (1); insect (1); moth (1); fraction (1); hunted (1); bats (1); protects (1); stillness (1),,,automated-screen-clear
s585,6,Nature and animals,The Symbiotic Relationship Between Clownfish and Sea Anemones,9e99d2737504f9da5092fa1e3d482ac988adc79ef25ac0b568d087170f5fed1f,179,7,38,25.57,15.08,3.35,tentacles (3); anemones (2); stinging (2); nature's (1); symbiotic (1); clownfish (1); organisms (1); mutually (1); thrive (1); stings (1); mucus (1); coating (1); harmful (1); immunity (1); anemone's (1),,dense-syntax;low-frequency;very-low-frequency,needs-editorial-review
s586,6,Nature and animals,Complex Communication System of Prairie Dogs,d27933eb7b68ac71617852a4849d7028988c3dc3d316a7a0087146fcd55dd99a,164,12,21,13.67,4.88,0.61,prairie (2); hawk (2); grasslands (1); warns (1); coyote (1); reacted (1),,,automated-screen-clear
s587,7,Nature and animals,Remarkable Regenerative Abilities of Starfish,53fbd0a40d35edee9375c2186a800b3dc435e4cbd6c04401331ce9ef2613a758,212,5,48,42.4,14.62,1.89,regenerative (5); starfish (4); regeneration (4); starfish's (3); regenerate (2); regrow (1); limbs (1); retains (1); stems (1); transforming (1); skeleton (1); limb (1); curiosity (1); cellular (1); enabling (1),,long-sentence;dense-syntax,needs-editorial-review
s588,7,Nature and animals,The Unusual Hunting Technique of Archer Fish,10ea9e6b917d3664948e4403e59d9f6b40fa9d42d0a35d468851650b617ac8c0,209,7,49,29.86,14.83,2.87,archer (4); prey (2); spit (1); resting (1); overhanging (1); vegetation (1); knocking (1); consume (1); coordination (1); refraction (1); upward (1); water's (1); distortion (1); miscalculate (1); target's (1),,long-sentence;dense-syntax,needs-editorial-review
s589,8,Nature and animals,Extraordinary Migration of Arctic Terns,e779a4f56f377cf6b6f0440ad386cdeccc575a4c07378b614471f7b9a3e51c5a,227,6,47,37.83,15.86,2.64,terns (4); antarctic (2); daylight (2); navigational (2); undertake (1); exceeding (1); astonishing (1); seventy (1); kilometers (1); perpetual (1); characteristic (1); polar (1); summers (1); portions (1); lightweight (1),,long-sentence;dense-syntax,needs-editorial-review
s590,8,Nature and animals,Complex Social Structure of Orca Pods,2fb3bf5475db6befb9f4ff8f13693ebb232f993433fe9da8c9be2798ec66df07,209,5,48,41.8,16.27,3.35,orcas (4); pod (3); pods (2); orca (2); instinctive (2); whales (1); dolphin (1); tightly (1); bonded (1); exhibiting (1); behaviors (1); primate (1); dialects (1); genetically (1); prey (1),,long-sentence;dense-syntax,needs-editorial-review
s591,9,Nature and animals,The Fungal Networks That Connect Forest Ecosystems,a965104df5ec4dbb133d26e822678debcfac8a84d16ebfbf8973b4c872447189,204,5,44,40.8,14.22,2.45,fungal (5); tree's (2); nutrients (2); threads (1); mycelium (1); intricate (1); informally (1); termed (1); symbiotic (1); photosynthesis (1); efficiently (1); seedlings (1); remarkably (1); transmit (1); insect (1),,dense-syntax,needs-editorial-review
s592,9,Nature and animals,Sophisticated Tool Use of New Caledonian Crows,d6e04c8730a70f910c0688e151ffe2d5754510b27ae15b6ab34bdfc2b747dbf1,220,5,47,44,18.18,0.91,crows (4); demonstrating (3); problem-solving (3); primates (2); twigs (2); caledonian (1); respects (1); exceeding (1); primate (1); possessing (1); occurring (1); bark (1); shaping (1); shapes (1); optimized (1),,dense-syntax,needs-editorial-review
s593,10,Nature and animals,Extremophile Organisms Redefining the Boundaries of Life,2017d82d261c0ca07c5581ae11767b6c70f6567a603ae66fd93bd0877381e574,269,5,65,53.8,17.1,2.23,organisms (5); extremophile (3); thriving (2); cellular (2); incompatible (1); progressively (1); microorganisms (1); acidic (1); ph (1); dissolve (1); extraordinarily (1); lethal (1); formations (1); kilometers (1); earth's (1),,long-sentence;dense-syntax,needs-editorial-review
s594,10,Nature and animals,The Epigenetic Inheritance of Environmental Memory,a168896a175473879b8efc868b955d5b83a3db768ac3a4d9a6032d9bb1e69a32,278,6,60,46.33,17.27,2.88,inheritance (6); offspring (4); measurable (2); epigenetic (2); modifications (2); epigenetics (1); heritable (1); alteration (1); organism's (1); transmitting (1); examining (1); physiological (1); behavioral (1); adaptations (1); stresses (1),,long-sentence;dense-syntax,needs-editorial-review
s595,1,World affairs,A New Bridge,947a41bd09cea7d5473529a1c77f29941d3ce7072b3b51b39bd5032817dbba93,41,7,7,5.86,2.44,0.0,builds (1),,,automated-screen-clear
s596,1,World affairs,Sharing Food,52ed0977364b722325743e90a7ef3bc82b595882dc3958328adc181f789744aa,38,6,9,6.33,0.0,0.0,,,,automated-screen-clear
s597,2,World affairs,The Community Clean-Up Day,86ac20c8fe505280eff439cd62724000f23112e7230f80ea2faf5693cf0a861e,70,9,11,7.78,1.43,0.0,litter (1),,,automated-screen-clear
s598,3,World affairs,School Supply Drive,964735ed9cd4705a06779a1aba4ac352164f8df1fcf8b4a4d6c713c4af268925,121,10,16,12.1,6.61,0.0,fictional (1); collects (1); pencils (1); notebooks (1); chooses (1); notebook (1); afterward (1); organizers (1),,,automated-screen-clear
s599,3,World affairs,A Room for the Town,3fcc17206b7fca33d603435a2811cb677e6eee31b098e29236003fb013c0e478,94,9,15,10.44,3.19,0.0,carpenter (1); repaired (1); afternoons (1),,,automated-screen-clear
s600,3,World affairs,The Volunteer Tutoring Program,cd3ac3ddce938b7fc739fe1562ea20b851928a84bc07d61f7be5eeb0eab9d47e,129,12,19,10.75,3.88,0.0,fictional (1); educators (1); aloud (1); borrowing (1); learns (1),,,automated-screen-clear
s601,4,World affairs,City's Bike Lane Expansion,f05a8d1caf9c0df97724c07adf8fd4c4f3136fea9fd182002dee2337dc1b6a62,199,7,49,28.43,7.54,0.0,lanes (4); cyclist (2); corridors (2); cyclists (1); balancing (1); negatively (1); planners (1); measurable (1); pedestrian (1); benefited (1),,long-sentence;dense-syntax,needs-editorial-review
s602,6,World affairs,Rural Internet Access Initiative,743340f829218c6ef1e669050e02b4f56f6d8421a3f9cf0f6637b435e7b45408,189,6,39,31.5,11.11,0.53,recognizing (2); connectivity (2); fictional (1); lacked (1); limiting (1); ambitious (1); broadband (1); underserved (1); installing (1); optic (1); cables (1); distances (1); financially (1); impractical (1); offset (1),,long-sentence;dense-syntax,needs-editorial-review
s603,6,World affairs,The Cooperative Housing Model,87a89c0a1fbbe6bd7f9b6373307adbfb2e2b4e3beaa6a414ddfe205e267b2bdd,229,6,51,38.17,11.79,0.87,cooperative (8); collectively (2); affordability (2); fictional (1); persistently (1); excluded (1); homeownership (1); pooling (1); owning (1); outright (1); predictable (1); displaced (1); fostered (1); building's (1); wellbeing (1),,long-sentence;dense-syntax,needs-editorial-review
s604,8,World affairs,Municipal Composting Program,31578edeb1195c1e82823b2b03860de12cf85f6abbba396eb102dc191d6f5713,216,6,45,36,10.19,3.24,composting (4); compostable (2); compost (2); program's (2); fictional (1); consisted (1); unnecessarily (1); landfill (1); bins (1); recycling (1); uncertain (1); appropriately (1); outreach (1); diverted (1); landfills (1),,dense-syntax,needs-editorial-review
s605,8,World affairs,Cross-Border Water Management Agreement,0e9516a3b580d8038daf7c36d45b999e1e0104794d0c3723ab421eb70482d712,239,6,50,39.83,13.81,0.42,allocation (5); equitable (2); jointly (2); commission's (2); fictional (1); escalating (1); negotiated (1); staffed (1); tasked (1); determining (1); seasonal (1); relying (1); rigid (1); outdated (1); formulas (1),,long-sentence;dense-syntax,needs-editorial-review
s606,6,World affairs,The Regional Renewable Energy Cooperative,b32addd3b4ce99424c55b10efe54b626c13afc500328dd9623520e39edf03060,211,6,45,35.17,14.22,0.95,cooperative (6); renewable (5); fictional (1); recognizing (1); lacked (1); pooling (1); jointly (1); economies (1); unavailable (1); securing (1); favorable (1); individually (1); proportional (1); coordination (1); unfairly (1),,long-sentence;dense-syntax,needs-editorial-review
s607,8,World affairs,National Apprenticeship Modernization Program,fa5e22b717dcc672df37656ccda5d04019471fc3016782a6f212858775159f10,216,6,45,36,15.74,1.85,apprenticeship (6); apprentices (4); persistent (3); modernization (3); pathways (2); shortages (2); fictional (1); recognizing (1); tradespeople (1); revitalize (1); combining (1); jointly (1); curricula (1); trainees (1); subsidies (1),,dense-syntax,needs-editorial-review
s608,7,World affairs,Multi-Municipal Emergency Medical Service,d409919c4e3beaaf5e8e991b05f785c1067779adadb5c9f281413d32fadaccd9,220,6,52,36.67,15.0,1.82,individually (5); consolidation (3); municipalities (2); consolidated (2); underfunded (2); fictional (1); persistent (1); jointly (1); ambulances (1); negotiation (1); equitable (1); varying (1); geographic (1); distances (1); centrally (1),,long-sentence;dense-syntax,needs-editorial-review
s609,8,World affairs,The National Community Land Trust Initiative,4dabd5447a9322b4a13383142dcaa7b256944819e6d610641caac5086c807520,265,8,47,33.13,9.43,0.75,trusts (3); affordability (3); separating (2); lenders (2); fictional (1); recognizing (1); nonprofit (1); structuring (1); unfamiliar (1); consequently (1); reluctant (1); guarantees (1); homeownership (1); implementing (1); resale (1),,long-sentence;dense-syntax,needs-editorial-review
s610,8,World affairs,Regional Circular Economy Partnership,6c33463ac5ba382e0a1c8b1f27267fc16b31ad5249627ad25bdfccc663c57584,233,7,53,33.29,9.44,0.86,circular (2); discarded (2); exchanges (2); fictional (1); recognizing (1); utilize (1); inputs (1); complementary (1); cataloging (1); outputs (1); implementing (1); transporting (1); manufacturer's (1); another's (1); byproduct (1),,long-sentence;dense-syntax,needs-editorial-review
s611,9,World affairs,International Knowledge-Sharing Network for Sustainable Agriculture,d4eb677e073c20cbb993f9e4d8513e5c79c88d5aa30d2d63d7068a41fdce2e65,266,6,59,44.33,13.16,0.75,innovations (4); recognizing (2); broadly (2); contexts (2); fictional (1); systematic (1); disseminate (1); geographic (1); climatic (1); documenting (1); accumulated (1); translating (1); informally (1); formats (1); adapt (1),,long-sentence;dense-syntax,needs-editorial-review
s612,9,World affairs,The Federated Approach to Regional Refugee Resettlement,35c234bc53ab26be71bdfb124383232dfb676a2f4556846991bf8b8ce3970a76,249,7,52,35.57,19.28,3.61,resettlement (10); federated (6); coordination (6); refugee (5); municipalities (4); coordinating (2); fictional (1); logistical (1); neighboring (1); jointly (1); community's (1); coordinated (1); tailor (1); implementing (1); equitably (1),,long-sentence;dense-syntax,needs-editorial-review
s613,10,World affairs,Polycentric Governance Model for Transboundary Environmental Management,1e7f742aa0f67517b770f935c351cf3a5e80d39952a8a47986d3a8e5122c43f5,328,6,90,54.67,16.77,4.88,transboundary (7); polycentric (4); centralized (4); sovereign (3); spanning (2); resilient (2); adaptable (2); nation's (2); overarching (2); resilience (2); unusually (1); ecosystem (1); instructive (1); wherein (1); overlapping (1),,long-sentence;dense-syntax,needs-editorial-review
s614,10,World affairs,Deliberative Mini-Public Model for Contested Infrastructure Decisions,e00f375d39f50007c5091da53be47e92031ffa7412ab0b56d06e47d618f05042,299,6,76,49.83,13.04,6.02,deliberative (5); mini-publics (3); randomly (3); contested (3); adversarial (3); contentious (2); experimentation (1); convened (1); deliberate (1); extensively (1); formulating (1); opinionated (1); unrepresentative (1); assemble (1); demographically (1),,long-sentence;dense-syntax;very-low-frequency,needs-editorial-review
s615,1,Everyday life,A Cup of Coffee,dd186939de5aa3b5fadbf35995067406fd1c8fb7409e1330dd24dbadc2aac8cb,28,6,6,4.67,0.0,0.0,,,,automated-screen-clear
s616,1,Everyday life,Cleaning My Room,6842c9ad378794e0c7e753a9fe0baec31b68c3744cf0a1b6c205c75015c84ce1,30,6,6,5,3.33,0.0,messy (1),,,automated-screen-clear
s617,2,Everyday life,Forgotten Birthday Card,fe16e9e56055f257d3324260db0591f838234df1d203f038ed1a95a0a4025d2d,83,8,15,10.38,2.41,0.0,fatima (2),,,automated-screen-clear
s618,2,Everyday life,The New Kitchen Gadget,5a67faae3714eddcc90661a1b4e0a3a5fb4540173238c09281fae1afe0dd8c66,86,9,20,9.56,3.49,2.33,juicer (2); spilled (1),,very-low-frequency,needs-editorial-review
s619,3,Everyday life,Surprise Visit,becfb07190b5f921b6198855386609069ff42ef3a81adde1d870edd8d9415811,109,12,16,9.08,5.5,0.92,elena (3); stared (1); roommate (1); elena's (1),,,automated-screen-clear
s620,3,Everyday life,Community Garden Plot,9f657bd013a6834a7d501e9fc235ff1a1575349113b8cdf973911e185f5f0780,98,10,15,9.8,12.24,0.0,nora (3); tomatoes (3); shaded (1); hers (1); gardener (1); brighter (1); watered (1); plots (1),,low-frequency,needs-editorial-review
s621,4,Everyday life,The Unexpected Career Change,4dd6af0d1866d256397e911a44b633f42daa704efa5161f95fe21c72b2eaf6bb,161,14,18,11.5,8.7,3.73,priyanka (3); baking (2); amara (2); accountant (1); batches (1); rented (1); loaves (1); sellers (1); day’s (1); ovens (1),,very-low-frequency,needs-editorial-review
s622,4,Everyday life,Long-Distance Friendship,f6934106811439582dbe411da9c6e32eb748c4e15093696702accf942b6eacdc,163,13,23,12.54,6.75,2.45,leila (6); amara (3); amara’s (1); sundays (1),,very-low-frequency,needs-editorial-review
s623,5,Everyday life,Inherited Responsibility,82e3171592846ae0f53acc28c7c00161287f1eb477472da2024444b6e5dfcfb7,194,5,43,38.8,8.76,1.55,unfamiliar (3); unexpectedly (1); pursued (1); overwhelmed (1); scheduling (1); effortlessly (1); revealing (1); thoughtful (1); prompted (1); reconsidering (1); competently (1); incorporating (1); refreshing (1); store's (1); outdated (1),,long-sentence;dense-syntax,needs-editorial-review
s624,5,Everyday life,The Roommate Situation,c160b933baa79b109d8773f9744d57e1ed4beff680291c3f9ff7f533ef9f7f9e,168,14,19,12,4.76,0.0,hassan (2); wei (2); roommate (1); labeled (1); shelves (1); farewell (1),,,automated-screen-clear
s625,6,Everyday life,Family Business Succession,cd622ff144aa2649d6fe29c8beb5bc8be6d88f763cca209c5d1d0463e00983bd,210,7,52,30,7.62,1.43,roberto's (3); roberto (3); gradual (2); dedication (1); evident (1); lacked (1); preserving (1); progressively (1); succession (1); cherished (1); respecting (1),,long-sentence;dense-syntax,needs-editorial-review
s626,6,Everyday life,Blended Family Adjustment,c6a3647c265d790cac39d97cdacf6812be17bf2a1ea63c1076b44c60de5ad613,185,5,44,37,12.97,3.24,yolanda (2); blending (2); adjustment (2); yolanda's (2); stepfather (2); remarried (1); marriages (1); resentful (1); closeness (1); respecting (1); commanded (1); harmonious (1); preferences (1); evolving (1); deliberate (1),,long-sentence;dense-syntax;very-low-frequency,needs-editorial-review
s627,7,Everyday life,The Caregiver's Difficult Balance,af911ce52d08e0e874f21f565adb68ca2bf667ec9e2b49633c3976467192a7cf,199,5,46,39.8,13.07,3.02,beatrice (4); caregiving (4); declining (1); navigating (1); dependency (1); exhaustion (1); mounting (1); stretched (1); adequately (1); recognizing (1); unsustainable (1); caregiver (1); discovering (1); pressures (1); caregivers (1),,long-sentence;dense-syntax,needs-editorial-review
s628,7,Everyday life,Empty Nest Transition,36e595cae9f66e363152bff78a37f602730362cabb9ff866bd9caa65b77786ea,209,16,24,13.06,8.61,0.48,gerald (2); routines (2); disorientingly (1); centered (1); parenting (1); passively (1); hikes (1); uninterrupted (1); other's (1); reconnect (1); evenings (1); sadness (1); overcame (1); gradual (1); adjustment (1),,,automated-screen-clear
s629,8,Everyday life,Reconciliation After Decades of Silence,b718707e9ac3211740adbf7ba6b09896e08b980ebcf6d4b3416b2e66491de62d,234,6,52,39,13.68,2.99,estrangement (3); wilhelmina (2); frederick (2); accumulated (2); reconciliation (2); devastating (1); disagreement (1); unexpectedly (1); reunited (1); coordinate (1); longstanding (1); tense (1); resentment (1); processed (1); avoidance (1),,long-sentence;dense-syntax,needs-editorial-review
s630,8,Everyday life,The Late-Life Career Reinvention,6586533046bd8d0f1a0b2f8e58b93a9c0da29168dfc34a983eac90f062a96834,239,6,51,39.83,12.13,0.84,deborah (5); navigating (2); midlife (2); restructuring (1); longtime (1); daunting (1); admittedly (1); outdated (1); enrolling (1); counselor (1); transitions (1); humility (1); beginner (1); unfamiliar (1); classmates (1),,long-sentence;dense-syntax,needs-editorial-review
s631,9,Everyday life,Multigenerational Household Experiment,6b3429ec0b4c445999895925ca009e96ee49b37cdefc5d4159b84ab90d21aa98,266,6,57,44.33,10.53,4.14,consuela's (6); multigenerational (2); grandparents (2); resisted (1); renovated (1); adjustments (1); renovating (1); adjustment (1); navigated (1); caregiving (1); respecting (1); autonomy (1); proximity (1); childcare (1); accumulated (1),,long-sentence;dense-syntax,needs-editorial-review
s632,9,Everyday life,Friendship Tested by Financial Success,f19b503fc1d06ba69a9f956e24e07042f5fca6df67c6976e03eea9553ae28fbc,249,6,52,41.5,11.65,2.41,devon (4); recognizing (2); trajectories (1); diverging (1); startup (1); effortless (1); deliberate (1); navigate (1); disparity (1); marcus's (1); friend's (1); comparative (1); inadequacy (1); uncertain (1); patronizing (1),,long-sentence;dense-syntax,needs-editorial-review
s633,10,Everyday life,The Inheritance That Revealed a Hidden Family History,566234d483210a8e1dbdbb174e76bdf71ecba85f6ed692a96010495d9c171aba,300,6,78,50,10.33,1.67,penelope (4); penelope's (3); grandmother's (2); inherited (1); deceased (1); tucked (1); unremarkable (1); revealing (1); explicitly (1); evidently (1); prompted (1); reckoning (1); uncertain (1); possessed (1); remarried (1),,long-sentence;dense-syntax,needs-editorial-review
s634,10,Everyday life,Decades-Long Correspondence With a Childhood Pen Pal,2ba5a506f40ec91ae8c698533bb9fdc5656c18568a312e013c3f3fbd1e5a1188,280,6,56,46.67,12.14,1.07,correspondence (5); pal (3); genevieve (2); spanning (1); marriages (1); upbringing (1); exchanged (1); ten-year-olds (1); girl's (1); progressed (1); adolescence (1); parenthood (1); evolving (1); perspectives (1); correspondent (1),,long-sentence;dense-syntax,needs-editorial-review
s635,1,History,Old Tower,617396978229057092272600cbfb8ac3c91212e7468383b9164e7d7205643353,46,8,9,5.75,2.17,0.0,remembers (1),,,automated-screen-clear
s636,1,History,The First Trade,b1f7df4d2df0159a51269a8278b9d3b0094a4dcda8972641dec3a345f50ea787,45,8,9,5.63,0.0,0.0,,,,automated-screen-clear
s637,2,History,Town Crier,0e40c1cffb77e97e6bc33aa704ad48f50cafe42ef6037101e44e6842d3ccf624,80,8,17,10,6.25,3.75,bertram (2); crier (1); town’s (1); thanked (1),,very-low-frequency,needs-editorial-review
s638,4,History,Traveling Peddler,c2ad72c4b70cec32456aa421d30fec19774b42d6d1c1b69847b393cf23746e7f,177,8,36,22.13,10.17,1.69,solomon (3); sellers (2); depended (1); journeyed (1); peddler (1); merchandise (1); eagerly (1); awaited (1); periodic (1); village's (1); settling (1); railways (1); fondly (1); remembering (1); cheerful (1),,long-sentence;dense-syntax,needs-editorial-review
s639,3,History,The Lighthouse Keeper's Daughter,594587ffae4d2266fc423e792bcd58fc737b340b50152aa76f8374f8db8b5f14,127,13,14,9.77,7.09,1.57,marguerite (4); fictional (1); lighthouse (1); aldous (1); light's (1); frightened (1),,very-low-frequency,needs-editorial-review
s640,5,History,Orphan Clockmaker,d04a32f7993651dca77fa390fe6d7d007add4d5eae289d952d0282aa266f9334,204,15,24,13.6,3.92,0.49,emil (3); fictional (1); unspecified (1); clockmaker (1); swept (1); bent (1),,,automated-screen-clear
s641,4,History,Printer Who Risked Everything,8417a0356ec14de9a3591f7959c7099447f019372603e59a6ddfc71223a0945e,181,16,20,11.31,2.76,1.66,aldric (3); printers (1); helper (1),,,automated-screen-clear
s642,5,History,The Midwife's Secret Knowledge,05a3954e070de4a90bf76b1a3e1073048baae82fe655b43393196a1770872d7c,249,7,60,35.57,10.44,1.2,documenting (2); childbirth (2); ingrid's (2); medically (2); fictional (1); unspecified (1); inaccessible (1); midwife (1); ingrid (1); complications (1); unscientific (1); unworthy (1); lengthy (1); accusations (1); practicing (1),,long-sentence;dense-syntax,needs-editorial-review
s643,5,History,Interpreter Who Prevented a War,ec05e3bcd8e23065b617a3f4b5ff5cb56695c217e041d9899a58a6334cb41126,198,17,24,11.65,7.58,2.02,kingdoms (2); cassia (2); fictional (1); unspecified (1); disputed (1); interpreter (1); writer's (1); safekeeping (1); seize (1); rulers (1); alarming (1); cassia's (1); mattered (1),,,automated-screen-clear
s644,8,History,Astronomer Who Corrected an Ancient Error,7be28783467ec3ff0bec731719c8c6c45a106a7b3966a257a248ae14a805edba,247,6,57,41.17,17.81,2.83,astronomical (5); theodosius (4); calculations (4); astronomers (3); prestigious (2); theodosius's (2); fictional (1); unspecified (1); observatory (1); astronomer (1); planetary (1); noticing (1); persistent (1); discrepancy (1); mistaken (1),,long-sentence;dense-syntax,needs-editorial-review
s645,8,History,The Diplomat's Unconventional Peace Proposal,e8a0bf520c8e00116513ebf334e767467c177ee281e45a6e2a1177cde85359d2,257,7,72,36.71,15.56,2.33,kingdoms (4); unconventional (3); territorial (2); negotiation (2); wilhelmina (2); diplomats (2); wilhelmina's (2); fictional (1); unspecified (1); intractable (1); resisted (1); diplomat (1); determining (1); disputed (1); jointly (1),,long-sentence;dense-syntax,needs-editorial-review
s646,6,History,Merchant Who Funded a Library,f2de99ec75bf36652fff3f06fc27cf88bbaf5e35d8aca4d193e8d17e481fcd26,252,6,62,42,9.52,0.79,cornelius (2); inheritance (2); cornelius's (2); fictional (1); unspecified (1); accumulated (1); region's (1); accessing (1); motivating (1); disadvantaged (1); selecting (1); benefiting (1); wealthier (1); dominate (1); transformative (1),,long-sentence;dense-syntax,needs-editorial-review
s647,7,History,Regent Who Governed by Committee,deac34b79da99ebc7ce636885125953afcc0f9132906b0858c0cea43c0871f3a,270,7,73,38.57,14.07,0.74,regency (4); regent (3); negotiation (3); historians (2); fictional (1); unspecified (1); monarch's (1); infant (1); heir (1); appointing (1); govern (1); dictated (1); kingdom's (1); comprising (1); accumulating (1),,long-sentence;dense-syntax,needs-editorial-review
s648,7,History,The Cartographer's Deliberate Error,a22e369e6673560c6a50fc23cca7bb27ba60f27aeb370fd2d9e0d4115c9dab21,203,15,24,13.53,6.4,1.48,fitzgerald (2); fictional (1); unspecified (1); mapmaker (1); spies (1); believable (1); invading (1); scouts (1); defenders (1); weakened (1); mapmakers (1); fitzgerald's (1),,,automated-screen-clear
s649,8,History,Translator Who Preserved a Dying Language,0f6a59f33fd58feada564b8f0a2e24ea70b09f60e71c52ef1b3e00c8385f4b02,255,7,48,36.43,17.25,4.71,documentation (4); fluent (3); amara's (3); revitalization (3); amara (2); vocabulary (2); fictional (1); unspecified (1); imminent (1); extinction (1); linguist (1); translator (1); meticulously (1); documenting (1); language's (1),,long-sentence;dense-syntax;very-low-frequency,needs-editorial-review
s650,8,History,Engineer Who Refused to Certify an Unsafe Bridge,31b378b1c5e30263b351d8795f833c2e23918c4dc1369754e79483ccf9a42b24,272,8,50,34,13.6,2.57,henrietta (3); bridge's (3); certify (2); henrietta's (2); modifications (2); compromised (2); fictional (1); unspecified (1); project's (1); prevailing (1); prejudice (1); structurally (1); showcase (1); calculations (1); accelerate (1),,long-sentence;dense-syntax,needs-editorial-review
s651,9,History,The Archivist Who Smuggled a Nation's Memory,dc3ef9dd7bf9a4bf84e4bc9646467e6268d47c6fd5e4a8c958a9e1510a9dca3f,307,8,63,38.38,14.66,2.93,nation's (4); invading (2); bartholomew (2); occupying (2); preserving (2); fictional (1); unspecified (1); devastating (1); archivist (1); agonizing (1); governmental (1); seize (1); covert (1); irreplaceable (1); undertaking (1),,long-sentence;dense-syntax,needs-editorial-review
s652,9,History,Economist Whose Warnings Went Unheeded,948e41ee95bb19d34f4aa265c2b71028a06a41c277491c9c4761d9b9f19c7a99,299,7,69,42.71,16.05,3.01,prosperity (3); cordelia's (3); cordelia (2); economists (2); optimistic (2); fictional (1); unspecified (1); robust (1); confidently (1); indefinitely (1); obscure (1); economist (1); indicators (1); unnecessarily (1); pessimistic (1),,long-sentence;dense-syntax,needs-editorial-review
s653,10,History,Historian Who Documented Her Own Erasure,558d092dca911784bd73ac3140003da8a53026a2b9b4d1588bbf1f06b7dee931,372,8,72,46.5,18.01,2.69,historians (5); scholarly (3); archival (3); archive (2); routinely (2); prudence (2); systematic (2); obstacles (2); prudence's (2); journals (2); documentation (2); fictional (1); unspecified (1); prestigious (1); excluded (1),,long-sentence;dense-syntax,needs-editorial-review
s654,10,History,The Cryptographer Whose Code Remained Unbroken for a Century,acc666871fe95e5fa3d5845744c53a202b7203e6c90909fcfc66b65b8ad6e43c,288,19,24,15.16,4.51,0.0,fictional (1); unspecified (1); coded (1); historians (1); researcher (1); dialect (1); mathematician (1); phrases (1); readable (1); resisted (1); breakthrough (1); mistaken (1); misunderstood (1),,,automated-screen-clear
s655,1,Science,Why We Sneeze,5357d4243ae89c04155ec768c8bc1d6801b55fc2e35dec23b496b82a13c4dafc,33,5,8,6.6,6.06,0.0,sneeze (2),,low-frequency,needs-editorial-review
s656,1,Science,What Magnets Can Do,054abe9c377f8c371d5406c89c2dfe960201af5301d25baefe4d8d1d5412e9d6,48,6,12,8,4.17,0.0,magnet (1); magnets (1),,,automated-screen-clear
s657,2,Science,Why Ice Cream Melts,f05ed62bf62bfc6c89d89595cc2bac5ab1feeea8f2e5678fbeaff51f8153301a,73,7,13,10.43,8.22,0.0,freezer (1); warmer (1); melt (1); drip (1); cone (1); slows (1),,low-frequency,needs-editorial-review
s658,2,Science,How Plants Drink Water,ae195670ce8c47a49e8e109ee27b5052e1af4d013910fdcb98213b54f89a3f76,80,8,13,10,5.0,0.0,hairs (1); minerals (1); tubes (1); upward (1),,,automated-screen-clear
s659,3,Science,Why Some Objects Float and Others Sink,5a62b42c0e3379a73d83dcd2ee3098ed5530af788e85bc754df9b250a4af8f0f,162,13,24,12.46,8.64,1.85,pushes (2); upward (2); sinks (1); float (1); denser (1); displaces (1); hollow (1); spreads (1); buoyancy (1); settles (1); floats (1); displaced (1),,very-low-frequency,needs-editorial-review
s660,3,Science,Static Electricity on a Dry Day,1bc9378accb1145cc8a0060fcc3da72a7a24f4245e6733f2fdcac8cdb30dd6c7,92,9,16,10.22,9.78,0.0,balloon (3); rub (1); electrons (1); rubbing (1); touches (1); spark (1); damp (1),,low-frequency,needs-editorial-review
s661,4,Science,How Vaccines Prevent Disease Outbreaks,4ea7a5a2f1bd36e23d7ecd894f003a1706a1e1461e56a37f4d58621877909286,169,13,21,13,8.88,0.0,immunity (4); vaccines (2); herd (2); outbreak (1); allergy (1); weakens (1); spreads (1); vaccinated (1); weaker (1); reduces (1),,,automated-screen-clear
s662,4,Science,Physics of Why Sound Travels Differently Through Different Materials,a4629924af7bc479b6eda432ca4b0d3268a2aef8d6a688cd94a7ca0851a591ff,195,6,43,32.5,10.26,0.51,vibrations (3); molecules (3); liquids (2); gases (2); underwater (2); varies (1); tightly (1); molecule (1); transmits (1); efficiently (1); designing (1); soundproofing (1); architectural (1),,long-sentence;dense-syntax,needs-editorial-review
s663,5,Science,Why Yawning May Be Contagious,919336b392dd0309344eac3f363889a98dca7b0e6a73df7d0db629a465ea647a,170,15,24,11.33,11.05,1.16,yawn (5); yawning (5); contagious (3); tiredness (1); prepares (1); empathy (1); sleepiness (1); copying (1); safest (1),,,automated-screen-clear
s664,5,Science,How Our Bodies Convert Food Into Usable Energy,d2e936dba9ed8ed1764041fab02c85faa25b0238ff513dfcde5414799a71cb84,174,15,17,11.6,7.47,0.0,glucose (3); atp (2); dioxide (2); digestion (1); molecules (1); mitochondria (1); cellular (1); respiration (1); molecule (1),,,automated-screen-clear
s665,6,Science,Neuroscience of Habit Formation,9d39bb858b84f50df281318c544a8da6654dacf4b3cf4c85f54a736138e42b7b,184,15,22,12.27,4.89,0.54,cue (3); basal (1); ganglia (1); routines (1); repeats (1); harmful (1); boredom (1),,,automated-screen-clear
s666,6,Science,How Coral Bleaching Threatens Ocean Ecosystems,3a415dcdf22e4c456b4b10b0c418cf8e55173464c333ce0017f72d9cfe0e040c,230,7,47,32.86,25.22,2.17,coral (14); reef (5); reefs (4); bleaching (4); symbiotic (2); organisms (2); algae (2); habitat (2); ocean's (1); biodiverse (1); ecosystems (1); photosynthetic (1); nutrients (1); characteristic (1); vibrant (1),,long-sentence;dense-syntax;low-frequency,needs-editorial-review
s667,7,Science,Chemistry of Why Certain Metals Corrode Faster Than Others,3b04ef9240b66e636bc7a7819a98fd79599ee0360876ce7a4f86ee29adbad0ba,168,14,18,12,9.52,0.0,reacts (4); rust (3); corrosion (2); oxide (2); metals (2); substances (1); joints (1); atomic (1),,,automated-screen-clear
s668,7,Science,Physiology of Altitude Sickness,d3e32f64085794303a1163131549a25101dc1253d3fdbcf43497c43bf81596d3,197,6,44,32.83,16.75,1.52,elevations (4); altitude (4); sickness (3); physiological (2); body's (2); adapting (1); atmospheric (1); altitudes (1); decreases (1); molecules (1); cellular (1); headaches (1); nausea (1); fatigue (1); compensate (1),,long-sentence;dense-syntax,needs-editorial-review
s669,8,Science,The Genetics of Why Identical Twins Aren't Perfectly Identical,23357bf4a14f687fb7b2f9c61fff095c593e3f937177f042cd4f71d637003625,227,6,56,37.83,11.01,1.76,accumulate (3); modifications (2); fertilized (1); embryos (1); measurable (1); arise (1); epigenetics (1); altering (1); individually (1); embryonic (1); mutations (1); cellular (1); copying (1); genetically (1); accumulated (1),,long-sentence;dense-syntax,needs-editorial-review
s670,8,Science,Physics of Why GPS Requires Correcting for Relativity,5512fc2ffc8e266cdea590305f3b1234c01d67d9ee2eb1325d2791833729121f,257,7,49,36.71,18.68,2.72,corrections (3); velocity (3); clocks (3); relativistic (3); positioning (2); einstein's (2); relativity (2); gravitational (2); satellites (2); altitude (2); earth's (2); orbital (2); tick (2); measurably (1); object's (1),,long-sentence;dense-syntax,needs-editorial-review
s671,9,Science,Microbiome's Influence on Human Health and Behavior,4088ddd2e5edeabfcb1a308177fa945347f4e751a6fcb859e7889bb88d69ca5a,264,6,55,44,15.53,3.79,digestive (5); microbiome (5); microorganisms (2); termed (2); microbial (2); pathways (2); trillions (1); inhabiting (1); collectively (1); ecosystem (1); imbalances (1); correlating (1); susceptibility (1); autoimmune (1); inflammatory (1),,long-sentence;dense-syntax,needs-editorial-review
s672,9,Science,The Astrophysics of Gravitational Waves,795324fc6fea37286d051d802da34588ca5e95d2c3eab99839c16ccae472be33,276,6,56,46,18.18,3.64,gravitational (5); cosmic (4); detecting (3); extraordinarily (3); phenomena (3); astrophysical (2); milestone (1); ripples (1); einstein's (1); relativity (1); colliding (1); merging (1); observable (1); weakened (1); distances (1),,long-sentence;dense-syntax,needs-editorial-review
s673,10,Science,Theoretical Physics of Quantum Entanglement and Its Implications,4c539e0e4a9daa0161fd52efb390465e612d3a47a6608dab50613fd8a2d1ecaf,309,6,65,51.5,14.89,4.85,correlation (5); entanglement (4); instantaneously (3); entangled (3); particle's (2); counterintuitive (1); correlated (1); determines (1); separating (1); theoretically (1); philosophically (1); phenomena (1); einstein (1); famously (1); skeptically (1),,long-sentence;dense-syntax,needs-editorial-review
s674,10,Science,Molecular Biology of CRISPR Gene Editing Technology,db0bc43678010054c992efc1e778368303c678dc60bfeb1cf1fa14e9f80246df,323,6,80,53.83,12.38,2.17,bacterial (3); modification (3); occurring (2); sequences (2); transformative (2); crispr (1); infections (1); unprecedented (1); modify (1); organisms (1); biology's (1); breakthroughs (1); exploits (1); identifies (1); reprogrammed (1),,long-sentence;dense-syntax,needs-editorial-review
s675,1,Famous books,The Ugly Duckling,fe0194de79651d3c43e684e597208a309882f4d4f808e55c5ac3fc25f98b200c,104,14,13,7.43,2.88,0.96,swam (1); duckling (1); swan (1),,very-low-frequency,needs-editorial-review
s676,1,Famous books,The Princess and the Pea,5d53e592357827f0d7a9704cf2be9c82f0bc428089abd7bd374ce40bc8dc66bc,97,12,12,8.08,6.19,0.0,pea (2); mattresses (2); rainy (1); blankets (1),,low-frequency,needs-editorial-review
s677,2,Famous books,The Bremen Town Musicians,8c85b322bc81052cb1fc26605b181952309bcf66e966e91a87ce1c363df6ae29,143,16,13,8.94,6.99,0.7,donkey (3); rooster (2); thieves (2); bremen (1); frightened (1); rested (1),,,automated-screen-clear
s678,2,Famous books,Pinocchio Meets the Talking Cricket,21c734bedebb976643087b11c9b2385aa6222d5978a29c2f1cfcccc4ca0ba0c4,97,12,12,8.08,6.19,6.19,pinocchio (5); geppetto (1),,very-low-frequency,needs-editorial-review
s679,3,Famous books,Pinocchio Meets the Fox and the Cat,a41906837e3ed377193984fb9b0ab62fe85f6dc6571e519b7a1732ba8570aefd,165,15,16,11,5.45,3.64,pinocchio (6); bury (1); nodded (1); farther (1),,very-low-frequency,needs-editorial-review
s680,3,Famous books,Thumbelina Floats Away,fd0f67b81b8a3ca09ce3a0924d1e2c47fd1c7aa8791e191dbf727264f0cba424,109,10,18,10.9,11.01,3.67,thumbelina (4); toad (3); pond (2); frightened (1); floated (1); farther (1),,low-frequency;very-low-frequency,needs-editorial-review
s681,4,Famous books,Marley's Ghost Visits Scrooge,01422f4ea80075d5c76bd7e912891c5629444fc0f1b9137db564f4a349879bd8,197,20,19,9.85,8.63,5.58,scrooge (8); marley (4); ebenezer (1); wereted (1); celebrations (1); marley’s (1); frightened (1),,very-low-frequency,needs-editorial-review
s682,6,Famous books,The Treasure of Monte Cristo,525ae230b65e847c5b322d45fa295b7be4da2556eeb3e0194811f12b981bf770,202,18,18,11.22,8.7,3.86,dant (5); escaping (1); abb (1); faria (1); clues (1); jewels (1); sailor (1); identities (1); dominate (1); weaknesses (1); patiently (1); faria's (1); judgments (1); punish (1),,very-low-frequency,needs-editorial-review
s683,5,Famous books,Robinson Crusoe Is Shipwrecked,90ced43a0f0a74f7f7a81bcc465847e91003833c1df9fa08902151d3d4cc8c5f,202,19,16,10.63,4.46,1.98,crusoe (3); sailing (1); overturned (1); sunk (1); swam (1); storms (1); shipwrecked (1),,,automated-screen-clear
s684,5,Famous books,The Footprint in the Sand,723d66a7c58f679a88a25e859fa84a1b438b7d090029d939fb9057ff61b5640d,204,22,16,9.27,8.82,1.96,crusoe (3); footprint (3); loneliness (2); frightening (2); troubled (1); searched (1); hurried (1); strengthened (1); defenses (1); overhead (1); crusoe’s (1); unseen (1),,,automated-screen-clear
s685,6,Famous books,D'Artagnan Arrives in Paris,3791dc0a09ed1299e6be69c9dc9ecc3e1150e4e6e7dcc4754bc26d8037db92d4,161,14,20,11.5,11.18,8.7,d'artagnan (4); musketeers (3); duels (2); gascony (1); athos (1); porthos (1); aramis (1); duel (1); cardinal (1); richelieu (1); companions (1); ambition (1),,very-low-frequency,needs-editorial-review
s686,6,Famous books,The Queen's Diamonds,6e5c57ba3fede8fa3772cf99b609c3b70668f10b4ca513607df1c9be8a1e2466,192,18,18,10.67,8.85,3.65,d'artagnan (4); buckingham (3); cardinal (2); ornaments (1); richelieu (1); persuaded (1); musketeer (1); replacements (1); raced (1); richelieu's (1); ambition (1),,very-low-frequency,needs-editorial-review
s687,7,Famous books,Dorian's Double Life,721fc0b2c8596f2dd9259f971be5422179a3a397b1b58905a3ede5f41c6ca20b,193,20,19,9.65,11.4,0.0,dorian (5); strangely (1); admire (1); friendships (1); reputations (1); dismiss (1); innocence (1); upstairs (1); secretive (1); fashionable (1); confronts (1); decay (1); outwardly (1); unchanged (1); secrecy (1),,,automated-screen-clear
s688,7,Famous books,Dorian Faces the Portrait,aeae3a304093a7e576d7c2c80a8605085a206c0fb952a6b3425be41353baa2bd,197,20,18,9.85,6.09,0.51,dorian (5); expects (1); furious (1); canvas (1); completes (1); novel's (1); transferring (1); collapses (1),,,automated-screen-clear
s689,8,Famous books,Captain Nemo's Hidden World,416e41a8a0be4f22b8542f2f1fb4159938a295e36e332f37b85fe267456c394f,201,19,20,10.58,14.43,4.48,nemo (6); aronnax (4); submarine (3); ned (2); nautilus (2); conseil (1); harpooner (1); distances (1); underwater (1); shipwrecks (1); landscapes (1); voyage (1); fascinated (1); courageous (1); liberation (1),,,automated-screen-clear
s690,8,Famous books,The Attack of the Giant Squid,e923818321072e5ca066f3683f811e79ee5ef056eaecb23e7369799812486a21,201,18,23,11.17,9.45,2.49,nemo (2); nautilus's (1); voyage (1); squid (1); shapes (1); submarine's (1); axes (1); ineffective (1); chaotic (1); tentacles (1); nemo's (1); interrupts (1); nautilus (1); mastered (1); astonishing (1),,,automated-screen-clear
s691,9,Famous books,Revolution and Justice in Paris,c8395937bca8ba2e3cb6d0bedef7fcc8cfdb3a24bbec311c0d9fd49692f38579,202,16,24,12.63,16.34,1.98,injustice (2); understandable (1); aristocratic (1); portrayed (1); indifferent (1); structurally (1); privileged (1); accountability (1); accumulated (1); grievance (1); unstable (1); jailers (1); executioners (1); darnay (1); abuses (1),,,automated-screen-clear
s692,9,Famous books,Dorian Gray and the Cost of Beauty,ece96a6aa4e83779f65aa26382f07b536a8d870c161da86350ebdd29e7643fdd,209,17,24,12.29,10.53,1.44,dorian (5); gray's (1); supernatural (1); accepts (1); unchanged (1); pressures (1); self-correction (1); manipulate (1); youthful (1); concentrates (1); confront (1); wilde (1); complicates (1); sensation (1); morality (1),,,automated-screen-clear
s693,10,Famous books,A Tale of Two Cities: Sacrifice and Political Violence,63fa8a2cfc1daaf7beccbcb6fcf14151ce095af6ce21c145486641440988f9b6,243,20,19,12.15,9.47,3.7,carton's (2); darnay (2); abstractions (2); connects (1); emerges (1); oppression (1); aristocratic (1); contempt (1); institutionalized (1); condemned (1); identities (1); inherited (1); reproduce (1); dehumanization (1); carton (1),,,automated-screen-clear
s694,10,Famous books,"The Scarlet Letter: Guilt, Identity, and Public Morality",d1a8f3c6e913dcd9efc5b44f3075852fb583e20701b2e141c1d91b2e9b44fcab,256,22,24,11.64,15.23,3.12,scarlet (3); hester (2); dimmesdale (2); socially (2); chillingworth (2); hester's (2); examines (1); identities (1); prynne's (1); observing (1); acquires (1); spiritually (1); exemplary (1); protects (1); divides (1),,,automated-screen-clear
s695,1,Fantasy/stories,The Blue Kite,33f8ffd147f19252f66df6df62376a3f9a6c03b58cc462220fc0e87733a2d5e9,78,11,9,7.09,11.54,0.0,mia (3); kite (3); smiles (2); lifts (1),,low-frequency,needs-editorial-review
s696,1,Fantasy/stories,The Little Red Boat,39a081a709055468dbbec73f299f0b9f2bebe6173f8fa510245b029442d9a33c,79,11,10,7.18,6.33,0.0,noah (4); catches (1),,low-frequency,needs-editorial-review
s697,1,Nature and animals,A Bird at My Window,9500744b3c7fef77a1273b0c40b1596b5092e3bbba7bcb3ca3771fe8c7135653,90,12,10,7.5,2.22,1.11,ken's (1); smiles (1),,very-low-frequency,needs-editorial-review
s698,1,Nature and animals,The Busy Ant Trail,8e6a29701deab17dbe2138a071e17fe9be429ad4e168cc456faa870e95ae2e4a,91,12,14,7.58,10.99,0.0,sara (4); ants (3); ant (3),,low-frequency,needs-editorial-review
s699,1,World affairs,A New Well for the Village,8103b6166494636d2b7b25cbc47173cb662a99a469008543797410fd5b96c0fb,90,9,16,10,0.0,0.0,,,,automated-screen-clear
s700,1,World affairs,The Market Gets a Roof,bb9e21e8cd73e92b9160eed4541095107cf4506d146d69f6d10c5af2ebf0a21f,89,9,16,9.89,1.12,0.0,rained (1),,,automated-screen-clear
s701,1,Everyday life,The Key Under the Chair,e979d7821840241e72504145f6f91c3304aba2fd7fea490ee6c4eda1145c544f,93,15,11,6.2,4.3,3.23,aya (3); smiles (1),,very-low-frequency,needs-editorial-review
s702,1,Everyday life,My Quiet Morning,40c4ccd8c406413b26ca84e62741dc6c6cbf7177e533e023eb0dcd0d72191568,73,12,9,6.08,0.0,0.0,,,,automated-screen-clear
s703,1,History,Bread in Ancient Egypt,b99c35cd398f529922b7f9f82a20c2491148ea0a7c43cca9d808457893b8be3b,62,9,11,6.89,3.23,0.0,nile (1); baked (1),,,automated-screen-clear
s704,1,History,A Roman Road,bccb317870565307b9058b8051cc40a7b0092a06854c17e9e2cfb95d110bab6b,65,8,12,8.13,4.62,0.0,romans (1); builders (1); journeys (1),,,automated-screen-clear
s705,1,Science,Why Ice Melts,1048d51af7ad212584e8c4d48b71ad1f20f1a9778affcbe2651b5203ac662555,56,6,12,9.33,5.36,0.0,cube (2); melts (1),,low-frequency,needs-editorial-review
s706,1,Science,A Shadow Moves,a001aa3814b7f5108e09d5c203b538ca580de5c7c87695e18cbc91e6d075f0d6,71,9,16,7.89,1.41,1.41,sundials (1),,very-low-frequency,needs-editorial-review
s707,1,Famous books,The Dog and His Reflection,2ff362bdd9348fbb36dca3e428e0207dd72f53eacb98769ce0a6dc5263528010,83,12,11,6.92,1.2,0.0,bark (1),,,automated-screen-clear
s708,1,Famous books,The Golden Goose,bfdc52c31adb7158faf3df5c77a9c1f153d0ba8b1afa9b6ba1240672d51869c2,84,10,11,8.4,3.57,0.0,goose (2); feather (1),,,automated-screen-clear
s709,2,Fantasy/stories,The Door in the Tree,336ea60f8940c819c1cdb24633877696d4d0f1a0247aabc078f4c06590aa1f3f,107,11,16,9.73,0.93,0.0,poured (1),,,automated-screen-clear
s710,2,Fantasy/stories,Mina and the Moon Bell,3657e91f62b1d11b0f3e1b22ab0fdd3a087671737b27b422379ec738ea2a12b0,110,13,13,8.46,10.91,0.91,mina (4); mina’s (1); shining (1); rang (1); bark (1); footsteps (1); chimney (1); bowed (1); smiled (1),,low-frequency,needs-editorial-review
s711,2,Nature and animals,The Frog in the Garden,5f3daafcfc82538bcaa8f70d9dea044f42d939103a4ce078ea09bddfb94903b4,88,9,14,9.78,9.09,0.0,jun (3); pond (2); frogs (2); frog (1),,low-frequency,needs-editorial-review
s712,2,Nature and animals,Why Cats Move Their Ears,f26c1f3bfe843fd8e8830a6a8db70bf92ce9d34bb012413dd108f0ea43e22361,93,9,19,10.33,3.23,0.0,clues (1); discomfort (1); cat’s (1),,,automated-screen-clear
s713,2,World affairs,A Town Shares Its Water,e0e2f8aca9f1879eed24b4dd9f56f56f0a1570ff5e4afb7dd6e5eb725e846c1d,80,9,14,8.89,3.75,0.0,watering (1); leaking (1); pipes (1),,,automated-screen-clear
s714,2,World affairs,When the Market Moved Indoors,f80fdd790d6df3741f54cd52e6487ea4cb8cdc57a1f6743b3c5d8a35cbe850f9,97,10,17,9.7,3.09,0.0,sellers (3),,,automated-screen-clear
s715,2,Everyday life,The Wrong Bus Home,bd63e9ec2b4a0a7a6fdc4a9ad81c84576e1a492ee98a645880bb1dfdc78b1aa0,115,13,18,8.85,1.74,0.0,annoyed (1); bakery (1),,,automated-screen-clear
s716,2,Everyday life,Cooking Rice for Two,5cde6d02ee927d8e85476f2ee219cccf8280c98a3e1bb01f53138f075e1fdd12,106,13,11,8.15,4.72,0.0,emi (3); poured (1); notebook (1),,,automated-screen-clear
s717,2,History,A Day in Ancient Pompeii,ec7aa035758921ed9e159a9ec96c9f2144cd9f92dcf4bf0624b706a3f44c93a4,100,12,12,8.33,9.09,2.02,pompeii (2); volcano (2); vesuvius (2); baths (1); erupted (1); town's (1),,low-frequency;very-low-frequency,needs-editorial-review
s718,2,History,How Vikings Used Longships,148b5647e758e89607d57aba8f3f8bcf645381b6b87f0833fcab87dde4d63de9,80,9,13,8.89,11.25,2.5,viking (2); longships (2); sailors (2); coasts (1); crews (1); mattered (1),,low-frequency;very-low-frequency,needs-editorial-review
s719,2,Science,How Soap Cleans Your Hands,3351d5027ca0ee0262c531d51a74d413f8c30dd68ce5f531c05a164fbd4db2b0,102,12,14,8.5,4.9,0.0,molecule (1); grease (1); surrounds (1); rubbing (1); molecules (1),,,automated-screen-clear
s720,2,Science,Why We See the Moon,676c103e1fa7d91d6c08f163a255e1cd835fea9ad2fba0477075361e2d960329,85,9,14,9.44,3.53,0.0,sunlight (1); portions (1); phases (1),,,automated-screen-clear
s721,2,Famous books,The Fisherman and His Wife,b2e85e96870e5e0a2504e835844f7edffb65bccb3a6f4d853e4521bf38e355d4,118,14,16,8.43,5.08,0.85,fisherman (4); darker (1); rougher (1),,,automated-screen-clear
s722,2,Famous books,The Little Match Girl,2635eb4b2749a896b683a06c2df5e114e252e6a9397ee28e65f6bd19e10028e2,110,11,15,10,0.0,0.0,,,,automated-screen-clear
s723,3,Fantasy/stories,The House That Moved at Night,20c0c097b0134b807190bd505663adf08d5ec221e9039e1e9375b478eec0f511,143,16,16,8.94,3.5,0.0,hana (4); glow (1),,,automated-screen-clear
s724,3,Fantasy/stories,The Boy Who Borrowed a Cloud,4f1bfaa3f22e3875acf72acccce14842d56485fac5bc1c28189dc0bb96648b5a,149,18,15,8.28,6.04,0.0,kai (5); climbed (1); freed (1); mist (1); smiled (1),,,automated-screen-clear
s725,3,Nature and animals,Why Fireflies Flash,ce860b67f48c7771641718a4d4a8c9674d6289444f40fcc40bd730825e07c8d6,87,7,19,12.43,9.2,3.45,fireflies (3); flashes (2); insect (1); firefly (1); lamps (1),,low-frequency;very-low-frequency,needs-editorial-review
s726,3,Nature and animals,A Harbor Seal Pup in the Water,197c3520c7ab2ee63d625dca32b1c419d7c1e105a773d95718817246a975b862,94,8,15,11.75,7.45,1.06,pup (4); rests (1); searches (1); weaned (1),,,automated-screen-clear
s727,3,World affairs,Why Cities Plant Trees,e6a886531d087c5af3f42e5bf9985ccc4e03223fad8f783f10e4906c170a0167,121,9,19,13.44,4.13,0.0,rainwater (1); planting (1); planners (1); neighborhoods (1); flooding (1),,,automated-screen-clear
s728,3,World affairs,A Road to the Island Clinic,0c9a369ed77c1feb64a11ebdd17004e48f31a420988a59023d30107ec3409a76,110,9,18,12.22,4.55,0.0,storms (2); island's (1); flooded (1); drainage (1),,,automated-screen-clear
s729,3,Everyday life,A Phone Call from an Old Friend,259884cb1deddbe76052beb51f076120a4f7bee573fbb470196c55416290a5bf,144,15,26,9.6,5.56,1.39,mika (3); rina (2); rang (1); rainy (1); friendships (1),,,automated-screen-clear
s730,3,Everyday life,The Umbrella Left at the Cafe,83e06843927abac1554bea8d5225ac5aa76cec6a0f8ea4a8262f6dea41e0a946,144,16,17,9,8.33,2.78,umbrella (5); taro (4); raining (1); sato (1); inconvenience (1),,very-low-frequency,needs-editorial-review
s731,3,History,Messengers on Inka Roads,1e1007b21988511ad46ec6f70bcb2efd8eecf7a51b74335eff2b43409259c6e9,88,8,16,11,13.64,3.41,runners (2); inka (1); valleys (1); andes (1); chaskis (1); knots (1); cords (1); khipus (1); settlements (1); armies (1); travelers (1),,low-frequency;very-low-frequency,needs-editorial-review
s732,3,History,Printing Changes Europe,533a845c2abc4a6991131c2e4442237f984dd3a112ec4ff77f90bf3d90daef51,143,12,20,11.92,6.29,0.7,copied (1); slower (1); fifteenth (1); johannes (1); gutenberg (1); movable (1); printers (1); copying (1); debates (1),,,automated-screen-clear
s733,3,Science,What Makes Thunder,c7febd8eb0c387b8f42948118dc7ffb645dd96e124089e580d5be9bacb58bffd,144,14,20,10.29,3.47,0.69,heats (1); expands (1); cools (1); farther (1); lightning’s (1),,,automated-screen-clear
s734,3,Science,How Seeds Know Which Way to Grow,b0b89feebe12cfed10c067eb07a864bb9056c2b99a09c071edf1a6f1aca75f31,139,14,17,9.93,2.88,0.0,shoots (2); photosynthesis (1); hormones (1),,,automated-screen-clear
s735,3,Famous books,Dorothy Meets the Scarecrow,8c404bf76b5d7826b332ddabf562610a37a2f48d60fea48edb14fe1773b8a445,142,14,16,10.14,9.15,0.0,dorothy (5); scarecrow (4); wizard (2); noticing (1); emerald (1),,low-frequency,needs-editorial-review
s736,3,Famous books,Tom Sawyer Paints the Fence,5c7fe7fec42c1db3132397040f2650079b4613b620eb49ddd6e2861f099bbcf0,158,16,20,9.88,3.16,0.0,sawyer (1); coats (1); treasures (1); desirable (1); learns (1),,,automated-screen-clear
s737,4,Fantasy/stories,The Clockmaker's Secret Room,a77a112dc17fba8857002e943f6349c1bb534794c88043012e36108c4ae997db,176,17,18,10.35,8.52,0.57,elena (4); clocks (2); ticking (1); uncle’s (1); sliding (1); scattering (1); gust (1); shattered (1); pane (1); clock’s (1); faded (1),,,automated-screen-clear
s738,4,Fantasy/stories,The Village Under the Lake,20ceddeabb96111b991eb41e9d99e0011422dbb9962a7ffc59da59a0160ac388,169,13,22,13,5.33,1.18,nora (3); doorway (2); orin (1); nora’s (1); fragile (1); fridays (1),,,automated-screen-clear
s739,4,Nature and animals,The Trees That Share Water,deb55dbd65fdc2fefad67e1cf4b9ea2970cb23ff25c7af3785dcee76ba2ac1df,179,15,24,11.93,3.91,0.0,deep-rooted (1); moist (1); drier (1); hydraulic (1); redistribution (1); moisture (1); ecosystems (1),,,automated-screen-clear
s740,4,Nature and animals,The Bee That Finds the Flowers,9ba945446af19b79eef596e7cbba902db9192945238358fae320cd79cefca9fd,160,14,20,11.43,7.5,1.25,hive (3); bees (3); honeybee (1); nectar (1); waggle (1); landmarks (1); dances (1); insect (1),,,automated-screen-clear
s741,4,World affairs,How Food Aid Reaches a Community,14353c726290fdd0a918855b616c58e7a82d26663849c868d3670e8e5126188b,181,15,22,12.07,2.21,0.0,vouchers (1); unsafe (1); spoil (1); harming (1),,,automated-screen-clear
s742,4,World affairs,The Town That Changed Its Waste Rules,84a964c11bfb03fa42437f0015eb8e746739ba4b2df95f9cad8a79d1e8966c97,167,15,22,11.13,7.19,0.6,containers (3); rubbish (2); recyclable (1); complained (1); fines (1); crowded (1); fertilizer (1); schedules (1); simpler (1),,,automated-screen-clear
s743,4,Everyday life,The Flat Above the Bakery,1926c4c668bf39292af1dcef4b06f05ce327d7d0646a405345d38d6052b0799d,168,13,20,12.92,10.12,0.0,lina (3); bakery (3); mixer (2); trays (2); upstairs (2); waking (1); slid (1); mat (1); loaf (1); batch (1),,,automated-screen-clear
s744,4,Everyday life,A Saturday Without a Phone,31ef6f626e26d3dcde671a4ff2f45f74a22816c756247494c963ffd9ccea8048,159,14,16,11.36,1.89,0.0,yuki (2); fountain (1),,,automated-screen-clear
s745,4,History,How the Compass Changed Sea Travel,022f022b4efd33a79fcb3b76a9d27f12b6846afa8b34efdf2537f8d2099b6229,173,13,19,13.31,12.14,1.73,compass (4); sailors (3); compasses (2); coastlines (1); needle (1); responds (1); earth’s (1); hid (1); crews (1); currents (1); landmarks (1); voyages (1); mattered (1); storms (1); clues (1),,low-frequency,needs-editorial-review
s746,4,History,The First Public Clocks,1635b3504a6fcdada827ea0f31696066520bd6879dba5f05dfd1c4573c6af151,165,15,22,11,6.06,0.0,clocks (4); daylight (2); bells (1); routines (1); organize (1); depended (1),,,automated-screen-clear
s747,4,Science,Why Metal Feels Colder Than Wood,748a12727b6bb2a545c061dd245add09f5e1ede71d7fc2391716d7006a9bcd3a,165,15,17,11,5.45,0.61,spoon (2); warmer (2); colder (1); conductor (1); cools (1); warms (1); object’s (1),,,automated-screen-clear
s748,4,Science,How Vaccines Train the Immune System,c323516087edc0800936a224930dcc6ac15536132a2ce15e02152bd3bcc3a808,165,14,20,11.79,7.88,1.21,vaccines (2); microbe (2); protects (1); harmful (1); microbes (1); bacterium (1); recognizing (1); antibodies (1); vaccination (1); infections (1); performs (1),,,automated-screen-clear
s749,4,Famous books,Dorothy Meets the Cowardly Lion,6834d12dbd2c60038799f0ccbe15d23500bbd06d18e89a083f05504c09dbc04b,182,18,16,10.11,7.69,0.55,dorothy (2); roared (1); frightened (1); toto (1); slapped (1); fearless (1); scarecrow (1); woodman (1); emerald (1); contradiction (1); lacked (1); wizard (1); possessed (1),,,automated-screen-clear
s750,4,Famous books,Tom and Huck in the Graveyard,92f1d4d9b88f2893c0d40870728c37da3a534bca217f251343a0d39afe3f03ee,164,19,17,8.63,7.32,1.22,graveyard (2); sawyer (1); huckleberry (1); finn (1); childish (1); huck (1); hid (1); blamed (1); terrified (1); tom’s (1); discovers (1),,,automated-screen-clear
s751,5,Fantasy/stories,The Library at the End of the Road,96ba908bbf701f1ffde420ad4dac5c91de0d5fd63efbad3ba98936c681f2a304,209,25,22,8.36,5.74,0.0,mara (6); librarian (3); rainy (1); shelves (1); smiled (1),,,automated-screen-clear
s752,5,Fantasy/stories,The Girl Who Could Hear Old Walls,c4a3c182701bec26e17082243108d861a412df1cf6d71727f5713df18b78f5b6,221,21,25,10.52,6.79,0.0,lila (7); grandmother’s (1); pipes (1); hallway (1); plaster (1); house’s (1); practicing (1); noticing (1); sixteen (1),,,automated-screen-clear
s753,5,Nature and animals,When Wolves Return to a Valley,dd5f44ab90c8878468e3ab5ef8d4ba55634d6a425ff863360da584b34719e8f4,186,15,19,12.4,10.22,1.08,predator (2); shrubs (2); predators (2); ecosystem (1); valleys (1); prey (1); elk (1); mammals (1); vegetation (1); protects (1); ecologists (1); trophic (1); cascade (1); ecosystems (1); rainfall (1),,,automated-screen-clear
s754,5,Nature and animals,The Secret Life of Tide Pools,7c95387b5c2bbaac60bc4058514222cc018b900a398baf5201ee9ff37f846917,196,17,19,11.53,6.63,1.02,pools (3); seawater (1); salty (1); evaporation (1); saltier (1); mussels (1); attach (1); anemones (1); crabs (1); distances (1); centimeters (1),,,automated-screen-clear
s755,5,World affairs,Why Some Cities Limit Short-Term Rentals,13d7ce897ce6abd417f75c86e1f6e592f87e7f4666f2caf32293a6c53e7258e8,181,13,25,13.92,6.08,0.0,rented (2); travelers (1); tenant (1); rents (1); neighborhoods (1); restrict (1); rentals (1); homeowners (1); shortages (1); balances (1),,,automated-screen-clear
s756,5,World affairs,A Region Rebuilds After a Major Flood,1e45aa05b8569567ffccf0f9eca4c37c5b7d381c71d9a50906587f9d9910ee7c,190,15,20,12.67,7.37,0.0,rebuilding (2); repaired (1); recreate (1); widen (1); drainage (1); wetlands (1); neighborhoods (1); poorer (1); reconstruction (1); fairness (1); unsafe (1); rebuild (1); destructive (1),,,automated-screen-clear
s757,5,Everyday life,Learning to Say No Politely,f669bd8214a3d582ef9779fe93cbc36477fdc197e4f117f1644cfe6cef13e0df,187,20,23,9.35,6.42,2.14,sora (3); coworker (1); dependable (1); resentful (1); afterward (1); favors (1); erased (1); practiced (1); agreeing (1); regretting (1),,,automated-screen-clear
s758,5,Everyday life,The Neighbor Who Watered the Plants,30a08739de12e735ae97fc340d2eaf5e9e17896395227a54f698b13429a8a32b,195,18,18,10.83,6.67,2.05,priya (4); healthier (1); fern (1); thanked (1); ankle (1); groceries (1); upstairs (1); hallway (1); watering (1); willingness (1),,,automated-screen-clear
s759,5,History,The Opening of the Suez Canal,86ae757501e8b540101a72f731471f59ca8761f3799f888e324ed1f1273610a3,183,14,23,13.07,6.59,2.2,suez (3); nineteenth (1); isthmus (1); mediterranean (1); labored (1); waterway (1); sovereignty (1); canal’s (1); geography (1); reshape (1),,,automated-screen-clear
s760,5,History,The First Railway Between Tokyo and Yokohama,fde505e520216bb28ab4edd6c67f3001274958f10fd2958a7a775540ffaaf74b,172,13,20,13.23,6.43,1.17,japan’s (2); shimbashi (1); yokohama (1); meiji (1); railways (1); timetable (1); welcomed (1); unfamiliar (1); schedules (1); standardized (1),,,automated-screen-clear
s761,5,Science,Why Sleep Helps Memory,fd7a5b9861877868c7d7f403c0babc255b25d06e29b0c0b93940b78999fe065e,172,14,23,12.29,0.58,0.0,stabilize (1),,,automated-screen-clear
s762,5,Science,How GPS Finds Your Position,4b561a322f018631ad7538f7bf1a7955493d9f3086815b47347ff8dbb5f7bccf,170,14,22,12.14,8.82,0.59,satellites (3); clocks (2); compares (1); measurable (1); calculate (1); trilateration (1); distances (1); corrections (1); earth’s (1); relativity (1); wi-fi (1); sensors (1),,,automated-screen-clear
s763,5,Famous books,David Copperfield Leaves the Factory,6050798a9f43dbbcf68e0a9072129496071128fd96c6ac8678cd74bc6fe0a61c,183,15,17,12.2,3.83,1.64,copperfield (1); stepfather (1); spends (1); labeling (1); remembers (1); betsey (1); trotwood (1),,,automated-screen-clear
s764,5,Famous books,Jane Eyre at Lowood,c6345a3845a2d3b50b67ebee8637662c1c364243c128485e5f4fcc3078d450c4,172,15,18,11.47,9.3,1.74,lowood (2); jane’s (2); eyre (1); discomfort (1); injustice (1); admires (1); punish (1); unfairly (1); encourages (1); exposes (1); sanitation (1); shapes (1); teaches (1); learns (1),,,automated-screen-clear
s765,6,Fantasy/stories,The City That Forgot the Sun,f5d11a8552e1379492bdbf3a259deee8ddaf3522749169bd465ca3b755e5f111,203,22,21,9.23,7.39,0.49,sunlight (4); lamps (2); velis (1); calendars (1); exaggerated (1); cheered (1); warmer (1); souvenirs (1); interestingly (1); noticing (1); manufacture (1),,,automated-screen-clear
s766,6,Fantasy/stories,The Messenger from the Empty Kingdom,63fd29331d47b4d1d50b9c50d7c067d68e53aad2bfed3b7b5b6b62b2313d9db0,216,21,20,10.29,5.09,1.39,messenger (3); arven (3); earthquakes (1); rebuild (1); cracks (1); cliffs (1); lamps (1),,,automated-screen-clear
s767,6,Nature and animals,How Elephants Remember Dry Seasons,022b21c81e3b94e29284b174ba35da9a2e98bc703a457fba1ff34f40596e22c9,195,15,19,13,6.15,1.54,elephants (3); matriarch (1); develops (1); landscapes (1); unfamiliar (1); spatial (1); romanticized (1); droughts (1); group’s (1); herd (1),,,automated-screen-clear
s768,6,Nature and animals,The Long Journey of a Monarch Butterfly,01c201845f45f849c052a6b641022098b5f5ac4e1a632fefec24cc58101c24f1,188,17,18,11.06,11.7,2.13,wintering (3); butterflies (2); butterfly (2); monarch (1); migrations (1); kilometers (1); completes (1); yearly (1); reproduce (1); insect (1); monarchs (1); compass (1); interpret (1); sun’s (1); geography (1),,,automated-screen-clear
s769,6,World affairs,The Debate Over a New Dam,c2001117e3e77db8ff023902c58f02dff5a3d69447c08fe21742688606b1237c,188,16,19,11.75,5.85,0.0,irrigation (1); reservoir (1); farmland (1); archaeological (1); disrupted (1); sediment (1); downstream (1); ecosystems (1); trade-offs (1); protections (1); geography (1),,,automated-screen-clear
s770,6,World affairs,How Communities Share a River,294bac89e689dcde0c2711728e70c5816ef1a2e37f46c984e7109596f80f82bc,189,17,16,11.12,7.41,0.53,upstream (1); seasonal (1); downstream (1); irrigation (1); rainfall (1); rigid (1); unrealistic (1); drought (1); warnings (1); reservoirs (1); fishers (1); negotiation (1); adjusting (1); noticing (1),,,automated-screen-clear
s771,6,Everyday life,Why We Put Off Small Tasks,7453b9766aaa1446ff04332129538d9ce77a9ed52fb26fada4c68336cafc1ce8,187,17,17,11,5.88,1.07,procrastination (2); unfinished (1); replying (1); strangely (1); boredom (1); embarrassment (1); teaches (1); magically (1); imagining (1); discomfort (1),,,automated-screen-clear
s772,6,Everyday life,The Dinner Where Nobody Checked a Phone,bb096f505e8c41d8877b2f8648363c989ca1b1e965c5581354ce777d2bf01ea0,179,17,24,10.53,2.79,0.56,joked (1); silences (1); reconstruct (1); untouched (1); organize (1),,,automated-screen-clear
s773,6,History,The Haitian Revolution and the End of Slavery,71be5fb3106655686e3a27b76f5512b438b2cff5f6d370a1b911d84d12e7c1bc,187,13,23,14.38,14.05,2.7,enslaved (5); haiti (2); eighteenth (1); saint-domingue (1); richest (1); depended (1); africans (1); uprising (1); alliances (1); toussaint (1); louverture (1); abolished (1); napoleon (1); resisted (1); haitian (1),,,automated-screen-clear
s774,6,History,How Cholera Changed City Sanitation,fe3726fb076c00de0f37a8f3071501163d4d98fbcc94c71cb2e8d0ffc7861134,189,14,19,13.5,10.64,1.06,cholera (3); outbreak (2); sanitation (2); nineteenth (1); crowded (1); outbreaks (1); bad-smelling (1); contaminated (1); mapped (1); concentrated (1); snow’s (1); spreads (1); sewers (1); cleaner (1); waterborne (1),,,automated-screen-clear
s775,6,Science,What Happens Inside a Battery,8067cb29da4ed50c2317fcf8330cff4763b357841900141bd5ec1b1138e76279,167,14,20,11.93,8.38,1.8,electrons (3); electrolyte (2); converts (1); electrodes (1); electrode (1); ions (1); rechargeable (1); efficiently (1); chemistries (1); voltages (1); capacities (1),,,automated-screen-clear
s776,6,Science,Why Antibiotic Resistance Evolves,d084b6eb4104bc82a2d0a422dd5cbe1321d3c92adbca5bbf19762a9769bcf516,181,16,24,11.31,8.84,0.55,antibiotics (2); antibiotic (2); resistant (2); bacterial (1); traits (1); susceptible (1); reproduce (1); mutations (1); medicines (1); adapt (1); timescale (1); variants (1); descendants (1),,,automated-screen-clear
s777,6,Famous books,Jane Eyre Meets Mr Rochester,af7b9730e1e759fca1022332b29df6cd75b6b3e8cd5060ed9a9cfc1fd7ca32b2,192,17,22,11.29,11.92,2.59,rochester (5); thornfield (3); lowood (1); eyre (1); governess (1); teaches (1); quieter (1); slips (1); discovers (1); decorative (1); annoy (1); insists (1); upstairs (1); behaves (1); honesty (1),,,automated-screen-clear
s778,6,Famous books,David Copperfield Meets Mr Micawber,dbdbedbb6cb169668f3b74b60f6916dc202ff762207d0b888a69583eae664d21,195,16,21,12.19,13.33,4.62,micawber (4); hopeful (2); copperfield (1); rents (1); troubles (1); creditors (1); possessions (1); debtors (1); micawber’s (1); optimism (1); debts (1); learns (1); respectability (1); micawbers (1); exposing (1),,very-low-frequency,needs-editorial-review
s779,7,Fantasy/stories,The Painter of Tomorrow's Sky,6225bd3ca1cb4b997db1ae83f1bba0211c3507099bd16d029dfc64d7b558227b,218,30,15,7.27,6.42,1.83,iren (4); canvas (2); copied (1); favors (1); planner (1); sunrise (1); downstairs (1); canceled (1); mistaken (1); prediction (1),,,automated-screen-clear
s780,7,Fantasy/stories,The Forest That Remembered Names,1071c39e3a36c9fecc239beefaa7ed6133796583cb023248427c2c63674a32bb,229,23,27,9.96,7.42,0.44,mira (3); bark (2); villagers (2); carved (1); travelers (1); day’s (1); grandparents (1); beech (1); panicked (1); farmed (1); predicting (1); endings (1); mira’s (1),,,automated-screen-clear
s781,7,Nature and animals,The Coral Reef After the Heat,ec4a328bee71d9eddee35529cc3c55ca4e3f9ecdb611e516ae1893188befcb2f,202,17,21,11.88,14.36,1.49,coral (3); reefs (3); corals (3); organisms (2); algae (2); bleaching (2); seawater (1); unusually (1); microscopic (1); tissues (1); coral’s (1); reproduction (1); habitats (1); crustaceans (1); greenhouse (1),,,automated-screen-clear
s782,7,Nature and animals,How Crows Learn from Each Other,57378582af4c143dc6caf08f87fb591914c64f25296329c57e185ec106c169ee,197,17,24,11.59,9.64,0.0,crows (4); crow (2); unusually (1); learners (1); observing (1); dangers (1); interestingly (1); interacting (1); socially (1); unfamiliar (1); reacts (1); harmless (1); bird’s (1); flock (1); accumulate (1),,,automated-screen-clear
s783,7,World affairs,When a Country Changes Its Energy Mix,2d76cd31b1095fbdd7333847025ac107ed7c063df9275d86e15088ac272ab830,203,15,29,13.53,2.96,0.49,economies (1); uneven (1); renewable-energy (1); reliability (1); retraining (1); grids (1),,,automated-screen-clear
s784,7,World affairs,The Difficult Work of Resettling Refugees,3ff61b4ab2b666cad979e5a10ffe50ae67bb850c0882d4ad2f928124addd1158,195,15,29,13,6.67,1.03,resettlement (2); resettled (1); childcare (1); unavailable (1); irregular (1); adapt (1); clinics (1); erase (1); newcomer’s (1); refugee (1); rebuilding (1); crosses (1),,,automated-screen-clear
s785,7,Everyday life,The Invisible Work of Keeping a Home,4afa90b16f616b8c5a94eb0dccc55335cd7b217d711b137d136d53109a0d150c,201,16,25,12.56,8.96,0.0,notices (2); chores (2); noticeable (1); remembers (1); replaces (1); remembering (1); underestimate (1); fairness (1); assign (1); manages (1); noticing (1); detergent (1); drying (1); folding (1); fairer (1),,,automated-screen-clear
s786,7,Everyday life,What We Learn from Repeated Routines,65b580695256a0674548ba8e633422ba079f5d3cd5d44e5584891fc6f685dab8,195,16,26,12.19,5.13,0.0,routines (3); repetition (2); waking (1); rushed (1); predictable (1); assumptions (1); obey (1),,,automated-screen-clear
s787,7,History,The Berlin Airlift,7c743fb6395420308708626e010c046fe76d54ad48dbf4ad4cab2e2300c24960,192,16,27,12,6.84,1.58,airlift (3); blockade (2); tensions (1); germany’s (1); necessities (1); coordination (1); intervals (1); airports (1); symbolic (1); logistical (1),,,automated-screen-clear
s788,7,History,The Green Revolution and Its Mixed Legacy,9fab70694d691bec15d8ea37ac05fe09a3557a9be6798dba8accb73e5832d903,198,13,25,15.23,9.6,0.51,varieties (2); fertilizer (2); twentieth (1); yields (1); irrigation (1); fertilizers (1); pesticides (1); harvests (1); famine (1); wealthier (1); poorer (1); pesticide (1); dependence (1); illustrates (1); ecology (1),,,automated-screen-clear
s789,7,Science,How CRISPR Edits DNA,e78167e35e1c3835d17fd4f0bc485534d2545b5bf105ef9fd490f3d35be6b318,201,15,21,13.4,5.97,1.49,crispr (2); viruses (1); rna (1); cas (1); disrupts (1); templates (1); newer (1); unintended (1); explored (1); inherited (1); ethically (1),,,automated-screen-clear
s790,7,Science,Why Quantum Computers Are Different,0a349ed88b101e65c707ad6682a755ff21987ee7bb3e3a9b055de934b9638c56,187,13,24,14.38,8.56,2.67,qubits (3); algorithms (2); qubit (1); superposition (1); entangled (1); magically (1); interference (1); unwanted (1); disturbances (1); correction (1); compute (1); computation (1); outperform (1),,,automated-screen-clear
s791,7,Famous books,Silas Marner and the Stolen Gold,0a95aa4c1d5276beb348b3af18efdc457cbd9fefbc1fe2dcaae3586f1b8f6a91,190,16,21,11.88,8.42,1.58,silas (4); marner (1); earns (1); weaver (1); wrongly (1); withdraws (1); companionship (1); devastated (1); wanders (1); child’s (1); firelight (1); eppie (1); attachment (1),,,automated-screen-clear
s792,7,Famous books,Quasimodo and the Bells of Notre-Dame,4a4f2c74f483fb2d54f9fedb55ae905b3fa59b6e1458ed9b940425b6a8b8ddef,183,15,18,12.2,15.85,6.01,quasimodo (5); cathedral (3); bells (3); notre-dame (2); esmeralda (2); deaf (1); cruelly (1); fills (1); companions (1); claude (1); frollo (1); frollo’s (1); threaten (1); obedience (1); compassion (1),,very-low-frequency,needs-editorial-review
s793,8,Fantasy/stories,The Museum of Unfinished Lives,463dafe698360798ac674a4ddbaef002a3077124a02a537e875c019e790ca323,237,24,16,9.88,5.91,0.42,mara (4); unreal (2); unfinished (1); pottery (1); groceries (1); plausible (1); manuscript (1); demonstrating (1); countless (1); unchosen (1),,,automated-screen-clear
s794,8,Fantasy/stories,The Island That Appeared Once a Century,1a4a949c5e03ed23c9e000527e171b7d98608332973489330cf46d48f71a0f63,225,22,22,10.23,5.33,0.0,vanished (2); sailors (1); satellites (1); photographed (1); freshwater (1); pools (1); absent (1); compass (1); ceramic (1); island’s (1); transmitting (1),,,automated-screen-clear
s795,8,Nature and animals,The Hidden Network Beneath a Forest,28e1298876d64d3b6d7be49b90e4077932c031b5dc010b29f3dee431f1e1c260,213,13,26,16.38,12.21,0.94,fungi (4); fungal (2); partnerships (1); mycorrhizae (1); threads (1); absorbing (1); nutrients (1); compounds (1); photosynthesis (1); pathways (1); cooperative (1); misleading (1); cables (1); organisms (1); ecological (1),,,automated-screen-clear
s796,8,Nature and animals,Why Whales Change Their Songs,284f129e3db15fa3c074212982a7f64818519669529a7117173cae997521cea9,204,16,20,12.75,9.8,0.49,whales (3); whale (2); humpback (1); broadly (1); sequences (1); remarkably (1); phrases (1); basins (1); novelty (1); emerge (1); copying (1); analyze (1); recordings (1); evolve (1); distances (1),,,automated-screen-clear
s797,8,World affairs,Why Global Supply Chains Break,a5ddba653f25c0d51fa866b8489ebb7c8a9a43da9d42bf4ccc3032487ce79465,192,16,31,12,9.9,0.52,minerals (1); assembled (1); specialize (1); vulnerabilities (1); factories (1); interrupt (1); shortage (1); containers (1); disruption (1); inventories (1); suppliers (1); resilience (1); strategically (1); redundancy (1); minimizes (1),,,automated-screen-clear
s798,8,World affairs,How Cities Adapt to Extreme Heat,a7c722bbabbb239728e84b63dcf768c93847141ef0fcde78de19afa38f084951,196,16,25,12.25,11.22,0.0,conditioning (3); sunlight (2); outdoors (2); hotter (1); surroundings (1); absorb (1); airflow (1); insulated (1); shaded (1); roofs (1); unintended (1); protects (1); greener (1); neighborhoods (1); desirable (1),,,automated-screen-clear
s799,8,Everyday life,The Cost of Always Being Available,0832ad3183ce6489851ede7eceb5a7910a7fe98922aaabd69646e822ad63792f,207,17,22,12.18,4.83,0.97,notifications (2); reachability (2); chats (1); weakening (1); replies (1); interpreted (1); unprofessional (1); disconnect (1),,,automated-screen-clear
s800,8,Everyday life,How Small Habits Change a Week,d15b752bddf629d9de9efa65d50f208ec550815a79253c84882f0d7afe96548d,208,18,19,11.56,4.33,0.0,exercising (1); motivating (1); insignificant (1); seventy (1); consume (1); pillow (1); determines (1); cues (1); behaviors (1),,,automated-screen-clear
s801,8,History,The Partition of India,351653a570170875e63961c93cd7b03f6c22b529b1c1539588fc6912dd7729f7,192,12,26,16,7.33,0.0,partition (3); visions (1); religiously (1); amid (1); hindus (1); sikhs (1); immense (1); disputes (1); kashmir (1); histories (1); tempting (1); illustrates (1),,,automated-screen-clear
s802,8,History,The Oil Crisis of 1973,462dd35aa5befaa2c5adea48a1d990745e288285882bdb5bf37a1d7bc2f4ff65,198,16,20,12.38,7.65,0.0,economies (2); industrialized (1); sharply (1); petrol (1); mattered (1); shortages (1); imported (1); vulnerability (1); strengthened (1); differed (1); budgets (1); disruption (1); commodity (1); depended (1),,,automated-screen-clear
s803,8,Science,How Gravitational Waves Are Detected,36b4aee0c099ebe3bde5bdef4207052714f992c567f8d2358e38ca3f00ef78b2,190,15,21,12.67,12.77,2.66,gravitational (2); spacetime (2); detectors (2); distortions (1); accelerating (1); merger (1); extraordinarily (1); ligo (1); interferometers (1); perpendicular (1); mirrors (1); beams (1); predictable (1); lengths (1); alters (1),,,automated-screen-clear
s804,8,Science,The Physics of a Greenhouse Planet,169fc35900b892469290236dae44bf0b6883267456a920e1e22abc4f34f75755,199,15,23,13.27,18.09,0.5,greenhouse (4); incoming (3); gases (3); outgoing (2); infrared (2); vapor (2); sunlight (2); warmer (2); planet’s (1); absorbs (1); emits (1); dioxide (1); methane (1); absorb (1); wavelengths (1),,,automated-screen-clear
s805,8,Famous books,Wuthering Heights: Catherine and Heathcliff,58dec7aa231d4331d4ef26db9591573b40243701d2267179f05ce9f1978598d7,199,15,28,13.27,11.56,4.52,heathcliff (4); edgar (2); earnshaw (1); wuthering (1); cruelty (1); orphan (1); linton (1); ambition (1); hears (1); catherine’s (1); identifies (1); resentment (1); repairing (1); punish (1); humiliation (1),,very-low-frequency,needs-editorial-review
s806,8,Famous books,Raskolnikov's Terrible Idea,44a58ac9af81507925352e8fe9b8e2acb21fdbff33f6f065a153eff4f0ca468f,193,15,30,12.87,7.25,2.07,raskolnikov (2); petersburg (1); develops (1); philosophical (1); pawnbroker (1); imagines (1); committing (1); comfortably (1); morality (1); sonia (1); insisting (1); compassion (1); novel’s (1),,,automated-screen-clear
s807,9,Fantasy/stories,The Memory Merchant,89a630ffa19c1962ddd4d15619efe057dafe0c9eb8f6902b44e6d4109a1af67d,259,21,29,12.33,3.47,0.0,inland (1); collectors (1); widower (1); confidently (1); marketed (1); recollection (1); inherit (1); reopened (1); unchanged (1),,,automated-screen-clear
s808,9,Fantasy/stories,The Last Interpreter of Dreams,db44947737854f6c12019b85c959eea057e42ed2dc2e48dabe8b68d3db1d3d29,230,22,24,10.45,10.43,2.61,nara (6); dreamed (2); interpreters (1); rulers (1); interpreter (1); unexpectedly (1); marching (1); vanished (1); banquet (1); prosperity (1); reconstruct (1); obsolete (1); unstable (1); meaningless (1); shapes (1),,,automated-screen-clear
s809,9,Nature and animals,The Ecology of a Vanishing Wetland,93cb4c4dd5ef5609741846f2c0f991b5f2f9fd96661e26c9668102e6994be250,220,20,24,11,16.36,0.0,wetland (4); flooding (3); seasonal (2); nutrients (2); habitat (2); drainage (1); interrupt (1); invasive (1); vegetation (1); wetlands (1); microbes (1); migrating (1); saturated (1); soils (1); decomposition (1),,,automated-screen-clear
s810,9,Nature and animals,The Evolution of Cooperation in Animals,d838c8366ec6f07794317126c3dd19bf754cfa1ea970228ef80546d1fd042de1,209,22,21,9.5,11.96,0.48,evolve (2); meerkats (1); bats (1); kin (1); indirectly (1); ancestry (1); reciprocal (1); cooperate (1); explanations (1); imply (1); calculation (1); tendencies (1); descendants (1); cheaters (1); exploit (1),,,automated-screen-clear
s811,9,World affairs,The Politics of Water Across Borders,3a63c6835a256a67678a44646b0a5f430fdbf07dee7a6d2f3538951dfa5fc1e4,223,19,17,11.74,10.76,0.9,transboundary (1); geography (1); upstream (1); hydroelectric (1); downstream (1); irrigation (1); fisheries (1); compatible (1); rainfall (1); allocate (1); interpreted (1); goodwill (1); drought (1); bargaining (1); disagreement (1),,,automated-screen-clear
s812,9,World affairs,Why International Agreements Need Trust,1c6c4ab4a7c2854787999864d129d431dea2f44768305308b8527aa25ef5cbe9,214,18,22,11.89,6.07,0.0,commitments (2); costly (1); predictable (1); expects (1); violations (1); credibility (1); persuade (1); weaken (1); guarantees (1); asymmetric (1); verification (1); disagreement (1),,,automated-screen-clear
s813,9,Everyday life,The Social Rules of Shared Spaces,68204b0055e76ce149d8596b8d106bc6e80b29ca12c2ba72971913ac46f89a25,211,19,22,11.11,9.48,0.47,governed (1); loudly (1); refrigerator (1); hallways (1); informal (1); assumptions (1); deliberate (1); disrespect (1); balcony (1); intrusion (1); resentment (1); accumulated (1); negotiate (1); accusation (1); cleanliness (1),,,automated-screen-clear
s814,9,Everyday life,Why Modern Convenience Can Create New Stress,16ba1e65427861f330840b513f3f3feb015f0ea18f7ad75b3811da2c3dd10e25,205,15,29,13.67,5.85,0.98,removes (2); reduces (1); notifications (1); expectation (1); postal (1); intolerable (1); constraint (1); harmful (1); expands (1); busier (1); reorganize (1),,,automated-screen-clear
s815,9,History,The Congress of Vienna and the Balance of Power,0344c94489a9a641f98b5a3bff5690b670f1a010ecc4ffe03c35d5af1a160f64,215,16,22,13.44,11.27,2.35,napoleon (1); vienna (1); reconstruct (1); diplomats (1); dominating (1); napoleonic (1); rearranged (1); dynasties (1); strengthened (1); prussia (1); respects (1); prioritized (1); dynastic (1); legitimacy (1); nationalism (1),,,automated-screen-clear
s816,9,History,Decolonization After the Second World War,86dabb15d2188bc2f02f3051d44271877f6ad147c609079f8de8c2c2a6dc7552,207,16,27,12.94,11.11,1.93,empires (2); decolonization (2); colonized (2); resisted (1); weakened (1); economically (1); militarily (1); reconcile (1); transitions (1); negotiation (1); gradual (1); prolonged (1); inherited (1); economies (1); structured (1),,,automated-screen-clear
s817,9,Science,Why Complex Systems Become Unpredictable,879296513f2279af7e64667ebfc8bbd12500ed2c211c994d77010e5473f13a27,216,19,25,11.37,10.65,0.46,forecasts (2); prediction (2); equations (1); atmospheric (1); sensitivity (1); imperfect (1); arises (1); ecosystem (1); predators (1); prey (1); vegetation (1); crosses (1); ecology (1); distinguish (1); nonlinear (1),,,automated-screen-clear
s818,9,Science,How Scientists Estimate the Age of the Universe,e90178b6ca24e9e685abd1f5b7d624d54f09791988d8f7ebfc6ebdf04c3fb255,217,15,23,14.47,6.48,2.31,cosmic (2); galaxies (1); modeled (1); backward (1); hotter (1); denser (1); microwave (1); universe’s (1); sensibly (1); cosmological (1); cosmology (1); tensions (1); refinement (1),,,automated-screen-clear
s819,9,Famous books,Middlemarch: Dorothea's Idealism,0e3b0bef6df7d04956b767e32961df01ed6da566411d2026f798e7de9b2bc8fa,209,16,25,13.06,14.83,5.26,dorothea (5); middlemarch (2); idealism (2); casaubon (2); brooke (1); meaningfully (1); distrusts (1); scholar (1); imagines (1); profound (1); assisting (1); aspiration (1); distort (1); insecure (1); admitting (1),,very-low-frequency,needs-editorial-review
s820,9,Famous books,The Brothers Karamazov: A Family in Conflict,c6497531b7c12a3998bda4ee186aa8059098f78cbd2066e01db915a7c28ab67e,208,18,22,11.56,12.98,3.85,dmitri (2); ivan (2); alyosha (2); karamazov (1); affection (1); resentment (1); fyodor (1); pavlovich (1); irresponsible (1); impulsive (1); skeptical (1); compassion (1); jealousy (1); suspicion (1); thinker (1),,,automated-screen-clear
s821,10,Fantasy/stories,The Republic of Forgotten Things,f9341f6d0badc24e4eecb6f2baec95f7b9bee9beca55159e57e348deaec0751d,273,25,26,10.92,10.26,1.1,archive (3); prisons (1); catalogued (1); obsolete (1); unidentified (1); medals (1); historians (1); nation’s (1); monuments (1); governed (1); debris (1); marriages (1); canceled (1); fashions (1); forgetting (1),,,automated-screen-clear
s822,10,Fantasy/stories,The Astronomer Who Mapped Impossible Stars,ae3940a488aae181684262b43a1e939624350cd51659cd04366381d9723607d7,242,23,25,10.52,14.05,1.24,vale (5); catalogue (3); coordinates (3); detector (2); vale’s (1); telescope (1); systematic (1); disagreed (1); calibrated (1); nonexistent (1); plotted (1); reconstructed (1); recognizable (1); constellations (1); astronomical (1),,,automated-screen-clear
s823,10,Nature and animals,When Ecosystems Cross a Tipping Point,704f7d2c87901005cbef58de6d32e4534b8503610926511cfd75c5770c7bfd49,229,17,18,13.47,17.03,3.06,ecological (2); certainty (2); gradual (1); rainfall (1); declines (1); ecosystems (1); nonlinearly (1); accumulates (1); reorganizes (1); absorb (1); nutrient (1); inputs (1); algal (1); intensify (1); underwater (1),,,automated-screen-clear
s824,10,Nature and animals,What Animal Intelligence Means for Us,ed933eb8b5a30c3241d53f191771af4b27e95faa9157ba0faeb0a96718f3079a,230,17,27,13.53,13.04,0.43,cognition (2); capacities (2); weakened (1); distinctions (1); uniquely (1); primates (1); transmit (1); ecological (1); pressures (1); crow (1); excel (1); spatial (1); problem-solving (1); octopus (1); caution (1),,,automated-screen-clear
s825,10,World affairs,The Limits of Economic Sanctions,c2eeaf49e1dd8fd5edda2f99269cfb205b5a1c53efa56cd0bf37ed16174cd216,215,16,30,13.44,13.49,0.47,sanctions (4); impose (2); restrict (1); government’s (1); calculations (1); sanctioned (1); adapt (1); suppliers (1); substitutes (1); informal (1); deepening (1); uncertain (1); translate (1); suppress (1); persuade (1),,,automated-screen-clear
s826,10,World affairs,How Demographic Change Reshapes Public Policy,9f2dd330c6a41117eb9f1fb9794c12e65d2f94ed22d2103fd23559676b54498b,213,17,23,12.53,10.8,0.47,demographic (3); pressures (2); demography (1); alters (1); retirees (1); modify (1); childcare (1); workforce (1); determines (1); births (1); distribute (1); forecasts (1); volatile (1); dependency (1); avoids (1),,,automated-screen-clear
s827,10,Everyday life,The Architecture of Attention in Daily Life,51e2e31811c6a61115a257f92089811c1a064ae5c29f099268770c9f5941ce96,217,19,22,11.42,7.83,0.0,supermarket (1); badges (1); unfinished (1); divides (1); removes (1); incomplete (1); distraction (1); architectures (1); rewarding (1); redesign (1); notifications (1); recognizing (1); finite (1); fragments (1); healthier (1),,,automated-screen-clear
s828,10,Everyday life,What Ordinary Rituals Do for Identity,e5f05d753f90b13b6576273ad41ead89cbe12b9145e61f5df4cae65d08843b05,213,19,33,11.21,8.45,0.0,rituals (3); repetition (2); symbolic (1); marker (1); continuity (1); reinforced (1); coordinate (1); workplaces (1); friendships (1); obligations (1); rejecting (1); disproportionate (1); performs (1); trivial (1); altering (1),,,automated-screen-clear
s829,10,History,How Industrialization Reorganized Time,7c5459f63f2cc244284d3ed33f6477d801a2259936c267d16594dedc54e7f9fc,206,20,18,10.3,16.5,3.4,railways (2); schedules (2); clocks (2); standardized (2); industrialization (1); daylight (1); seasonal (1); cycles (1); coordination (1); workforces (1); functioned (1); efficiently (1); lateness (1); intensified (1); coordinated (1),,,automated-screen-clear
s830,10,History,Why Empires Collapse in Different Ways,558b3f2655cdede67667f660017904557a454d9f1326d4584dd5eee8c01466e5,225,21,20,10.71,12.0,1.33,empires (2); succession (2); tempting (1); simplicity (1); fragment (1); crises (1); revolts (1); decisive (1); continuity (1); religions (1); elites (1); varies (1); historians (1); distinguish (1); explanations (1),,,automated-screen-clear
s831,10,Science,What Entropy Really Means,afad787e89740d545a005ca776c6abf81d0f0ff755a1ce554dff897b683c1ab2,217,15,22,14.47,17.97,1.38,entropy (7); microscopic (3); macroscopic (2); thermodynamics (2); summarized (1); compatible (1); system’s (1); confined (1); spreads (1); vastly (1); high-entropy (1); overwhelmingly (1); probable (1); refrigerator (1); colder (1),,,automated-screen-clear
s832,10,Science,The Measurement Problem in Quantum Mechanics,1df0cfd5084a911c3d9f7143b35ee22d5f38cd11cf9d5fa19174ab1f76e7e4a7,226,17,22,13.29,13.72,2.65,equations (3); superposition (2); interpretations (2); decoherence (2); predicts (1); conceptual (1); puzzle (1); evolves (1); smoothly (1); definite (1); textbook (1); evolve (1); observers (1); correlated (1); modify (1),,,automated-screen-clear
s833,10,Famous books,Crime and Punishment: Guilt and Moral Freedom,152a47ab902d73ecbd1eb41b3c87748bfed253345998a8981fe20f6f116c219d,220,16,26,13.75,13.64,2.27,raskolnikov (2); morality (1); imagines (1); justifies (1); commits (1); possesses (1); undermines (1); fractured (1); irreversible (1); oscillates (1); disgust (1); confess (1); sonia (1); socially (1); powerless (1),,,automated-screen-clear
s834,10,Famous books,Madame Bovary: Desire and Disillusionment,929d3176e98e4dee6e61e627a025b89f79430474dc22ce22cab0505e0aac7dc2,224,17,23,13.18,12.95,1.79,fantasies (2); fulfillment (2); bovary (1); absorbed (1); grandeur (1); imagines (1); dull (1); interprets (1); vivid (1); familiarity (1); accumulates (1); flaubert’s (1); sharply (1); irony (1); bourgeois (1),,,automated-screen-clear
s835,1,Fantasy/stories,The Blue Door,cb1ca6f95d3f65e1a7be827f3a2492ab9f21c7d1166f5e50fa37b7e24544c95c,69,11,10,6.27,8.7,1.45,nina (2); knocks (1); nina's (1); feather (1); smiles (1),,low-frequency;very-low-frequency,needs-editorial-review
s836,1,Fantasy/stories,A Star in a Cup,22432a6e56809a4e0e22e2bdb44bb4c778654ef36ab3f13fc9b24500a10358f5,71,11,9,6.45,2.82,0.0,shines (1); pours (1),,,automated-screen-clear
s837,1,Fantasy/stories,The Talking Hat,f1132d5bb409df8f304f361ba9a5ec7c1b33d60481704bff587710d1772ae22e,74,12,10,6.17,6.76,0.0,mia (5),,low-frequency,needs-editorial-review
s838,1,Fantasy/stories,Ben and the Cloud,4a4d902e2639a3352f3314b9ebebd48a6320fcba9a023f5a6c0231b88842234b,71,11,10,6.45,1.41,0.0,climbs (1),,,automated-screen-clear
s839,1,Famous books,Heidi Finds a Home,c8803552795d4529a68ab88128b402409601a974aedf7b301535ecab746603ce,64,7,13,9.14,6.25,0.0,heidi (2); goats (1); hay (1),,low-frequency,needs-editorial-review
s840,1,Famous books,The Secret Garden Wakes,a9104f34843504c80acdeaf760449d2fe07d3dd550962ace82d2232b04aa2c0f,60,7,11,8.57,3.33,0.0,brighter (2),,,automated-screen-clear
s841,1,Famous books,Pinocchio Tells the Truth,11aa4907a5f0a80523e036caf11497dae2afdcdda73cd4420fea1f4e23c48c70,66,10,10,6.6,7.58,7.58,pinocchio (3); woodpeckers (1); pecked (1),,low-frequency;very-low-frequency,needs-editorial-review
s842,1,Famous books,Dorothy Follows the Road,023c5a21a18c198ba3ea1b8ad3cb55b634dffbde4c7d299466eb30cbc1d454a7,55,10,7,5.5,7.27,0.0,dorothy (2); toto (1); straw (1),,low-frequency,needs-editorial-review
s843,1,Famous books,Black Beauty Finds Rest,efd15aa0b2218f9c58cdc918238d9592c9a00c781ea5ebd71a1ecabb91ea5153,52,9,8,5.78,0.0,0.0,,,,automated-screen-clear
s844,1,Nature and animals,A Duck in the Rain,b442c2aac88ed956f749e077bcf9e0daf1289ad1aec35b7228e61716aa042f7b,60,11,9,5.45,13.33,0.0,puddle (3); jumps (2); hens (2); shakes (1),,low-frequency,needs-editorial-review
s845,1,Nature and animals,The Fox at Dawn,b2612e15d1ad1486c4a34446e3175838d2cdbdb376800ac9df38527556194458,60,6,16,10,3.33,0.0,drank (1); slipped (1),,,automated-screen-clear
s846,1,Nature and animals,Turtle on the Road,42c8f91734502e2d84217d4912128c1774a29d378b2e81068d6623e33502a69d,64,8,12,8,9.38,0.0,turtle (4); helper (2),,low-frequency,needs-editorial-review
s847,1,Nature and animals,The Bee's Map,a5f01688fd8e25a09c8d29e4200a9bd8aab8c313eccf137f3117cc123c7faf57,55,7,14,7.86,7.27,0.0,bees (2); drank (1); hive (1),,low-frequency,needs-editorial-review
s848,1,World affairs,Two Schools Share a Field,82aabc16e6d61c2f9ff50c5121ea62768d5b9255c4f0084abd1c0221a4316f04,59,7,13,8.43,3.39,0.0,fridays (1); busiest (1),,,automated-screen-clear
s849,1,World affairs,Water for Three Streets,9dcfd699190e6c8b492ee64b8ca62c76e3594d8766dd87af0235ba2b8db7a129,67,7,15,9.57,0.0,0.0,,,,automated-screen-clear
s850,1,World affairs,The New Bus Route,6c7e094e4204960adc6e9273715508f143ea3750cbb6c9e8d7d3e7c5fc5b3854,62,7,12,8.86,1.61,0.0,riders (1),,,automated-screen-clear
s851,1,World affairs,A Market on Both Sides,d9a40d2a75d8ff87019b83e8eb7b12daeab64f46b6a510bbc0de1b18c284d89a,62,7,14,8.86,1.61,0.0,shoppers (1),,,automated-screen-clear
s852,1,Everyday life,The Extra Lunch,2a1b17930855280af976228d882c14cf55dfe0a5863f1e7db0d9a91a4ec343a8,69,11,8,6.27,7.25,4.35,aya (3); smiles (1); apples (1),,low-frequency;very-low-frequency,needs-editorial-review
s853,1,Everyday life,Morning at the Bakery,42839d888e9ec983814f23c1ab6393cc75c8f5efaaae5087237d29bad2f496d7,67,10,9,6.7,5.97,0.0,bakery (1); sato (1); tray (1); buys (1),,low-frequency,needs-editorial-review
s854,1,Everyday life,The Lost Glove,478ce72dd19dcb711db77a4ae40bdc4787d3163db983a43914dbfa4ddb450c76,69,12,8,5.75,7.25,0.0,glove (3); waits (1); smiles (1),,low-frequency,needs-editorial-review
s855,1,Everyday life,A Quiet Birthday,e9a3a0d8134252d98b01aa137f2bd4f93a7f44a7f6376cf17c923346915b15cb,67,11,8,6.09,8.96,0.0,mara (2); candle (2); shines (1); smiles (1),,low-frequency,needs-editorial-review
s856,1,History,A Message on Clay,5ec3ac12c1c8ad3b111ca404c57d0b7889b857be20c6c66b15d11e231fb69c37,57,6,15,9.5,1.75,1.75,mesopotamia (1),,very-low-frequency,needs-editorial-review
s857,1,History,The Road to the Old Market,d05e0b4dc67dd79a54b40bdc836244e10211d5183fb06b6629f9943a47e24770,51,8,9,6.38,1.96,0.0,cart (1),,,automated-screen-clear
s858,1,History,A Sailor Reads the Stars,1b17e14baf0d9a3769d8258559e8110c0e0745fb3eca9e3bb6509e4f9f867a54,51,8,8,6.38,3.92,0.0,sailor (1); sunrise (1),,,automated-screen-clear
s859,1,Science,Why Ice Floats,0945aee8c5e5a3e1e2cb7b76faea98912764a1b63d2a9516357094e683b43bd9,62,7,17,8.86,6.45,0.0,cube (1); floats (1); freezes (1); float (1),,low-frequency,needs-editorial-review
s860,1,Science,The Moving Tree Shadow,1661647df5214dd7b5e62a0169a3f98a47d534546a14b5b50d4269b7b360cfa8,60,7,11,8.57,0.0,0.0,,,,automated-screen-clear
s861,1,Science,Seeds Need Air,64d7a4336eea9effe0951f73aa276a307617d2129c517f122f76ba6157bcb76f,62,7,13,8.86,3.23,0.0,bean (1); warmth (1),,,automated-screen-clear
s862,2,Fantasy/stories,The Moon Boat,54b1884c6147d8c23b82938085baa59670f615c289f1ae8b8f043916b1f846d6,106,11,15,9.64,1.89,0.0,climbed (1); sailed (1),,,automated-screen-clear
s863,2,Fantasy/stories,The Sleepy Dragon,5e644cfc072c36ac8ae81debd4b29d4621b69b2a0f9c9cee529cea4feeae364e,106,12,12,8.83,2.83,0.0,sneeze (1); sleepy (1); drank (1),,,automated-screen-clear
s864,2,Fantasy/stories,The Pocket Forest,5a4ed860c2628d1fcd2dd9d0b6c65102c67c1d4fc41cb6b2100e13eb8796266e,99,11,16,9,0.0,0.0,,,,automated-screen-clear
s865,2,Famous books,Peter Pan's Invitation,16bb7b14a7effc2c8fc23ecfc170fa1f72b91d14e9f42677af932fdafcdc4586,89,9,14,9.89,6.74,2.25,wendy (3); sewed (1); neverland (1); pirates (1),,very-low-frequency,needs-editorial-review
s866,2,Famous books,The Prince and the Pauper Trade Places,b884b323bff5d0a0451f82329a05275944f82dcfcdb9adb78d0f32d7670ae29c,104,11,17,9.45,1.92,0.96,other’s (1); edward’s (1),,,automated-screen-clear
s867,2,Famous books,Anne's First Friend,f79d9248a1a34966aeeb17f1a7654456d11727fc2efacceb4f8656a6881f3b62,85,9,18,9.44,5.88,4.71,gables (2); marilla (1); diana’s (1); smiled (1),,very-low-frequency,needs-editorial-review
s868,2,Famous books,Pollyanna's Window,8e74880f09ecabcd804f19b9f57ab869f032f32ce171ecc3359a7103351d3314,95,11,16,8.64,3.16,3.16,pollyanna (3),,very-low-frequency,needs-editorial-review
s869,2,Nature and animals,Sea Otters at Play,16d828cae2bcc425d19e0a38418cc6b85184920bc1067eda95a21b86bd9402df,78,7,15,11.14,11.54,1.28,otters (3); swam (1); chased (1); otter (1); floated (1); rested (1); kelp (1),,low-frequency;very-low-frequency,needs-editorial-review
s870,2,Nature and animals,Seeds on the Wind,7c496757eb2594e01ade193dfb0f9927dd0ee1f83c967f2eb9727757a23d6cb2,85,10,13,8.5,3.53,1.18,dandelion (1); umbrellas (1); spreads (1),,very-low-frequency,needs-editorial-review
s871,2,Nature and animals,The Patient Heron,e9f209ae842846d0d1fc8d9d261ccb7a7ced6670797ef81186f95dc74d1fa703,75,9,14,8.33,5.33,0.0,heron (3); swam (1),,,automated-screen-clear
s872,2,World affairs,The Library in Two Languages,41053f542cef7b53fa24bd2693630cf360c035afb4e7147dccb964bf61a6ad4b,96,11,15,8.73,4.17,0.0,grandparents (2); librarian (1); borrowing (1),,,automated-screen-clear
s873,2,World affairs,Rice After the Flood,4d37cfc796bcade361641e4dfa05cf4d0ffd11fe5f772295224d00370ad95209,82,10,14,8.2,1.22,0.0,lends (1),,,automated-screen-clear
s874,2,World affairs,The Island's Power Cable,0ba731bc9caee1cc4bd539296cfbc3e18d7dc82e7195c432a50ec44a7611fa29,92,9,15,10.22,2.17,1.09,storms (1); fishers (1),,very-low-frequency,needs-editorial-review
s875,2,World affairs,A Vote from Far Away,361bde6eb950bbf24a166554af4dd1b43027677ec5f34773eb132bd7fd99491b,78,8,13,9.75,7.69,1.28,lina (3); envelopes (1); letter’s (1); ballots (1),,low-frequency;very-low-frequency,needs-editorial-review
s876,2,Everyday life,The Wrong Umbrella,fab0d8dabe2e80f6f6fff80df9fedc385dec42e93c4c02cef269d398aed15b06,90,10,17,9,11.11,1.11,emi (3); umbrella (3); ito (2); emi's (1); hers (1),,low-frequency;very-low-frequency,needs-editorial-review
s877,2,Everyday life,Saturday Repair,359444e730e829c5244c67d4317d773a7fe8f5b936a44f20c4ae9e31e9c6876f,89,10,13,8.9,12.36,2.25,chen (1); sewed (1); omar (1); electrician (1); lamps (1); bicycle (1); mechanic (1); brakes (1); repairer (1); tick (1); grandfather’s (1),,low-frequency;very-low-frequency,needs-editorial-review
s878,2,Everyday life,A Seat Near the Window,36dd30ba813ef88cf9531a7f86443455ea7781368d751498daa1cdad0ca3115a,97,13,11,7.46,6.19,0.0,nora (4); thanked (1); smiled (1),,,automated-screen-clear
s879,2,Everyday life,Dinner Without a Recipe,853254aa084d9f5887637d7a7e7f8126df6a3de54abbfa12f17ea25e84a83b7a,97,9,18,10.78,7.22,0.0,kai (2); carrots (1); onion (1); pumpkin (1); tomatoes (1); tasted (1),,low-frequency,needs-editorial-review
s880,2,History,Bread in a Medieval Town,eff9fa531bf5285dc99a2e2f805393b192bfd65670d471e0f6f38c432b4fecf8,80,9,14,8.89,5.0,2.5,loaves (2); dough (1); bake (1),,very-low-frequency,needs-editorial-review
s881,2,History,The Ink Maker's Work,34fabe743210a6d5d906debd8675280fe02f6e8e3cf2e43dde2bfbcbb44c2b6f,79,7,15,11.29,8.86,5.06,growths (2); galls (2); soak (1); gum (1); darker (1),,low-frequency;very-low-frequency,needs-editorial-review
s882,2,History,A Bell for the Harbor,9242f2d1025ef29df2b120439ca75655567b4ff12c2a5a1f97dc57cf6e55f0dc,94,10,15,9.4,7.45,0.0,fog (3); sailors (2); hangs (1); hears (1),,low-frequency,needs-editorial-review
s883,2,History,The Village Keeps Its Well,ab0e7329c184d7b17dc5216360b9486a1656ad75789aaa2213cfe85aa95f5080,77,9,14,8.56,1.3,0.0,repaired (1),,,automated-screen-clear
s884,2,Science,Soap and Pepper,e01eabe600e2105b9d6f8750e1f2c0eaf27571d40d0e06a1adabba87689aacb2,92,10,14,9.2,3.26,0.0,weaker (1); touches (1); farther (1),,,automated-screen-clear
s885,2,Science,The Slow Banana,dcbd0cc9e9ffe5b5a83af1e2902734c896920d148949efc55ccd6ba47902c961,77,7,17,11,7.79,5.19,ripens (1); starch (1); softer (1); ripening (1); ethylene (1); ripen (1),,low-frequency;very-low-frequency,needs-editorial-review
s886,2,Science,Sound Through a String,653a4ad49996bba10c196af9784cbd5c9aa5fb11e10b7aaa1a48ef874245d3b0,94,9,19,10.44,3.19,1.06,mina (2); jo’s (1),,very-low-frequency,needs-editorial-review
s887,3,Fantasy/stories,The Clock That Paused,6b5a6b3a88bd87846ebbb2ae0e18b5bdd86eb6bf0ceb01324b79d7782ed7b284,119,12,24,9.92,5.04,0.0,rosa (3); pigeons (1); parked (1); boy's (1),,,automated-screen-clear
s888,3,Fantasy/stories,The Bridge of Feathers,eaacc11bab0db2fce276373ddd5d6593d3176e4846d795199e50f532f48f7086,112,12,14,9.33,10.71,0.89,feathers (3); rested (1); mara (1); sorted (1); fishers (1); ropes (1); builders (1); floated (1); feather (1); circled (1),,low-frequency,needs-editorial-review
s889,3,Fantasy/stories,A Map Made of Song,c6e7f20626eb6994f66ecb5db9a019b32b857e4845a75f573fb24a1b2e4f1a33,131,12,16,10.92,3.05,1.53,ivo (2); inherited (1); shepherd (1),,very-low-frequency,needs-editorial-review
s890,3,Fantasy/stories,The Baker of Dreams,b3a25b193d789de8a6ef5a52d9230a5f04f4f5c50fa1989d4c9b4a185d5f2657,123,12,15,10.25,9.76,3.25,leni (4); dough (2); baked (1); spice (1); cleaner (1); stove (1); dreamed (1); digging (1),,low-frequency;very-low-frequency,needs-editorial-review
s891,3,Famous books,The Railway Children Wait,dd21ea7971bc472ce9aee9793fd6a08aeeb875d2d5687355f9e3e91311ee95d6,117,10,17,11.7,5.98,1.71,bobbie (2); phyllis (1); waved (1); cloths (1); waving (1); risked (1),,very-low-frequency,needs-editorial-review
s892,3,Famous books,Alice Questions the Court,3dbe3f9d862ffc40b0a81b986d2d2d0b24c0b64c5ff8293e4304427ac3eeb63c,117,12,23,9.75,3.42,0.0,wonderland (1); shouted (1); taller (1); frightened (1),,,automated-screen-clear
s893,3,Famous books,Mowgli Chooses His Path,6e4201f63c52092ba23c37fb05cf2e6df4bbe1b8602fe38d59668a1d17ac27ed,124,10,24,12.4,3.23,2.42,mowgli (3); feared (1),,very-low-frequency,needs-editorial-review
s894,3,Famous books,The Little Prince and the Rose,ac8e795a7ed61d53e2bd48dd07a74eae1205d66933776635a1ddc6ef2b4256f4,115,11,17,10.45,0.0,0.0,,,,automated-screen-clear
s895,3,Nature and animals,Elephants at the Dry River,bf63dba3bf68460710fcd4975c8634b4d9814e31e505c4fb79efb1542f479395,109,11,15,9.91,8.26,1.83,elephants (2); riverbed (1); restless (1); digging (1); copied (1); drank (1); antelope (1); elephant's (1),,very-low-frequency,needs-editorial-review
s896,3,Nature and animals,The Night Garden,1214b4d4e2b8ef7bd0fbe867e2e6ebd010f710565dfbf0e6eb92d2d126c4ea60,107,9,22,11.89,7.48,0.93,daylight (1); fades (1); moths (1); bats (1); hedgehogs (1); gardeners (1); planting (1); daytime (1),,,automated-screen-clear
s897,3,Nature and animals,Coral's Quiet Partnership,9ffa08b9c011f666bfb8684f7b3bc7cc231c4e5b162fee9412a2e8196d6091e0,116,10,16,11.6,12.07,0.0,coral (5); algae (3); sunlight (1); reefs (1); crabs (1); lasts (1); starve (1); reef (1),,low-frequency,needs-editorial-review
s898,3,Nature and animals,Wolves Change a Valley,165c5623ed5d2493e58550240affe39b74d9780366cbbd801c1fefa52524dbc0,117,11,19,10.64,5.13,0.85,beavers (2); hunted (1); riverbanks (1); dams (1); pools (1),,,automated-screen-clear
s899,3,World affairs,The Shared Mountain,6197afd2f74bc199fdce6bbcb391b334b70246def862293ffb8a8110915af63f,109,10,17,10.9,3.67,0.0,feared (1); guides (1); steep (1); depended (1),,,automated-screen-clear
s900,3,World affairs,Phones for the Public Clinic,c44a98bae0aac6b7d85abcc3df35a80757176ac2c7c487eebb374b2a4d2a1ace,110,10,17,11,0.0,0.0,,,,automated-screen-clear
s901,3,World affairs,A City Welcomes New Neighbors,a92e0d016b30ef83dfdbc2cdbe58b3c7117eb6e3bcba4c0e2ca57657a0ffd115,110,9,23,12.22,5.45,0.91,refugee (1); northbridge (1); interpreters (1); newcomers (1); bicycles (1); another's (1),,,automated-screen-clear
s902,3,World affairs,The Fishing Season Agreement,b642f6c76ba62ef5a50819f8fc526f31d9c76b13948b867dc131f84d10d3eaea,109,9,18,12.11,7.34,1.83,fishers (2); catches (2); depended (1); reproduce (1); patrols (1); doubted (1),,very-low-frequency,needs-editorial-review
s903,3,Everyday life,The Ten-Minute Walk,49e26b8004523990e6cbfcb4b749bafbb100f24d419d3eb5f39fefabd8d2a39d,129,10,20,12.9,4.65,0.0,hana (3); bean (1); cakes (1); rode (1),,,automated-screen-clear
s904,3,Everyday life,Boxes in the Hall,be390cd20b879850167135a0dc7153166fb8aa79035503f95ead09ebc92c4d53,109,11,15,9.91,6.42,1.83,luis (2); notebooks (2); luis's (1); unpacked (1); photographed (1),,very-low-frequency,needs-editorial-review
s905,3,Everyday life,The First Community Class,bdbfaa64dc5313778eab379f9b07252f1f33ec47cacb1315aed91296ce4b5bec,120,10,18,12,8.33,0.0,mei (4); pottery (1); leaned (1); beginner (1); bowls (1); uneven (1); lively (1),,,automated-screen-clear
s906,3,History,News by Coffeehouse,0244ab4c98344b477583a91b5cb362c25c3b4e6e12aaad5c8ef896dd122dfc53,108,9,18,12,6.48,1.85,coffeehouses (2); eighteenth-century (1); sailors (1); traders (1); refreshed (1); crowded (1),,very-low-frequency,needs-editorial-review
s907,3,History,A Petition from the Mill,c11dc9b07b90934cdcc00134ad1c04c079eceb26e119b31360f1d0bf64f1efed,111,9,19,12.33,4.5,0.0,nineteenth-century (1); sunrise (1); dusty (1); aloud (1); shorten (1),,,automated-screen-clear
s908,3,History,The First Public Museum Day,9414c1a716e48c17c4403924f540a681b0e539fe49f47f92a3988a4c0d0222fd,111,8,22,13.88,3.6,0.0,countryside (1); pots (1); collectors (1); crowded (1),,,automated-screen-clear
s909,3,Science,The Moon's Changing Face,c0e093d9761efc98794bcc9690e68a6828c7ea3d467ce1ca1f1487de9775f969,104,9,17,11.56,1.92,0.0,disappears (1); phases (1),,,automated-screen-clear
s910,3,Science,A Magnet Under Paper,361ddd1d62614d3c8a2d88db5251d15ec6410eae6e45db05563bd74573413acd,104,9,17,11.56,7.69,0.0,magnet (5); scatter (1); curved (1); arrows (1),,,automated-screen-clear
s911,3,Science,Cooling by Evaporation,e965de33657715869516c393a31afbdcc03c71d0f148f1514799af5344cb7165,108,10,17,10.8,5.56,0.93,cooler (1); evaporation (1); cools (1); humid (1); room's (1); evaporate (1),,,automated-screen-clear
s912,4,Fantasy/stories,The River Under the Library,c51ff0e54ff37967c8d9c7395f151401992dcf5cbf6f4aaf3609bea2d5c97445,167,14,19,11.93,6.59,1.2,lina (4); librarian (1); bookcase (1); stairway (1); ledge (1); inspected (1); library’s (1); glowing (1),,,automated-screen-clear
s913,4,Fantasy/stories,The Garden Behind Winter,0d06f924a86e11f847f7fac8d2fb174235a6447bea21c29a0d7fb59e10cc8893,156,13,23,12,5.77,0.0,gardener (3); mara (2); bees (1); peaches (1); warmth (1); melted (1),,,automated-screen-clear
s914,4,Fantasy/stories,The Last Giant's Bell,50e7aca7b5799c04a71ea232b5a8d4d173d4eff48be222349e95ac690d5757cc,172,16,18,10.75,7.56,4.07,orun (4); ilya (3); shepherd (1); climbed (1); rang (1); villagers (1); slope (1); afterward (1),,very-low-frequency,needs-editorial-review
s915,4,Famous books,Jane Eyre Keeps Her Voice,fe35f900df5336022f3f70100162f3b481ebe6238e1f35c8c187429549978f73,138,11,18,12.55,8.7,1.45,jane's (2); lowood (1); eyre (1); learns (1); mistaken (1); brocklehurst (1); listens (1); clears (1); afterward (1); protects (1); refusal (1),,,automated-screen-clear
s916,4,Famous books,Pip Reconsiders Great Expectations,0d59edb98065297dd9296aec35bc1c40521b9542e3d536c5875a4ce78ed9cf20,143,9,25,15.89,9.09,2.1,pip (2); pip's (2); forge (1); richer (1); estella (1); spends (1); blacksmith (1); rested (1); forgiveness (1); neglected (1); clearer (1),,very-low-frequency,needs-editorial-review
s917,4,Famous books,Odysseus Hears the Sirens,998b1eb3bbc5db4a015e7f1d65d07a010a4683ba73e25c72f0345732f008bdd8,130,10,19,13,10.0,2.31,odysseus (3); sirens (2); ropes (2); sailors (1); wax (1); ship's (1); mast (1); begs (1); survives (1),,very-low-frequency,needs-editorial-review
s918,4,Famous books,Elizabeth Revises Her Judgment,d4c4930dedda86e6b429c23455627d3caaa1498044b08c70f833c4bbac9857d4,140,11,23,12.73,13.57,3.57,darcy (3); wickham's (2); bennet (1); trusts (1); impressions (1); wickham (1); warmly (1); convincing (1); darcy's (1); compares (1); recognizes (1); dislike (1); strengths (1); learns (1); novel's (1),,low-frequency;very-low-frequency,needs-editorial-review
s919,4,Nature and animals,The Long Flight North,ee5ada3a44794d006e843f16cc1024bd6d83ead86f40f650b0b37803481f9245,127,10,22,12.7,6.3,0.79,shorebird (1); hemisphere (1); kilometers (1); wetlands (1); eats (1); rests (1); wetland (1); drained (1),,,automated-screen-clear
s920,4,Nature and animals,Mangroves Before the Storm,74eb05f70171ff345dd3b743c4168ce40e0ec9bfc773b45292588cc776c542b2,134,10,17,13.4,8.21,2.24,mangroves (2); mangrove (1); salty (1); coasts (1); tangled (1); shrimp (1); storms (1); planting (1); tides (1); rebuilding (1),,very-low-frequency,needs-editorial-review
s921,4,Nature and animals,The Language of Ravens,cf37ec1c8ff8686455fea7bdfcdfba7a5cdab689ee5fe5a51b438c9c15c70b25,133,11,19,12.09,8.27,0.75,ravens (3); knocks (1); warnings (1); beaks (1); hides (1); raven (1); translating (1); caller (1); listener (1),,,automated-screen-clear
s922,4,World affairs,Cooling the Hottest Blocks,874b1fa5f8482be08a98d1ca2c26d88206e73e31b22516f8d3b4528273096f77,125,9,24,13.89,8.8,0.8,roofs (2); hotter (1); absorb (1); sunlight (1); bellford (1); wealthier (1); hottest (1); renters (1); planting (1); shaded (1),,,automated-screen-clear
s923,4,World affairs,A Passport for Skills,049e2769ee7d132ec5993966cab95569dbb7596a3275d9b02163c5951d16a895,126,9,22,14,3.97,0.0,nadia (2); electrician (1); qualifications (1); paperwork (1),,,automated-screen-clear
s924,4,World affairs,The Price of an Open Port,9a4b926a2d6f3e532744b63d5d816c843c9974216b265d13c0871a75b60cbd22,131,9,26,14.56,2.29,0.76,meri (1); imports (1); depended (1),,,automated-screen-clear
s925,4,Everyday life,A Phone-Free Table,33923803b87807397b4166b0ec9a5710de6671d0f2da204ca3477bc84c99317f,157,13,24,12.08,2.55,0.64,okada (1); bowls (1); pauses (1); evenings (1),,,automated-screen-clear
s926,4,Everyday life,The Favor That Became a Routine,424303859a2aa673d68403154f1285271abef803d751670798e219741ff4bf19,139,11,20,12.64,5.04,0.0,daniel’s (1); rubbish (1); bins (1); mornings (1); hurried (1); fridays (1); thanked (1),,,automated-screen-clear
s927,4,Everyday life,The Apartment Garden Committee,cabf8e704a8adee516ab2e34eb8bf7b3cc6e0e69c9377361f1533e0764b584e3,156,13,20,12,6.41,0.0,planters (2); lena (2); maple (1); drainage (1); herbs (1); tomato (1); watering (1); tomatoes (1),,,automated-screen-clear
s928,4,History,Women Carry the Mail,f66a255f827b75dcf5bdcf4191044d43d22976f3e807966a7ce78022c7894371,132,9,23,14.67,5.3,0.0,postal (1); distances (1); sorting (1); vans (1); raids (1); piles (1); wartime (1),,,automated-screen-clear
s929,4,History,The Ledger of a Port City,7b170fb0ebdd9d95aca2ecee2007b152c6383158f708107716752853ce457ddc,120,9,16,13.33,9.17,1.67,ledger (2); merchant's (1); seventeenth-century (1); dull (1); wool (1); margins (1); religions (1); historians (1); owning (1); silences (1),,,automated-screen-clear
s930,4,History,A Constitution Read Aloud,9e51238ce6c0315f91ad86cc9905516ee16a88f4a23ab94f094ea04de513c77a,124,10,17,12.4,3.23,0.0,readings (2); listeners (1); unclear (1),,,automated-screen-clear
s931,4,Science,The Bacteria in Yogurt,28470d711bb71244f8b3bd2ff3c621f661009570b21193999f2e445f5e14085b,112,10,18,11.2,11.61,0.89,yogurt (4); thicker (1); develops (1); yogurt's (1); unwanted (1); microbes (1); slows (1); bacterial (1); spoiled (1); texture (1),,low-frequency,needs-editorial-review
s932,4,Science,Reading Rings in a Tree,55d79874337acd7167a2ef2d5c2064c5922c32a81a6b6dba95a3f582a7add9c1,123,9,20,13.67,5.69,0.0,seasonal (1); bark (1); warmth (1); drought (1); insect (1); misleading (1); overlapping (1),,,automated-screen-clear
s933,4,Science,A Vaccine Trains Memory,a30796920e4503ba5a1ac889483408e27aa16fc182cc137389619f587a0f8196,116,8,26,14.5,4.31,0.0,germ (2); harmless (1); weakened (1); weaker (1),,,automated-screen-clear
s934,4,Science,The Error Bar Matters,548d8b8048b0235998477658d2714013b71712ae2d27772c7d42e1840c54ff24,121,10,15,12.1,2.48,0.0,lowered (1); careless (1); narrower (1),,,automated-screen-clear
s935,9,Fantasy/stories,The City That Borrowed Shadows,7d493f00d676ca4b9b8236211b90ec8bb79c534ecdf22094efd6d9c454167df3,278,24,20,11.58,10.43,3.24,miren (3); orra (2); jars (2); repaired (2); lamplighters (1); shapes (1); orderly (1); tapped (1); daughter's (1); violinist (1); faded (1); melody (1); outline (1); borrowed (1); vault (1),,,automated-screen-clear
s936,9,Fantasy/stories,The Orchard of Possible Lives,6168f416c9769d088f5e2238ee7675f29346dc1cf6386da1c12ac2cfdc45481b,261,20,29,13.05,10.34,2.68,orchard (4); sena (4); voyage (1); seventeen (1); breakfasts (1); borrowed (1); friendships (1); resentment (1); fatigue (1); corrected (1); futures (1); befriended (1); exclusions (1); countless (1); unavailable (1),,,automated-screen-clear
s937,9,Fantasy/stories,The Museum of Lost Hours,0ce9f5ad47a5ab0ea69f562cdb52ca5e1fe4e05c4d4ebb589a35b98f82ed844d,263,20,32,13.15,8.37,1.52,elias (2); portions (1); sleepless (1); donating (1); unfulfilling (1); colleague (1); narrowed (1); revision (1); angles (1); unpaid (1); needless (1); confinement (1); exhibits (1); gentler (1); reconsidering (1),,,automated-screen-clear
s938,9,Fantasy/stories,The Translator of Storms,a9f5e60c5e0abfab36416d48cf87d2d41b860eff2a1bcce4a911565ba7eaf3d5,253,20,25,12.65,10.67,1.98,anika (3); warnings (3); clarity (2); storms (1); talas (1); frightened (1); sailors (1); complained (1); cautious (1); evacuate (1); flooded (1); softly (1); bowls (1); seawater (1); distinguish (1),,,automated-screen-clear
s939,9,Fantasy/stories,The Archive Beneath the Sea,82ec39d786928d5d5d54b7411ca3388d52637bb1b72e0ac7d1c57a139bf70846,268,22,27,12.18,11.57,2.24,pelagos (2); archive (2); divers (2); dev (2); sank (1); waterproof (1); histories (1); displaced (1); archive's (1); seals (1); recovering (1); injustice (1); dissolved (1); archivist (1); aran (1),,,automated-screen-clear
s940,9,Famous books,Victor and the Abandoned Creation,3a2b872671cac028ec1a78e41c2502146426e63f581afc9152fcd0e07e478ca0,267,18,26,14.83,10.07,1.12,ambition (2); frankenstein (1); imagines (1); triumph (1); abandons (1); learns (1); observing (1); companionship (1); rejection (1); isolate (1); capacities (1); pursues (1); obsession (1); slower (1); walton (1),,,automated-screen-clear
s941,9,Famous books,Ahab's Narrow Horizon,b83f0b20bfa7ed8ceb821f197d7d555cd58e2bae2ca9bfdc57b291fa644db8b0,262,19,21,13.79,18.7,5.73,ahab (3); whale (3); ahab's (3); possesses (1); endurance (1); unite (1); strengths (1); moby (1); converts (1); crew's (1); religions (1); motives (1); pequod (1); bends (1); grievance (1),,very-low-frequency,needs-editorial-review
s942,9,Famous books,Hester's Public Meaning,ad0e06dbe9e55f262e71118ce47b09fa5be7ab2cc07fa9ec104769f96911f183,261,18,27,14.5,11.49,2.3,hester (4); exposes (2); hester's (2); scarlet (1); prynne's (1); community's (1); gaze (1); endurance (1); letter's (1); disappears (1); admiration (1); dimmesdale (1); suffers (1); protects (1); uneven (1),,,automated-screen-clear
s943,9,Famous books,Raskolnikov Tests an Idea,cb20381427117afc43cda851f7a278238e51280c6a1854049fa9a5153b29abc1,256,17,27,15.06,10.47,2.71,raskolnikov (2); raskolnikov's (2); confession (2); divides (1); obey (1); footsteps (1); calculation (1); deepens (1); listens (1); sonya (1); troubled (1); contradict (1); investigator (1); porfiry (1); recognizes (1),,,automated-screen-clear
s944,9,Famous books,Ishmael Watches the Pequod,410367bdce57e016c8f54af4b0e155ebcfd1f122ba34c319f18e9bfd665d545a,251,19,23,13.21,19.05,5.16,ishmael (4); ahab (2); voyage (2); ahab's (2); obsession (2); pequod (1); restless (1); observes (1); compares (1); admits (1); openness (1); shapes (1); queequeg (1); prejudice (1); tattooed (1),,very-low-frequency,needs-editorial-review
s945,9,Nature and animals,Fire in the Pine Forest,8b68b9cbeedc0d34b9f4b9b497d38c62a7c90fc1d227d5d5a9219763b4eaddb7,245,15,25,16.33,9.39,0.41,destructive (2); bark (1); protects (1); needles (1); cones (1); melts (1); resin (1); crowded (1); undergrowth (1); nutrients (1); crowns (1); habitats (1); suppressed (1); ecosystems (1); intervals (1),,,automated-screen-clear
s946,9,Nature and animals,The Architecture of a Beaver Wetland,03b9bbe2b461ab44909c674342a4e50264054b20815e7f786318b52059486fff,245,16,24,15.31,12.24,1.22,wetland (3); ponds (2); vegetation (2); beavers (2); beaver (1); extends (1); slowing (1); spreads (1); patchwork (1); habitat (1); refuge (1); currents (1); muddy (1); draining (1); pond (1),,,automated-screen-clear
s947,9,Nature and animals,When Whales Feed the Surface,95e009adbc277dc18f580529f4acab868b262fcbedd97d2b488315f24227c005,239,16,21,14.94,13.81,1.26,whales (4); whale (4); nutrients (3); oceans (2); ecological (1); krill (1); nitrogen (1); phytoplankton (1); microscopic (1); organisms (1); webs (1); absorb (1); dioxide (1); upward (1); downward (1),,,automated-screen-clear
s948,9,Nature and animals,The Hidden Economy of Fungi,08798cf9011757d63ae393f580c9e5035540c17d61d7d8d2b159cc86be3ec88a,235,18,19,13.06,13.62,2.55,fungi (3); fungal (2); forest's (1); threads (1); surround (1); phosphorus (1); nitrogen (1); sugars (1); photosynthesis (1); mycorrhiza (1); cooperative (1); consciously (1); donor (1); receivers (1); metaphor (1),,,automated-screen-clear
s949,9,Nature and animals,A Reef After Bleaching,5169141c0731b0be6b6c3160ee86bea88b21d2035d799ec41bf82928ade4ad6c,237,19,21,12.47,17.3,0.84,coral (4); corals (4); reef (3); bleaching (2); algae (2); uneven (2); disrupts (1); tissues (1); algae's (1); skeleton (1); bleached (1); prolonged (1); starve (1); colonies (1); regain (1),,,automated-screen-clear
s950,9,World affairs,Drought Across a Federal System,53d64d1fb18a9035ec8bf00d62f9aa3d6f913e508eab1b297077e77956e80970,241,16,21,15.06,10.79,1.66,drought (1); respects (1); wetter (1); reservoirs (1); upstream (1); downstream (1); feared (1); weaken (1); forecasts (1); prediction (1); reductions (1); reservoir (1); unplanted (1); ecosystems (1); adaptable (1),,,automated-screen-clear
s951,9,World affairs,When Sanctions Reach the Pharmacy,f4d12a7563d1aa0126a5bcde22275336ddede59485a9da5dc671c40ed0ab31e2,243,17,30,14.29,14.4,0.41,sanctions (3); humanitarian (2); exemption (2); shortages (2); licenses (2); exempt (1); restriction (1); sanctioned (1); imported (1); pharmacy (1); shelves (1); bans (1); reputational (1); contested (1); emphasize (1),,,automated-screen-clear
s952,9,World affairs,The Politics of a Digital Identity,0ac43cb43a1bd227e654ea9b5165c294dd80778a755770c77e952e2399345c34,236,16,25,14.75,9.32,0.0,login (1); concentrates (1); exclude (1); offline (1); accessed (1); oversight (1); hacking (1); temptation (1); complicate (1); secrecy (1); dependence (1); supplier (1); authorization (1); reinforce (1); credentials (1),,,automated-screen-clear
s953,9,World affairs,Small States at the Climate Table,a04de78be8ddff796c5bb2da89789e494645c63940854d653fb9c83c428b9fd8,247,15,26,16.47,9.35,0.0,greenhouse-gas (1); seas (1); storms (1); threaten (1); economies (1); continuity (1); delegations (1); simultaneous (1); coalitions (1); compel (1); urgency (1); negotiable (1); translating (1); negotiate (1); relocation (1),,,automated-screen-clear
s954,9,Everyday life,A Name Corrected Kindly,c93b98f376816741152f3865e3e944e2415cf6cc01cc2bb136b68a5a7aa46a85,218,16,27,13.63,13.7,2.28,hana (5); amir (3); correction (3); amir's (2); pronunciation (2); hanna (1); hesitated (1); interrupt (1); colleague (1); lightly (1); apologized (1); thereafter (1); hana's (1); introductions (1); apologizing (1),,,automated-screen-clear
s955,9,Everyday life,Caring from Another City,bdc881d7819fcdac21a52a1624bc74d20e1554d269a15c6951fc4f2426d898dd,227,18,23,12.61,11.45,0.88,mika (3); mika's (2); coordination (2); kilometers (1); appointments (1); groceries (1); emergencies (1); misunderstood (1); brother's (1); interrupted (1); resentment (1); carers (1); recurring (1); organize (1); efficiently (1),,,automated-screen-clear
s956,9,Everyday life,The Promotion Nobody Discussed,4094a5dc31fa3dbf42316c3d80b0eabf64726e41e9ff41fcd1a09f9f86c168c1,220,16,22,13.75,9.55,0.45,dev (2); specialists (2); ambition (2); cheerful (1); congratulated (1); budgets (1); refusing (1); ungrateful (1); dishonest (1); advancement (1); mentoring (1); descriptions (1); announcing (1); appointments (1); depended (1),,,automated-screen-clear
s957,9,Everyday life,When the Group Chat Never Sleeps,4c96162e5dad318c0c232fda169b4518089da5a0aadc2fe8111fe0de4ffb9e8e,235,19,22,12.37,9.36,0.85,unread (2); sunrise (1); leah (1); muted (1); skipping (1); consumed (1); unfinished (1); emergencies (1); bursts (1); mailed (1); postcard (1); hostility (1); clarified (1); binary (1); friendships (1),,,automated-screen-clear
s958,9,Everyday life,The Inheritance Conversation,e82d18e0a0ded3d0b7a77934c952ba562b2bb5581102744007a28a6cdd66b941,231,18,21,12.83,8.66,0.0,mei (3); sara (2); repaired (1); gatherings (1); mattered (1); possessions (1); photographed (1); handwritten (1); affection (1); clarity (1); settling (1); disputes (1); inheritance (1); distributes (1); meanings (1),,,automated-screen-clear
s959,9,History,The Archive and the Missing Workers,9a894a43dee9e6bb26db661a6f4cb8b21fac1a10b83465e3961b2d486ff3d088,225,18,18,12.5,14.22,2.22,archive (3); amara (3); textile (1); founders (1); totals (1); historian (1); descriptions (1); absent (1); directories (1); fragments (1); uneven (1); migrated (1); resisted (1); gaps (1); absences (1),,,automated-screen-clear
s960,9,History,The Quarantine Island Debate,e8a233f2c33044ed81ae9b4f5c2322200ee708871083f73c504f2e93d150ec8b,230,16,21,14.38,13.48,1.3,quarantine (3); travelers (1); outbreaks (1); offshore (1); inspected (1); concentrated (1); merchants (1); protested (1); delays (1); spoiled (1); migrants (1); poorer (1); confinement (1); assumptions (1); nationality (1),,,automated-screen-clear
s961,9,History,Printing the Reformation,06324323d66e4567b5e13309c01c2e6fa6b6ff301767a69507ba2cb441d7fc96,236,18,23,13.11,9.75,0.0,printers (3); reformation (1); sermon (1); congregation (1); pamphlet (1); disputes (1); presses (1); editions (1); author's (1); deliberate (1); distortions (1); theology (1); aloud (1); incentives (1); sphere (1),,,automated-screen-clear
s962,9,History,The Haitian Revolution in Atlantic History,d08529f8b4d352988575d81a5a188b8c252ccbd0486d4848b7e02b345f04257f,244,16,22,15.25,16.53,4.55,enslaved (4); haiti (3); confront (2); haitian (1); proclaimed (1); saint-domingue (1); france's (1); richest (1); intensified (1); planters (1); uprising (1); toussaint (1); louverture (1); navigated (1); shifting (1),,,automated-screen-clear
s963,9,Science,Mapping an Exoplanet's Air,e931a285487f8d50eb6f913f96c553f3a0d2a707762488921493638e09fdf5f4,233,16,25,14.56,12.02,0.43,gases (2); methane (2); atmospheric (2); astronomers (1); exoplanet (1); starlight (1); telescope (1); molecules (1); absorb (1); wavelengths (1); separating (1); vapor (1); dioxide (1); substances (1); assumptions (1),,,automated-screen-clear
s964,9,Science,The Plastic-Eating Enzyme,e2f00a340a9bf2262c70bcc9df69ee030134b94a6ccd1b17c3850ee20f444d07,237,17,25,13.94,8.79,0.42,enzyme (5); recycling (4); bacterium (1); polymer (1); reused (1); weaken (1); milder (1); dyes (1); plastics (1); sorted (1); tolerate (1); fossil (1); well-sorted (1); enzymatic (1),,,automated-screen-clear
s965,9,Science,A Forest Model Meets a Drought,94e4fc9a13c3310051750f9da8f4df82d54fcb4b59bf118e4f1fd63cbc647f23,221,16,26,13.81,9.5,0.45,drought (3); woodland (1); absorbing (1); rainfall (1); shortage (1); insect (1); accumulated (1); moisture (1); uncertain (1); deep-rooted (1); organism (1); unfolded (1); judged (1); incorrect (1); prediction (1),,,automated-screen-clear
s966,9,Science,The Replication Conversation,578c75290e362d47d5ac208f84b4991919ef6920ec16af84999c12547ff23079,228,15,29,15.2,10.0,0.43,replication (4); accusations (1); careless (1); lacked (1); reproduce (1); theatrical (1); exaggerated (1); differed (1); distinguishing (1); transparency (1); journals (1); exclusion (1); incentives (1); repetitions (1); confirming (1),,,automated-screen-clear
s967,9,Science,Gene Drives and Ecological Consent,d9778eaec9a82760733cd028c2b610976e58d0ad7524a1fda6134960ea1d2cc8,247,17,27,14.53,10.12,0.0,mosquitoes (2); invasive (2); organism (2); disagreement (2); trait (1); inheritance (1); transmit (1); malaria (1); evolve (1); webs (1); ecosystems (1); containment (1); defines (1); neighboring (1); understandable (1),,,automated-screen-clear
s968,10,Fantasy/stories,The House That Edited Its Guests,eb45bd762aa51e3d8fc79030d55eaf3ffb8e50b8adad8a4e544ab1a83426bb3d,323,25,25,12.92,16.36,1.85,nia (4); mara (3); jules (2); melody (2); armitage (1); occupants (1); exquisite (1); restraint (1); staircases (1); inconvenient (1); cello (1); ceased (1); congratulated (1); considerate (1); preceded (1),,,automated-screen-clear
s969,10,Fantasy/stories,A Parliament of Ghosts,23e70cd31f551e20608d4c4216899b65515dd22785313a5986cd9c43f2010bec,305,23,26,13.26,16.34,2.61,sorel (3); inherited (2); vey (1); assembled (1); grievances (1); administrations (1); politely (1); demolished (1); cemeteries (1); resumed (1); receipts (1); nation's (1); heroic (1); displaced (1); debts (1),,,automated-screen-clear
s970,10,Fantasy/stories,The Cartographer's Doubt,353e1974a3ce0b8d11a3bac5b689ed493ca16a3f5d4ba51974aa335e4bbc526c,297,25,19,11.88,15.49,3.7,levan (4); patron (2); levan's (1); admired (1); coastline (1); disputed (1); merchants (1); commissioned (1); marsh (1); footbridges (1); floods (1); reeds (1); incompatible (1); layered (1); darkened (1),,,automated-screen-clear
s971,10,Fantasy/stories,The Library at the End of Probability,3a4f58c9029a3a7fefd007f0eac05509411261fb64d4e93a7c3ddaada88281dc,300,24,28,12.5,14.0,2.67,arun (3); futures (2); vale (2); unrealized (1); flickered (1); collapsed (1); empires (1); heirs (1); consult (1); forbade (1); copying (1); restriction (1); handbook (1); memorized (1); resisted (1),,,automated-screen-clear
s972,10,Famous books,Anna Karenina and the Social Gaze,290d0af2a4543599b70d28cd8e36554c2805475f8c577100379e8326fd84f729,291,18,35,16.17,17.75,3.75,anna's (4); gossip (2); tolstoy (2); karenina (1); spectacle (1); unevenly (1); vronsky (1); threatens (1); aristocratic (1); recognizes (1); infidelity (1); manageable (1); discreet (1); refusal (1); inability (1),,,automated-screen-clear
s973,10,Famous books,Gulliver Among Perfect Planners,a5d607a5ca2f9b6ac3581feec317afce4205556bdea1b02dd62c125cb76fe77b,274,20,24,13.7,21.01,3.99,gulliver (3); satire (2); houyhnhnms (2); triumphs (1); exposes (1); absurdity (1); prolonged (1); distortions (1); laputa (1); intellectuals (1); surroundings (1); ingenious (1); consume (1); swift's (1); detached (1),,,automated-screen-clear
s974,10,Famous books,The Count Builds a Second Life,72c48137146f083b2e848950ebc8614cdaf7fccfb18dfc8d3a3dc9548cf347fd,261,19,29,13.74,12.69,4.48,dant (4); edmond (2); sailor (1); betrayed (1); envy (1); immense (1); cultivated (1); manners (1); distribute (1); monte (1); cristo (1); manipulates (1); arranging (1); impersonal (1); spouses (1),,,automated-screen-clear
s975,10,Famous books,Don Quixote Reads the World,70edcad4cb4e10c7b44f7e46a762dcd207779b95dbbcc25d791f267c3f3909e6,276,19,28,14.53,17.39,4.35,quixote (2); sancho (2); inherited (2); quixote's (2); confuse (1); assigns (1); inns (1); castles (1); windmills (1); disagreements (1); panza (1); master's (1); supposedly (1); manipulate (1); organize (1),,,automated-screen-clear
s976,10,Famous books,Middlemarch and the Web of Consequence,a2e5dff3d31a94488c976af793f11aa11485380abc15d1c73f110c06255a051b,269,21,22,12.81,18.96,7.06,middlemarch (2); alters (2); eliot's (2); structured (1); destinies (1); inheritance (1); dorothea (1); brooke (1); longs (1); casaubon's (1); scholarly (1); tertius (1); lydgate (1); ambition (1); underestimating (1),,very-low-frequency,needs-editorial-review
s977,10,Nature and animals,Urban Leopards at the Boundary,38ac9a5a8bacffd9d44c90c5b5ddd652688136ab3ded29d35324f66a99100c46,271,18,25,15.06,14.02,2.95,coexistence (2); leopard (2); livestock (2); leopards (1); unsettle (1); habitat (1); fragments (1); corridors (1); pigs (1); intensifies (1); sighting (1); crowds (1); frightened (1); unpredictably (1); relocation (1),,,automated-screen-clear
s978,10,Nature and animals,The Salmon's Inherited Compass,40cc4ae9592b9885793211ab7ce80a0be130ee7c0d2e48f376b56396d1c81553,254,17,23,14.94,13.39,2.76,compass (2); hatches (1); migrates (1); inherited (1); earth's (1); geographically (1); cues (1); inheritance (1); shapes (1); sensitivity (1); migratory (1); refines (1); currents (1); neighboring (1); straying (1),,,automated-screen-clear
s979,10,Nature and animals,Grasslands Without a Single Balance,d5c6c525e471753508d60daef77158d6bc7e1b760942678207fa4da03948770a,265,18,24,14.72,15.47,3.02,disturbance (2); rainfall (2); grasslands (1); possessed (1); ceased (1); varies (1); sharply (1); grazing (1); burrowing (1); reshape (1); invasive (1); prolonged (1); drought (1); snapshot (1); excluding (1),,,automated-screen-clear
s980,10,Nature and animals,The Moral Distance of Rewilding,0a72fc29f7087b8ce23f3a79dca8803070998eaa41393347fd552274ffbcb204,265,19,28,13.95,13.58,2.26,ecological (3); rewilding (2); complicates (2); livestock (2); fences (1); absorb (1); farmland (1); habitat (1); erase (1); histories (1); tensions (1); inherently (1); unjust (1); ambition (1); timely (1),,,automated-screen-clear
s981,10,World affairs,A Currency Crisis in Daily Life,25e56d356df097eb724ce9f49d4b461ae4ec263cb44f760fd8f4691ef315d902,263,20,28,13.15,12.17,1.52,accelerate (2); stabilization (2); macroeconomic (1); imported (1); doctor's (1); pharmacy (1); payday (1); buys (1); durable (1); individually (1); anticipation (1); unpleasant (1); deepen (1); recession (1); reassure (1),,,automated-screen-clear
s982,10,World affairs,The Border as an Ecosystem,b1e3e3b4ada5480acec99202d10652a516fca99d8a2adf9ee9e020e3369d897d,250,19,20,13.16,13.89,0.79,ecological (1); fences (1); interrupt (1); accidental (1); refuges (1); displaced (1); informal (1); crossings (1); habitat (1); endanger (1); ecosystems (1); wetland (1); upstream (1); downstream (1); diverted (1),,,automated-screen-clear
s983,10,World affairs,Who Governs the Algorithm,0530d9b0611edd4c7f6344fcd7dd55a645dc7c3acf90d2b695d225d082dae158,273,17,30,16.06,9.89,0.0,allocate (1); applicants (1); harms (1); dispersed (1); relied (1); inspect (1); incentives (1); thresholds (1); prediction (1); injustice (1); triggers (1); oversight (1); automated (1); auditors (1); demonstrations (1),,,automated-screen-clear
s984,10,World affairs,Debt After Disaster,c93c4c057a0affe67fe508acfe06c6bc18755f66a43899b453afc8f30805eb96,263,17,28,15.47,17.11,0.0,reconstruction (3); disasters (2); cyclone (1); destroys (1); collapses (1); borrowing (1); unavoidable (1); debts (1); lenders (1); repay (1); borrowed (1); rebuild (1); clauses (1); suspend (1); eligibility (1),,,automated-screen-clear
s985,10,World affairs,The Diplomacy of Semiconductor Supply,4c2a9fdfc75b463778a36dcce49dbbbfb4036d636783c6437c724335dd87fb1f,259,19,26,13.63,14.29,3.47,concentrated (2); vulnerability (2); resilience (2); semiconductors (1); packaging (1); dominating (1); geopolitical (1); rivalry (1); pandemic (1); shortages (1); subsidize (1); factories (1); restrict (1); self-sufficiency (1); inputs (1),,,automated-screen-clear
s986,10,Everyday life,The Commute That Defined the Job,8cc558e93dcae682e11e70e27145927527655906b7b6343b9b16ac270f6e1850,262,19,21,13.79,9.54,2.29,priya (3); fairness (3); commute (2); ninety (1); manageable (1); reorganized (1); friendships (1); hurried (1); delays (1); exhaustion (1); consumed (1); unpaid (1); grouped (1); burdens (1); accompany (1),,,automated-screen-clear
s987,10,Everyday life,A Friendship After Disagreement,ef0f530feafdc1f85eb78291fcb4df2b10d19bc1af0f92af9f457cd11be595d8,248,19,27,13.05,10.48,1.21,elise (3); disagreement (3); mara (2); exchanged (1); drafted (1); explanations (1); misunderstood (1); curiosity (1); shifted (1); interpretations (1); wording (1); assumptions (1); assigning (1); motives (1); contemptuous (1),,,automated-screen-clear
s988,10,Everyday life,The Family Archive in a Drawer,c440c6c48b16eaa6f9088faa9afd78ab0cf4a9e3f7b330c3cc479a307d56e4bc,248,21,20,11.81,13.01,1.22,naomi (3); drawer (3); archive (3); receipts (2); disagreed (2); inherited (1); unlabeled (1); possessed (1); seaside (1); silently (1); journeys (1); bundle (1); emigrating (1); decisive (1); absent (1),,,automated-screen-clear
s989,10,Everyday life,Rest as a Shared Obligation,7f9831a2e00c3b55554666e92140563ec9782b6919ed11d194496d9a80d7a4e0,267,19,23,14.05,9.74,0.75,exhaustion (2); schedules (2); unnoticed (1); sleeps (1); prepares (1); disconnects (1); monitors (1); absorb (1); reproduce (1); inequalities (1); glorifies (1); harms (1); rotate (1); workplaces (1); predictable (1),,,automated-screen-clear
s990,10,History,Counting a Colonial Population,83b934852d5debcabd5b61788e1c3c51a5904213a3197b8ec2d068eae9a1aced,262,18,28,14.56,11.83,1.15,descriptions (1); governed (1); enumerators (1); instructed (1); identities (1); affiliation (1); translators (1); taxation (1); policing (1); strategically (1); adopting (1); rejecting (1); historians (1); unavailable (1); conceal (1),,,automated-screen-clear
s991,10,History,Railways and Standard Time,4fa38087422351f12a2b3d4d8d354bd360a5050eb5888a4412af62932c8dd1d3,249,19,22,13.11,10.04,0.8,clocks (4); neighboring (1); mattered (1); railways (1); hazards (1); timetable (1); interpret (1); standardization (1); coordination (1); eventual (1); internationally (1); compromises (1); reflections (1); longitude (1); whistles (1),,,automated-screen-clear
s992,10,History,The Grain Tax and Political Legitimacy,17a98cdf1a78b13364bd1154d69d0ebad6926274effaa9905618a2dd3561938b,263,18,25,14.61,14.39,1.89,taxation (3); rulers (2); scarcity (2); armies (1); tolerable (1); harvests (1); ruinous (1); drought (1); inaccurately (1); favored (1); shifted (1); shortages (1); judged (1); petitions (1); riots (1),,,automated-screen-clear
s993,10,History,Memory After Civil War,914a4776008e818e71e7280b34a259294a3190149d21f44569cf9be213d0b1d1,263,18,27,14.61,11.79,0.76,memorials (2); incompatible (1); accountability (1); mourning (1); inhabit (1); benefited (1); conversely (1); centered (1); heroic (1); loyalties (1); commissions (1); curricula (1); rituals (1); fraction (1); tensions (1),,,automated-screen-clear
s994,10,History,The Non-Aligned Choice,ea6fb0b376531c29fc7a4c9036ee46bb504641c632d4590443e752c00c6292e2,260,16,24,16.25,15.83,2.32,non-alignment (2); blocs (2); non-aligned (2); autonomy (2); neutrality (1); preserving (1); amid (1); rivalry (1); differed (1); sharply (1); dependency (1); domination (1); hollowed (1); bandung (1); forums (1),,,automated-screen-clear
s995,10,History,The History Hidden in Household Accounts,4a9ae685b988b86f6df037b5121c56466964019995e378ee46145eb2694e76b5,263,19,24,13.84,6.42,0.0,debts (1); overlook (1); informal (1); childcare (1); marginal (1); restraint (1); omit (1); unpaid (1); advertisements (1); dependence (1); negotiated (1); neat (1); borrowing (1); handwriting (1); transformations (1),,,automated-screen-clear
s996,10,Science,Quantum Sensors Outside the Laboratory,e67145fcc47238427c4cadaedb55597cce139daaaafe419bc70138411b5b8842,273,18,28,15.17,10.62,0.73,sensitivity (2); laboratories (2); sensing (2); sensors (1); exploit (1); superposition (1); tunneling (1); atomic (1); acceleration (1); sensor (1); gravitational (1); vibration (1); electromagnetic (1); reliably (1); specialists (1),,,automated-screen-clear
s997,10,Science,The Causal Puzzle of Nutrition,f164ec3727971765ff1776a56f6067f4ba61ef8f34e2a52fce482917a4697e87,266,18,34,14.78,13.16,0.0,causal (3); budgets (1); routines (1); comparisons (1); observational (1); incomes (1); adjustment (1); accurately (1); randomized (1); inference (1); assigning (1); interventions (1); adherence (1); supplements (1); diets (1),,,automated-screen-clear
s998,10,Science,Artificial Intelligence Finds a Protein Shape,8d830965c494284a506c236358cce10959bb6f27e9588c520db2a6ef39ff374c,251,19,20,13.21,13.94,2.39,databases (3); protein's (2); acceleration (2); predicting (1); amino-acid (1); biologists (1); configurations (1); adopts (1); experimentally (1); distances (1); orientations (1); accelerated (1); enzymes (1); prediction (1); obsolete (1),,,automated-screen-clear
s999,10,Science,The Dark Matter Inference,bfdd84fa50ef3575a2b2b6ab9bf16410b50cd36c42be03a745eb917e26468077,253,18,23,14.06,13.83,0.4,galaxies (3); gravitational (2); particle (2); photographed (1); inferred (1); clusters (1); revealing (1); luminous (1); cosmic (1); microwave (1); non-luminous (1); physicists (1); behaves (1); galactic (1); scales (1),,,automated-screen-clear
s1000,10,Science,Editing Embryos and Future Persons,267d5d6584484364c7a347b2e585491036dbab78500c6a0a8ee28f589c3dc55a,321,19,28,16.89,12.77,1.25,embryo (3); heritable (2); deliberation (2); profound (1); inherited (1); emerge (1); unintended (1); embryos (1); mosaics (1); undergoing (1); in-vitro (1); fertilization (1); unaffected (1); medically (1); urgency (1),,,automated-screen-clear
s1001,1,Mystery and adventure,The Quiet Brass Key,029d25bcee4163abc05ac43af56b7b52b503f2ffb633b2b78dd34c7404616645,76,12,10,6.33,6.58,0.0,dina (3); lifts (1); smiles (1),,low-frequency,needs-editorial-review
s1002,1,Mystery and adventure,The Quiet School Bell,6c6360930f2e17322a7be8e6cc4b9bc8b38372d1c740a5465404cde9c0c83456,73,12,11,6.08,8.22,0.0,ravi (3); hangs (1); touches (1); smiles (1),,low-frequency,needs-editorial-review
s1003,1,Mystery and adventure,The Quiet Red Violin,128fed16f6ca8c7f87b929ab77548099978c45467f93e83cdac6800b75b79440,71,13,7,5.46,2.82,0.0,violin (2),,,automated-screen-clear
s1004,1,Mystery and adventure,The Quiet Recipe Book,65481fa1f9bbf56d9e4ba480e5a2f58fb99e62dfd9607aad8895192b719935f4,70,12,12,5.83,5.71,0.0,iris (3); smiles (1),,low-frequency,needs-editorial-review
s1005,1,Mystery and adventure,The Quiet Silver Ticket,64516d7a758bb125466b0382d6a0818a096d6f616cb86a1b106aaacc23acb7f4,73,11,10,6.64,2.74,0.0,lifts (1); smiles (1),,,automated-screen-clear
s1006,1,Mystery and adventure,The Quiet Garden Map,a9eea5760dba5acd538473aae15618ab07cc64594cd4c59f5723b7a8c395f371,53,8,8,6.63,5.66,0.0,hana (2); gardener (1),,low-frequency,needs-editorial-review
s1007,1,Mystery and adventure,The Quiet Museum Coin,4d88b488f789c8336da907cb49d4c4bc7800fcee10519e29aa432275e4d13d4f,69,11,9,6.27,8.7,0.0,vera (4); sunlight (1); smiles (1),,low-frequency,needs-editorial-review
s1008,1,Mystery and adventure,The Quiet Blue Lantern,2a421dd4459ee8ba496bf3ce54136adc1783b2a8cbe2f32072d7e77207e3c05c,77,11,12,7,7.79,0.0,theo (3); lantern (3),,low-frequency,needs-editorial-review
s1009,1,Mystery and adventure,The Quiet Harbor Flag,c9867ad67152d0bc8a960f729ef7b72697a439f3bf41b6b0f02f923a740e19d7,73,11,11,6.64,8.22,0.0,kite (3); ari (2); hangs (1),,low-frequency,needs-editorial-review
s1010,1,Mystery and adventure,The Quiet Library Card,f619acb16d53deff68f3d07d3872a5c2460527f610b5d5f9d44b83aa7c44ded6,74,12,10,6.17,2.7,0.0,nia (2),,,automated-screen-clear
s1011,1,Mystery and adventure,The Quiet Glass Button,9aa3cf0956aa32ec727900b2904e8d76f47d3b7e0bef26f6bf051ccdf2369ea5,75,12,10,6.25,8.0,0.0,lina (3); hangs (1); buttons (1); smiles (1),,low-frequency,needs-editorial-review
s1012,1,Mystery and adventure,The Quiet Clock Hand,654ab20c62e536fc439c0d58faec291daaf17cdac244df37f35b19a2abf66815,69,10,10,6.9,4.35,0.0,zane (3),,,automated-screen-clear
s1013,1,Mystery and adventure,The Quiet Painted Shell,65751b0e4972c6b3a86ef94daf9dbc4e4c6bd6d6080aabc6b24beccd9433fe64,79,11,14,7.18,5.06,3.8,xena (3); smiles (1),,low-frequency;very-low-frequency,needs-editorial-review
s1014,1,Mystery and adventure,The Quiet Paper Crown,177f0bcd0f9c8ee74bfa77250e7a9e4973883c240a0145a8594bffc965f38157,71,11,10,6.45,5.63,0.0,eli (3); closes (1),,low-frequency,needs-editorial-review
s1015,1,Mystery and adventure,The Quiet Green Bicycle,871ec419c347d09b7271479dadc3f84c11e0d5200081e857b12d7487f31e5d22,78,13,10,6,12.82,0.0,sara (4); bicycle (3); glove (2); nods (1),,low-frequency,needs-editorial-review
s1016,1,Mystery and adventure,The Quiet Stone Bird,47c6f4922489da7c798caac43b9b34e3a252e9452daa40d463ddb5e95ba4b726,55,8,10,6.88,9.09,0.0,pia (3); gardener (1); bird's (1),,low-frequency,needs-editorial-review
s1017,1,Mystery and adventure,The Quiet Sealed Letter,1393e724bd135f698be59d1136a6d93532d38dad126497053e9d059f5c5ae182,78,11,11,7.09,5.13,0.0,envelope (1); remembers (1); smiles (1); inviting (1),,low-frequency,needs-editorial-review
s1018,1,Mystery and adventure,The Quiet Gold Spoon,59346784e628f5267bbaa7b42535094711923eafd1e67383da1d441d323a3399,75,11,10,6.82,12.0,0.0,spoon (4); noah (3); shiny (1); lifts (1),,low-frequency,needs-editorial-review
s1019,1,Mystery and adventure,The Quiet Empty Frame,5a4cdf27efc42c8a2dd08a76dcd2a32c717af822b56b840b1ef8cd3513a7cf96,73,10,9,7.3,4.11,0.0,ivan (3),,,automated-screen-clear
s1020,1,Mystery and adventure,The Quiet Roof Footprint,6ce7194508b8e95512f2c30177867d669232c8c21ceaf65c753eb35d05f625ae,73,10,9,7.3,4.11,0.0,muddy (2); footprint (1),,,automated-screen-clear
s1021,2,Mystery and adventure,The Quiet River Notebook,4128cf89ac8eeb25240593cde0ffab4fd0f1633cd843b3999e1bc867cf9d8da8,87,9,13,9.67,8.05,3.45,notebook (3); xena (3); rehearsal (1),,low-frequency;very-low-frequency,needs-editorial-review
s1022,2,Mystery and adventure,The Bakery Whistle,1cebb6af935240c4bdcccd363f206478f2d42d6cbe5c408f30f6c3f3d99ecd8d,88,9,13,9.78,12.5,1.14,whistle (3); bakery (2); eli (2); shutter (2); eli’s (1); windy (1),,low-frequency;very-low-frequency,needs-editorial-review
s1023,2,Mystery and adventure,The Quiet Black Umbrella,bef0d9f87ec330c88c5b9b638ce3cc8a79853675bd66d0f570f2151bcba3ac91,77,9,10,8.56,7.79,0.0,umbrella (4); umbrellas (2),,low-frequency,needs-editorial-review
s1024,2,Mystery and adventure,The Quiet Orchard Box,9c3a6f688e376e26c8dcd67c259b75feafd4ac38d063e91cfc367e0550c88231,87,8,15,10.88,6.9,1.15,pia (3); orchard (1); planting (1); room’s (1),,very-low-frequency,needs-editorial-review
s1025,2,Mystery and adventure,The Mask’s Changing Smile,ebe830a3b9dd1c992aea9a3c736e540bb5b90f05d6fd91a253260cc495d95223,87,9,17,9.67,3.45,0.0,nia (3),,,automated-screen-clear
s1026,2,Mystery and adventure,The Trail Radio,f0f7b3627b3cbbce6efbb3064214ea573f09719ed4de2f28a516e8621079783c,80,8,16,10,5.0,0.0,noah (3); radios (1),,,automated-screen-clear
s1027,2,Mystery and adventure,Words on the Bakery Window,5072c3dc5fbbc59107fcfe3d6e6295ee2c8ca0d5a07bd8b1eb1a3ba5f4debc8a,86,9,14,9.56,11.63,0.0,ivan (3); pane (2); bakery (1); traced (1); breathed (1); wiped (1); fade (1),,low-frequency,needs-editorial-review
s1028,2,Mystery and adventure,The Quiet Farm Gate,a88bf94d59835d2f398c574331991d9d61609edfbe7ade823a1fde945dbb3d23,87,9,20,9.67,10.34,2.3,gus (3); donkey (3); farm’s (2); latch (1),,low-frequency;very-low-frequency,needs-editorial-review
s1029,2,Mystery and adventure,The Music Box’s Extra Note,39e1cf4d78176fb5d7031b4dff2307e0e80cc306d4a75bd38d66b16de8a959dd,86,8,17,10.75,4.65,2.33,uma (2); grandmother’s (1); lid (1),,very-low-frequency,needs-editorial-review
s1030,2,Mystery and adventure,The Moving Lake Light,d5e346d17e2d884967e0de74d16fac3a37b7166073aa53e8012ff84ccde82719,86,10,13,8.6,5.81,1.16,sara (2); dim (1); lamp’s (1); reflecting (1),,very-low-frequency,needs-editorial-review
s1031,2,Mystery and adventure,The Compass That Pointed West,154ced4e4108e323ca65f7738b9f085546de40b4d58cc9c6a2c398b02cfed36a,85,9,17,9.44,17.65,3.53,compass (4); sora (3); magnet (3); needle (2); oddly (1); farther (1); trusting (1),,low-frequency;very-low-frequency,needs-editorial-review
s1032,2,Mystery and adventure,The Hidden Brass Key,7c85a6a7a394924bfe9f275d10fe06eb1a78ad3569ee92345d59b9740ca847b1,97,9,15,10.78,2.06,0.0,afterward (1); costumes (1),,,automated-screen-clear
s1033,2,Mystery and adventure,The Silent School Bell,fe060f50f4a25e4782d875b00c7956cd2e1c8910d4fc9cac71f7985ddcdcdc26,81,8,17,10.13,7.41,0.0,rang (2); hana (1); doorway (1); night’s (1); school’s (1),,low-frequency,needs-editorial-review
s1034,2,Mystery and adventure,The Hidden Red Violin,4679e132b62afdbf8b5514592ac51b5d8a0cb7605ddacaa39ed118224b060161,81,9,18,9,7.41,0.0,vera (2); violin (2); cupboard (2),,low-frequency,needs-editorial-review
s1035,2,Mystery and adventure,The Hidden Recipe Book,ef01a1f75f5479ccc7060a75da626a44b2da749060fb5b40e2bbba756a77ff2a,83,7,16,11.86,4.82,1.2,cupboard (2); handprint (1); cooks (1),,very-low-frequency,needs-editorial-review
s1036,2,Mystery and adventure,The Hidden Silver Ticket,5f344d9cf117ed9f0195ba324cec39cdc1fc07d42acadc618b27c82a58d9d07d,75,8,12,9.38,5.33,0.0,ari (3); folder (1),,,automated-screen-clear
s1037,2,Mystery and adventure,The Hidden Garden Map,ae71d6d2f8a81064e53a2030d4ac426f9e2670d553bf7804ccef812fb322dd44,80,8,17,10,5.0,0.0,gardener (2); nia (1); pond (1),,,automated-screen-clear
s1038,2,Mystery and adventure,The Second Museum Coin,091a47a702fa3acb4ca1e6510b85439f81daccf66fd4d7a5d2bac2b26aa8be49,86,9,18,9.56,6.98,0.0,lina (3); curator (2); faded (1),,,automated-screen-clear
s1039,2,Mystery and adventure,The Blue Lantern at the Lodge,ec65f4ac7fd7dd77c95af6e5b1ddc90fc1a80e0bd595e4d822d37e535cdbf9c3,90,8,16,11.25,11.11,0.0,lantern (3); zane (2); borrowed (2); candle (1); wax (1); thanked (1),,low-frequency,needs-editorial-review
s1040,2,Mystery and adventure,The Flag Above the Harbor,c0e2bff1ce0d5555f14e368d7781c6cf006975f9dac4d25e0c1544e364becd92,93,9,15,10.33,7.53,0.0,gus (2); kite (2); stretching (1); railing (1); walkway (1),,low-frequency,needs-editorial-review
s1041,3,Mystery and adventure,The Hidden Library Card,cd674b9cf17d0a08896abc8932701b6310ea2b7e2baac0361532ae34fa799660,127,11,16,11.55,5.51,2.36,hana (3); bookmarks (3); slipped (1),,very-low-frequency,needs-editorial-review
s1042,3,Mystery and adventure,The Hidden Glass Button,957a170d28e3d5c4a0b5a0585c976bca6470a1495f44684391b83dd5729c61f2,118,11,18,10.73,9.32,0.0,vera (3); gardener (3); greenhouse (2); costumes (1); watering (1); thorn (1),,low-frequency,needs-editorial-review
s1043,3,Mystery and adventure,The Hidden Clock Hand,ed6f374fefd86b9ef18b72435ae8d0e6eb83063a55dc23f9a43c3a4c08af2b07,113,11,15,10.27,7.96,2.65,theo (2); clockmaker (2); rainwater (1); shone (1); clockmaker’s (1); repaired (1); thief (1),,very-low-frequency,needs-editorial-review
s1044,3,Mystery and adventure,The Hidden Painted Shell,3f7354f77b6093ab9fd23b38d569a93015d8aede6a5df99dd4aaca32238841e1,127,11,18,11.55,9.45,0.79,stall (2); ari (2); sellers (1); traced (1); oranges (1); seaside (1); seller’s (1); lining (1); apples (1); stalls (1),,low-frequency,needs-editorial-review
s1045,3,Mystery and adventure,The Hidden Paper Crown,4fe46fe3b6f44a045d7d69f25bbbc8742d674a82b9434256a75c25a4a9d758de,107,10,15,10.7,8.41,0.0,mara (2); scraps (1); snowy (1); rested (1); bent (1); rehearsal (1); straightened (1); prop (1),,,automated-screen-clear
s1046,3,Mystery and adventure,The Hidden Green Bicycle,276cec3d7a01417a21a4ff1c171b4adb9229bb8f1fd98105401fb6182e9edd15,111,9,21,12.33,6.31,0.9,bicycle (3); lina (1); glove (1); lina’s (1); thief (1),,,automated-screen-clear
s1047,3,Mystery and adventure,The Hidden Stone Bird,12b161704722513fb1879b27d086cb86498b3e14a432c059390e1c1eb0dd97a8,113,10,15,11.3,6.19,0.0,zane (2); pivot (2); curved (1); moss (1); chalk (1),,,automated-screen-clear
s1048,3,Mystery and adventure,The Hidden Sealed Letter,ca1e8bab22a7da5166487bb3afc3c9bcd74a5d63d9b879c0b1614fa38a91a8f4,112,9,18,12.44,7.96,1.77,xena (2); bakery (1); wax (1); initials (1); smelled (1); faintly (1); omar (1); slipped (1),,very-low-frequency,needs-editorial-review
s1049,3,Mystery and adventure,The Hidden Gold Spoon,1d98af39162c8f9ab07efb7374bb56c1db69762883d0c26a5630bd6da541313b,110,10,16,11,17.27,0.0,vase (5); eli (3); spoon (2); helper (2); blamed (1); spoons (1); stems (1); slipped (1); rim (1); recreating (1); accusation (1),,low-frequency,needs-editorial-review
s1050,3,Mystery and adventure,The Hidden Empty Frame,19acd02582407169604170a300ec28be3627406e2c3133cb208c6c117a111ddf,110,9,17,12.22,2.73,0.0,chipped (2); sunlight (1),,,automated-screen-clear
s1051,3,Mystery and adventure,The Hidden Roof Footprint,b28978c068c9ca1e6c448e2c2bde6fb00a228a380cd073bcbdf89c4afdcfb2b4,118,10,16,11.8,8.47,0.0,chimney (2); triangle (2); snowy (1); pia (1); zoom (1); climbed (1); pigeon (1); footprint (1),,,automated-screen-clear
s1052,3,Mystery and adventure,The Hidden River Notebook,38b9fc72280cb15190aee6bb1340b7439f36cae177932064097832b2c7a333e6,120,10,17,12,7.5,0.0,milo (3); notebook (3); floated (1); upstream (1); thanked (1),,,automated-screen-clear
s1053,3,Mystery and adventure,The Hidden Market Whistle,5175396e0d59c448e8ef92a4fb9a1f80af2c0865c70949f566f6b96dde4e4eb6,117,10,17,11.7,7.69,0.0,noah (4); whistle-like (1); whistle (1); stall (1); hinge (1); rubbing (1),,,automated-screen-clear
s1054,3,Mystery and adventure,The Hidden Black Umbrella,df41edac19c11286210a88cb9f59939005d894f7fe67f302787050c33668442b,107,9,17,11.89,9.35,0.0,umbrella (3); umbrellas (2); ivan (2); stitch (2); handles (1),,low-frequency,needs-editorial-review
s1055,3,Mystery and adventure,The Hidden Orchard Box,0ba1d59349d29a3a5f41d2e9106dfb6a11031b8e139dc6a8f74ef14825ec2e0e,117,10,15,11.7,3.42,0.0,gus (2); lid (1); packets (1),,,automated-screen-clear
s1056,3,Mystery and adventure,The Hidden Theater Mask,7b20dc9ed1db2440d9ccd81c09df80e8f9a12c86839dfb7589f76206ff8849aa,102,10,16,10.2,4.9,1.96,uma (2); curved (1); lamps (1); cheerful (1),,very-low-frequency,needs-editorial-review
s1057,3,Mystery and adventure,The Hidden Mountain Radio,962705d4758a86a83b6303edcbcdd173d8dc59a8267dc7e3a890e10590e34da0,109,10,18,10.9,5.5,0.0,bea (2); flashed (1); dial (1); hiking (1); flashing (1),,,automated-screen-clear
s1058,3,Mystery and adventure,The Hidden Bakery Window,ad822ecb9f2f2785226acec12d27df17b650b42d27c38d4a4c4a0227cb3ff075,107,9,15,11.89,7.48,2.8,sora (3); bakery (1); ovens (1); mist (1); vanished (1); greeting (1),,very-low-frequency,needs-editorial-review
s1059,3,Mystery and adventure,The Hidden Farm Gate,f1880e6dcd63b17d0dd7650ed792170ab6126d7fd3b78497ed2ed77d92c2cb8f,113,11,19,10.27,8.85,0.88,milo (3); donkey (3); breeze (1); hairs (1); clung (1); latch (1),,,automated-screen-clear
s1060,3,Mystery and adventure,The Hidden Music Box,37974411f55fb28a01d3874f571b9d2aae142649c73f666cb641e1c151c4586a,113,10,18,11.3,5.31,0.88,kai (2); curator (2); cylinder (1); clockmaker (1),,,automated-screen-clear
s1061,4,Mystery and adventure,The Light on Hidden Lake,9da36d22933b520fa2246e3cd2facf82e460a84b4f9970617ca656b629ed84a2,149,13,18,11.46,8.05,0.0,noah (4); pier (2); reeds (2); vanished (1); worker’s (1); stretched (1); ripples (1),,,automated-screen-clear
s1062,4,Mystery and adventure,The Compass Near the Mill,38d0d5dabde5f4a783b9e847b746b451e24ffd8fcd69715b3bcd6bbd8b6dd7b6,153,13,17,11.77,9.8,0.65,needle (5); zane (4); compass (3); paces (1); visitor’s (1); swung (1),,,automated-screen-clear
s1063,4,Mystery and adventure,The Brass Key and Blue Paint,a9436cf9a5a9540aff7611ef31fbccbc00372f591c2246575a75aa6132bdee64,149,12,20,12.42,8.72,0.0,dina (4); tray (2); prop (1); borrowed (1); fetch (1); glove (1); borrowing (1); thief (1); hurried (1),,,automated-screen-clear
s1064,4,Mystery and adventure,The Bell in the Wind,4647c545d5fef01b6c8bc5c31f00b0ccd83c9002994c8c9eea5a46fc56a07dc8,154,13,19,11.85,9.09,0.65,ravi (3); caretaker (3); rang (1); muddy (1); climbed (1); schoolyard (1); brushed (1); gust (1); trim (1); clues (1),,,automated-screen-clear
s1065,4,Mystery and adventure,The Violin in the Dry Room,ccbcde009208c6f6e26d026451cc1fc7139cae512ca8a420e7838ef0930807b5,160,12,23,13.33,3.12,0.0,violin (3); repaired (1); reconstruct (1),,,automated-screen-clear
s1066,4,Mystery and adventure,The Missing Recipe Book,6942c9803a757c658227c9ffd78f36d271cdf1363d976b738d44a8aaf1c4d348,147,12,20,12.25,7.48,1.36,iris (3); stall (2); baker’s (1); handprint (1); spilled (1); assistant’s (1); spills (1); blamed (1),,,automated-screen-clear
s1067,4,Mystery and adventure,The Ticket Beneath the Calendar,bd166a8e753c5f23a8a32a27d8c112d4ea718d71093e38bdb312069cba5d5ab0,148,11,19,13.45,2.7,0.0,shifted (1); boarding (1); afterward (1); thief (1),,,automated-screen-clear
s1068,4,Mystery and adventure,The Stones by the Pond,c190ac2426fa59a322718b19f48ab3be3f1e63e36d4f0528e66118a9365f018d,151,13,19,11.62,5.3,0.0,hana (2); pond (2); borrowed (1); gardener (1); drawer (1); unfinished (1),,,automated-screen-clear
s1069,4,Mystery and adventure,The Coin in the Glass Case,6f8d383e72aaea9b3238edc3d2078dc780cc9a76c141b886c0f87989c11247e4,157,12,21,13.08,6.37,0.0,vera (5); curator (2); sunlight (1); shone (1); brightly (1),,,automated-screen-clear
s1070,4,Mystery and adventure,The Blue Lantern at the Park,b0fb87be301d984666edc83fcb8568845fee90337d4e84dc5546d54f45a0791d,159,12,20,13.25,10.69,1.26,lantern (3); theo (2); boathouse (2); candle (2); wax (2); caretaker (2); riverside (1); searched (1); cat’s (1); softly (1),,,automated-screen-clear
s1071,4,Mystery and adventure,The Harbor Flag and the Kite,fc2381ee6d5426bc9f188bdfb8409d4da8c67017a26a17a6beb5b980d90cdf96,152,13,18,11.69,5.92,0.66,ari (3); kite (2); joked (1); pier (1); watchtower (1); flown (1),,,automated-screen-clear
s1072,4,Mystery and adventure,The Card in the Returned Books,d53936198b1180cdce9f040c99da2ec0bce4955e143f8c4391cddeaee3ae253b,157,14,18,11.21,5.1,0.64,nia (5); library’s (1); borrowed (1); bookmark (1),,,automated-screen-clear
s1073,4,Mystery and adventure,The Button in the Greenhouse,fdd4eb474898f801b75effc4ffd3a568a86c04cae6cddba8c0efcc7c9fddda2e,141,11,22,12.82,8.51,0.71,lina (3); gardener (3); greenhouse (2); watering (1); volunteer’s (1); sleeve (1); relieved (1),,,automated-screen-clear
s1074,4,Mystery and adventure,The Clock Hand on the Ledge,a0fef666ee03a0a12bbe6b5ce740fd3fd28b9b8e38ddc2af05062b8fbbc0d5c3,151,13,20,11.62,7.28,1.99,zane (3); clockmaker (3); inspected (1); resting (1); ledge (1); scraped (1); reopening (1),,,automated-screen-clear
s1075,4,Mystery and adventure,The Painted Shell in the Basket,1f3db40d5e1a53a33105866ca32ef6b38f05bb0d32a1776fa5d0344f9a70c618,156,13,21,12,6.41,3.21,xena (4); stall (3); shells (1); xena’s (1); thanked (1),,very-low-frequency,needs-editorial-review
s1076,4,Mystery and adventure,The Crown in the Tree,bf1edba825bc93d69f8c872a2f6085e2d11422c3e9fe2edf8d5acdd584519514,153,12,18,12.75,8.5,1.31,eli (3); scraps (2); scrap (1); latch (1); groundskeeper (1); lowering (1); bent (1); smoothed (1); prop (1); accuse (1),,,automated-screen-clear
s1077,4,Mystery and adventure,The Bicycle at the Closed Station,577186ef39579e6b2dcd45b4a58dd764170444c47cef324a6d63172a0a02df9f,162,13,23,12.46,8.64,0.0,bicycle (7); sara (3); glove (3); ankle (1),,,automated-screen-clear
s1078,4,Mystery and adventure,The Stone Bird by the River,80dc8753eb09984a91559c9ad7f05bf0d77e847b0295de8f98387a3368bb705b,151,12,18,12.58,6.62,0.66,pia (2); moss (2); riverside (1); tilted (1); widened (1); softened (1); conservator (1); reopened (1),,,automated-screen-clear
s1079,4,Mystery and adventure,The Letter in the Trail Box,be761c3c4685d14185de8fcdf8c509bc7dcd8fe0e567ba9aa8e2ece9c0eef62d,157,12,20,13.08,6.37,0.0,mara (4); town’s (1); resin (1); envelope (1); thanking (1); repairing (1); thanked (1),,,automated-screen-clear
s1080,4,Mystery and adventure,The Spoon in the Flower Vase,a5c44ed32ec7bdf19cfab11397f8de9338eeb36dae83a4d8f3c26587d7505dae,154,14,19,11,15.58,0.0,spoon (5); noah (4); vase (4); tray (2); rim (2); dessert (1); blamed (1); rested (1); slid (1); scraped (1); trays (1); wrongly (1),,low-frequency,needs-editorial-review
s1081,5,Mystery and adventure,The Silver Empty Frame,14c94a42e70e75e976946af9eee447b42a4e53d1f7727d144dbc21acf22e98e3,173,13,23,13.31,8.67,0.0,lina (5); convincing (1); rumor (1); restoring (1); solving (1); puzzle (1); mattered (1); blaming (1); bending (1); sunlight (1); correcting (1),,,automated-screen-clear
s1082,5,Mystery and adventure,The Silver Roof Footprint,63f9e78c8617b13d4b50cdab03c9868f15623bebf0fe99be17779e16a13280ef,175,14,18,12.5,9.14,0.0,footprint (4); chimney (3); climbed (2); pigeon (2); snowy (1); overlooked (1); accounted (1); reconstructed (1); thanked (1),,,automated-screen-clear
s1083,5,Mystery and adventure,The Silver River Notebook,b0269ad6a905fdbcb5042b49cbb552a82f08937dbab2c8c3008599fb817619d0,176,14,22,12.57,13.07,3.41,notebook (4); xena (4); downriver (2); mattered (2); drying (2); student's (2); upstream (2); rumor (1); restoring (1); solving (1); puzzle (1); accusation (1),,low-frequency;very-low-frequency,needs-editorial-review
s1084,5,Mystery and adventure,The Silver Market Whistle,1616d07786678685421646863169b51f04ac4f5a3b131a514e5569e7d63f89f5,170,12,22,14.17,10.59,0.59,whistle (3); eli (3); bent (3); stall (3); bakery (2); motive (1); clues (1); harmless (1); market's (1),,,automated-screen-clear
s1085,5,Mystery and adventure,The Silver Black Umbrella,bd93d39c5adfe04cf12f30f58b1d5ce90b2faf5dcbc7219c70ddf2e80d420bac,177,14,21,12.64,9.04,0.56,umbrella (7); puzzle (2); restoring (1); solving (1); mattered (1); overlooked (1); repaired (1); stitch (1); cal's (1),,,automated-screen-clear
s1086,5,Mystery and adventure,The Silver Orchard Box,d9372613c243fc9f6c35c170a24161bed8bd0665c87c5c2a383670b3a9e3614d,173,12,22,14.42,7.51,0.0,pia (3); lid (3); orchard (2); convincing (1); motive (1); rumor (1); blaming (1); correcting (1),,,automated-screen-clear
s1087,5,Mystery and adventure,The Silver Theater Mask,b4ba3819e147593cd76056d9f3fdc001d0a59098862532a751e8c74fa0a64a9e,184,15,18,12.27,4.35,0.0,nia (5); mattered (1); overlooked (1); accounted (1),,,automated-screen-clear
s1088,5,Mystery and adventure,The Silver Mountain Radio,a0bf3831c0b9f1bc8f3ab0b4a9cd8cefe150c0458b0e894ff2ebb6342ec45bb9,182,13,22,14,6.59,0.0,noah (3); mattered (1); motive (1); rumor (1); restoring (1); solving (1); puzzle (1); hiking (1); beacon (1); accusation (1),,,automated-screen-clear
s1089,5,Mystery and adventure,The Silver Bakery Window,41d23ad8786818def2438d7c83998e123c061356e46f23756a2d69b2065ecc09,178,13,18,13.69,7.3,0.0,bakery (4); ivan (4); faint (2); reconstructed (1); warmed (1); clues (1),,,automated-screen-clear
s1090,5,Mystery and adventure,The Silver Farm Gate,4ae366e1cc187e4443fc58a124fe4dc12a32b7e0e376a162291d75d2a2e193ab,175,12,24,14.58,11.43,0.57,gus (4); latch (4); donkey (3); puzzle (2); hairs (2); motive (1); rumor (1); restoring (1); solving (1); gus's (1),,,automated-screen-clear
s1091,5,Mystery and adventure,The Silver Music Box,348016abb2646f3c83e4f5c5403c972ce156bfdf8c71673b4b79519ccca46b61,176,13,21,13.54,6.25,2.27,uma (4); convincing (1); reconstructed (1); motive (1); blaming (1); copied (1); slowed (1); correcting (1),,,automated-screen-clear
s1092,5,Mystery and adventure,The Silver Lake Light,7992311b6553cfe93c7dca6f3523d82fced9b9d21cb56c61b1471b76fb36441e,174,13,23,13.38,7.47,0.0,sara (5); rumor (1); restoring (1); solving (1); puzzle (1); mattered (1); angles (1); moonlight (1); reflecting (1),,,automated-screen-clear
s1093,5,Mystery and adventure,The Silver Wooden Compass,6030c2a9207d4d0ef7475780b1504027e2e32d657834c168e7bedb82d908bb1d,174,13,21,13.38,8.62,1.15,compass (4); sora (2); needle (2); magnet (2); mattered (1); motive (1); owner's (1); repaired (1); accusation (1),,,automated-screen-clear
s1094,5,Mystery and adventure,The Last Brass Key,7fab6179f41338cb57a175e010c14de88331ae0df76a636c5a95c783886ee7eb,178,13,22,13.69,7.3,0.0,riverside (2); convincing (1); rumor (1); restoring (1); solving (1); puzzle (1); mattered (1); blaming (1); prop (1); borrowed (1); mend (1); correcting (1),,,automated-screen-clear
s1095,5,Mystery and adventure,The Last School Bell,95e20be0860de20465452021ee438ee211fbb732cedaa87e071583094662ae3d,178,14,18,12.71,5.06,0.0,hana (5); rang (1); overlooked (1); accounted (1); reconstructed (1),,,automated-screen-clear
s1096,6,Mystery and adventure,The Last Red Violin,623ec8185b5b7cebbc3e7f9a1e1062ed19cfcc5c2893cbad5ab396e28f88fcdd,200,15,18,13.33,9.5,0.0,yuki (5); violin (5); leaking (2); convincing (1); vanished (1); overlooked (1); accounted (1); reconstructed (1); blaming (1); correcting (1),,,automated-screen-clear
s1097,6,Mystery and adventure,The Last Recipe Book,8a8dc6049e8c0cce2397d802cace20e7a04600bd106ff6c9a98ef8b6e9e823de,209,15,23,13.93,4.78,1.44,handprint (3); spilled (2); baker's (1); reconstructed (1); motive (1); rumor (1); sacks (1),,,automated-screen-clear
s1098,6,Mystery and adventure,The Last Silver Ticket,5d31e488b23d349a3874055ab9977dabb1cb6d4639cf778dc6c522533fe82b7b,204,15,18,13.6,5.88,0.0,dina (4); slipped (2); mattered (1); overlooked (1); accounted (1); reconstructed (1); traveler (1); accusation (1),,,automated-screen-clear
s1099,6,Mystery and adventure,The Last Garden Map,cbee6b0b0c905e1cd0c40df361cb202e42d4392fcdc7e4c5eb55cc6fc48c20f1,208,15,19,13.87,8.17,0.0,ravi (5); pond (3); gardener (2); restoring (1); solving (1); puzzle (1); mattered (1); overlooked (1); clues (1); unfinished (1),,,automated-screen-clear
s1100,6,Mystery and adventure,The Last Museum Coin,f66163f58109099b6cc5e281e0d96ec9128d8b5c4099422152039d2e6345bc8d,212,15,21,14.13,3.77,0.47,sunlight (3); puzzle (1); overlooked (1); accounted (1); reconstructed (1); owen's (1),,,automated-screen-clear
s1101,6,Mystery and adventure,The Last Blue Lantern,8f91f6bf5b93ae88fac1804b5d33c5eca3b0dcc4f7f9e43bb215256932c2be5b,205,16,18,12.81,11.71,0.98,iris (6); lantern (6); wax (4); glowed (2); convincing (1); mattered (1); overlooked (1); accounted (1); blaming (1); correcting (1),,,automated-screen-clear
s1102,6,Mystery and adventure,The Last Harbor Flag,52c475ff9cc85a05747ed2b24cd1cd6927fe175d023e526866fe4484a40ce7b6,196,15,18,13.07,6.63,0.0,emi (5); kite (3); bakery (2); accounted (1); reconstructed (1); climbed (1),,,automated-screen-clear
s1103,6,Mystery and adventure,The Last Library Card,3d28c4dbe2d2137b01fd0fc2d52214b95ff085eb42faad9d3500cfabc740c769,203,15,18,13.53,5.91,0.0,bookmark (4); hana (3); mattered (2); overlooked (1); accounted (1); accusation (1),,,automated-screen-clear
s1104,6,Mystery and adventure,The Last Glass Button,cdb977fd280bdb7b3aff5d9d87d07744f9b5a9a229c2be2e9ec9d98757e0dc18,195,13,24,15,6.67,0.0,vera (4); greenhouse (2); motive (1); rumor (1); restoring (1); solving (1); puzzle (1); watered (1); clues (1),,,automated-screen-clear
s1105,6,Mystery and adventure,The Last Clock Hand,a2c76791b9c59c81dd639cde1ef41172e62e087801645fd1ce6a69117f1bd403,199,15,22,13.27,8.04,1.01,theo (4); searched (2); slid (2); puzzle (1); vanished (1); mattered (1); overlooked (1); accounted (1); reconstructed (1); clockmaker (1); theo's (1),,,automated-screen-clear
s1106,6,Mystery and adventure,The Last Painted Shell,7deeccfef9d6b5f6c76587af6071807bea6eb8a6097a1dcc533cfde3fb7ea021,199,15,22,13.27,9.55,0.5,ari (6); stalls (2); traced (2); convincing (1); rumor (1); restoring (1); solving (1); puzzle (1); mattered (1); blaming (1); seller's (1); correcting (1),,,automated-screen-clear
s1107,6,Mystery and adventure,The Last Paper Crown,c522e51bd4a033932bcdb814f327ea5ffa40b138bdff8eafcc8bbfada32c57f4,204,16,18,12.75,8.33,0.0,mara (6); snowy (3); latch (3); scraps (2); overlooked (1); accounted (1); reconstructed (1),,,automated-screen-clear
s1108,6,Mystery and adventure,The Last Green Bicycle,29a8709fd74f21267eea9b722e7947f16c8e6a189559f96194afa690d5f0f09f,197,15,23,13.13,11.17,1.02,bicycle (5); lina (4); glove (3); mattered (2); train's (2); rumor (1); restoring (1); solving (1); puzzle (1); overlooked (1); accusation (1),,,automated-screen-clear
s1109,6,Mystery and adventure,The Last Stone Bird,6b4377f5c8d13e3c3397b93ffb176d57cd236444cc9393b43c6a944d8e5b7460,198,13,23,15.23,6.57,0.0,zane (3); moss (3); strengthened (2); harming (2); motive (1); rumor (1); clues (1),,,automated-screen-clear
s1110,6,Mystery and adventure,The Last Sealed Letter,b158d9c76652f003252ab14849e89fb79414bd7e9eab515508f34d91df9dc913,198,15,21,13.2,7.07,3.03,xena (5); puzzle (2); bakery (2); restoring (1); solving (1); mattered (1); overlooked (1); xena's (1),,very-low-frequency,needs-editorial-review
s1111,7,Mystery and adventure,The Last Gold Spoon,7872e52079c3141b0b393b6be4c31575eac4c2eb8370483db85665d97531260c,235,17,18,13.82,11.91,0.0,spoon (8); hana (6); vase (4); recreated (2); restoring (1); solving (1); puzzle (1); mattered (1); overlooked (1); accounted (1); clues (1); wrongly (1),,,automated-screen-clear
s1112,7,Mystery and adventure,The Last Empty Frame,71f8d952ba6ee3a87533758843ca00b707772173bdefef39fe7e75e08865bdab,223,16,21,13.94,6.73,0.45,faye (4); bending (3); sunlight (3); puzzle (1); overlooked (1); accounted (1); reconstructed (1); faye's (1),,,automated-screen-clear
s1113,7,Mystery and adventure,The Last Roof Footprint,343489e793d9988b88f7661ffd1183a46c77b865710fea6f0f6b7cdd83e6f671,223,17,18,13.12,13.45,0.0,theo (6); footprint (6); chimney (4); snowy (2); climbed (2); pigeon (2); convincing (1); mattered (1); overlooked (1); accounted (1); reconstructed (1); blaming (1); thanked (1); correcting (1),,,automated-screen-clear
s1114,7,Mystery and adventure,The Last River Notebook,8d4c4fe1a92d038a03972b5bddea58a9179b5d2956aae5cf9a76916ddc2b8724,226,17,21,13.29,8.85,0.44,ravi (5); notebook (5); bakery (3); downriver (1); accounted (1); reconstructed (1); motive (1); upstream (1); drying (1); student's (1),,,automated-screen-clear
s1115,7,Mystery and adventure,The Last Market Whistle,df3aa02b0c11e805a8e7481385757e798170c16db35821a2cac2caf94e690476,220,17,18,12.94,10.91,0.45,whistle (5); bent (4); stall (4); mara (3); mattered (2); overlooked (1); accounted (1); reconstructed (1); harmless (1); market's (1); accusation (1),,,automated-screen-clear
s1116,7,Mystery and adventure,The Last Black Umbrella,2c6e781c900129e75cb231a3b8349c450da4e37a6b22912994d9fa4a4c920033,225,16,21,14.06,9.78,0.0,umbrella (8); lina (5); motive (1); rumor (1); restoring (1); solving (1); puzzle (1); mattered (1); clues (1); repaired (1); stitch (1),,,automated-screen-clear
s1117,7,Mystery and adventure,The Last Orchard Box,c9554c53518321309b6e5cf88a142e9978e79e4bb47c350854cc9aea147f8737,226,17,22,13.29,7.08,0.44,orchard (4); greenhouse (3); lid (3); puzzle (1); mattered (1); overlooked (1); accounted (1); reconstructed (1); june's (1),,,automated-screen-clear
s1118,7,Mystery and adventure,The Last Theater Mask,28005411dbbf94c68208a88d60dc2506d9b373efb2bbc2c10409ad115d907780,220,16,23,13.75,6.82,2.73,xena (6); convincing (1); rumor (1); restoring (1); solving (1); puzzle (1); mattered (1); overlooked (1); blaming (1); correcting (1),,,automated-screen-clear
s1119,7,Mystery and adventure,The Last Mountain Radio,49dec4b5a35ce0360d79feba78bf78295934374c9e58805c28c6eb55ac6b2a84,232,18,18,12.89,6.47,0.0,vera (6); hiking (3); beacon (3); overlooked (1); accounted (1); reconstructed (1),,,automated-screen-clear
s1120,7,Mystery and adventure,The Last Bakery Window,e8189e1e4a23d9f7502e8bd12409c342fd9cd512cb200ba110dac0069d76deb0,234,17,23,13.76,8.55,0.0,bakery (5); faint (4); mattered (2); warmed (2); rumor (1); restoring (1); solving (1); puzzle (1); overlooked (1); accounted (1); accusation (1),,,automated-screen-clear
s1121,7,Mystery and adventure,The Last Farm Gate,4f8084d21eb0228aadc5a58b6dba3f62cf0789d9913efd3ba3ddca706d49d385,231,15,24,15.4,9.96,0.0,pia (5); latch (5); donkey (4); hairs (3); motive (1); rumor (1); restoring (1); solving (1); puzzle (1); clues (1),,,automated-screen-clear
s1122,7,Mystery and adventure,The Last Music Box,4b44f8e737d7e0eb2a77cb71bbe66854ea6e38f6ac03061391224b38ea59110c,230,17,20,13.53,8.7,0.43,nia (6); puzzle (2); bakery (2); copied (2); slowed (2); restoring (1); solving (1); mattered (1); overlooked (1); accounted (1); nia's (1),,,automated-screen-clear
s1123,7,Mystery and adventure,The Last Lake Light,825f58cc1edbdb63c20164ee036be753d0fc5830c032fc44fa27d0259ddc10f7,227,15,23,15.13,7.93,0.0,noah (5); moonlight (2); reflecting (2); convincing (1); motive (1); rumor (1); restoring (1); solving (1); puzzle (1); blaming (1); angles (1); correcting (1),,,automated-screen-clear
s1124,7,Mystery and adventure,The Last Wooden Compass,9c71fe8f4e5812dce7f20f8adb0d94b5d28c5d703d932707bc10c67237b79d73,226,18,18,12.56,10.62,0.0,compass (7); zane (6); owner's (2); needle (2); magnet (2); mattered (1); overlooked (1); accounted (1); reconstructed (1); repaired (1),,,automated-screen-clear
s1125,7,Mystery and adventure,The Unseen Brass Key,09ab22f41ca7edc9637fed8b16ba22ff74898e325be62cf9cb77caa7c7b66095,231,16,22,14.44,6.93,0.43,dina (4); borrowed (3); mend (3); puzzle (1); overlooked (1); accounted (1); reconstructed (1); prop (1); dina's (1),,,automated-screen-clear
s1126,8,Mystery and adventure,The Unseen School Bell,f7197f2074df4ca21f4b2fffa71157420a1c9ab35571ae10a813889cadfe7be1,249,17,20,14.65,4.02,1.61,uma (4); rang (1); overlooked (1); accounted (1); reconstructed (1); motive (1); clues (1),,,automated-screen-clear
s1127,8,Mystery and adventure,The Unseen Red Violin,9c217bcb591008375dc089959bcc0e7a9aa2ffb970062ae7c5b425ee049e9ca6,241,16,23,15.06,9.54,0.41,violin (7); sara (5); puzzle (2); vanished (2); leaking (2); motive (1); rumor (1); restoring (1); solving (1); sara's (1),,,automated-screen-clear
s1128,8,Mystery and adventure,The Unseen Recipe Book,f60639fbc302317a596cee9f8082b1e7f7bb526958db7911fb5c325ee2a32705,246,17,23,14.47,8.13,3.66,sora (5); handprint (4); spilled (3); convincing (1); baker's (1); accounted (1); reconstructed (1); motive (1); blaming (1); sacks (1); correcting (1),,,automated-screen-clear
s1129,8,Mystery and adventure,The Unseen Silver Ticket,600bdabc733192b6883077bf708ca61f03dedae4a322eda2b77cd47a969b1969,252,17,24,14.82,3.97,0.0,slipped (2); traveler (2); motive (1); rumor (1); restoring (1); solving (1); puzzle (1); mattered (1),,,automated-screen-clear
s1130,8,Mystery and adventure,The Unseen Garden Map,01f57b69d4e43838f575f7612a77a240eb569f000d58f61cbb5adae27a39ddc4,252,17,23,14.82,7.94,0.0,pond (4); bakery (3); kai (3); gardener (2); unfinished (2); mattered (1); accounted (1); reconstructed (1); motive (1); rumor (1); accusation (1),,,automated-screen-clear
s1131,8,Mystery and adventure,The Unseen Museum Coin,d88d9e8f2e421c1dac85c066f9d2faa59deca0c6e898402043a18d2c2eceb348,257,18,18,14.28,5.06,0.0,yuki (5); sunlight (3); mattered (1); overlooked (1); accounted (1); reconstructed (1); clues (1),,,automated-screen-clear
s1132,8,Mystery and adventure,The Unseen Blue Lantern,11531b146639ba57f27ca9c02accb73df7d5172016a4dd16ac6909d307be3b2d,251,17,23,14.76,7.97,0.8,lantern (8); wax (3); puzzle (2); glowed (1); reconstructed (1); motive (1); rumor (1); restoring (1); solving (1); will's (1),,,automated-screen-clear
s1133,8,Mystery and adventure,The Unseen Harbor Flag,aa5db0f2fd025d785cf42a9418d023ec88f904d5f6a96d48b9670874d31a484f,246,18,18,13.67,8.13,0.0,dina (6); greenhouse (3); kite (3); climbed (2); convincing (1); overlooked (1); accounted (1); reconstructed (1); blaming (1); correcting (1),,,automated-screen-clear
s1134,8,Mystery and adventure,The Unseen Library Card,d654330cc0df3ea6418ea071710783af1ceadb3cba3202dcab6adbb501fc57fb,246,17,24,14.47,6.1,0.0,bea (6); bookmark (3); reconstructed (1); motive (1); rumor (1); restoring (1); solving (1); puzzle (1),,,automated-screen-clear
s1135,8,Mystery and adventure,The Unseen Glass Button,04fc8e801d924ebf330f4e342d0942623897c9939f5a4242b98f7984424c5dce,252,18,22,14,3.57,0.0,watered (2); greenhouse (1); mattered (1); overlooked (1); accounted (1); reconstructed (1); motive (1); accusation (1),,,automated-screen-clear
s1136,9,Mystery and adventure,The Unseen Clock Hand,801e5182c8efdb2a1ebfade4aa005ebe89eb43f9da419682f6d2efc4742d4627,273,20,21,13.65,8.42,0.73,pia (7); vanished (2); clockmaker (2); searched (2); slid (2); rumor (1); restoring (1); solving (1); puzzle (1); mattered (1); overlooked (1); accounted (1); reconstructed (1),,,automated-screen-clear
s1137,9,Mystery and adventure,The Unseen Painted Shell,f2574eabbffa24d7f22398895472dbaf6992d20aee69ba8da8f802ece0e704ea,268,19,22,14.11,4.85,0.75,mattered (2); seller's (2); stalls (2); motive (1); rumor (1); restoring (1); solving (1); puzzle (1); traced (1); accusation (1),,,automated-screen-clear
s1138,9,Mystery and adventure,The Unseen Paper Crown,d05ceb4a1139c29db9d08647379c0215ffeaad8d926d1287b32527a40c06679e,270,18,22,15,5.19,0.0,kai (4); latch (4); overlooked (1); accounted (1); reconstructed (1); motive (1); scraps (1); clues (1),,,automated-screen-clear
s1139,9,Mystery and adventure,The Unseen Green Bicycle,8544d0c2713c184a7b2fe4dcb3f96f7b84d4bb1c902f3e897059c8a62aa76956,262,18,23,14.56,9.54,0.76,bicycle (6); ivan (5); glove (5); puzzle (2); motive (1); rumor (1); restoring (1); solving (1); mattered (1); train's (1); ivan's (1),,,automated-screen-clear
s1140,9,Mystery and adventure,The Unseen Stone Bird,a659b667f822409ece691f39c57ac28a5d2f13653ad37da6122ba1e33ea5a163,267,18,23,14.83,5.62,0.0,moss (4); strengthened (2); harming (2); convincing (1); accounted (1); reconstructed (1); motive (1); rumor (1); blaming (1); correcting (1),,,automated-screen-clear
s1141,9,Mystery and adventure,The Unseen Sealed Letter,821c9a41958874f56697c56e23b49d111a7b99cdff0820b05f7c5054ba558acb,269,19,23,14.16,4.83,2.23,uma (6); motive (1); rumor (1); restoring (1); solving (1); puzzle (1); mattered (1); overlooked (1),,,automated-screen-clear
s1142,9,Mystery and adventure,The Unseen Gold Spoon,62e059ecb0434f8e11943022c622e1f6f986c7ac05b92ccf73ef6ca5aca974e1,264,18,23,14.67,10.61,0.0,spoon (8); bea (4); vase (4); wrongly (2); mattered (1); accounted (1); reconstructed (1); motive (1); rumor (1); restoring (1); solving (1); puzzle (1); recreated (1); accusation (1),,,automated-screen-clear
s1143,9,Mystery and adventure,The Unseen Empty Frame,22991045f95ef9dbb447fae4282115ec80fd8be9d659ecb28c63312566e5108c,264,19,18,13.89,4.17,0.0,bending (3); sunlight (3); mattered (1); overlooked (1); accounted (1); reconstructed (1); clues (1),,,automated-screen-clear
s1144,9,Mystery and adventure,The Unseen Roof Footprint,0e7bcc6242d5c097c11b7508c06df17d67c38aac9180c3f2b511d6cff1d13ee2,266,18,23,14.78,12.03,0.38,footprint (7); milo (6); chimney (3); puzzle (2); snowy (2); climbed (2); pigeon (2); thanked (2); reconstructed (1); motive (1); rumor (1); restoring (1); solving (1); milo's (1),,,automated-screen-clear
s1145,9,Mystery and adventure,The Unseen River Notebook,7efb3f6cd8d1bad99d51a301e88c1c9b348887cdf76948379d096885a44325a4,263,19,21,13.84,8.75,0.38,emi (6); notebook (5); upstream (2); convincing (1); downriver (1); overlooked (1); accounted (1); reconstructed (1); motive (1); blaming (1); drying (1); student's (1); correcting (1),,,automated-screen-clear
s1146,10,Mystery and adventure,The Unseen Market Whistle,b428687a2a29e49a68bb43c60cb28544e68091ff1e1e43dcddf445d9c83f2e5c,288,20,22,14.4,13.89,0.69,whistle (7); noah (6); bent (5); stall (5); snowy (3); puzzle (2); harmless (2); market's (2); motive (1); rumor (1); restoring (1); solving (1); mattered (1); overlooked (1); accounted (1),,,automated-screen-clear
s1147,10,Mystery and adventure,The Unseen Black Umbrella,ac1b96c22ed01b7ab09adf638296e2fdd0f4b25fe01d6cc77439bb3ddede5ae1,294,21,21,14,10.88,0.0,umbrella (11); ivan (7); repaired (2); stitch (2); convincing (1); reconstructed (1); motive (1); rumor (1); restoring (1); solving (1); puzzle (1); mattered (1); blaming (1); correcting (1),,,automated-screen-clear
s1148,10,Mystery and adventure,The Unseen Orchard Box,080403b1a01679479e18c2beafaeb2df92904ac2148e6c1cfee9706fccea2ea4,289,21,22,13.76,8.65,0.0,gus (7); orchard (6); lid (4); rumor (1); restoring (1); solving (1); puzzle (1); mattered (1); overlooked (1); accounted (1); reconstructed (1),,,automated-screen-clear
s1149,10,Mystery and adventure,The Unseen Theater Mask,9e1698a57f4048f3c189a597c6dee707105fb5348165ec44188978d973930c5e,302,21,23,14.38,5.96,1.66,uma (5); bakery (4); mattered (2); motive (1); rumor (1); restoring (1); solving (1); puzzle (1); overlooked (1); accusation (1),,,automated-screen-clear
s1150,10,Mystery and adventure,The Unseen Mountain Radio,ddd444523a9f8226af42abbafd112201fd1c8b3470ee0df39de2408197d9c2a2,300,20,22,15,6.67,0.0,bea (5); hiking (3); beacon (3); overlooked (1); accounted (1); reconstructed (1); motive (1); rumor (1); restoring (1); solving (1); puzzle (1); clues (1),,,automated-screen-clear
s1151,10,Mystery and adventure,The Unseen Bakery Window,199d99c0045232761cd48c1e4f007f02ae35beaef381ccc970213d95a4469c9f,296,20,23,14.8,9.8,2.36,bakery (7); sora (6); faint (5); puzzle (2); warmed (2); motive (1); rumor (1); restoring (1); solving (1); mattered (1); overlooked (1); sora's (1),,,automated-screen-clear
s1152,10,Mystery and adventure,The Unseen Farm Gate,19429e21b61d19a3a4f52c7a8b0dc5621567550c0f27ac2d078482238384204f,286,19,24,15.05,10.84,0.0,milo (6); latch (6); donkey (5); hairs (4); convincing (1); accounted (1); reconstructed (1); motive (1); rumor (1); restoring (1); solving (1); puzzle (1); blaming (1); correcting (1),,,automated-screen-clear
s1153,10,Mystery and adventure,The Unseen Music Box,6ef46b59969544d76c608f35f6ee474ffea5bc48ac17eb2cd61ffb232685ee9d,286,20,23,14.3,5.94,0.0,kai (6); copied (2); slowed (2); motive (1); rumor (1); restoring (1); solving (1); puzzle (1); mattered (1); overlooked (1),,,automated-screen-clear
s1154,10,Mystery and adventure,The Unseen Lake Light,3242e77f85ae7b330eaff0e92867e6f774b0d3242603ae3573c3710973fa0ea2,286,19,23,15.05,7.69,0.0,yuki (5); snowy (3); moonlight (2); reflecting (2); mattered (1); accounted (1); reconstructed (1); motive (1); rumor (1); restoring (1); solving (1); puzzle (1); angles (1); accusation (1),,,automated-screen-clear
s1155,10,Mystery and adventure,The Unseen Wooden Compass,0eb49a58d7ad918fb213e42beb205774213252cd9295050867cedf8d08a6d43e,302,21,21,14.38,9.27,0.0,compass (8); faye (5); needle (3); magnet (3); owner's (2); mattered (1); overlooked (1); accounted (1); reconstructed (1); motive (1); clues (1); repaired (1),,,automated-screen-clear
s1156,1,Travel and culture,An Unexpected Day in Kyoto,e6ae3b3141628c866b5ebc69596b42389c8258f243dc121829c153eb6866c642,60,7,11,8.57,6.67,0.0,hana (2); kyoto (1); thanked (1),,low-frequency,needs-editorial-review
s1157,1,Travel and culture,An Unexpected Day in Seoul,eb3e7a09d74175a20ebe8124826bd0ab5fac865dc8483cf2fadd4475de7a278a,51,6,11,8.5,9.8,1.96,noah (2); seoul (1); thanked (1); caf (1),,low-frequency;very-low-frequency,needs-editorial-review
s1158,1,Travel and culture,An Unexpected Day in Taipei,52d3cf7b4e9fe4e75d38edbe02ee511e5f27c3eefdbb6a77aa4506f5b17a141d,53,6,13,8.83,7.55,0.0,kai (2); taipei (1); friend's (1),,low-frequency,needs-editorial-review
s1159,1,Travel and culture,An Unexpected Day in Hanoi,41f1be835551c88065afca9f75a092fda2e4be3949b34608b540ee6285711350,60,7,11,8.57,8.33,0.0,mara (2); hanoi (1); bicycle (1); bookshop (1),,low-frequency,needs-editorial-review
s1160,1,Travel and culture,An Unexpected Day in Chiang Mai,afec5fe71030d217176095d0602f78a8c9c66fc8dfaaafd0f5b8a80ce8ee3731,62,7,12,8.86,11.29,0.0,sara (3); chiang (1); mai (1); brushes (1); bowls (1),,low-frequency,needs-editorial-review
s1161,1,Travel and culture,An Unexpected Day in Singapore,aaf88da44d0178e26783836c5be6ef64d68ff6ed26090581439c6476f295d14f,59,8,9,7.38,5.08,0.0,bea (3),,low-frequency,needs-editorial-review
s1162,1,Travel and culture,An Unexpected Day in Delhi,92679156f1672e19ce861567b017b45fd16b3496c0401cce700f1d2b9c5930b4,58,6,12,9.67,5.17,0.0,vera (2); drank (1),,low-frequency,needs-editorial-review
s1163,1,Travel and culture,An Unexpected Day in Istanbul,7962aa7bdca3c577f0f35a02420abbf4247c62a266fb81806e92f444ff4f78f8,59,8,12,7.38,11.86,0.0,eli (3); fog (2); istanbul (1); bakery (1),,low-frequency,needs-editorial-review
s1164,1,Travel and culture,An Unexpected Day in Athens,a182aa565d8aba1c13d556699921b600ea3986357debc615bfc7943a3e202124,58,8,9,7.25,12.07,1.72,yuki (4); athens (1); pots (1); guidebook (1),,low-frequency;very-low-frequency,needs-editorial-review
s1165,1,Travel and culture,An Unexpected Day in Rome,c895655a00f412810b6dc77559aed28ce205abe17b247288d2e9d685f13f759b,59,6,13,9.83,5.08,0.0,lina (2); bookshop (1),,low-frequency,needs-editorial-review
s1166,1,Travel and culture,An Unexpected Day in Lisbon,a1736272230821e0fc121c0d8a66714f3fefa66556b0bb46f82492524dd83943,60,8,11,7.5,10.0,0.0,noah (3); tram (2); lisbon (1),,low-frequency,needs-editorial-review
s1167,1,Travel and culture,An Unexpected Day in Reykjavik,c8f6bd469b3197c45f672ea43c967986e0363f7bfecf6a7bc5d270364af62562,63,7,13,9,1.59,1.59,reykjavik (1),,very-low-frequency,needs-editorial-review
s1168,1,Travel and culture,An Unexpected Day in Nairobi,908ffcd81ae906e18f83948eeedd7576a09fe70a162a8b3b98e1ec7e1366053f,57,6,14,9.5,7.02,0.0,mara (2); nairobi (1); notebook (1),,low-frequency,needs-editorial-review
s1169,1,Travel and culture,An Unexpected Day in Cape Town,83f3a18e513e591a220bfbd26c785044d0d946ad980393405076cdd5b3d9f430,55,8,10,6.88,5.45,0.0,sara (2); unsafe (1),,low-frequency,needs-editorial-review
s1170,1,Travel and culture,An Unexpected Day in Marrakech,1ec47d177f1a9215c36bd9f1783563f4963570d371d5c1c1244c0c883308dde2,55,8,8,6.88,9.09,1.82,faye (2); marrakech (1); fountain (1); stall (1),,low-frequency;very-low-frequency,needs-editorial-review
s1171,1,Travel and culture,An Unexpected Day in Mexico City,6030604a1cfa1f209cc6ae8c94018b187c5a2be17cae158d4aca2d103ec85208,58,8,10,7.25,3.45,0.0,vera (2),,,automated-screen-clear
s1172,1,Travel and culture,An Unexpected Day in Lima,137fe93fc639382dfb76fe731278312d985ca3b8e28b71ebdbfb0779c0bdf3ba,58,7,11,8.29,8.62,0.0,ivan (3); lima (1); notebook (1),,low-frequency,needs-editorial-review
s1173,1,Travel and culture,An Unexpected Day in Buenos Aires,1f738247ca6c3dc7a2b432709b491e55ec42e080c3473bec3f983da9dd68314e,56,8,9,7,10.71,0.0,yuki (2); buenos (1); aires (1); daylight (1); practiced (1),,low-frequency,needs-editorial-review
s1174,1,Travel and culture,An Unexpected Day in Vancouver,99ddb23cf1f53ade6d6b9d66f2bf22d6d63eade2f22348b8c80bd4b1a6c3ee6a,59,7,14,8.43,11.86,0.0,lina (4); rode (2); thanked (1),,low-frequency,needs-editorial-review
s1175,1,Travel and culture,An Unexpected Day in New Orleans,7cb00186f5914f97217d80556db5d52deb970ce0bc6414056538e1cd134a214d,63,7,12,9,7.94,6.35,sora (4); bookshop (1),,low-frequency;very-low-frequency,needs-editorial-review
s1176,2,Travel and culture,An Unexpected Day in Prague,098792fc07931da7ac5f68a49f2eee75d3077da7b5ec400a05e3632123a08ff8,69,7,12,9.86,1.45,0.0,prague (1),,,automated-screen-clear
s1177,2,Travel and culture,An Unexpected Day in Vienna,ea188269553c7dce3da5d6700d225a91d599a44016d0baa4b5638e5f3ddd84c7,72,6,15,12,5.56,0.0,violin (2); vienna (1); packet (1),,,automated-screen-clear
s1178,2,Travel and culture,An Unexpected Day in Budapest,a06d0a3c417ebb6940474c2d9b2af78feb3c6bdd70c439a2bdbc988db4da36e9,70,6,22,11.67,4.29,0.0,zane (2); budapest (1),,,automated-screen-clear
s1179,2,Travel and culture,An Unexpected Day in Helsinki,7905e497a618671bc38a59b704e85983318ee654f458ddbed84b102db394ec61,67,6,16,11.17,5.97,0.0,milo (2); tram (1); helsinki (1),,,automated-screen-clear
s1180,2,Travel and culture,An Unexpected Day in Tallinn,9c6406611df02944b84aed4085ba3e4467b6e287072b5969e5eceed3e35f23a2,63,6,15,10.5,6.35,1.59,iris (2); tallinn (1); snowy (1),,very-low-frequency,needs-editorial-review
s1181,2,Travel and culture,An Unexpected Day in Dubrovnik,9c336e3ed4f2dca536cc76dbf62ab1d157fecb6443024276f359a2806b24f654,67,6,14,11.17,7.46,1.49,pia (2); dubrovnik (1); rested (1); slower (1),,low-frequency;very-low-frequency,needs-editorial-review
s1182,2,Travel and culture,An Unexpected Day in Ulaanbaatar,e3035b4bbb6d303bdfd2296a7177483233647cc9077aca08db15be5c764810bd,66,7,14,9.43,7.58,1.52,dina (3); ulaanbaatar (1); slowed (1),,low-frequency;very-low-frequency,needs-editorial-review
s1183,2,Travel and culture,An Unexpected Day in Kathmandu,13788023713fc038cd314a879a66703922de06a7c70daabab4bc8814cf098356,64,6,16,10.67,12.5,0.0,theo (3); kathmandu (1); bicycle (1); thanked (1); drying (1); notebook (1),,low-frequency,needs-editorial-review
s1184,2,Travel and culture,An Unexpected Day in Sydney,f055acd1817c9d341ae2e6632061b3b03c0620bbef95f3bfa9b8c0afeecec060,68,7,13,9.71,2.94,0.0,gus (2),,,automated-screen-clear
s1185,2,Travel and culture,An Unexpected Day in Auckland,df0d02754630b4842e59ff8619410304083a15f22dee3fedb5e98ab3827b6fda,71,7,14,10.14,1.41,0.0,auckland (1),,,automated-screen-clear
s1186,2,Travel and culture,An Unexpected Day in Cusco,94e8052e058251511fb1e34f4ba758606ef8499e6f532d20b23a25d43f3b51c0,76,7,15,10.86,3.95,1.32,cusco (1); steep (1); drank (1),,very-low-frequency,needs-editorial-review
s1187,2,Travel and culture,A Rainy Day in Kyoto,16cafaf42dbd25620ff2a276110dee16ba097aa30e8c1bb45ea4078adc968a9f,76,7,17,10.86,3.95,0.0,bookshop (1); kyoto (1); umbrella (1),,,automated-screen-clear
s1188,2,Travel and culture,A Rainy Day in Seoul,1971d667d2f3ea70e7e97e9dd11617875b764dbefb581439a05a23ec50e5039d,78,7,15,11.14,7.69,0.0,faye (3); seoul (1); farther (1); thanked (1),,low-frequency,needs-editorial-review
s1189,2,Travel and culture,A Rainy Day in Taipei,abf64a4d5f88871747709ef498f8e75b6b7ff2952e2a7268fab7f672770e6821,74,7,20,10.57,8.11,0.0,zane (3); taipei (1); notebook (1); folding (1),,low-frequency,needs-editorial-review
s1190,2,Travel and culture,A Rainy Day in Hanoi,54e68695a2c3aa862c4292b5ee446912f55abcfa8fc9be66b5e05e231d9ac5f4,75,7,14,10.71,5.33,0.0,milo (2); hanoi (1); farther (1),,,automated-screen-clear
s1191,2,Travel and culture,A Rainy Day in Chiang Mai,228419b8e5b3b57356097c71bee8393c12be422e1e2c96118f987bb121fac7a8,85,8,18,10.63,9.41,0.0,iris (3); chiang (1); mai (1); slowed (1); incorrectly (1); notebook (1),,low-frequency,needs-editorial-review
s1192,2,Travel and culture,A Rainy Day in Singapore,cfdfeb11d512f7bb5a41ef1108cab57d42208cddee0a4a5d18b2b08288592c1a,81,7,17,11.57,6.17,0.0,pia (3); umbrella (1); rushing (1),,,automated-screen-clear
s1193,2,Travel and culture,A Rainy Day in Delhi,2b645c861337840d6e30f29081f8bb38520bc16411762f688e7b599ee906bcdf,79,7,15,11.29,5.06,2.53,sora (2); blurred (1); towel (1),,very-low-frequency,needs-editorial-review
s1194,2,Travel and culture,A Rainy Day in Istanbul,c694a9e803553045e91b5bd27af60a33cab21c07a2e34dd6ca9fe7bca6b93257,77,7,13,11,9.09,0.0,theo (3); istanbul (1); bakery (1); notebook (1); sketches (1),,low-frequency,needs-editorial-review
s1195,2,Travel and culture,A Rainy Day in Athens,36ac47ccecbc3ad8037c201441809e0d1c895eabb74f1cafff4d94cee7b410e1,76,7,19,10.86,5.26,0.0,gus (3); athens (1),,,automated-screen-clear
s1196,3,Travel and culture,A Rainy Day in Rome,8ff70362085802af89bb62e91b2cf26073f1170474e2cdc25e93ea4e31ba53c5,84,8,14,10.5,4.76,1.19,friend's (1); bookshop (1); awning (1); guessing (1),,,automated-screen-clear
s1197,3,Travel and culture,A Rainy Day in Lisbon,fd78676e25c8527e13ff78caded93fc32087fb4a5c37e70d0dc1dfdc323c65f7,118,11,13,10.73,8.47,0.85,tram (2); ravi (2); ravi's (1); fictional (1); lisbon (1); bakery (1); rooftops (1); inconvenient (1),,,automated-screen-clear
s1198,3,Travel and culture,A Rainy Day in Reykjavik,58e74067330eb2cd7a2f45017a5ee27b0887be8d461e054dbcd6e823031e638f,92,7,19,13.14,5.43,3.26,ari (2); reykjavik (1); guesthouse (1); puddles (1),,very-low-frequency,needs-editorial-review
s1199,3,Travel and culture,A Rainy Day in Nairobi,3cc4d3e5dccc89bdd71a7515414fb4dddd5a9ec7e964b16368bf1ca661e5fc59,97,8,18,12.13,7.22,3.09,uma (3); fictional (1); nairobi (1); farther (1); neighborhoods (1),,very-low-frequency,needs-editorial-review
s1200,3,Travel and culture,A Rainy Day in Cape Town,6f9e2b5a94dcd150e9ef4fc613088ce73462eac202a3005ab9e67cc0ea032919,92,7,21,13.14,3.26,0.0,dina (2); fictional (1),,,automated-screen-clear
s1201,3,Travel and culture,A Rainy Day in Marrakech,e95b7055370f28bd9e07a36041b54389378835e41821d93bceb3e1c1329191eb,98,8,20,12.25,7.14,3.06,xena (2); fictional (1); marrakech (1); lanes (1); tailor (1); tiles (1),,very-low-frequency,needs-editorial-review
s1202,3,Travel and culture,A Rainy Day in Mexico City,c6f0b33ec28e40fe57a6b4354e31341e030d818f48ac955903bf77078fd84119,112,11,17,10.18,7.14,0.0,kai (4); fictional (1); blurred (1); cart (1); thanked (1),,,automated-screen-clear
s1203,3,Travel and culture,A Rainy Day in Lima,9c3d00c7fe7fda49af8b66f6e526bdc761a0277239425ec7308c44f51c8bc800,107,8,21,13.38,7.48,0.0,emi (3); tomatoes (2); fictional (1); lima (1); stall (1),,,automated-screen-clear
s1204,3,Travel and culture,A Rainy Day in Buenos Aires,a570199bd3b7b87a7ac90a3eb6de8cfa799cc691d983b363e264564949043c0f,97,8,18,12.13,10.31,0.0,nia (3); fictional (1); buenos (1); aires (1); courtyard (1); practise (1); eased (1); aloud (1),,low-frequency,needs-editorial-review
s1205,3,Travel and culture,A Rainy Day in Vancouver,812e8ae5505c7ee3cd6e0b23a797ae6c11319d0fcf5bd712813bde1fe411b234,107,8,18,13.38,7.48,0.0,rode (2); bicycle (2); fictional (1); cyclist (1); rushing (1); dock (1),,,automated-screen-clear
s1206,3,Travel and culture,A Rainy Day in New Orleans,8f3428995c265b2351e7df00cc87ea2d7a6bcfd6f00b0238b7b84463be2a3e40,104,8,20,13,5.77,0.0,ravi (4); fictional (1); eased (1),,,automated-screen-clear
s1207,3,Travel and culture,A Rainy Day in Prague,514bacc96831a34c5dadba46facbe2d530d08160463f0de658aeb7eab14e4c80,110,11,15,10,9.09,0.0,eli (3); bells (2); fictional (1); prague (1); quieter (1); thanked (1); upstairs (1),,low-frequency,needs-editorial-review
s1208,3,Travel and culture,A Rainy Day in Vienna,4da72fbf871d54fe58fd3c9ddb04e86438f194b4dbbdf8025750353c8e136fa6,117,10,17,11.7,11.97,3.42,vienna (3); uma (3); violin (2); repaired (1); apprentice (1); workplaces (1); helper (1); sketches (1); uma's (1),,low-frequency;very-low-frequency,needs-editorial-review
s1209,3,Travel and culture,A Rainy Day in Budapest,482e53131be4b3c9e8cf936afa3f09b56a2903fca979a173f979c5072819821c,125,10,19,12.5,13.6,0.8,hana (5); budapest (4); visitor's (1); assumptions (1); walkers (1); riverside (1); workplaces (1); disruption (1); routines (1); sights (1),,low-frequency,needs-editorial-review
s1210,3,Travel and culture,A Rainy Day in Helsinki,c2b751d2c10cbbd38037a53d9cc333df25976f0f8283be0b278f06232fff1a37,128,10,19,12.8,10.94,3.91,xena (4); helsinki (3); disruption (1); routines (1); sights (1); attentive (1); attractions (1); helper (1); xena's (1),,low-frequency;very-low-frequency,needs-editorial-review
s1211,3,Travel and culture,A Rainy Day in Tallinn,439aa6fe517de67b6152bed8e5dc753530de27d69bf0a7e2d113d6392eb40646,119,9,20,13.22,10.08,1.68,kai (4); caretaker (2); tallinn (1); guide's (1); attentive (1); attractions (1); helper (1); courtyard (1),,low-frequency;very-low-frequency,needs-editorial-review
s1212,3,Travel and culture,A Rainy Day in Dubrovnik,35ce25f9e2bb5d314a18fef69ea244a4d6413cf175d320a77184298045dc8c37,112,10,19,11.2,8.04,0.89,mara (3); fictional (1); rainy (1); dubrovnik (1); viewpoint (1); rested (1); umbrellas (1),,,automated-screen-clear
s1213,3,Travel and culture,A Rainy Day in Ulaanbaatar,0ac80f6ea863aff65439e39dc82d90f8f7be2f4e65a86a1bca354d2be0610eb4,113,9,23,12.56,7.96,2.65,nia (3); ulaanbaatar (2); depended (1); helper (1); nia's (1); hospitality (1),,very-low-frequency,needs-editorial-review
s1214,3,Travel and culture,A Rainy Day in Kathmandu,9e174b7a04e01f41cc9f919e942bec723630f2e2f26ed7ddf62dd96ff81b8b25,84,6,26,14,8.33,0.0,bea (2); kathmandu (1); hid (1); bicycle (1); coloring (1); drying (1),,,automated-screen-clear
s1215,3,Travel and culture,A Rainy Day in Sydney,5db7ef0e1a2dc76ae28e8b20528a07a9d601d6f1c148375c75da5c214fe85c0e,118,10,15,11.8,8.47,0.85,ravi (4); sights (1); outsider (1); helper (1); landmarks (1); lookout (1); ravi's (1),,,automated-screen-clear
s1216,4,Travel and culture,A Rainy Day in Auckland,338cd74d06934575faab39014cb064245b46e02f53cdece75ff249bfcfd91136,141,11,19,12.82,13.48,2.13,lina (5); auckland (4); seabirds (2); visitor's (1); assumptions (1); sailing (1); canceled (1); workplaces (1); disruption (1); routines (1); sights (1),,low-frequency;very-low-frequency,needs-editorial-review
s1217,4,Travel and culture,A Rainy Day in Cusco,bd1804ac715d5093e8f4d2b594ca9a026d6ece2fe51eff61b00daad52d20d4e1,145,11,20,13.18,12.41,2.76,noah (4); cusco (4); traveler (1); workplaces (1); disruption (1); routines (1); sights (1); attentive (1); attractions (1); helper (1); slower (1); noah's (1),,low-frequency;very-low-frequency,needs-editorial-review
s1218,4,Travel and culture,A Long Day in Kyoto,5ca033b0287d662289deac60a1653f59742792212490fcb9d5e0ecfa0d1f7cb1,131,10,20,13.1,12.98,2.29,kyoto (3); hana (3); shopkeeper (2); lantern (2); disruption (1); routines (1); sights (1); attentive (1); attractions (1); helper (1); hana's (1),,low-frequency;very-low-frequency,needs-editorial-review
s1219,4,Travel and culture,A Long Day in Seoul,3f875bb822f8e98c86617be0745f7ef6618c222497df8c6fa74e8914dae94826,135,10,20,13.5,10.37,0.74,noah (6); seoul (2); courtyard (2); visitor's (1); assumptions (1); attentive (1); attractions (1),,,automated-screen-clear
s1220,4,Travel and culture,A Long Day in Taipei,04ca814c0357ca4776d47822be8617f941dc830c2d04d180f7fd6274c2214be2,133,11,23,12.09,10.53,1.5,kai (5); taipei (2); kai's (2); slower (2); depended (1); helper (1); shining (1),,,automated-screen-clear
s1221,4,Travel and culture,A Long Day in Hanoi,c9daa72f82ecfe5e027fe517099440d256da6dce89cba1e186d394830100c9b6,143,11,21,13,9.09,1.4,mara (4); hanoi (2); bicycle (1); repairer (1); depended (1); mara's (1); slower (1); sights (1); helper (1),,,automated-screen-clear
s1222,4,Travel and culture,A Long Day in Chiang Mai,96cbeca6e296e8a5fbb3695ba1571aec8a54cfba852713d6545d7f8fbea9b2ff,130,9,20,14.44,10.77,1.54,chiang (3); mai (3); sara's (2); sara (2); memorable (1); incorrect (1); slower (1); sights (1),,,automated-screen-clear
s1223,4,Travel and culture,A Long Day in Singapore,613ae62aef8199f9d2c179b0c76bb9195d9cdd31979a749ddcc7f06df3a9394e,140,11,17,12.73,7.86,0.71,bea (3); explored (2); sights (1); outsider (1); mattered (1); helper (1); shaded (1); bea's (1),,,automated-screen-clear
s1224,4,Travel and culture,A Long Day in Delhi,b142f293d8b783714c6c7ff310d2c255396d5cfa4b2d3f5b7b272d70bc1b8261,132,10,17,13.2,8.33,0.76,vera (5); stall (2); visitor's (1); assumptions (1); outsider (1); mattered (1),,,automated-screen-clear
s1225,4,Travel and culture,A Long Day in Istanbul,45f8da3faa7ed299d530dd5b4d87fbc4a997bf4ed86e7846548ee611761089ae,135,11,19,12.27,9.63,0.74,eli (4); istanbul (2); fog (2); mattered (1); hurried (1); helper (1); bakery (1); eli's (1),,,automated-screen-clear
s1226,4,Travel and culture,A Long Day in Athens,895ef478d2d7ed0b4d6279fe4658e719f71b660b2ae2d7dd37fa536c0905da78,139,11,21,12.64,8.63,0.72,yuki (5); athens (1); paused (1); hurried (1); helper's (1); helper (1); circled (1); rehearsal (1),,,automated-screen-clear
s1227,4,Travel and culture,A Long Day in Rome,a31fa6abc3c3ccbad415b97ac8310a955ac1581b3913ba9547786df15c28b748,139,9,21,15.44,5.04,1.44,lina (2); memorable (1); lina's (1); hurried (1); helper's (1); bookshop (1),,,automated-screen-clear
s1228,4,Travel and culture,A Long Day in Lisbon,3210d938d491b5a6c29d845df13463f2c7268c836ab71f7c77aa495ccbaabda5,147,12,19,12.25,12.24,0.68,lisbon (4); noah (4); tram (2); helper's (1); workplaces (1); disruption (1); routines (1); sights (1); helper (1); noah's (1); spoil (1),,low-frequency,needs-editorial-review
s1229,4,Travel and culture,A Long Day in Reykjavik,d80ef459a28b6f8fafc523bb727a80537a44dcd9e4983c1504c6f3f30272f568,141,11,19,12.82,7.8,4.26,reykjavik (4); visitor's (1); assumptions (1); workplaces (1); disruption (1); routines (1); sights (1); guesthouse (1),,very-low-frequency,needs-editorial-review
s1230,4,Travel and culture,A Long Day in Nairobi,a92038c2c97d9ac1a18066743f345a4c8e6d36c503a5fd3b3b94fdb2f0e3bdab,140,11,20,12.73,12.86,0.71,mara (4); nairobi (4); workplaces (1); disruption (1); routines (1); sights (1); attentive (1); attractions (1); helper (1); landmarks (1); mara's (1); community's (1),,low-frequency,needs-editorial-review
s1231,4,Travel and culture,A Long Day in Cape Town,2833575ece3d063d5f8054ee5c854f5b8a1a8450457b8e23f5e48cc8c4e7e804,143,11,20,13,12.59,0.0,sara (5); ranger (2); sheltered (2); cliffs (2); disruption (1); routines (1); sights (1); attentive (1); attractions (1); helper (1); respecting (1),,low-frequency,needs-editorial-review
s1232,4,Travel and culture,A Long Day in Marrakech,ed32a0ddba697bb4ab5c5a8b0ac445b6242332e6ebcd3cd6f4efb64a104f1d52,142,9,20,15.78,10.56,2.11,faye (3); marrakech (2); tailor (2); memorable (1); faye's (1); lanes (1); fountain (1); landmark (1); attentive (1); attractions (1); hurried (1),,very-low-frequency,needs-editorial-review
s1233,4,Travel and culture,A Long Day in Mexico City,ecfe6cb1af270c8cc7896a4933c0908659b3e7d9e9809191d139239f33817c30,136,11,21,12.36,8.09,1.47,vera (4); vera's (2); cart (1); depended (1); slower (1); helper (1); dancers (1),,,automated-screen-clear
s1234,4,Travel and culture,A Long Day in Lima,10fe0abaacdbfb0d6603dd2018e579439e9b0470d011b298c7648c2ac67ca7fe,133,10,22,13.3,11.28,1.5,ivan (5); lima (2); ingredient (2); visitor's (1); assumptions (1); unfamiliar (1); depended (1); ivan's (1); slower (1),,low-frequency,needs-editorial-review
s1235,4,Travel and culture,A Long Day in Buenos Aires,d88b9ee2fcef74249612b234301016a34352137777c1a96914588d64d15ea201,141,12,16,11.75,17.73,1.42,yuki (4); buenos (4); aires (4); yuki's (2); remake (2); darkened (1); slower (1); sights (1); outsider (1); mattered (1); helper (1); lamps (1); courtyard (1); informal (1),,low-frequency,needs-editorial-review
s1236,5,Travel and culture,A Long Day in Vancouver,ba6b4cb2d1eba9575035fa853da5f24679845151a51cc8793979b247b01ff6f2,175,13,20,13.46,12.0,1.14,theo (7); mechanic (2); visitor's (1); assumptions (1); bicycle (1); dock (1); helper's (1); workplaces (1); disruption (1); routines (1); sights (1); attentive (1); lent (1); protects (1),,,automated-screen-clear
s1237,5,Travel and culture,A Long Day in New Orleans,05951ec14459cdf039f2526e683278606e4b4dde2066f6a34f9a1d8ebc45cab9,190,14,21,13.57,6.84,0.53,shaded (2); grandparents (2); workplaces (1); disruption (1); routines (1); sights (1); attentive (1); attractions (1); depended (1); helper (1); cal's (1),,,automated-screen-clear
s1238,5,Travel and culture,A Long Day in Prague,16b9fdec983ebc4b0659f229d13d7b3b3bb9feb8a1f1049642ce8ab9f27eb46e,187,13,23,14.38,8.02,0.0,prague (3); upstairs (2); crowded (1); workplaces (1); disruption (1); routines (1); sights (1); attentive (1); attractions (1); depended (1); helper (1); memorable (1),,,automated-screen-clear
s1239,5,Travel and culture,A Long Day in Vienna,2952129e6a37ec4b8c890a45f09d1c263ef2cffcf61390144e99538dd05cac51,182,11,23,16.55,9.89,0.55,vienna (3); repaired (2); apprentice (2); violin (2); memorable (1); june's (1); sketches (1); disruption (1); routines (1); sights (1); attentive (1); attractions (1); depended (1),,,automated-screen-clear
s1240,5,Travel and culture,A Long Day in Budapest,8e54a1fe2c6caab1f1f4643376b2ad839a77ca75de8cd733fb8af758453bd7bb,184,14,21,13.14,10.33,1.09,budapest (4); zane (4); riverside (2); zane's (2); walkers (1); attractions (1); depended (1); slower (1); sights (1); outsider (1); helper (1),,,automated-screen-clear
s1241,5,Travel and culture,A Long Day in Helsinki,243011c72190f2338dd8443ecacc7ecc511459a6a6a164c9bbda0ea69e59fad1,180,13,24,13.85,9.44,1.11,milo (6); helsinki (4); visitor's (1); assumptions (1); depended (1); milo's (1); slower (1); sights (1); outsider (1),,,automated-screen-clear
s1242,5,Travel and culture,A Long Day in Tallinn,bffe042102b762022faa881335cc198b663c0c61af0a5d99bd10820d96bcad5c,180,14,18,12.86,12.22,3.89,iris (6); tallinn (4); caretaker (2); iris's (2); guide's (1); slower (1); sights (1); outsider (1); mattered (1); unsure (1); helper (1); courtyard (1),,very-low-frequency,needs-editorial-review
s1243,5,Travel and culture,A Long Day in Dubrovnik,67cef39eec45ebc9e6941a244419e2917f81950436e9e50bd7d76c98a7fb4642,190,14,21,13.57,11.58,2.11,pia (5); dubrovnik (3); viewpoint (2); midday (2); slowing (2); pia's (1); slower (1); sights (1); outsider (1); mattered (1); helper (1); resting (1); softer (1),,,automated-screen-clear
s1244,5,Travel and culture,A Long Day in Ulaanbaatar,8f408ec53384c77998403ae50f42e524757869c409d2d7bbd7eaf0eca854eee6,185,12,20,15.42,8.11,2.7,ulaanbaatar (4); dina (3); hospitality (2); memorable (1); dina's (1); sights (1); outsider (1); mattered (1); paused (1),,very-low-frequency,needs-editorial-review
s1245,5,Travel and culture,A Long Day in Kathmandu,7d3cc8aca9596417cc1157d3f326811a49d2f65035e10648ca2a07e9777ecf51,184,14,19,13.14,10.33,1.09,theo (5); kathmandu (2); hid (2); drying (2); mattered (1); rethink (1); hurried (1); helper's (1); helper (1); traveler (1); courtyard (1); theo's (1),,,automated-screen-clear
s1246,5,Travel and culture,A Long Day in Sydney,74f4be7cad4ff92716b1d5feddbabbd6816182d4254abdc80ddbc255ed8ef970,180,13,22,13.85,8.33,1.67,gus (6); lookout (2); visitor's (1); assumptions (1); mattered (1); reconsidered (1); hurried (1); helper's (1); landmarks (1),,,automated-screen-clear
s1247,5,Travel and culture,A Long Day in Auckland,0096632f8f156222fe5cd574d4594cfe9b1d0ce36b069bc910230dbbc6b8259d,171,14,19,12.21,10.53,2.34,auckland (4); sailing (2); canceled (2); seabirds (2); hurried (1); helper's (1); workplaces (1); disruption (1); routines (1); sights (1); helper (1); will's (1),,,automated-screen-clear
s1248,5,Travel and culture,A Long Day in Cusco,db6f2e77aada209c0684405be4939182a21ccb0ad39623cbd1a052b0fa9b898a,188,14,20,13.43,6.91,2.13,cusco (3); traveler (1); hurried (1); helper's (1); workplaces (1); disruption (1); routines (1); sights (1); attentive (1); helper (1); slower (1),,,automated-screen-clear
s1249,5,Travel and culture,A Shared Day in Kyoto,5ddb970f13b7c88fb62f7cf2e6813881eabdba87f08bbcb4cc8c78eff371d86e,171,13,20,13.15,9.36,2.34,kyoto (4); lantern (2); shopkeeper (2); visitor's (1); assumptions (1); helper's (1); workplaces (1); disruption (1); routines (1); sights (1); attentive (1),,,automated-screen-clear
s1250,5,Travel and culture,A Shared Day in Seoul,54a64f769da98f8ba729271ec9d1a4c162d2df23cde2a60c9c07da147ad0a1b1,188,14,23,13.43,11.17,0.53,faye (6); seoul (4); courtyard (2); workplaces (1); disruption (1); routines (1); sights (1); attentive (1); attractions (1); depended (1); helper (1); faye's (1),,,automated-screen-clear
s1251,6,Travel and culture,A Shared Day in Taipei,6e6646413c2e46779c6694e3618e5dc271b56fd3a052fcaa0b89f35d4c43a13c,195,14,20,13.93,10.26,1.03,ari (6); taipei (4); slower (2); visitor's (1); assumptions (1); ari's (1); sights (1); outsider (1); mattered (1); paused (1); shining (1),,,automated-screen-clear
s1252,6,Travel and culture,A Shared Day in Hanoi,0400d326b2eb553e3321ac59a8749da64b227d44d2cbbfdeccc985af296c104c,196,15,22,13.07,11.22,2.55,pia (6); hanoi (3); bicycle (3); repairer (3); outsider (1); mattered (1); rethink (1); hurried (1); helper's (1); helper (1); pia's (1),,,automated-screen-clear
s1253,6,Travel and culture,A Shared Day in Chiang Mai,ff37ce84e9a58a5c6f3bf318003d03f504bf1cb0903cafb9dbc30922c0785dda,201,16,19,12.56,9.45,1.0,dina (7); chiang (2); mai (2); incorrect (2); mattered (1); reconsidered (1); hurried (1); helper's (1); workplaces (1); helper (1),,,automated-screen-clear
s1254,6,Travel and culture,A Shared Day in Singapore,7912ad2190dcd8de7c4e79b88e5f7ae38f502ba615efc4d13482d226a41a96aa,198,13,20,15.23,6.57,3.03,xena (4); explored (2); memorable (1); xena's (1); shaded (1); mattered (1); unsure (1); hurried (1); helper's (1),,very-low-frequency,needs-editorial-review
s1255,6,Travel and culture,A Shared Day in Delhi,1818d6fee9c3e4f1fec91cc70e14e87200330a1447bb2998df613d3f000e2a51,202,15,21,13.47,8.42,0.99,gus (5); stall (3); hurried (1); helper's (1); workplaces (1); disruption (1); routines (1); sights (1); attentive (1); helper (1); gus's (1),,,automated-screen-clear
s1256,6,Travel and culture,A Shared Day in Istanbul,d768c327ab4b07fa938ead3371a42fa67bfed7ca182e2cda9bece748b79bc412,209,15,21,13.93,11.96,0.96,emi (7); istanbul (4); bakery (3); visitor's (1); assumptions (1); fog (1); hurried (1); helper's (1); workplaces (1); disruption (1); routines (1); sights (1); attentive (1); attractions (1),,,automated-screen-clear
s1257,6,Travel and culture,A Shared Day in Athens,e9eceb451f213d29044c71830a77639b4c338ec86a66e11d279b0ae84c7596ae,202,15,22,13.47,8.42,0.5,athens (4); rehearsal (3); workplaces (1); disruption (1); routines (1); sights (1); attentive (1); attractions (1); depended (1); helper (1); circled (1); june's (1),,,automated-screen-clear
s1258,6,Travel and culture,A Shared Day in Rome,7d7e37cb6e1651db0d2125f84049445994fc09d87cbb5a63b8789f56d0aa1566,199,14,23,14.21,5.03,0.0,bookshop (2); workplaces (1); disruption (1); routines (1); sights (1); attentive (1); attractions (1); depended (1); helper (1),,,automated-screen-clear
s1259,6,Travel and culture,A Shared Day in Lisbon,5ecbab440fe6856c452efeb6d00d6c1169cc68f03c45788f3ea2a568614c1d55,196,12,23,16.33,10.2,0.51,lisbon (4); ravi (3); tram (3); memorable (1); ravi's (1); workplaces (1); disruption (1); routines (1); sights (1); attentive (1); attractions (1); depended (1); spoil (1),,,automated-screen-clear
s1260,6,Travel and culture,A Shared Day in Reykjavik,7c94efd00a2c0ac8009a951100b77cd4eaf74a16aeca26cc457d704505377787,204,15,21,13.6,9.8,3.92,ari (5); reykjavik (4); guesthouse (2); ari's (2); attentive (1); attractions (1); depended (1); slower (1); sights (1); outsider (1); helper (1),,very-low-frequency,needs-editorial-review
s1261,6,Travel and culture,A Shared Day in Nairobi,0666b122f5ba281067437853daa233faa6cf4173fc4111ac9ed86bf615b090db,196,14,22,14,10.2,4.08,uma (6); nairobi (4); visitor's (1); assumptions (1); attractions (1); depended (1); uma's (1); slower (1); sights (1); outsider (1); landmarks (1); community's (1),,very-low-frequency,needs-editorial-review
s1262,6,Travel and culture,A Shared Day in Cape Town,5e429e27ed9d541365e4f8ba443e06dd685313f2928c9a76a72ff5db14271390,207,16,21,12.94,10.14,0.97,dina (6); ranger (2); dina's (2); respecting (2); depended (1); slower (1); sights (1); outsider (1); mattered (1); rethink (1); helper (1); sheltered (1); cliffs (1),,,automated-screen-clear
s1263,6,Travel and culture,A Shared Day in Marrakech,a95bf0db6cd69c55a7a091b55afc24d9a32e61dc80a7fa861ab2f9446d2bd257,197,15,19,13.13,12.18,5.58,xena (6); marrakech (3); lanes (2); tailor (2); hurried (2); xena's (1); slower (1); sights (1); outsider (1); mattered (1); reconsidered (1); helper (1); fountain (1); landmark (1),,very-low-frequency,needs-editorial-review
s1264,6,Travel and culture,A Shared Day in Mexico City,d7675690f6e518ee9dab32a0fcc4e50ef516136e16014276c2f0c3619e74d435,196,13,20,15.08,7.14,1.02,kai (3); kai's (2); cart (2); memorable (1); slower (1); sights (1); outsider (1); mattered (1); unsure (1); dancers (1),,,automated-screen-clear
s1265,6,Travel and culture,A Shared Day in Lima,151dfb53de11ab8242e772756cbecd0a9bcc1f9d81994cc887d20c7023695a1f,200,15,19,13.33,9.5,1.0,emi (5); lima (3); ingredient (3); unfamiliar (2); outsider (1); mattered (1); hurried (1); helper's (1); helper (1); emi's (1),,,automated-screen-clear
s1266,7,Travel and culture,A Shared Day in Buenos Aires,5db882b17186329f6523fde0082db16f7570051b1b5106b2bccafd1a612689d6,222,14,21,15.86,12.61,0.45,vera (5); buenos (4); aires (4); informal (2); memorable (1); vera's (1); darkened (1); lamps (1); courtyard (1); workplaces (1); disruption (1); routines (1); sights (1); attentive (1); attractions (1),,,automated-screen-clear
s1267,7,Travel and culture,A Shared Day in Vancouver,424eed44e7b6bde9d964dbcb8af2a5343905b963881ad288548b41a446d1eaae,229,16,23,14.31,10.04,0.87,eli (5); mechanic (2); sights (2); eli's (2); bicycle (1); dock (1); disruption (1); routines (1); attentive (1); attractions (1); depended (1); slower (1); outsider (1); helper (1); lent (1),,,automated-screen-clear
s1268,7,Travel and culture,A Shared Day in New Orleans,17210a460a7649e6f0fb805210165f78cbd2e88d626a9398c361795fba56372b,232,16,21,14.5,9.05,0.86,yuki (8); shaded (2); grandparents (2); visitor's (1); assumptions (1); attentive (1); attractions (1); depended (1); yuki's (1); slower (1); sights (1); outsider (1),,,automated-screen-clear
s1269,7,Travel and culture,A Shared Day in Prague,aff549ce23eb701e8c14c098639ce102154bc30e4af9c81c9bfddbbf07495b3e,239,17,23,14.06,10.46,0.84,hana (7); prague (4); crowded (2); hana's (2); memorable (2); depended (1); slower (1); sights (1); outsider (1); mattered (1); paused (1); helper (1); upstairs (1),,,automated-screen-clear
s1270,7,Travel and culture,A Shared Day in Vienna,325f760061ab4dc8c3939ee662758e12e6f7eec99e1c0c7ce466c2cfc7c5d4a0,233,17,23,13.71,11.16,0.0,noah (6); vienna (3); repaired (3); apprentice (3); depended (1); noah's (1); slower (1); sights (1); outsider (1); mattered (1); rethink (1); hurried (1); helper (1); sketches (1); violin (1),,,automated-screen-clear
s1271,7,Travel and culture,A Shared Day in Budapest,f346328c33fd478337af9981a41fa91cefb86fb5e8fcce2c66a8f70c1ebaf711,221,15,20,14.73,7.69,1.36,budapest (4); owen's (2); riverside (2); walkers (2); memorable (1); slower (1); sights (1); outsider (1); mattered (1); reconsidered (1); hurried (1),,,automated-screen-clear
s1272,7,Travel and culture,A Shared Day in Helsinki,c0fabe29ac6f11a1941663122d95ffaec8d7be637e5acb51eb58147c5ec5b690,232,17,23,13.65,7.76,0.86,mara (6); helsinki (4); sights (1); outsider (1); mattered (1); unsure (1); hurried (1); helper's (1); helper (1); mara's (1),,,automated-screen-clear
s1273,7,Travel and culture,A Shared Day in Tallinn,ecc5c7d232f8c9aee44e958c3351b5dacf0ceee1ba2ad68ffeb7f042fe1f51b6,228,16,20,14.25,10.09,3.07,sara (8); tallinn (3); caretaker (3); guide's (2); visitor's (1); assumptions (1); outsider (1); mattered (1); hurried (1); helper's (1); courtyard (1),,,automated-screen-clear
s1274,7,Travel and culture,A Shared Day in Dubrovnik,452731cfa16bceb4ff7493d7f8d65f1300906c440792374dc5b264f0ab3dc671,229,17,21,13.47,13.54,2.62,bea (7); dubrovnik (4); viewpoint (2); midday (2); slowing (2); softer (2); mattered (1); paused (1); hurried (1); helper's (1); workplaces (1); disruption (1); routines (1); sights (1); attentive (1),,,automated-screen-clear
s1275,7,Travel and culture,A Shared Day in Ulaanbaatar,fda03f8e1faaf5490fd00a8a2357b3e00c4a9b2ad585d0e2b9549add5c7ebc35,232,17,20,13.65,9.05,1.72,vera (7); ulaanbaatar (3); rethink (1); hurried (1); helper's (1); workplaces (1); disruption (1); routines (1); sights (1); attentive (1); attractions (1); helper (1); hospitality (1),,,automated-screen-clear
s1276,7,Travel and culture,A Shared Day in Kathmandu,9f5668c842f68bf4fd5f907cbdb0f5cab1cbe590da70bd515f1495369875a1c4,234,15,20,15.6,10.68,0.85,kathmandu (4); ivan (4); drying (3); hid (2); memorable (1); ivan's (1); traveler (1); courtyard (1); hurried (1); helper's (1); workplaces (1); disruption (1); routines (1); sights (1); attentive (1),,,automated-screen-clear
s1277,7,Travel and culture,A Shared Day in Sydney,5ade7b75e8bcc9840b75841f1ff327b24bf5626e5bbceceed19a55b9f2d104d4,227,16,25,14.19,8.81,0.88,yuki (6); lookout (3); helper's (1); workplaces (1); disruption (1); routines (1); sights (1); attentive (1); attractions (1); depended (1); helper (1); landmarks (1); yuki's (1),,,automated-screen-clear
s1278,7,Travel and culture,A Shared Day in Auckland,6676ce16f325f39f5858a82de9cf84bad899ff66bb35b3f6a4c7f329130b12b4,229,16,24,14.31,11.35,1.75,lina (8); auckland (4); seabirds (3); visitor's (1); assumptions (1); sailing (1); canceled (1); workplaces (1); disruption (1); routines (1); sights (1); attentive (1); attractions (1); depended (1),,,automated-screen-clear
s1279,7,Travel and culture,A Shared Day in Cusco,81302415107834d34ef8476e4d905c41158e58717447f873c5755dd086034dec,222,16,21,13.88,11.26,2.25,noah (6); cusco (5); sights (2); noah's (2); slower (2); traveler (1); workplaces (1); disruption (1); routines (1); attentive (1); attractions (1); depended (1); helper (1),,,automated-screen-clear
s1280,7,Travel and culture,A Second Day in Kyoto,73a19ef231669e49b2eafd52c1f51970850f9bdff7b4558ea8cee3ea8fa79e43,223,16,21,13.94,11.66,1.79,kyoto (5); hana (5); shopkeeper (2); sights (2); lantern (2); hana's (2); disruption (1); routines (1); attentive (1); attractions (1); depended (1); slower (1); outsider (1); helper (1),,,automated-screen-clear
s1281,8,Travel and culture,A Second Day in Seoul,3ae5f435c9a924c40e8d1a7ef29915cb6ddeaa1631bb27b664f9e72da59c7e7e,257,17,21,15.12,7.0,0.78,seoul (5); courtyard (2); memorable (1); cal's (1); outsider (1); mattered (1); paused (1); hurried (1); helper's (1); workplaces (1); disruption (1); routines (1); sights (1),,,automated-screen-clear
s1282,8,Travel and culture,A Second Day in Taipei,88ab672b023dfffd27badb7e9dc71bbee53d0b722250240ac673345ac0f31243,251,18,20,13.94,10.36,0.8,sara (6); taipei (4); shining (3); mattered (1); rethink (1); hurried (1); helper's (1); workplaces (1); disruption (1); routines (1); sights (1); attentive (1); attractions (1); helper (1); slower (1),,,automated-screen-clear
s1283,8,Travel and culture,A Second Day in Hanoi,4078e55e589bfd52b470cb96c2458b087d693e7922e7687805a04a12d9043ea3,244,17,22,14.35,11.89,2.46,faye (8); hanoi (4); bicycle (3); repairer (3); visitor's (1); assumptions (1); reconsidered (1); hurried (1); helper's (1); workplaces (1); disruption (1); routines (1); sights (1); attentive (1); attractions (1),,,automated-screen-clear
s1284,8,Travel and culture,A Second Day in Chiang Mai,f2dac59bb13494c62266133f1c330b00d93799d2207eb4aa023157e8072d312f,244,18,22,13.56,11.48,0.82,vera (8); chiang (4); mai (4); incorrect (1); hurried (1); helper's (1); workplaces (1); disruption (1); routines (1); sights (1); attentive (1); attractions (1); depended (1); helper (1); vera's (1),,,automated-screen-clear
s1285,8,Travel and culture,A Second Day in Singapore,a1575a9c843afac52cf05ac8d9255eede84009b46dbb7e74378193b1bbfbd1c4,249,18,22,13.83,8.43,0.8,ivan (8); helper's (1); workplaces (1); disruption (1); routines (1); sights (1); attentive (1); attractions (1); depended (1); ivan's (1); slower (1); helper (1); shaded (1); explored (1),,,automated-screen-clear
s1286,8,Travel and culture,A Second Day in Delhi,2ff29c5c7c26a06353d454730100157249233d0d4f8978757016e746ca6fe4f8,246,15,24,16.4,6.5,0.41,iris (5); stall (2); memorable (1); iris's (1); workplaces (1); disruption (1); routines (1); sights (1); attentive (1); attractions (1); depended (1),,,automated-screen-clear
s1287,8,Travel and culture,A Second Day in Istanbul,2062fbb0a16ab5ea45939c21dd9c7920cd3f05115f8d8c6af37805a88befb847,255,18,22,14.17,10.98,0.78,istanbul (6); lina (6); sights (2); bakery (2); lina's (2); fog (1); workplaces (1); disruption (1); routines (1); attentive (1); attractions (1); depended (1); slower (1); outsider (1); helper (1),,,automated-screen-clear
s1288,8,Travel and culture,A Second Day in Athens,a6f499cd2b7779d9bbb8ac32f0243e94570f4a20dadf5b6ed593ff161dd9df3c,248,17,22,14.59,11.29,4.03,sora (8); athens (5); sights (2); rehearsal (2); visitor's (1); assumptions (1); disruption (1); routines (1); attentive (1); attractions (1); depended (1); sora's (1); slower (1); outsider (1); circled (1),,,automated-screen-clear
s1289,8,Travel and culture,A Second Day in Rome,ba9b7bd38a8f423b8a39c299980fa798e2894dde1d764b551e31c24d711024df,255,18,23,14.17,4.71,0.78,bookshop (2); owen's (2); attractions (1); depended (1); slower (1); sights (1); outsider (1); mattered (1); unsure (1); helper (1),,,automated-screen-clear
s1290,8,Travel and culture,A Second Day in Lisbon,8b74bab868d73b949dba0cdba140a7203f0eeb171a531a6b9f1b93993e7d5da8,243,17,23,14.29,7.0,0.41,tram (5); lisbon (3); spoil (2); depended (1); cal's (1); slower (1); sights (1); outsider (1); mattered (1); helper (1),,,automated-screen-clear
s1291,9,Travel and culture,A Second Day in Reykjavik,50ad3087458e91d92fb478325ed91974af8b031648318b96b7207b4ca84e54e3,260,19,21,13.68,10.0,3.46,zane (8); reykjavik (4); guesthouse (3); hurried (1); helper's (1); workplaces (1); disruption (1); routines (1); sights (1); attentive (1); attractions (1); depended (1); helper (1); zane's (1),,,automated-screen-clear
s1292,9,Travel and culture,A Second Day in Nairobi,ed68bd1d6fdd112f6f8b63295ade051b2198d5f97d88065faf8b5c8ecbd0ba01,265,19,22,13.95,9.43,0.75,milo (8); nairobi (3); hurried (1); helper's (1); workplaces (1); disruption (1); routines (1); sights (1); attentive (1); attractions (1); depended (1); milo's (1); slower (1); helper (1); landmarks (1),,,automated-screen-clear
s1293,9,Travel and culture,A Second Day in Cape Town,07aba35ec410a724b7843a51e547a09a30f17edcc2ec26dd0f597ba79f0eaaa7,272,18,21,15.11,10.29,1.1,ari (6); sheltered (3); cliffs (3); ari's (2); ranger (2); sights (2); memorable (1); helper's (1); workplaces (1); disruption (1); routines (1); attentive (1); attractions (1); depended (1); slower (1),,,automated-screen-clear
s1294,9,Travel and culture,A Second Day in Marrakech,33630bb5efcb2be7dbce8941433aa4c00ef8110f5d09f928a29df02024be8065,268,19,23,14.11,12.31,2.99,pia (7); marrakech (6); tailor (3); sights (2); pia's (2); lanes (1); workplaces (1); disruption (1); routines (1); attentive (1); attractions (1); depended (1); slower (1); outsider (1); helper (1),,,automated-screen-clear
s1295,9,Travel and culture,A Second Day in Mexico City,162500bd747e26003654c802000fbade46c49420ffa1db1fe137034e7b7d3c51,262,18,21,14.56,9.92,0.76,dina (8); cart (3); sights (2); dancers (2); visitor's (1); assumptions (1); workplaces (1); disruption (1); routines (1); attentive (1); attractions (1); depended (1); dina's (1); slower (1); outsider (1),,,automated-screen-clear
s1296,9,Travel and culture,A Second Day in Lima,680b6f65c52edd69b6694dbb389615cb121f9f08e167943dd77af5e2df41e4b8,264,19,22,13.89,10.61,1.14,theo (8); lima (4); ingredient (3); unfamiliar (2); theo's (2); attentive (1); attractions (1); depended (1); slower (1); sights (1); outsider (1); mattered (1); reconsidered (1); helper (1),,,automated-screen-clear
s1297,9,Travel and culture,A Second Day in Buenos Aires,26583b6c9283875fc836e3dac8fe300ce44a30c0e58f5275d3d8bd10c6694729,266,19,21,14,11.65,0.38,gus (7); buenos (3); aires (3); darkened (2); informal (2); remake (2); attractions (1); depended (1); gus's (1); slower (1); sights (1); outsider (1); mattered (1); unsure (1); hurried (1),,,automated-screen-clear
s1298,9,Travel and culture,A Second Day in Vancouver,50276f458328ec74f8191368e9436e0864dcf47217d668ab958d9c361a65a07d,269,17,23,15.82,8.92,0.74,emi (5); mechanic (3); emi's (2); bicycle (2); dock (2); protects (2); memorable (1); lent (1); depended (1); slower (1); sights (1); outsider (1); mattered (1); hurried (1),,,automated-screen-clear
s1299,9,Travel and culture,A Second Day in New Orleans,c11eef9f2e695c6c3672f45573061fedbd14d3cf0e1455335dd38a0a8489248b,270,20,19,13.5,5.56,1.11,june's (2); shaded (2); grandparents (2); slower (1); sights (1); outsider (1); mattered (1); paused (1); hurried (1); helper's (1); workplaces (1); helper (1),,,automated-screen-clear
s1300,9,Travel and culture,A Second Day in Prague,eeacce230760995b81cb1786b8ddcf2033120784d050db482c72144086402439,266,19,20,14,8.27,1.13,prague (5); crowded (2); memorable (2); upstairs (2); visitor's (1); assumptions (1); leo's (1); slower (1); sights (1); outsider (1); mattered (1); rethink (1); hurried (1); helper's (1); workplaces (1),,,automated-screen-clear
s1301,10,Travel and culture,A Second Day in Vienna,82b2824d0815b79024c2f111922925fc99bcd291d96183f2a320c1de6f9f9e18,296,21,23,14.1,12.16,3.04,uma (7); vienna (6); apprentice (3); violin (3); repaired (2); sights (2); uma's (2); workplaces (1); disruption (1); routines (1); attentive (1); attractions (1); depended (1); slower (1); outsider (1),,,automated-screen-clear
s1302,10,Travel and culture,A Second Day in Budapest,c7d04b493ef252325eb5dec27ef6e9add139858682a470f8fe5851d79f842d41,285,20,21,14.25,11.23,0.7,hana (9); budapest (6); riverside (2); sights (2); visitor's (1); assumptions (1); walkers (1); workplaces (1); disruption (1); routines (1); attentive (1); attractions (1); depended (1); hana's (1); slower (1),,,automated-screen-clear
s1303,10,Travel and culture,A Second Day in Helsinki,ad852ce749ea50755ba583d8ed76c10763d9d1e1e76579e82c0e348ea122ca73,291,20,24,14.55,9.28,3.44,xena (8); helsinki (5); sights (2); xena's (2); disruption (1); routines (1); attentive (1); attractions (1); depended (1); slower (1); outsider (1); mattered (1); rethink (1); helper (1),,,automated-screen-clear
s1304,10,Travel and culture,A Second Day in Tallinn,843f0019ffda141f995298adb50200c16dc824e598254df7a34222ac5ff7de98,296,20,24,14.8,9.8,2.36,kai (8); caretaker (4); tallinn (3); guide's (2); attentive (1); attractions (1); depended (1); kai's (1); slower (1); sights (1); outsider (1); mattered (1); reconsidered (1); hurried (1); helper (1),,,automated-screen-clear
s1305,10,Travel and culture,A Second Day in Dubrovnik,fb780a201b49e5726fb6dea8900d6c319476ef25f323f32222783e980517aec2,286,18,23,15.89,10.49,2.1,mara (5); dubrovnik (4); viewpoint (3); mara's (2); midday (2); softer (2); slowing (2); memorable (1); resting (1); attractions (1); depended (1); slower (1); sights (1); outsider (1); mattered (1),,,automated-screen-clear
s1306,10,Travel and culture,A Second Day in Ulaanbaatar,747ecb6f84accf6c01090ff365523d0abddb18249c78de1247d2af99dad2d3b8,288,21,23,13.71,8.68,2.78,nia (7); ulaanbaatar (5); nia's (2); hospitality (2); depended (1); slower (1); sights (1); outsider (1); mattered (1); hurried (1); helper's (1); workplaces (1); helper (1),,,automated-screen-clear
s1307,10,Travel and culture,A Second Day in Kathmandu,3cef747412a71acd4c026a73be0972681f59a5c1fdaab4d663078cca1b8be4d4,294,21,19,14,11.9,1.02,bea (9); kathmandu (6); hid (2); sights (2); drying (2); visitor's (1); assumptions (1); bea's (1); slower (1); outsider (1); mattered (1); paused (1); hurried (1); helper's (1); workplaces (1),,,automated-screen-clear
s1308,10,Travel and culture,A Second Day in Sydney,0b72fc523fce21c719dd4cd44a4393e5c6f043257023ea2997f9e341ae40b584,294,21,22,14,8.84,0.68,ravi (8); lookout (3); sights (2); outsider (1); mattered (1); rethink (1); hurried (1); helper's (1); workplaces (1); disruption (1); routines (1); attentive (1); attractions (1); helper (1); landmarks (1),,,automated-screen-clear
s1309,10,Travel and culture,A Second Day in Auckland,7e683adc70be91ae22e92c9d0bdbe8bc7b85f973e7b7e3666690e91ca854379d,289,21,20,13.76,11.07,1.73,eli (9); auckland (4); seabirds (3); sailing (2); canceled (2); outsider (1); mattered (1); reconsidered (1); hurried (1); helper's (1); workplaces (1); disruption (1); routines (1); sights (1); attentive (1),,,automated-screen-clear
s1310,10,Travel and culture,A Second Day in Cusco,437663bf8a7ad11cd8fc0786884b5adbc7cd073f7eae9ff655fc2518aa7cbdd6,291,18,23,16.17,8.59,2.06,yuki (6); cusco (4); traveler (2); memorable (1); yuki's (1); slower (1); mattered (1); unsure (1); hurried (1); helper's (1); workplaces (1); disruption (1); routines (1); sights (1); attentive (1),,,automated-screen-clear
s1311,1,People and biography,Maya Maps the River,d647085b9ea46e53e9539b588393f3a61bf88fa76f4cc23cbcdf05e6a734a4e9,73,8,13,9.13,5.48,0.0,maya (3); chen (1),,low-frequency,needs-editorial-review
s1312,1,People and biography,Jon Fixes a Bike,8e5d34918f6d6bc25fbb5ce14d3d4abe93b17da0c2e4797d90d3af8d56c0de67,58,8,10,7.25,0.0,0.0,,,,automated-screen-clear
s1313,1,People and biography,Amina Saves Seeds,3bb7bf8f8b101e377a13c0dbdecbcfcab5416de389ab83c907df928a846978af,61,8,10,7.63,4.92,4.92,amina (2); okafor (1),,very-low-frequency,needs-editorial-review
s1314,1,People and biography,Luis Opens an Evening Class,a5ff6af8730fd1a9f724e2210c5ed39ae674e9df25656dd2f4987fba66cedb02,58,7,14,8.29,5.17,0.0,luis (1); ortega (1); practiced (1),,low-frequency,needs-editorial-review
s1315,1,People and biography,Hana Makes a Toy to Fix,6f9c1a46d8d140b564da6cbe4efde51e19691063e5e2c20832a1c174fe9a04d2,59,8,12,7.38,6.78,0.0,hana (3); mori (1),,low-frequency,needs-editorial-review
s1316,1,People and biography,Samir Plans a Clinic Visit,ec456f9ae6956943c2004b8bc0e3588f5c4378fa050a961739451cd0d91ef33b,57,7,11,8.14,7.02,0.0,samir (2); patel (1); helper (1),,low-frequency,needs-editorial-review
s1317,1,People and biography,Elena Builds Garden Beds,354cd4ebc5918caa2f7b01f6001393c319d14c822adcfc2a59036008f9e05344,57,6,13,9.5,5.26,0.0,elena (2); rossi (1),,low-frequency,needs-editorial-review
s1318,1,People and biography,David Keeps the Radio On,7adfb4582f1923fb00884b690e7007d86803264f65229cd749ab0669d2c33b20,55,7,12,7.86,1.82,0.0,storms (1),,,automated-screen-clear
s1319,1,People and biography,Nora Listens to the Town,c646264a5eef23aaf572a0476a1424503db50a7a4d47a807a9a6256755878938,59,6,14,9.83,6.78,0.0,nora (2); hassan (1); aloud (1),,low-frequency,needs-editorial-review
s1320,1,People and biography,Peter Plans Winter Lunch,9c019c73d1dc50db8b3d4d92764e2e179996e7b4c9a79c16e9a6050e61ff0bba,61,7,13,8.71,4.92,0.0,walsh (1); carrots (1); cooks (1),,,automated-screen-clear
s1321,1,People and biography,Inez Finds New Clay,f3892d2fd736b77ba5341c0a26ab184144b6b1b705f8fe6e132a9c4629a4981e,63,7,13,9,7.94,3.17,inez (2); silva (1); pots (1); inland (1),,low-frequency;very-low-frequency,needs-editorial-review
s1322,1,People and biography,Omar Finds the Bridge Notes,4ab074e66ebe9a6833a11ccb065c8338670a76b196aadccece8d369b1ba6a9be,57,7,10,8.14,3.51,0.0,omar (2),,,automated-screen-clear
s1323,1,People and biography,Keiko Makes Room for More Stories,fc5b83e774395c6abcdca82d20b3338c707b8c1f7356b5524fd9a62bcc3f0246,59,6,13,9.83,3.39,3.39,keiko (2),,very-low-frequency,needs-editorial-review
s1324,1,People and biography,Mateo Moves a Forest Path,d671cb93d948fd8d9d44d55205983cc77c26e8497febb6d66f1c31cc6194afb5,58,6,17,9.67,3.45,0.0,mateo (2),,,automated-screen-clear
s1325,1,People and biography,Sara Keeps the Right Parts,88ab6c8c4c1559ffa2c7a52839525ad8a5573505f4d7a4835ca2dec12269c320,66,9,10,7.33,7.58,1.52,sara (3); lind (1); repaired (1),,low-frequency;very-low-frequency,needs-editorial-review
s1326,1,People and biography,Theo Makes Room for Signs,268e336af9f6a7020fe345fce794f041958ed6412707948b50f1c6e02907659e,61,8,12,7.63,9.84,0.0,theo (4); interpreter (1); afterward (1),,low-frequency,needs-editorial-review
s1327,1,People and biography,Priya Checks the Well,5a71ec2c06a8503468ef0391bc92c82eed45c85e049187e1cd9b8559c9b7ae70,64,7,14,9.14,6.25,4.69,priya (3); das (1),,low-frequency;very-low-frequency,needs-editorial-review
s1328,1,People and biography,Marcus Finds a Room for Music,d0c37238c4a8f918267c4a324f520e957a32248bc5510ee3ce32f6e5ac8b729d,60,7,14,8.57,0.0,0.0,,,,automated-screen-clear
s1329,1,People and biography,Yara Helps a Room Stay Cool,c318ce9b0b256ebeee8a82ec0711251f9cf39e2ec7fb7d93e83decf351c75236,69,8,12,8.63,10.14,7.25,yara (3); installer (2); nasser (1); dusty (1),,low-frequency;very-low-frequency,needs-editorial-review
s1330,1,People and biography,Finn Explains Court Words,90ebb8dc28c77a3a0b1ab5f3163efd5bd41a21474cf41de3692d62a9f2789261,66,7,12,9.43,6.06,1.52,finn (3); osei (1),,low-frequency;very-low-frequency,needs-editorial-review
s1331,2,People and biography,Leah Park and the Old Cloth,5468d546d6cc1bce691064c4b8260db655eacc86444e9fac169c14ba8a480bba,83,8,14,10.38,7.23,2.41,leah (2); tablecloth (2); fictional (1); grandmother’s (1),,low-frequency;very-low-frequency,needs-editorial-review
s1332,2,People and biography,Ravi Mehta Checks the Last Bus,99f8a33b8498f2efefef49529e90148ff1328bd6d93c8d99ad4dba86db2738e9,90,8,17,11.25,10.0,1.11,ravi (3); mehta (1); fictional (1); planner (1); rode (1); evenings (1); riders (1),,low-frequency;very-low-frequency,needs-editorial-review
s1333,2,People and biography,Sofia Almeida Keeps Her Distance,73bb89be6c8dbb8f327d41f2a06f194f723e93819b3a989a02c258bfbc4c86a5,85,8,17,10.63,10.59,1.18,sofia (3); almeida (1); fictional (1); nesting (1); watcher (1); farther (1); zoom (1),,low-frequency;very-low-frequency,needs-editorial-review
s1334,2,People and biography,Daniel Cho Designs a Handle,b1aa882c8c5ca3e449d5d9ba2f14954ca6256052cb3aece2e14bdc7909932dda,87,8,14,10.88,3.45,0.0,cho (1); fictional (1); slipped (1),,,automated-screen-clear
s1335,2,People and biography,Fatima Noor Makes Room at the Market,b4ed59ffa8dc703a0bd0c0af299c0959f3b19df03bf1e574895fc8cd7dcf60f5,83,8,15,10.38,18.07,1.2,fatima (3); sellers (3); walkway (2); stalls (2); noor (1); fictional (1); planner (1); busiest (1); crowded (1),,low-frequency;very-low-frequency,needs-editorial-review
s1336,2,People and biography,Henry Calder Watches the Weather,7ceb8d545301f61deac156de789e5299f20c45b20ab008e3d20867d1a6c59427,94,9,16,10.44,5.32,0.0,calder (1); fictional (1); watcher (1); repaired (1); readings (1),,,automated-screen-clear
s1337,2,People and biography,Anika Bose Explains a Farm Form,6bc7b6d253a77d73ebcbb259af5c2ff6fefed51ce8d80171a21394cdecf53dd7,79,7,17,11.29,7.59,3.8,anika (3); bose (1); fictional (1); adviser (1),,low-frequency;very-low-frequency,needs-editorial-review
s1338,2,People and biography,Gabriel Stone and the Town Clock,68dada51ca754ab0b5765e1e8cb577653b910bf47ed8ae3f21fd009f039e613b,87,9,13,9.67,5.75,2.3,gabriel (2); fictional (1); repairer (1); gabriel’s (1),,very-low-frequency,needs-editorial-review
s1339,2,People and biography,Mina Rahman Plans a Food Pickup,98657573156b8ea63d6098fdb3ff4b74851f12407a51603cc8fe85487be72a5d,82,9,18,9.11,14.63,3.66,mina (3); caf (3); pickup (2); rahman (1); fictional (1); chilled (1); unclear (1),,low-frequency;very-low-frequency,needs-editorial-review
s1340,2,People and biography,Arthur Vale Maps a Cave,68450e26be9d59a89f4dbd01623e56abef114f5f3ca26d7c4e7a6bd4b08d754a,84,8,15,10.5,4.76,0.0,vale (1); fictional (1); cloudy (1); mapped (1),,,automated-screen-clear
s1341,2,People and biography,Zoe Bennett Asks About Repairs,b22de3dc73f7dfcb9e4acd70eca5d8e96afb643fa0b9d449c317e38cfc68f560,84,8,17,10.5,5.95,0.0,zoe (2); fictional (1); uncertain (1); repaired (1),,,automated-screen-clear
s1342,2,People and biography,Maya Chen Updates a River Guide,fb3d764e2da83f045b4a0eced369c3c63f26f1bb647b0a391dfbd18f84919482,85,8,14,10.63,8.24,1.18,maya (2); chen (1); fictional (1); sandbank (1); captains (1); notices (1),,low-frequency;very-low-frequency,needs-editorial-review
s1343,2,People and biography,Jon Bell Checks a Bicycle,377c8ded5341bc15d7c1100c7f0a092fadb64adf8d8a3246d444a2994a2b8217,90,9,18,10,11.11,0.0,lever (2); fictional (1); bicycle (1); mechanic (1); brake (1); inspected (1); brakes (1); rode (1); helpers (1),,low-frequency,needs-editorial-review
s1344,2,People and biography,Amina Okafor Keeps Seed Records,c1c92044c3c1d6b0d00073fa19654fcd1813f3efcd4e52b80392c7e663cffcc2,90,8,15,11.25,5.56,3.33,amina (2); okafor (1); fictional (1); packets (1),,very-low-frequency,needs-editorial-review
s1345,2,People and biography,Luis Ortega Changes the Reading Class,6a898aef7e8fc92ffd93dd6437ba2bab46756be653403c258195544f718dd4f5,82,8,17,10.25,7.32,0.0,luis (3); ortega (1); fictional (1); practiced (1),,low-frequency,needs-editorial-review
s1346,2,People and biography,Hana Mori Makes a Repairable Toy,9fbd71c91f4305b16b34bc9e9628de197618eb6bbcf39ef9cd1c5cd46161863d,91,8,14,11.38,10.99,0.0,cart (5); hana (3); mori (1); fictional (1),,low-frequency,needs-editorial-review
s1347,2,People and biography,Samir Patel Moves a Clinic Visit,1c80edee99a5d0b1d81b4e092548ea04064f3563fcd429789ad35d6a768cc0be,90,8,15,11.25,8.89,0.0,samir (4); patel (1); fictional (1); coordinator (1); supervised (1),,low-frequency,needs-editorial-review
s1348,2,People and biography,Elena Rossi Starts a Garden Bed,160b93a0a17cc52893878a2bc36fe3024602f91cb6d23f4337aeffde4ff1dc27,84,9,14,9.33,9.52,0.0,elena (3); rossi (1); fictional (1); gardener (1); planting (1); herbs (1),,low-frequency,needs-editorial-review
s1349,2,People and biography,David Kim Tests a Battery Radio,374cd87071fec4af684bb25fcc2745dd70943575d54136d1569185601deef1f7,98,11,12,8.91,1.02,0.0,fictional (1),,,automated-screen-clear
s1350,2,People and biography,Nora Hassan Collects Work Stories,6f1b9cddb198032de7801fbb33896feb0e084f1c4c27280e1975a40485f6c455,94,10,17,9.4,6.38,0.0,nora (3); hassan (1); fictional (1); corrected (1),,,automated-screen-clear
s1351,3,People and biography,Peter Walsh: The Work Behind the Work,2d82909b77d0df17c4da5a2a7c3133e69acd6fef7228fe40ebffcbd9858465f5,107,12,14,8.92,5.61,0.0,fictional (1); walsh (1); cooks (1); lunches (1); portions (1); invites (1),,,automated-screen-clear
s1352,3,People and biography,Inez Silva: The Work Behind the Work,357bb92351cb7e20cd20470d0f970ed8a0c828515bd0706361da1bcb836c0f0c,104,11,14,9.45,16.35,3.85,inez (3); bowls (3); fictional (1); silva (1); floods (1); cleans (1); supplier (1); farther (1); inland (1); glazes (1); coatings (1); pots (1); misses (1),,low-frequency;very-low-frequency,needs-editorial-review
s1353,3,People and biography,Omar Reed: The Work Behind the Work,9804b0a7eb39d9fe001d34df84576a63a1978a62302b50bdd187849b85fe2ead,100,11,13,9.09,10.0,0.0,omar (4); fictional (1); inspect (1); compares (1); folder (1); inspectors (1); clearer (1),,low-frequency,needs-editorial-review
s1354,3,People and biography,Keiko Tan: The Work Behind the Work,a1e4c6290869515e2a7426d5b4055cea3e0e4fd6cffdd933729b37df8c5ea72b,103,11,12,9.36,7.77,3.88,keiko (4); librarian (1); fictional (1); grandmother's (1); headphones (1),,very-low-frequency,needs-editorial-review
s1355,3,People and biography,Mateo Cruz: The Work Behind the Work,51944faaee658f7be249aae15bf57a64c7ccca2912ddcf704f78d535ae1685d1,116,10,18,11.6,6.9,0.0,mateo (4); busiest (1); muddy (1); slippery (1); notebook (1),,,automated-screen-clear
s1356,3,People and biography,Sara Lind: The Work Behind the Work,2c52dff80e6ebc2039bf8bb74c7de5be65d99c0ad991ee4dcb22e0d66899c833,104,12,14,8.67,5.77,0.96,sara (4); lind (1); fictional (1),,,automated-screen-clear
s1357,3,People and biography,Theo Martin: The Work Behind the Work,b5712dbc229551545c1c80440fc8abda417e767e5d4a62cd7f7ada1439fcd02a,104,11,14,9.45,10.58,0.0,theo (4); deaf (2); rehearsal (2); interpreter (1); fictional (1); rehearsals (1),,low-frequency,needs-editorial-review
s1358,3,People and biography,Priya Das: The Work Behind the Work,5230c7f7ed602eea953444ef6e91d48bcde1972235dd02c7d23bdfd962770720,119,11,16,10.82,8.4,3.36,priya (3); das (1); tasted (1); disagreed (1); inspected (1); repaired (1); thanked (1); retested (1),,very-low-frequency,needs-editorial-review
s1359,3,People and biography,Marcus Green: The Work Behind the Work,e9f6abe3a41ec1a3772f6892a793e28c5932b5bfa9058bf01d4e171ce3c0ce27,105,11,13,9.55,3.81,0.0,fictional (1); rented (1); saturdays (1); organize (1),,,automated-screen-clear
s1360,3,People and biography,Yara Nasser: The Work Behind the Work,e848e32cf2c3c71e56631b02c0a373fb7aa5dcba69b6dcd0e72c1b9f0e03ed58,116,12,14,9.67,6.9,2.59,yara (3); evenings (2); nasser (1); technician (1); faults (1),,very-low-frequency,needs-editorial-review
s1361,3,People and biography,Finn Osei: The Work Behind the Work,369fa39ea33efedbb84b8ce27e1c60428786d27869a630b8a4e4a03d0762ac03,104,8,20,13,8.65,0.96,finn (4); interpreter (2); osei (1); paused (1); hearings (1),,,automated-screen-clear
s1362,3,People and biography,Leah Park: The Work Behind the Work,4a0290c7e3430d5b2f21d1c3fabe5daf0b91bc01f5b6b58fefba97e0ad2fc9b6,107,9,17,11.89,8.41,0.93,leah (3); threads (3); fragile (1); conservator (1); harmful (1),,,automated-screen-clear
s1363,3,People and biography,Ravi Mehta: The Work Behind the Work,cd5777bbd62feaaa5cef810dbf0bf5316e868a54643af5e5ac16dbb79dbaa4f8,119,9,19,13.22,6.72,0.84,ravi (4); mehta (1); rode (1); evenings (1); riders (1),,,automated-screen-clear
s1364,3,People and biography,Sofia Almeida: The Work Behind the Work,b3bc012fd166715086d1d05ad00eddb94b0372aa46e3bbc2c4e39a5b8e60da08,111,12,13,9.25,7.21,0.9,sofia (3); almeida (1); fictional (1); nests (1); disturbance (1); waits (1),,,automated-screen-clear
s1365,3,People and biography,Daniel Cho: The Work Behind the Work,2218d09f45290515605588f59b3a4b5415c893d698ab814a79e74edc9622dfa8,110,9,18,12.22,6.36,0.91,strap (2); cho (1); rehabilitation (1); sleeve (1); clinician (1); supervised (1),,,automated-screen-clear
s1366,3,People and biography,Fatima Noor: The Work Behind the Work,aa451a44c3cd2acdb68c9e3d0ec4b8c80178de5ed95b9055752be33ddd710770,104,11,14,9.45,13.46,0.96,sellers (4); fatima (3); noor (1); fictional (1); stalls (1); divides (1); repaired (1); delays (1); disagreements (1),,low-frequency,needs-editorial-review
s1367,3,People and biography,Henry Cole: The Work Behind the Work,b93cf26e3b03186dee36b9ea1ff12228cd707912c5c9597aa0117e3aba75827b,105,11,15,9.55,4.76,0.0,observes (1); fictional (1); guesses (1); researcher (1); readings (1),,,automated-screen-clear
s1368,3,People and biography,Anika Bose: The Work Behind the Work,3384386ac9929a78b8fe915aa3eb365068e1e0c872a4720491e27b5dabc3ac52,104,10,15,10.4,4.81,1.92,anika (2); bose (1); fictional (1); unclear (1),,very-low-frequency,needs-editorial-review
s1369,3,People and biography,Gabriel Stone: The Work Behind the Work,a9840e8e04f69f0616b346edf94e57d9b2dc7e84a64881cb68deef8e91e02fda,102,10,15,10.2,7.84,0.98,gabriel (2); clocks (1); fictional (1); removes (1); discusses (1); station's (1); gabriel's (1),,,automated-screen-clear
s1370,3,People and biography,Mina Rahman: The Work Behind the Work,1ea41abacc3dce2094f80044c006fe0d8fc9338402a03b0877a629ee4dd912ba,112,9,18,12.44,8.04,0.89,mina (2); cooks (2); pickup (2); rahman (1); kitchen’s (1); clearer (1),,,automated-screen-clear
s1371,4,People and biography,Arthur Vale and the Spring Notes,9dce7ccfd03f49b506c1309d4a2c29c2c291ff79de0fed002b5364dffe59f873,153,11,22,13.91,4.58,0.0,cloudy (2); limestone (1); vale (1); notebook (1); upstream (1); unanswered (1),,,automated-screen-clear
s1372,4,People and biography,Zoe Bennett and the Broken Kettle,2a4a121cd43c8491b9b1c515f345537f0aaf749a3fca8552a57003c15af97776,152,10,20,15.2,10.53,0.66,zoe (6); kettle (3); repaired (1); unplugged (1); appliance (1); kettles (1); thanked (1); differed (1); worker’s (1),,,automated-screen-clear
s1373,4,People and biography,Maya Chen and the River Marks,2e904dfba05df25ededdb5a809f6882cddd5e2c24ce846b5f4f5bc466721c909,160,10,23,16,6.88,0.0,maya (4); crews (2); chen (1); riverside (1); trusting (1); corrected (1); notices (1),,,automated-screen-clear
s1374,4,People and biography,Jon Bell and the Saturday Repair Table,8cc09e7cc03f4336009841331b5de662dc0aa7bb1630a9b41fe8f196d84e9039,160,13,18,12.31,9.38,1.25,riders (2); saturdays (2); asha (2); bicycle (2); repaired (1); bicycles (1); puncture (1); rode (1); brakes (1); mechanic (1); inspected (1),,,automated-screen-clear
s1375,4,People and biography,Amina Okafor and the Seed Room,3d494948cdf83fc7645fdef5303959a2f4b4b7ff173258e95ca727ee28147e80,153,11,19,13.91,11.11,4.58,amina (4); growers (4); notebook (2); okafor (1); harvests (1); shelves (1); labeled (1); grower (1); copied (1); sprouted (1),,low-frequency;very-low-frequency,needs-editorial-review
s1376,4,People and biography,Luis Ortega and the Evening Class,f9eab2c677bb839e1f485a66360e0eb42b423afd70a7489c02102bb6643ea4be,147,11,21,13.36,6.12,0.68,luis (4); ortega (1); notices (1); rosa (1); aloud (1); rosa’s (1),,,automated-screen-clear
s1377,4,People and biography,Hana Mori and the Wooden Cart,bba1c9bd8c6e7dcbe946dd65eeea17a3fc93af7022e128b5d754982ddb780b1f,140,11,19,12.73,9.29,0.71,hana (5); cart (3); peg (3); mori (1); pegs (1),,,automated-screen-clear
s1378,4,People and biography,Samir Patel and the Rainy Road,72c5401720244af87c575bfd446ca58418089b086edae9c9327f2b3cbc59efd5,144,11,19,13.09,6.25,0.69,samir (4); patel (1); clinics (1); rainy (1); flooded (1); clinic's (1),,,automated-screen-clear
s1379,4,People and biography,Elena Rossi and the Courtyard Beds,53033834be1d6fc9b8e26bca7c0d3424afb8cc8dac339ef408c29dcd10c70094,153,11,19,13.91,6.54,0.0,elena (4); rossi (1); gardener (1); inviting (1); rainwater (1); puddle (1); watering (1),,,automated-screen-clear
s1380,4,People and biography,David Kim and the Backup Message,f2c1f28318f8fd139b38f47657468f32132201ad826b5bf94dac709450c1c78d,139,10,21,13.9,2.88,0.0,checklist (2); labeled (1); neighboring (1),,,automated-screen-clear
s1381,4,People and biography,Nora Hassan and the Market Recording,8786ac1c3077b8f8d3f6fbadba34338599c9e7d28488f28bcada36af460bc97e,147,10,19,14.7,11.56,1.36,nora (6); leila (6); hassan (1); recorder (1); bakery (1); shopkeeper (1); leila's (1),,low-frequency,needs-editorial-review
s1382,4,People and biography,Peter Walsh and the Winter Menu,1c2ed5ac64942ff5ab0207b9836f396f73cc8266b9702a7cfe46b775d3c3ab19,143,10,20,14.3,4.2,0.0,carrots (2); walsh (1); grower (1); quantities (1); leftovers (1),,,automated-screen-clear
s1383,4,People and biography,Inez Silva and the Clay Samples,c9a59071c2c849137beb22219392d8189ea5e8cf765fb71112ff28199cc7e8c9,143,11,26,13,11.89,2.8,inez (3); tiles (3); silva (1); pottery (1); behaved (1); supplier (1); mixtures (1); tile (1); kiln (1); cracked (1); glaze (1); workshop's (1); interrupted (1),,low-frequency;very-low-frequency,needs-editorial-review
s1384,4,People and biography,Omar Reed and the Bridge File,7a88e0dcc8308025cf8c5d09d83021df6800202a82164305f7d8b7f2003ba428,148,11,19,13.45,4.73,0.68,omar (5); inspected (1); resident's (1),,,automated-screen-clear
s1385,4,People and biography,Keiko Tan and the Story Shelf,316f66cbde2d878b0776768585e802f2901d752462b8ac727e3a0d713d738962,146,10,25,14.6,6.85,3.42,keiko (4); multilingual (1); suburb (1); catalog (1); library's (1); aloud (1); labeled (1),,very-low-frequency,needs-editorial-review
s1386,4,People and biography,Mateo Cruz and the Valley Path,c1926886d2189625c39c6c09a8ea5dd66204b69cb6e7c4181e3db09c4c1e6db6,156,11,19,14.18,9.62,0.64,mateo (4); walkers (2); shortcut (2); rainy (1); footprints (1); colleague (1); park's (1); muddy (1); inspect (1); mateo's (1),,,automated-screen-clear
s1387,4,People and biography,Sara Lind and the Harbor Checklist,396e234972ae397c5657b210fa58f467c4ba316ff563cfb19ec8ddda7ac732be,160,11,23,14.55,8.75,0.62,sara (4); checklist (2); lind (1); repaired (1); interrupted (1); inspected (1); dock (1); homemade (1); leaks (1); practiced (1),,,automated-screen-clear
s1388,4,People and biography,Theo Martin and the Rehearsal,386838b9b1143f9926a1e55296a40caa1e15d947ef45a4a5ad0aef93bd67d194,155,10,21,15.5,8.39,0.65,theo (5); rehearsal (2); interpreter (2); interpret (1); deaf (1); rehearsed (1); guest's (1),,,automated-screen-clear
s1389,4,People and biography,Priya Das and the Well Samples,26d1d8c76b42e530d3e4e07c75bd43e94831e4cf241bb2a66e281f4336677728,152,10,27,15.2,6.58,3.95,priya (4); das (1); tasted (1); sampling (1); office's (1); inspected (1); engineer's (1),,very-low-frequency,needs-editorial-review
s1390,4,People and biography,Marcus Green and the Borrowed Room,3d87a177b7449389d7351c7895e1d2f5fcb6f806708131b636703e2026acc206,150,11,24,13.64,6.0,0.0,rehearsal (2); evenings (2); caretaker (1); crowded (1); drummer (1); flute (1); afterward (1),,,automated-screen-clear
s1391,5,People and biography,Yara Nasser: A Wider Circle,09e3c7127852b59c038c6877ab71ae9f72dace18797a1aaf9b037215c4fa446c,172,11,20,15.64,14.53,5.23,yara (8); nasser (7); technician (1); imported (1); credited (1); nasser's (1); willingness (1); revise (1); adapting (1); copying (1); hottest (1); succeeds (1),,low-frequency;very-low-frequency,needs-editorial-review
s1392,5,People and biography,Finn Osei: A Wider Circle,f6d1563048f66dfc1423005bef38edb7522f027fc715b571d325e9460cec2bf9,175,12,20,14.58,18.86,5.14,finn (9); osei (7); arrivals (2); hearings (2); understandable (2); osei's (2); translator (1); simplified (1); contributors (1); credited (1); willingness (1); revise (1); explanations (1); clearer (1); guides (1),,low-frequency;very-low-frequency,needs-editorial-review
s1393,5,People and biography,Leah Park: A Wider Circle,80104a25686dbea2cf3c57c3f0593eaa11199c1dc43a5db29c742ad66c9c2a84,173,12,19,14.42,12.72,1.73,leah (7); textile (2); conservator (2); fragile (2); uncertain (1); failures (1); depended (1); brilliance (1); documenting (1); park's (1); consulted (1); banner's (1); meanings (1),,,automated-screen-clear
s1394,5,People and biography,Ravi Mehta: A Wider Circle,2ae07f9975e0d17c63e13a1922a79aac089b97517170c87a0d85194726d72cff,178,12,19,14.83,11.8,2.81,ravi (5); mehta's (3); mehta (2); planner (1); persistent (1); constraint (1); irregular (1); fuller (1); dependable (1); openness (1); relying (1); rode (1); durable (1); routines (1),,very-low-frequency,needs-editorial-review
s1395,5,People and biography,Sofia Almeida: A Wider Circle,d24c1c846b38a00bc42ddde4962481807bc81b4e649ed43f60096c9f31265c75,178,12,20,14.83,12.36,3.37,sofia (6); almeida (4); wetland (2); nesting (2); almeida's (2); unsafe (1); adapting (1); copying (1); fuller (1); dependable (1); openness (1),,very-low-frequency,needs-editorial-review
s1396,5,People and biography,Daniel Cho: A Wider Circle,881eb556e8bf4a4e8cb57273b43356b6c8cda14d3a00e9bbd7df6d11e8385e82,176,11,19,16,9.66,0.57,cho (7); rehabilitation (2); prosthetic (1); simplified (1); contributors (1); credited (1); cho's (1); willingness (1); revise (1); adjustable (1),,,automated-screen-clear
s1397,5,People and biography,Fatima Noor: A Wider Circle,c5b76276af3dadc2d0296da95ef9f701bab458b67eea7e8ddb0720e7f28e5293,177,12,19,14.75,15.25,5.08,fatima (9); noor (8); sellers (2); favored (1); documenting (1); noor's (1); simplified (1); contributors (1); credited (1); redesigned (1); renewal (1),,low-frequency;very-low-frequency,needs-editorial-review
s1398,5,People and biography,Henry Cole: A Wider Circle,8d65c5428b704da09ae80ea5e8805f0ce6bd035da34eac97132f8f08e85cdd05,185,13,21,14.23,4.86,0.54,observer (2); uncertain (1); relying (1); failures (1); depended (1); brilliance (1); documenting (1); cole's (1),,,automated-screen-clear
s1399,5,People and biography,Anika Bose: A Wider Circle,07f17b09800ee0aa934649ba29166e5e88ad20ab867c08af30367e874659170f,171,11,19,15.55,11.11,4.68,anika (4); bose's (3); tenants (3); persistent (1); constraint (1); fuller (1); dependable (1); openness (1); bose (1); rewrote (1); explanations (1); durable (1),,very-low-frequency,needs-editorial-review
s1400,5,People and biography,Gabriel Stone: A Wider Circle,623bc880474e6360830acacb1f5487cc797c0a5366e825dfc457aa3dcf8ba106,178,12,19,14.83,12.36,0.56,gabriel (7); stone's (3); station's (2); restorer (1); fixes (1); willingness (1); revise (1); adapting (1); copying (1); fuller (1); dependable (1); openness (1); illusion (1),,,automated-screen-clear
s1401,5,People and biography,Mina Rahman: A Wider Circle,99ecb5f1e2f075fbe30fa96259066346e9970bcca47aae981594ffb535d2ee84,174,11,20,15.82,16.09,0.57,mina (8); rahman (7); redirect (2); organizer (1); rahman's (1); simplified (1); contributors (1); credited (1); shelters (1); lowering (1); coordination (1); scattered (1); surplus (1); dependable (1),,low-frequency,needs-editorial-review
s1402,5,People and biography,Arthur Vale: A Wider Circle,b75f7b706e206674f1a30f00ae31f4873bf4d389cf145eec2ba3aced7cf25006,170,12,19,14.17,11.76,0.59,vale (7); limestone (2); researcher (1); passages (1); unreliable (1); depended (1); brilliance (1); documenting (1); vale's (1); simplified (1); contributors (1); credited (1); markers (1),,,automated-screen-clear
s1403,5,People and biography,Zoe Bennett: A Wider Circle,52280792e4bb91d5f0bbf21fdd5412bd6977b6ae195c88b71b3a18e772cbd691,184,13,20,14.15,7.61,0.0,zoe (7); uncertain (1); relying (1); failures (1); depended (1); brilliance (1); documenting (1); guides (1),,,automated-screen-clear
s1404,5,People and biography,Maya Chen: Learning to Listen,dba9b745f78e24c0e413138c062d45515ffd410af704858230ad277fbb65a3be,175,11,21,15.91,15.43,1.71,maya (8); chen (6); chen's (2); crews (2); seasonal (1); floods (1); credited (1); willingness (1); revise (1); adapting (1); copying (1); fishers (1); observers (1),,low-frequency,needs-editorial-review
s1405,5,People and biography,Jon Bell: Learning to Listen,c621faac6119d0c487c03f4fbb9bfd2a2936686393226fc2ca70a61c45704294,172,12,19,14.33,9.3,0.58,crowded (2); bell's (2); bicycle (1); repairer (1); discarded (1); bicycles (1); faults (1); simplified (1); contributors (1); credited (1); willingness (1); revise (1); workshops (1); multiply (1),,,automated-screen-clear
s1406,6,People and biography,Amina Okafor: Learning to Listen,cdee470cbfd313820f2a671995b03d888c7efc9ee3de780914d3b730e4bb1748,203,12,20,16.92,12.32,7.88,amina (8); okafor (7); varieties (1); depended (1); brilliance (1); documenting (1); okafor's (1); simplified (1); contributors (1); credited (1); growers (1); preserving (1),,very-low-frequency,needs-editorial-review
s1407,6,People and biography,Luis Ortega: Learning to Listen,41bc9ef904ae13dab4e8b49efd492fd46e6821aeff09139cc6ff7dd18c4bae9d,202,14,20,14.43,14.36,0.99,luis (9); ortega (8); failures (1); depended (1); brilliance (1); documenting (1); ortega's (1); simplified (1); contributors (1); credited (1); menus (1); notices (1); respects (1); learner's (1),,,automated-screen-clear
s1408,6,People and biography,Hana Mori: Learning to Listen,87482254e49e63b790e989c9405e187e4b9ffdd24fb1af498a890f20af2ba02f,202,14,19,14.43,11.88,0.5,hana (7); mori (6); uncertain (1); dependable (1); mori's (1); openness (1); relying (1); failures (1); depended (1); brilliance (1); apprentices (1); survives (1); adapting (1),,,automated-screen-clear
s1409,6,People and biography,Samir Patel: Learning to Listen,16460d0476f576b566b312b23c15afca591db86e1a6ad66b6233afbbc13e9749,212,14,19,15.14,12.26,1.89,samir (6); patel's (4); patel (2); delays (2); persistent (1); constraint (1); rainy (1); willingness (1); revise (1); adapting (1); copying (1); fuller (1); dependable (1); openness (1); helpers (1),,,automated-screen-clear
s1410,6,People and biography,Elena Rossi: Learning to Listen,3ad340d31f40432f40086845b17daee37b3a1bb88761e5081bc510c9d820a751,158,11,21,14.36,6.96,0.63,elena (3); gardener (1); rossi (1); crowded (1); planting (1); driest (1); herbs (1); watering (1); revision (1),,,automated-screen-clear
s1411,6,People and biography,David Kim: Learning to Listen,3c64aa78d5ba10e1cf6f6819106ee422474458df55455bc28e4b7316aecbde3f,205,13,21,15.77,6.34,0.0,storm-prone (2); failures (1); depended (1); brilliance (1); documenting (1); kim's (1); simplified (1); contributors (1); credited (1); neighboring (1); resilient (1); understandable (1),,,automated-screen-clear
s1412,6,People and biography,Nora Hassan: Learning to Listen,6b3653d26761b1df2a4e8e3bd177d2899312f67154c18cde4a4f659069f8dd26,199,14,19,14.21,13.57,0.5,nora (8); hassan (7); historian (2); unimportant (1); failures (1); depended (1); brilliance (1); documenting (1); hassan's (1); simplified (1); contributors (1); credited (1); archive (1),,,automated-screen-clear
s1413,6,People and biography,Peter Walsh: Learning to Listen,6d482b6a29918a8182ad244abd7dd1f002a55800c6b8a144c06c42170494d953,200,13,21,15.38,6.5,1.0,walsh (5); walsh's (2); uncertain (1); fuller (1); dependable (1); openness (1); relying (1); menus (1),,,automated-screen-clear
s1414,6,People and biography,Inez Silva: Learning to Listen,f7f586488f1710938f2bf9f8d5d0e9b1770ab5e02bd5488da6b4a95a760e5aaa,204,13,20,15.69,14.22,4.41,inez (6); silva's (3); silva (3); rebuild (2); glaze (2); ceramic (1); persistent (1); constraint (1); willingness (1); revise (1); adapting (1); copying (1); fuller (1); dependable (1); mixtures (1),,very-low-frequency,needs-editorial-review
s1415,6,People and biography,Omar Reed: Learning to Listen,08a399ea01db7709309e2de5bed45a06bd56fdb1af40ebc0c96b610269832250,205,14,19,14.64,12.2,1.95,omar (9); crossings (2); reed's (2); prioritized (2); incomplete (1); simplified (1); contributors (1); credited (1); willingness (1); revise (1); adapting (1); copying (1); fuller (1); improves (1),,,automated-screen-clear
s1416,6,People and biography,Keiko Tan: Learning to Listen,292441474f637f36368ace350fae8c702a712c5295567c49c162ff0348c5fb04,203,13,19,15.62,11.33,4.43,keiko (8); librarian (2); multilingual (2); suburb (2); failures (1); depended (1); brilliance (1); documenting (1); tan's (1); simplified (1); contributors (1); credited (1); shelves (1),,very-low-frequency,needs-editorial-review
s1417,6,People and biography,Mateo Cruz: Learning to Listen,c0a5a29cb9b0ed2b764eb1ac879b2aa20a27cc816ccb01530b1c2cfe74f58bf9,203,15,19,13.53,12.81,0.49,mateo (9); trails (3); welcoming (3); damaging (1); relying (1); failures (1); depended (1); brilliance (1); documenting (1); cruz's (1); simplified (1); contributors (1); credited (1); erosion (1),,,automated-screen-clear
s1418,6,People and biography,Sara Lind: Learning to Listen,6a9cb5d18af7fde32314ebc8a33096354b09a0de257b2662255fec86b672fcf9,148,12,20,12.33,5.41,1.35,sara (2); mechanic (1); lind (1); rebuilt (1); crews (1); sara's (1); weaken (1),,,automated-screen-clear
s1419,6,People and biography,Theo Martin: Learning to Listen,d001fcb23eef291c4bd584c52c378de026d902fa44d04ffd4b68d9c50ecc0d05,195,13,19,15,11.28,0.0,theo (7); martin's (3); interpreter (1); persistent (1); constraint (1); credited (1); willingness (1); revise (1); adapting (1); copying (1); fuller (1); rehearsal (1); afterward (1); durable (1),,,automated-screen-clear
s1420,6,People and biography,Priya Das: Learning to Listen,4e86dbd80af54637c306ada993ba1889242074d54f8a97e8eec8370c2440d0dc,201,14,19,14.36,15.92,5.47,priya (9); das (7); tasted (2); das's (2); drainage (2); conflicting (1); simplified (1); contributors (1); credited (1); willingness (1); revise (1); adapting (1); copying (1); mapped (1); connects (1),,low-frequency;very-low-frequency,needs-editorial-review
s1421,7,People and biography,Marcus Green: Learning to Listen,7e89c26d2dfee94ddfee926fed8dcce1c2895051a7c9fa5e28660ac35f4e7ad8,236,15,19,15.73,10.17,0.0,green's (3); practicing (3); rehearsal (3); persistent (1); constraint (1); depended (1); brilliance (1); documenting (1); simplified (1); contributors (1); credited (1); willingness (1); revise (1); adapting (1); copying (1),,,automated-screen-clear
s1422,7,People and biography,Yara Nasser: Learning to Listen,f4aaa482f5ec53bc00512389d5644e185926b0fd05dd41bb1b9490cdf719d73d,237,16,20,14.81,15.19,5.49,yara (11); nasser (9); technician (2); nasser's (2); imported (1); failures (1); depended (1); brilliance (1); documenting (1); simplified (1); contributors (1); credited (1); willingness (1); revise (1); hottest (1),,very-low-frequency,needs-editorial-review
s1423,7,People and biography,Finn Osei: Learning to Listen,f1ee16e0e889b1c3fcb8af7fa2c26005285dc4331480fa27926aa4188886dab1,227,15,20,15.13,16.74,3.52,finn (8); osei (7); hearings (4); understandable (4); translator (2); arrivals (2); dependable (1); osei's (1); openness (1); relying (1); failures (1); depended (1); brilliance (1); documenting (1); explanations (1),,very-low-frequency,needs-editorial-review
s1424,7,People and biography,Leah Park: Learning to Listen,9176ce029e5c218eef8ea59c718aa20ca5bcf90369ab92c79ebcd4e705998b8a,227,16,19,14.19,12.78,1.76,leah (8); fragile (4); textile (2); conservator (2); banner's (2); park's (2); fuller (1); dependable (1); openness (1); relying (1); failures (1); depended (1); brilliance (1); consulted (1); meanings (1),,,automated-screen-clear
s1425,7,People and biography,Ravi Mehta: Learning to Listen,1e31e00e4e277892e2e1ad048ffe3fe98553f34c7a2f7e4c0460e852af948128,228,15,19,15.2,14.47,4.39,ravi (10); mehta (7); mehta's (3); planner (1); uncertain (1); irregular (1); credited (1); willingness (1); revise (1); adapting (1); copying (1); fuller (1); dependable (1); openness (1); rode (1),,very-low-frequency,needs-editorial-review
s1426,7,People and biography,Sofia Almeida: Learning to Listen,89d5de6f8509785952d3a55cb5841c41d82cab2577aa3bda87f099354d1b382a,230,15,20,15.33,14.78,3.91,sofia (9); almeida (6); almeida's (3); wetland (2); persistent (1); constraint (1); unsafe (1); failures (1); depended (1); brilliance (1); documenting (1); simplified (1); contributors (1); credited (1); willingness (1),,very-low-frequency,needs-editorial-review
s1427,7,People and biography,Daniel Cho: Learning to Listen,8581cb865ab3e51c9cc175cc656d251e12327c92ff954624e4c2cd72fefd764d,236,16,19,14.75,9.75,0.42,cho (9); rehabilitation (3); prosthetic (2); failures (1); depended (1); brilliance (1); documenting (1); cho's (1); simplified (1); contributors (1); credited (1); adjustable (1),,,automated-screen-clear
s1428,7,People and biography,Fatima Noor: Learning to Listen,1a4be671a16701b3df46fa0a14283ba59e7e03a9624b4d1cbcba6ed02185d717,240,15,21,16,12.5,3.33,fatima (8); noor (6); sellers (4); noor's (2); favored (1); fuller (1); dependable (1); openness (1); relying (1); failures (1); depended (1); brilliance (1); redesigned (1); renewal (1),,,automated-screen-clear
s1429,7,People and biography,Henry Cole: Learning to Listen,49a5ea00d29acd2d1f59a77fc8886cf1e44305f6609a74435c7ed88b3ed08613,225,16,21,14.06,4.89,0.89,observer (2); cole's (2); adapting (1); copying (1); fuller (1); dependable (1); openness (1); relying (1); failures (1),,,automated-screen-clear
s1430,7,People and biography,Anika Bose: Learning to Listen,6c6d02cb9eef3dd1ce706bdb42aabefcc1a01af53c309c7105ee1512de5d889f,236,15,19,15.73,13.98,5.08,anika (9); bose (7); tenants (3); bose's (2); uncertain (1); simplified (1); contributors (1); credited (1); willingness (1); revise (1); adapting (1); copying (1); fuller (1); dependable (1); rewrote (1),,very-low-frequency,needs-editorial-review
s1431,7,People and biography,Gabriel Stone: Learning to Listen,e63505684614d75848f304b211d93f0535e75eff22f468e4193fb862ce4772be,229,15,19,15.27,11.79,0.87,gabriel (8); station's (3); stone's (2); restorer (2); persistent (1); constraint (1); fixes (1); failures (1); depended (1); brilliance (1); documenting (1); simplified (1); contributors (1); credited (1); durable (1),,,automated-screen-clear
s1432,7,People and biography,Mina Rahman: Learning to Listen,91f5d4ae80e4a7cab7a546f6cd80da411c93b1d7ca900681f77c46ef65be82e4,227,16,19,14.19,17.18,0.44,mina (10); rahman (9); redirect (3); organizer (2); relying (1); failures (1); depended (1); brilliance (1); documenting (1); rahman's (1); simplified (1); contributors (1); credited (1); shelters (1); lowering (1),,low-frequency,needs-editorial-review
s1433,7,People and biography,Arthur Vale: Learning to Listen,b00806dd0fca731c76592ee009190ed5dbc302fa5b5c11b6196218b05cf7ee1f,236,16,19,14.75,9.32,0.85,vale (6); researcher (2); limestone (2); vale's (2); passages (1); unreliable (1); fuller (1); dependable (1); openness (1); relying (1); failures (1); depended (1); brilliance (1); markers (1),,,automated-screen-clear
s1434,7,People and biography,Zoe Bennett: Learning to Listen,3d93b8ec49d28241b1f53f366816a457a960b22d888fc346067c33ed85e1d94c,226,16,20,14.13,9.29,1.33,zoe (8); bennett's (3); guides (2); willingness (1); revise (1); adapting (1); copying (1); fuller (1); dependable (1); openness (1); relying (1),,,automated-screen-clear
s1435,7,People and biography,Maya Chen: What Remained,35e16123020d439c31117c264dcefd5c4c1fc30fddc0f74d1c9111f946ab719f,225,15,20,15,15.11,0.89,maya (10); chen (9); crews (3); seasonal (1); floods (1); failures (1); depended (1); brilliance (1); documenting (1); chen's (1); simplified (1); contributors (1); credited (1); fishers (1); observers (1),,,automated-screen-clear
s1436,8,People and biography,Jon Bell: What Remained,b8de5bc1cdd04c098cddeda0f77846849c731816bf2f1f7ada3899f6c8628b7d,250,17,19,14.71,10.0,0.8,crowded (3); bell's (2); bicycle (2); repairer (2); persistent (1); constraint (1); discarded (1); bicycles (1); faults (1); relying (1); failures (1); depended (1); brilliance (1); documenting (1); simplified (1),,,automated-screen-clear
s1437,8,People and biography,Amina Okafor: What Remained,d308cbb25366244890e7092465169fd9200d1e25870af2a66a173d8d07c2ca98,255,17,20,15,12.55,7.84,amina (10); okafor (8); okafor's (2); varieties (1); openness (1); relying (1); failures (1); depended (1); brilliance (1); documenting (1); simplified (1); contributors (1); credited (1); growers (1); preserving (1),,very-low-frequency,needs-editorial-review
s1438,8,People and biography,Luis Ortega: What Remained,9c79e4f1e2dcced9f75c96a2527b5b7c6d693ebd1d7eff3de0ba297d62626969,243,16,21,15.19,10.7,1.65,luis (7); ortega (4); ortega's (3); willingness (1); revise (1); adapting (1); copying (1); fuller (1); dependable (1); openness (1); relying (1); menus (1); notices (1); respects (1); learner's (1),,,automated-screen-clear
s1439,8,People and biography,Hana Mori: What Remained,a7707a8ed757f4b309c32a94ee21044a24a24d6f82bba592e54a4762868d93fd,242,17,19,14.24,13.22,1.24,hana (10); mori (7); mori's (3); adapting (2); apprentices (2); willingness (1); revise (1); copying (1); fuller (1); dependable (1); openness (1); relying (1); survives (1),,,automated-screen-clear
s1440,8,People and biography,Samir Patel: What Remained,48951aa179572ad0cc0c81cab1ebf57abd89c6bd0eb406f033309cca152cc769,245,16,19,15.31,14.29,0.82,samir (10); patel (8); patel's (2); delays (2); uncertain (1); rainy (1); depended (1); brilliance (1); documenting (1); simplified (1); contributors (1); credited (1); willingness (1); revise (1); adapting (1),,,automated-screen-clear
s1441,8,People and biography,Elena Rossi: What Remained,d9b0d1e6f065cd2fdaec77e47a043676bd7ac2148b7a0906c5f5434fdf53020a,257,17,19,15.12,11.28,0.78,elena (8); rossi (6); rossi's (2); gardener (2); persistent (1); constraint (1); relying (1); failures (1); depended (1); brilliance (1); documenting (1); simplified (1); contributors (1); credited (1); durable (1),,,automated-screen-clear
s1442,8,People and biography,David Kim: What Remained,baaaaa1954ce98d62b1d5de6dc617be95e83f86a70b0ce5a0c66a0c5f2bce978,245,17,18,14.41,6.94,0.0,storm-prone (3); kim's (2); dependable (1); openness (1); relying (1); failures (1); depended (1); brilliance (1); documenting (1); simplified (1); contributors (1); neighboring (1); resilient (1); understandable (1),,,automated-screen-clear
s1443,8,People and biography,Nora Hassan: What Remained,496b0d72eefc7445480fae87a8460d436a6ee727df16a009717c93789c9f9666,252,16,21,15.75,11.9,1.19,nora (9); hassan (6); hassan's (3); archive (2); historian (1); unimportant (1); willingness (1); revise (1); adapting (1); copying (1); fuller (1); dependable (1); openness (1); relying (1),,,automated-screen-clear
s1444,8,People and biography,Peter Walsh: What Remained,6844e63e3a2dce3d86743666712346d9a0ec3a1434e5210fd9d55e639d80145a,247,16,21,15.44,7.69,1.21,walsh (7); walsh's (3); credited (1); willingness (1); revise (1); adapting (1); copying (1); fuller (1); dependable (1); openness (1); menus (1),,,automated-screen-clear
s1445,8,People and biography,Inez Silva: What Remained,eba4ee9d912b8369ca0bbf0f769ddfdf54b95455f782306c381cd9a752a4e0d1,249,16,20,15.56,16.87,5.22,inez (11); silva (9); rebuild (3); silva's (2); ceramic (1); uncertain (1); failures (1); depended (1); brilliance (1); documenting (1); simplified (1); contributors (1); credited (1); willingness (1); revise (1),,very-low-frequency,needs-editorial-review
s1446,9,People and biography,Omar Reed: What Remained,aa94e7ab2bf716bbbf267fd6727c878f968753ad5e158cc9b357e19fae0fe590,267,18,19,14.83,12.73,1.87,omar (11); crossings (4); reed's (3); prioritized (2); incomplete (1); depended (1); brilliance (1); documenting (1); simplified (1); contributors (1); credited (1); willingness (1); revise (1); adapting (1); copying (1),,,automated-screen-clear
s1447,9,People and biography,Keiko Tan: What Remained,4ab962a024b045ee5902af4539ce77d3cd451f7f218e71dda433e4dd4473ba68,268,18,19,14.89,11.19,4.48,keiko (11); multilingual (3); suburb (3); librarian (2); uncertain (1); relying (1); failures (1); depended (1); brilliance (1); documenting (1); tan's (1); simplified (1); contributors (1); credited (1); shelves (1),,,automated-screen-clear
s1448,9,People and biography,Mateo Cruz: What Remained,0e013bd0628a6204ad86e985ec64dec54f74075d0a91344bced9a92b095a7d92,261,18,19,14.5,13.03,1.15,mateo (7); trails (4); welcoming (4); cruz's (3); erosion (2); persistent (1); constraint (1); damaging (1); adapting (1); copying (1); fuller (1); dependable (1); openness (1); relying (1); failures (1),,,automated-screen-clear
s1449,9,People and biography,Sara Lind: What Remained,eb0c6ccbc90355a729466c6477b6162ac9a8040f3933e697547c3d889ae5cf0b,150,10,21,15,5.33,1.33,sara (2); failures (2); lind (1); repairing (1); rebuilt (1); sara's (1),,,automated-screen-clear
s1450,9,People and biography,Theo Martin: What Remained,05c40766a6266739ec6c67922c9037caeb94d3b49a9f1630f4791aebb7cb1ea5,268,17,20,15.76,10.45,0.0,theo (11); martin's (4); interpreter (1); documenting (1); simplified (1); contributors (1); credited (1); willingness (1); revise (1); adapting (1); copying (1); fuller (1); dependable (1); rehearsal (1); afterward (1),,,automated-screen-clear
s1451,9,People and biography,Priya Das: What Remained,461e1b957245f5bc7d2a745476f39cd815f94f441a4557b209035c7354fd2dc2,277,19,19,14.58,16.61,5.42,priya (12); das (9); tasted (4); das's (3); drainage (2); conflicting (1); failures (1); depended (1); brilliance (1); documenting (1); simplified (1); contributors (1); credited (1); willingness (1); revise (1),,very-low-frequency,needs-editorial-review
s1452,9,People and biography,Marcus Green: What Remained,bea3ec75f216c3269c882474937c1ee70e18bdb8a28d8b6e671133bf0c3b440a,274,18,19,15.22,7.66,0.0,practicing (4); rehearsal (3); green's (2); uncertain (1); openness (1); relying (1); failures (1); depended (1); brilliance (1); documenting (1); simplified (1); contributors (1); credited (1); rotating (1); rehearsals (1),,,automated-screen-clear
s1453,9,People and biography,Yara Nasser: What Remained,dbc8e9e05842e7fc3898ffa4390ed6a3ca764c9f79b1792b8d5719d7b016c001,266,18,20,14.78,12.78,4.14,yara (7); nasser's (4); nasser (3); technician (2); hottest (2); persistent (1); constraint (1); imported (1); willingness (1); revise (1); adapting (1); copying (1); fuller (1); dependable (1); openness (1),,,automated-screen-clear
s1454,9,People and biography,Finn Osei: What Remained,b6f8af0c849dde88db8e2b5e8d4c496a3caf153fe0914003cee59f4817d72d9b,269,18,19,14.94,16.36,3.72,finn (10); osei (7); arrivals (3); hearings (3); understandable (3); osei's (3); translator (2); clearer (2); guides (2); willingness (1); revise (1); adapting (1); copying (1); fuller (1); dependable (1),,,automated-screen-clear
s1455,9,People and biography,Leah Park: What Remained,f05932da1f377251c82fb46cec675f58ec6aa4a0a5569e8f4b57d244540177fc,273,17,21,16.06,12.82,1.1,leah (11); park's (4); fragile (3); banner's (2); textile (1); conservator (1); depended (1); brilliance (1); documenting (1); simplified (1); contributors (1); credited (1); willingness (1); revise (1); adapting (1),,,automated-screen-clear
s1456,10,People and biography,Ravi Mehta: What Remained,f5fcfea8713bb12ab93c97e26b1ad46c91530a03cc949cfda31e7c13978572c1,292,19,19,15.37,13.36,4.11,ravi (12); mehta (8); mehta's (4); planner (1); irregular (1); documenting (1); simplified (1); contributors (1); credited (1); willingness (1); revise (1); adapting (1); copying (1); fuller (1); dependable (1),,,automated-screen-clear
s1457,10,People and biography,Sofia Almeida: What Remained,a41bb3d00a83f8eeded045a3a47a7d1e07f6605e4bffb052333b0ba00e9c4625,296,19,20,15.58,14.19,4.05,sofia (12); almeida (10); wetland (4); almeida's (2); unsafe (1); relying (1); failures (1); depended (1); brilliance (1); documenting (1); simplified (1); contributors (1); credited (1); willingness (1); revise (1),,,automated-screen-clear
s1458,10,People and biography,Daniel Cho: What Remained,c245816435988b13d75f5bbcc897ab1ec5223305011cb0bb6ec922a3aa8de717,293,20,19,14.65,10.24,1.02,cho (10); rehabilitation (3); cho's (3); prosthetic (2); openness (1); relying (1); failures (1); depended (1); brilliance (1); documenting (1); simplified (1); contributors (1); credited (1); willingness (1); revise (1),,,automated-screen-clear
s1459,10,People and biography,Fatima Noor: What Remained,4307ab17b7a6a075b55b0094a753644a08d2221e90e87d5568fa5b5c0ea7b4c0,290,19,20,15.26,14.14,3.45,fatima (10); noor (7); sellers (4); noor's (3); redesigned (2); uncertain (1); favored (1); willingness (1); revise (1); adapting (1); copying (1); fuller (1); dependable (1); openness (1); relying (1),,,automated-screen-clear
s1460,10,People and biography,Henry Cole: What Remained,7c9e684eb2615e337f7368d4c3bcc03948671000fb62da75dd015f45d5a8345d,290,18,21,16.11,6.55,1.72,cole's (5); observer (1); persistent (1); constraint (1); simplified (1); contributors (1); credited (1); willingness (1); revise (1); adapting (1); copying (1); fuller (1); dependable (1); openness (1); durable (1),,,automated-screen-clear
s1461,10,People and biography,Anika Bose: What Remained,31ff8fd6b7c51697866165f6953f20bddd5c8909ba39af7a99c9fb234b2db7af,298,19,19,15.68,14.43,5.7,anika (12); bose (8); tenants (4); bose's (4); depended (1); brilliance (1); documenting (1); simplified (1); contributors (1); credited (1); willingness (1); revise (1); adapting (1); copying (1); fuller (1),,,automated-screen-clear
s1462,10,People and biography,Gabriel Stone: What Remained,626cf8e93745219e7d48dc8aced43ed4c59a7dc6830299e6c9c6cfed5d46c14a,299,19,19,15.74,10.7,0.67,gabriel (12); station's (4); restorer (2); stone's (2); fixes (1); relying (1); failures (1); depended (1); brilliance (1); documenting (1); simplified (1); contributors (1); credited (1); willingness (1); revise (1),,,automated-screen-clear
s1463,10,People and biography,Mina Rahman: What Remained,1a3ae9b312ef1e4c808c0152710b016e77cc71b9891d251d00733f3127870283,288,20,19,14.4,16.32,0.69,mina (12); rahman (10); redirect (5); organizer (2); dependable (2); rahman's (2); openness (1); relying (1); failures (1); depended (1); brilliance (1); documenting (1); simplified (1); contributors (1); credited (1),,,automated-screen-clear
s1464,10,People and biography,Arthur Vale: What Remained,d7ad5ac7547588794d7501c774e765090a7bb4372eec7644026beadb0e93f4c1,289,20,19,14.45,11.07,1.04,vale (8); limestone (3); vale's (3); researcher (2); uncertain (1); passages (1); unreliable (1); willingness (1); revise (1); adapting (1); copying (1); fuller (1); dependable (1); openness (1); relying (1),,,automated-screen-clear
s1465,10,People and biography,Zoe Bennett: What Remained,f96f7ba591859985c8c765d6b0e785a18e3f7b1bed5ddcf3d301850c67ea566e,299,19,20,15.74,10.37,1.67,zoe (10); bennett's (5); guides (2); persistent (1); constraint (1); documenting (1); simplified (1); contributors (1); credited (1); willingness (1); revise (1); adapting (1); copying (1); fuller (1); dependable (1),,,automated-screen-clear
s1466,1,Everyday life,The Cup Beside the Sink,ae348e2603f11c8d9d097b1e27db28b2fba4c4ba5d1709a26f52ece0d6b2e6e8,66,10,9,6.6,3.03,0.0,mina (2),,,automated-screen-clear
s1467,1,Everyday life,The Two Red Socks,2796de586f24b8c079ec0fe21d68c0618c71b3860800b7bb4cc24f25f8ee19fd,65,9,11,7.22,7.69,0.0,sock (3); shakes (1); folds (1),,low-frequency,needs-editorial-review
s1468,2,Everyday life,A Quiet Lunch Table,971e58c58cf3b67220d69f622583bc3cac1ee87afd6d72bffc5544498fea8fcb,84,7,17,12,8.33,2.38,aya (2); mei (2); quieter (1); unused (1); trays (1),,low-frequency;very-low-frequency,needs-editorial-review
s1469,2,Everyday life,The Note on the Fridge,230f38cd88184a6327351148662a4bfc7aa433b84ac65901152e1ff8b0375457,81,8,15,10.13,5.0,0.0,magnet (3); stove (1),,,automated-screen-clear
s1470,3,Everyday life,The Borrowed Blue Pen,a0b5a024d429f64f5d951256ea36b25e103f5f48e1c02f35372de6ca50f32c41,97,10,16,9.7,11.34,0.0,nora (2); classmates (1); lent (1); scratched (1); omar (1); pens (1); thanked (1); borrowing (1); remembering (1); mattered (1),,low-frequency,needs-editorial-review
s1471,3,Everyday life,The Soup Without Carrots,7c4b7e74d5a7739acfbace5f5f2bc6f4f5d831401d404f0016c65a53f9ec64a0,98,10,16,9.8,11.22,0.0,kai (3); carrots (2); pumpkin (2); tomatoes (2); carrot (1); tasted (1),,low-frequency,needs-editorial-review
s1472,3,Everyday life,The Quiet Seat on the Bus,190e8094bdea925164726c0e8dd6c6078f84229aa84114f3e2a827d56e6cc01d,98,11,15,8.91,5.1,4.08,rina (4); crowded (1),,very-low-frequency,needs-editorial-review
s1473,4,Everyday life,The Phone in the Freezer,1778835bca7ade330cb96de708868e831fed238e6285991202104521ebfbb991,144,13,18,11.08,4.86,0.0,groceries (1); hallway (1); faint (1); freezer (1); peas (1); noticing (1); wiped (1),,,automated-screen-clear
s1474,4,Everyday life,The Sunday Repair Box,3f36cfda796b9db9e073ca02890acbed80465bf8c6c1c8725ccc27030f0ecbaa,142,13,16,10.92,8.45,2.82,screwdriver (2); elin’s (1); hers (1); elin (1); labeled (1); screwdrivers (1); pliers (1); lid (1); borrowed (1); tightened (1); faults (1),,very-low-frequency,needs-editorial-review
s1475,4,Everyday life,The Last Slice Agreement,e8ef93ddb2f9e502555d68c5631ee2753ff1865685f945547a01336895165a61,148,12,18,12.33,5.41,0.0,tariq (4); apologized (1); shelves (1); loaf (1); toast (1),,,automated-screen-clear
s1476,9,Everyday life,The Calendar That Knew Too Much,c80cd109fdd8414c9e526c0d4f2e27e01af96c47b8cd0e1481bfb0ace571e326,153,9,24,17,3.92,0.0,mara (2); corrections (2); obstacle (1); mattered (1),,,automated-screen-clear
s1477,10,Everyday life,The Cost of a Convenient Return,4d3a9af11ea4804874f2836280265a27f52f8426745753e1601f15d6d5f02bf2,159,9,24,17.67,1.89,0.0,usable (2); obstacle (1),,,automated-screen-clear
s1478,1,Famous books,The Golden Goose and the Kind Son,2838c649061d798684dea7ace4b827d5a0cfadd6551f4d3d4c886bad0d098df0,62,8,13,7.75,8.06,0.0,traveler (2); goose (2); feathers (1),,low-frequency,needs-editorial-review
s1479,2,Famous books,The Bremen Animals Find a Home,ce37b52e5228fa9c0d867dec729b6b00f67672fff959b3d7d685422f7959669d,126,17,12,7.41,11.11,1.59,donkey (2); rooster (2); bremen (2); robbers (2); robber (2); climbed (1); other's (1); noises (1); scratched (1),,low-frequency;very-low-frequency,needs-editorial-review
s1480,2,Famous books,The Fisherman Frees the Fish,e9601d679b1583fb9c779a566be772f06035505ba8e9de8b788de6a1a2bf2309,102,11,17,9.27,2.94,0.0,fisherman (3),,,automated-screen-clear
s1481,2,Famous books,Sinbad in the Valley of Diamonds,375f3eb9826d7eb7480a853b461acff3a2dc3d1663563b441688b224657ec336,94,9,16,10.44,10.64,3.19,sinbad (3); merchants (3); steep (1); snakes (1); nests (1); freed (1),,low-frequency;very-low-frequency,needs-editorial-review
s1482,3,Famous books,Robin Hood and the Poor Farmer,82b1ce577fc0e47450d3e8d7769db64751e14c1c9e1f36ed2fc51112925d2de5,112,11,16,10.18,4.46,0.89,purse (1); owed (1); frightened (1); robin's (1); companions (1),,,automated-screen-clear
s1483,4,Famous books,The Tempest: Miranda Sees the Ship,25b2e9c894178050df30edecf97d2b6878f4480c7c26dc6898b796b5d37a4e5e,93,6,18,15.5,12.63,0.0,miranda (2); travelers (2); humane (2); listens (2); compassion (2); harmed (1); abandoning (1),,low-frequency,needs-editorial-review
s1484,4,Famous books,The Wind in the Willows: Mole Leaves Home,ee4934febdb62d6d8238c606c8e92da59e7dd8e28a06de752e55c5622c56c40d,90,6,17,15,5.56,0.0,mole (2); examining (1); unfamiliar (1); curiosity (1),,,automated-screen-clear
s1485,4,Famous books,A Christmas Carol: Dinner at the Cratchits,8b2d94031f75155bef7f93458ee8623f83b64b392212159722f5b8d29f377515,97,6,22,16.17,8.25,4.12,cratchit (2); scrooge (2); joyful (1); obstacle (1); crowded (1); generosity (1),,dense-syntax;very-low-frequency,needs-editorial-review
s1486,7,Famous books,Antigone and the Unwritten Law,6d94d030445c498159de04d8d412bc751cc442cd9d25e95543f2cda9671326b2,123,8,23,15.38,10.4,4.8,antigone (3); forbidden (2); burial (2); ruler's (2); legitimacy (2); thebes (1); obstacle (1),,very-low-frequency,needs-editorial-review
s1487,9,Famous books,The Brothers Karamazov: Ivan's Question,bcf04a54e72b6fddb3fcdd1458c324f25f97d480e003c2efb8fe85b614af13bc,159,9,29,17.67,11.8,2.48,ivan (4); alyosha (4); disagreement (3); unresolved (3); morally (3); examining (1); stubborn (1),,,automated-screen-clear
s1488,10,Famous books,The Trial: Josef K. Seeks the Charge,c05e863936f3be2dcc8f312aea25bafafb938d828f568a557ef83aa64929290c,154,12,19,12.83,4.55,0.65,josef (3); hearings (1); spends (1); josef's (1); understandable (1),,,automated-screen-clear
s1489,1,Fantasy/stories,The Pebble That Sang,f0eab812e536fa24ff78faab0cee7b8c2dc90aa2bdef0bd4c6ba1451f10982af,58,10,9,5.8,8.62,0.0,luca (3); sings (1); listens (1),,low-frequency,needs-editorial-review
s1490,1,Fantasy/stories,The Cloud in the Barn,f7161352abd7096cc23468608ca2beb88dd45b4ba8967039144df08d7761488a,71,12,9,5.92,9.86,0.0,nina (3); barn (2); kite (2),,low-frequency,needs-editorial-review
s1491,2,Fantasy/stories,The Door Under the Table,d5a4bcc6c67798cf14ff6f52069294e717469dc8979be3fdaf07af9dcddb0076,86,11,12,7.82,9.3,5.81,crumb (3); emi (2); caf (1); tapped (1); floury (1),,low-frequency;very-low-frequency,needs-editorial-review
s1492,2,Fantasy/stories,The Lantern Fish of Willow Pond,9f08176fff5d9b0334d6d5d533e64eb114351f8c1f94312c5b24795a52285044,82,7,17,11.71,9.76,0.0,pond (2); reeds (2); dusk (1); willow (1); glow (1); fins (1),,low-frequency,needs-editorial-review
s1493,2,Fantasy/stories,The Tailor of Rain,1fc6893d5533f7c81cb8bfec9207873dc843efdb75002396343e5b97561a068c,95,9,17,10.56,9.47,4.21,sora (3); mist (2); dripping (1); strands (1); sewed (1); floated (1),,low-frequency;very-low-frequency,needs-editorial-review
s1494,3,Fantasy/stories,The Library of Sleeping Maps,6e1d2865eff2297bf73431f04e6685889fba983a05e61f7b3bea02983486719b,111,12,16,9.25,8.11,2.7,aya (3); shelves (1); travelers (1); aloud (1); copied (1); notebook (1); thanked (1),,very-low-frequency,needs-editorial-review
s1495,3,Fantasy/stories,The Bridge That Remembered Names,145c78dee73dcf03edd22d4554654d413c3e44338b51e223af44c3ce89b33511,109,10,18,10.9,8.26,1.83,aya (2); travelers (2); kingdoms (1); erased (1); moss (1); aloud (1); vanished (1),,very-low-frequency,needs-editorial-review
s1496,4,Fantasy/stories,The Orchard Beyond Tuesday,5ebb730f020ed0076efebfd888202df923112ab642e859f1e1a60b01b0e92890,145,13,18,11.15,4.83,0.0,mara (3); orchard (2); pear (2),,,automated-screen-clear
s1497,4,Fantasy/stories,The Clockmaker's Dragon,3412c5e715cdfdfa513990eef50832f7f975239a5c846879e86f37bec53a8f17,164,12,26,13.67,8.54,0.0,ren (5); gears (2); climbed (1); lantern (1); curled (1); sheltered (1); warmed (1); steadily (1); dragon’s (1),,,automated-screen-clear
s1498,4,Fantasy/stories,The House of Borrowed Weather,6a82c74161663d2c6151f7fb8e9fdebd287c58ae1ac56d6e63004776dc56ba38,158,13,20,12.15,10.13,0.0,hale (4); jars (3); storms (2); leila (2); shone (1); sunrise (1); feared (1); jar (1); mornings (1),,,automated-screen-clear
s1499,10,Fantasy/stories,The Ministry of Forgotten Dreams,fc6aa606392b9ba30e4d36df0d3ff76f0426e0297687c3faae57a99d65730427,175,10,29,17.5,13.14,2.86,amal (5); diaries (3); gaps (3); shelves (3); erased (2); archive (2); resists (2); abandoning (1); recognizable (1); stubborn (1),,,automated-screen-clear
s1500,10,Fantasy/stories,The Treaty Written on Water,ed97e208eace66ead2c21f296fab4c5ab8cd8057e5d4a0c8cdfe01fc9c58e100,159,9,25,17.67,7.55,1.26,jonas (3); fishers (2); shores (2); durable (2); ruler (1); favored (1); examining (1),,,automated-screen-clear
s1501,1,History,The First Clay Bowl,81afd2405e31695529544525bb1a89d2658ece3df556a08a1f2986d98aa8627a,51,6,11,8.5,3.92,0.0,pots (1); lid (1),,,automated-screen-clear
s1502,1,History,The Stones Across the Stream,0793614afa36467a7e18d77525754dfed8ee4f436eb318ccb84b750f624dfcc3,59,8,11,7.38,3.39,0.0,builders (1); villagers (1),,,automated-screen-clear
s1503,1,History,The Night Fire Watch,16d177a2f2e6bb2e26aced26c6a7c74f467215be038670dc780ec83fa8ad34ec,62,8,13,7.75,4.84,0.0,watcher (2); rang (1),,,automated-screen-clear
s1504,2,History,A Roman Road Marker,4c8d447af95aeb9c12cf88c5d86f8af860373701b7341949bde45dcdb2aff5e3,80,8,13,10,5.0,0.0,markers (1); marker (1); travelers (1); carved (1),,,automated-screen-clear
s1505,2,History,Paper Travels West,a0d027e8a2544733544e9efc7b4d4310cc6197bf6599b5997d60d310deb6b6dc,82,7,18,11.71,6.1,0.0,farther (1); workshops (1); travelers (1); merchants (1); trader (1),,,automated-screen-clear
s1506,2,History,The Stars Above the Open Sea,3ec0938628c388ab13651d324abda3d9d50123046fffd12d246cce550f85c332,97,9,15,10.78,5.15,1.03,canoe (2); voyage (1); navigators (1); hid (1),,very-low-frequency,needs-editorial-review
s1507,3,History,Drains Beneath an Ancient City,6b80fd2559f49f8038eec3a8eb45b6a56878eb1fbc9851dc2d0cb9344cf8851d,104,11,18,9.45,5.77,0.96,drains (4); mohenjo-daro (1); builders (1),,,automated-screen-clear
s1508,3,History,The Runner on the Mountain Road,81f1ffee1416aef83702369f6ec67d33541fad923cc0898ecacbde876d6692b2,107,11,13,9.73,8.41,1.87,inka (1); steep (1); messengers (1); runners (1); chaskis (1); relay (1); remembering (1); accurately (1); depended (1),,very-low-frequency,needs-editorial-review
s1509,3,History,Books in the Desert City,b944e80b0cc7f5ff985c20805b96950579bd92bed3b8ae7dcb379744cb324e2c,105,10,15,10.5,1.9,0.0,traders (1); copied (1),,,automated-screen-clear
s1510,3,History,The Assembly Beside the Rock,08831a9612225dd6ae029dd97b9d6d10dbb757b4a5a4a9407ef2ebe8c8f4f345,111,10,17,11.1,4.55,0.91,iceland (1); thingvellir (1); disputes (1); aloud (1); listeners (1),,,automated-screen-clear
s1511,3,History,Rules for the Market Bell,70b12a6fa1d3f9fac9eca334212aa00af2cbcfe76d99e6a37b240398bb918009,103,10,15,10.3,8.74,1.94,seller's (2); sellers (2); fictional (1); disagrees (1); replaces (1); comparisons (1); stall (1),,very-low-frequency,needs-editorial-review
s1512,3,History,Fire Teams of the Castle Town,9b6b0ccf1cf0b930f9c0141fa77b9b52a430c497545f37ebd09fc263be7f33b9,94,8,18,11.75,5.32,0.0,crowded (1); ladders (1); hooks (1); roofs (1); lanes (1),,,automated-screen-clear
s1513,3,History,Messages Along the Wire,d41888662d53bc3d45149e4549177aa0ec0614bd11f7d49cd33eb29aaaec9903,102,9,18,11.33,1.96,0.0,morse (1); combinations (1),,,automated-screen-clear
s1514,3,History,The First Public Vaccine Line,70e4802800dd40734ff5b4918f61978bc72b35f2471d4fe0bb6d3d3bf7f40171,116,11,14,10.55,6.9,0.0,fictional (1); vaccination (1); unsure (1); directs (1); clinicians (1); rewrite (1); clearer (1); organizing (1),,,automated-screen-clear
s1515,4,History,The Clock at Every Station,4bfb5d3b0c6ed6bcc073808e31873bd233c6666db8e036ac6f308d38ece38e5d,87,6,21,14.5,6.9,1.15,schedules (2); timetable (1); relying (1); mattered (1); standardize (1),,,automated-screen-clear
s1516,6,History,Counting a Moving Population,7338c7220050f0736fbaf2337c979e9a10ead369390de101ad758d74bca968b3,115,7,21,16.43,4.35,0.87,distrusted (1); abandoning (1); counters (1); planners (1); incomplete (1),,,automated-screen-clear
s1517,6,History,Print Shops and Public Argument,f5d7ab2d4533bbffae71d095a6ec4eba71a143cb18310f615661405b032c7dea,114,7,27,16.29,8.77,0.0,printers (2); licenses (2); circulate (1); presses (1); pamphlets (1); mattered (1); widen (1); guaranteeing (1),,,automated-screen-clear
s1518,6,History,Petitions Against Bondage,2b25306f5fdeafd088ed3b1bda9388b4dffac531fb4393dbe44f929e4ff06d8b,118,7,26,16.86,5.08,0.85,enslaved (2); organizing (1); boycotts (1); petitions (1); obstacle (1),,,automated-screen-clear
s1519,9,History,The Archive After Independence,23f59135db4a6e38580dbaf7ca07653258f78ad31c71b6dd5b771a1cc174ac17,171,9,28,19,8.19,1.17,historians (3); reconstruct (2); decolonizing (2); archive (1); centered (1); administrators (1); histories (1); obstacle (1); relying (1); mattered (1),,,automated-screen-clear
s1520,1,Nature and animals,The Snail After Rain,99f456930188c47a173333157da864f8ad384d72c8b0b50449f712ec2932e758,60,6,13,10,3.33,0.0,snail (2),,,automated-screen-clear
s1521,1,Nature and animals,The Sparrow's Bath,18521216199b68b8f5e7a585e55b7f14890add56bf030478b54c661bfec3fac5,54,9,9,6,1.85,0.0,shakes (1),,,automated-screen-clear
s1522,2,Nature and animals,A Second Way Into the Warren,ef046d94aa58388f5cba1bb251266271a570deb8e372324e7ab37b5dd7e50a3a,78,8,16,9.75,5.13,1.28,pawed (1); hedge (1); crept (1); rabbits (1),,very-low-frequency,needs-editorial-review
s1523,2,Nature and animals,The Ant Road Around the Stone,ea35b13efc548979f63b149de762a070e3a24c9b1371b7075deb66d9a316a724,84,8,18,10.5,9.52,0.0,ants (4); ant (2); trails (1); obstacle (1),,low-frequency,needs-editorial-review
s1524,2,Nature and animals,The Owl Above the Farm,5d23e78809dd3c86d259d19c564fcc7dd6a2f12a1a1803fda62a5fd64cc289d2,56,6,10,9.33,7.14,0.0,owl (3); barn (1),,low-frequency,needs-editorial-review
s1525,3,Nature and animals,The Crab That Changed Shells,877a06e605ff4b04194d8989fd0b8685c890654e3824bd0a2d6eff22537a7f31,82,6,19,13.67,9.52,0.0,crab (3); shells (3); scarce (1); crabs (1),,low-frequency,needs-editorial-review
s1526,3,Nature and animals,The Frog Pond in Spring,6a529b572e11998481eaa53a78cf73a24d2712260c751fe2d8305e7fd95aa268,86,7,15,12.29,9.3,0.0,frogs (3); pond (3); hunted (1); hid (1),,low-frequency,needs-editorial-review
s1527,4,Nature and animals,The Hedge Between Two Fields,bea7ebfca9d653613379a75a73533ee22e705d366356ef80a4cc3b1e50fc1bd6,94,6,19,15.67,6.25,0.0,mammals (2); hedge (2); strips (1); habitat (1),,,automated-screen-clear
s1528,4,Nature and animals,The Salmon's Cold Stream,88a450149d40c205ab223426b92675a915f52a4eb0d7e7be7a61b436c7c3c91f,97,6,21,16.17,4.12,0.0,warmed (1); rested (1); relying (1); restoring (1),,dense-syntax,needs-editorial-review
s1529,4,Nature and animals,Seeds in a Burned Meadow,fec0e2eb5f3d23a981170198c83d4994c716f7c9bfb654152366afe26977f1a7,81,6,21,13.5,6.17,0.0,meadow (2); shrubs (1); stems (1); erase (1),,,automated-screen-clear
s1530,4,Nature and animals,The Dolphin's Borrowed Sponge,d3bc862ad092358c129428862e7aee8078008dde80f922ae11dde8c33f2bc448,91,6,18,15.17,12.09,0.0,dolphin (5); copied (2); sponge (2); beak (2),,low-frequency,needs-editorial-review
s1531,9,Nature and animals,The Forest That Moved Uphill,9769a0ddf835301a44d274d8ff9faf05715cb64a756926185a77c2a7486cdd48,160,9,24,17.78,6.25,1.25,slope (3); unevenly (2); reproduced (1); cooler (1); obstacle (1); relying (1); mattered (1),,,automated-screen-clear
s1532,10,Nature and animals,The Reef After the Heat Wave,9308ea6c1a358be83201be9dd53138e3935ede016fc812af8f05be5a2000b0a2,172,9,23,19.11,11.05,0.0,reef (4); colonies (3); coral (2); resilience (2); patches (2); corals (1); algae (1); reproduced (1); unusually (1); obstacle (1); relying (1),,,automated-screen-clear
s1533,1,Science,Where the Ice Cube Goes,5af935e2101f8998406f4cc865976e2677f60a128df57e425d10e8ec1289f574,52,9,8,5.78,0.0,0.0,,,,automated-screen-clear
s1534,1,Science,The Seed Finds Down,0503f185b465f1c191e3b7434c59988ce4079eac63f5ebb61e8ad76764aa8291,68,9,13,7.56,7.35,0.0,jar (2); bent (2); bean (1),,low-frequency,needs-editorial-review
s1535,1,Science,The Echo by the Wall,9132bb59de7e703ec8393dafbdb286d3bfde0b94d96a4aef69ead181b322462c,58,7,10,8.29,12.07,0.0,mia (2); clapped (2); farther (2); clap (1),,low-frequency,needs-editorial-review
s1536,2,Science,The Push of Two Magnets,3435427323444af98f4e8e9735b05aa79876e50504c39230faf8ad34b4ab09e8,92,10,12,9.2,5.43,0.0,magnets (4); magnet (1),,,automated-screen-clear
s1537,2,Science,Drops Above a Warm Cup,79853a2f7f0b3db399e3944349551174d860f0f0cfc21486e4922f72ea6216a6,80,7,15,11.43,7.5,0.0,vapor (3); poured (1); underside (1); wiped (1),,low-frequency,needs-editorial-review
s1538,2,Science,The Shadow at Three Times,0a7d88fd24137be6cec32609ae2cae5d7bb94c50eb34036a572f62240ab153d5,87,9,20,9.67,3.45,0.0,mia (2); upright (1),,,automated-screen-clear
s1539,3,Science,The Egg in Salt Water,bbadff83d931bf5a228129d6ae35ba76a0eca03c1b662190e1af107dc0bee70f,78,8,16,9.75,6.41,1.28,sank (1); floated (1); heavier (1); spoon (1); object's (1),,,automated-screen-clear
s1540,3,Science,The Warm Air Balloon Bag,7ef5b20ab68420349e7561e8c5ff9881aceed245bfe05b49e3d2c7eebf09d926,109,9,20,12.11,11.93,0.0,balloon (4); upward (2); prepares (1); warms (1); expands (1); dense (1); cooler (1); pushes (1); exceeds (1),,low-frequency,needs-editorial-review
s1541,3,Science,The Green Leaf Test,21993cc0c66dcd5e49c8458a09fec1989b2d89c0c1c013085fedc3c2ba33c5ab,119,11,17,10.82,7.56,0.0,starch (4); prepares (1); uncovered (1); photosynthesis (1); sugars (1); misleading (1),,,automated-screen-clear
s1542,4,Science,The Slow Journey of a Continent,bca4aeac6f6c1532cf5aa07aa7c11f72fc94b5007a3a31c763d5048abc34137c,109,6,30,18.17,4.59,0.0,geology (3); fossils (1); stubborn (1),,dense-syntax,needs-editorial-review
s1543,4,Science,The Memory of an Immune Cell,27beb818ccd105e6c3d74e5b98f7610cb534ba7a2d6b90dfc94921ab4e1a12f8,110,6,30,18.33,6.36,0.0,harmless (2); marker (2); examining (1); stubborn (1); reacted (1),,dense-syntax,needs-editorial-review
s1544,5,Science,The Gene That Worked Differently,50fac9c78e2305628ad8996556e9d6fbc9c87d7e317bfb637fc1bdac7856fae0,131,7,26,18.71,4.58,0.0,trait (2); abandoning (1); obstacle (1); relying (1); commands (1),,dense-syntax,needs-editorial-review
s1545,9,Science,The Error Bars Around a Result,0833de4b442a5af1b59fb02275f87bbdd8bd72f3d1ca3279fc79ae68fc3ecd2d,169,9,29,18.78,3.55,0.0,compatible (2); laboratories (1); calibration (1); obstacle (1); relying (1),,,automated-screen-clear
s1546,10,Science,The Model That Predicted Too Well,e2024ed8891613b3354aa83d0d9f30dd01c73b2dc79523bdb31364f05b5a9414,178,9,26,19.78,5.62,0.0,prediction (2); shortcut (2); unavailable (2); unusually (1); examining (1); obstacle (1); relying (1),,,automated-screen-clear
s1547,1,World affairs,One Field for Two Schools,c8fa500c92c7a6bd7d5aef8b7b386bc5d6a9b80e0e1fdc57c9ec48bad6687b36,55,10,8,5.5,0.0,0.0,,,,automated-screen-clear
s1548,1,World affairs,Water Rules for Three Streets,b3833eaf1e0dc5f0d7f26176e69791c73307b58f46a7384a12ef9ef06fbb9a8d,54,9,8,6,0.0,0.0,,,,automated-screen-clear
s1549,2,World affairs,The Library Opens Late,b90a844fd55f34de38137c5524b4ca905f5dd5f82663bd9bef589fb33a0bc364,68,8,11,8.5,2.94,0.0,evenings (2),,,automated-screen-clear
s1550,2,World affairs,The Bus Route Meeting,2a892a5f2810e5bfaf481e9a87434cfb71913d3080a21977d5d16e01abbe952e,100,10,13,10,2.0,0.0,riders (2),,,automated-screen-clear
s1551,2,World affairs,A Path Beside the Nests,b49aa3087c1599282f7a76833a8152e9d652f23c756dbd631aee8f19ad9841b8,92,8,20,11.5,3.26,0.0,nests (2); nesting (1),,,automated-screen-clear
s1552,3,World affairs,Lunch for Every Child,dd817a9569c0d3a3dec95943729bbd84b052a652e7b12b9dafedf645d1e91461,109,9,17,12.11,3.67,0.0,cooks (2); fictional (1); allergies (1),,,automated-screen-clear
s1553,4,World affairs,Words at the Health Desk,316cdab404dc80661910e72bfd6620d05b934df875643eefec9836bec960ebf1,96,6,28,16,5.21,0.0,multilingual (1); understandable (1); obstacle (1); interpreters (1); unsure (1),,,automated-screen-clear
s1554,4,World affairs,The Repair Label,e39418af7fd41ddf314b4913dc9865b4ca41b92ba611c0eb5511d1ae749e5db3,112,6,25,18.67,1.79,0.0,shoppers (1); obstacle (1),,dense-syntax,needs-editorial-review
s1555,4,World affairs,The Map of Public Trees,4e43e7d1de1e5d912f2bd57d0194cf5ea360cd1da294d1659364cd271b0c5957,113,6,29,18.83,5.22,0.0,gardeners (2); planting (2); interpret (2),,dense-syntax,needs-editorial-review
s1556,4,World affairs,The Empty Shop Tax,3f08241be2483bebec4adcf32f236faca46cce899f64e9c9d51ea60df764fe0c,105,6,22,17.5,9.52,0.0,renters (3); vacancy (2); declining (1); unused (1); mattered (1); reopened (1); paired (1),,dense-syntax,needs-editorial-review
s1557,5,World affairs,The Evening Care Cooperative,e6c07c6b1d687ce9774a54fa84df930eb7c1e247d7cd1d399c7195607b952204,115,7,21,16.43,0.87,0.0,mattered (1),,,automated-screen-clear
s1558,5,World affairs,The Flood Notice in Every Language,c409ee34c060c0f25a58b7da3b436f6e55a28282ed44d5e47c678c1d2a2a6907,148,8,30,18.5,4.0,0.0,alerts (2); succeeds (2); abandoning (1); stubborn (1),,dense-syntax,needs-editorial-review
s1559,5,World affairs,The Market's Shared Cold Room,47b5bff412446f88e19acff8af048000cd070e76d905faa8e153a38e8a418d40,114,7,25,16.29,7.02,0.0,sellers (2); timed (1); obstacle (1); mattered (1); spoiled (1); stalls (1); widen (1),,,automated-screen-clear
s1560,5,World affairs,The Night Train Trial,384719534cf91bb293df1c7f81950ae63753fc8df34b1777f0586f63d1a33a44,132,7,25,18.86,5.3,0.0,improves (2); unacceptable (1); feared (1); disturbed (1); examining (1); timetable (1),,dense-syntax,needs-editorial-review
s1561,5,World affairs,The Community Solar Roof,f40a2c6d00af28921c946754c31158fe96dfbecd0e0931b53a3cec1dc573b6cc,141,7,28,20.14,7.69,0.0,tenants (3); cooperative (2); roofs (2); unused (1); renters (1); examining (1); workable (1),,dense-syntax,needs-editorial-review
s1562,7,World affairs,The Translation Budget,b757545d9596ed3e2cddbcf1c2c87f7f47887fe8bb84e3121bb775843c7d42ed,141,8,25,17.63,7.09,1.42,pooled (2); interpreters (2); abandoning (1); workable (1); hearings (1); delays (1); misunderstandings (1); improvised (1),,,automated-screen-clear
s1563,9,World affairs,The Public Algorithm Register,accd45bbe33e65d9f73aea561dfe056b1fbf8968562ff1f04b4ee4adc4531541,188,9,33,20.89,6.32,0.0,system's (3); automated (2); oversight (2); accountability (2); obstacle (1); workable (1); stubborn (1),,,automated-screen-clear
s1564,9,World affairs,The Carbon Border Debate,af6157f0ccf1c15f6b13a55d555ac02af5359708417ee4780d6a98acaf54c6e4,181,9,32,20.11,9.29,1.09,economies (2); negotiated (2); exemptions (2); loopholes (2); distributional (2); disputes (2); unequal (2); weaker (1); workable (1); mattered (1),,,automated-screen-clear
s1565,10,World affairs,The Right to Leave a Platform,2ff4151425824466b3f752cf0a6647dc19ff073a5ee7722c08e7e5458cce4c80,188,9,35,20.89,7.89,0.0,regulators (4); formats (3); costly (3); usable (2); workable (1); stubborn (1); mattered (1),,,automated-screen-clear
s1566,8,Mystery and adventure,The Cipher in the Tide Tables,5e56b50d9e30bc6321852adf9c9d8834114ee122be4ffd3b64a43d743555bb11,150,8,26,18.75,10.0,0.0,leila (3); corrected (2); copied (2); obscured (2); lighthouse (1); archive (1); logs (1); obstacle (1); relying (1); mattered (1),,,automated-screen-clear
s1567,8,Mystery and adventure,The Locked Room at Platform Nine,1f9533b7cf07364b708c83005be9978f38a69291a995a04650d632baadedad04,142,8,27,17.75,9.86,0.0,mapped (2); tunnels (2); timed (2); reflections (2); freight (2); cart (2); viewpoint (2),,,automated-screen-clear
s1568,8,Mystery and adventure,The Collector's Missing Provenance,eebcfea68ce1993059f3d024047c6541d8d60ee1f0cdb268abe8707ab3158225,147,8,29,18.38,10.88,2.04,sana (3); seller's (2); solving (2); resolving (2); rightful (2); unsigned (1); conservator's (1); mattered (1); wartime (1); disputed (1),,,automated-screen-clear
s1569,8,Mystery and adventure,The Signal Beyond North Ridge,f2f37fb22a10094bb5aaeed4a062ffc1a34f0dc5fda36ad3d1122a4d23b3d138,142,8,25,17.75,12.68,1.41,marek (2); locate (2); pulses (2); faults (2); imitate (2); observers (2); fragments (2); readings (1); gaps (1); obstacle (1); transmitting (1),,,automated-screen-clear
s1570,8,Mystery and adventure,The Archive with Two Catalogues,150f8877138a1ea9bee5fa7f191ce2d00e6c1cc43396821181bb7d1800c944b4,151,8,29,18.88,5.96,0.66,nora (3); absent (1); examining (1); handwritten (1); catalogue (1); merger (1); institution's (1),,,automated-screen-clear
s1571,9,Mystery and adventure,The Orchard Camera,6f50ffe27802834414316771bac05e6035b74e7f5eab6a9089c1783e4323e38d,173,9,28,19.22,7.51,0.0,theo (4); risen (3); irrigation (2); abandoning (1); clues (1); stubborn (1); uncertain (1),,,automated-screen-clear
s1572,9,Mystery and adventure,The Last Ferry Manifest,9abb9166d72aaa5db800eb8e6ca36438b72f1b73769487cfe93ebf47a1d489db,169,9,30,18.78,12.43,1.78,exceeded (3); manifest (3); amal (2); luggage (2); tags (2); child's (2); unlisted (1); evacuation (1); obstacle (1); incomplete (1); medic (1); boarded (1); correction (1),,,automated-screen-clear
s1573,9,Mystery and adventure,The Museum's False Shadow,e653dd01972a41513c869f221e93b2e6a99560924d13554eecb9579626a4a129,172,9,28,19.11,13.37,1.74,iris (5); reconstructed (3); cycles (3); reflections (3); fragment (2); viewer's (2); sculpture (1); clues (1); statue's (1); stubborn (1); photographic (1),,,automated-screen-clear
s1574,9,Mystery and adventure,The Map Beneath the Map,5e01b599fce119bdfa23527fbfbcbf41143f4904e8ddc67d535c7828e7c5d004,176,10,27,17.6,5.11,0.0,ravi (3); renamed (2); abandoning (1); incomplete (1); clues (1); disagreement (1),,,automated-screen-clear
s1575,9,Mystery and adventure,The Voice on the Closed Frequency,3a6ac7dcbd721506ddd5772f636fadf1bab3781eae287d12039e48f381f77835,172,9,25,19.11,6.4,0.0,mina (2); unused (2); atmospheric (2); incoming (1); abandoning (1); broadcasts (1); obstacle (1); relying (1),,,automated-screen-clear
s1576,10,Mystery and adventure,The Missing Minute in Court,f3aabaf5ed9e1d88db050bf0e4e8763b6c86365f18e875607eaa15b74c837ce9,169,10,27,16.9,5.92,1.18,recorder (3); interval (2); room's (2); abandoning (1); clues (1); stubborn (1),,,automated-screen-clear
s1577,10,Mystery and adventure,The Expedition's Second Journal,09ea2383f73820ce2bad67a1ce8ec53edff20997c222d1a1a39a495ee142661d,175,9,27,19.44,9.14,1.14,polar (3); yara (2); conflicting (2); diaries (2); explorer (2); handwriting (1); correspondence (1); obstacle (1); relying (1); mattered (1),,,automated-screen-clear
s1578,10,Mystery and adventure,The Vanishing Survey Marker,fbec14c35d1eca69cd4a1884e02be8d9dde84fcee75dcc857b1b192ac5dde59a,166,9,26,18.44,5.42,0.0,marker (2); shifted (2); peat (2); wetland (1); obstacle (1); relying (1),,,automated-screen-clear
s1579,10,Mystery and adventure,The Anonymous Peer Review,59f34c2a7d86a0cf1601724a362d75b7dd894386fa654589c28a9b6d3960aa46,173,9,29,19.22,7.51,0.58,reviewer (2); obstacle (2); seminar (2); suspicion (2); excluded (2); unpublished (1); priya (1); histories (1),,,automated-screen-clear
s1580,10,Mystery and adventure,The Warehouse of Returned Clocks,94bc625ac31c387b874e55df9e80ddf134dc525c40e630a7b0b8f6d51e8b25d6,164,9,28,18.22,14.63,1.22,gideon (4); clocks (4); unrelated (2); traced (2); shipment (2); contaminated (2); batch (2); thickened (2); failures (2); stubborn (1); mattered (1),,,automated-screen-clear
s1581,8,Travel and culture,Listening Before the Festival,3caaf90461535ca2f5bb53e57e087e3423ebc4ed1c2adf8dab2f96659a3ce1e3,143,8,32,17.88,6.29,2.1,asha (3); clearer (2); preparations (1); respectfully (1); organizers (1); relying (1),,,automated-screen-clear
s1582,8,Travel and culture,The Museum Label in Three Voices,9d406fb9a22c9f9307096aae6ae6dc424413720c9ea5fc1b4c444502aed6eef8,131,8,23,16.38,5.34,0.0,histories (2); disagreement (2); disputed (1); differed (1); lending (1),,,automated-screen-clear
s1583,8,Travel and culture,The Meal with No Direct Translation,c670dfed1aa20d41c4ec282be5d66d35d84f831f2a95e65ff7400d164c0e9362,150,8,30,18.75,8.0,1.33,lucia (4); ceremonial (2); dish's (2); kinship (2); stubborn (1); meanings (1),,,automated-screen-clear
s1584,8,Travel and culture,The Slow Train Across the Plateau,9199570026faaeb47f81d07ceb57bf45f1836753def333b9fd102065020bb607,147,9,23,16.33,8.16,0.0,noah (2); archaeological (2); unplanned (2); landslide (1); abandoning (1); inland (1); obstacle (1); relying (1); expose (1),,,automated-screen-clear
s1585,8,Travel and culture,The Guide Who Changed the Route,f6a267bfadcc823b636c4507906f0b811102700662008d7bca9ce412f608eede,136,8,27,17,11.03,0.74,mara (3); worsening (2); lanes (2); overwhelmed (2); workshops (2); crowded (1); interruption (1); mattered (1); redistribute (1),,,automated-screen-clear
s1586,9,Travel and culture,The Language of the Market Scale,a93c14899a3c5da559c379795d2ecaff2a51ab6ee34e208c77ded5d9a0bac0c0,168,9,24,18.67,4.17,0.0,tariq (2); sellers (1); unfamiliar (1); exchanges (1); obstacle (1); relying (1),,,automated-screen-clear
s1587,9,Travel and culture,The Empty Beach Photograph,fd878d64bf3e5dd105071cb174afa757f19b7829db64a57d0c72778747e7fa83,174,9,31,19.33,7.47,0.0,emi (4); picturesque (3); crews (2); mornings (2); stubborn (1); misleading (1),,,automated-screen-clear
s1588,9,Travel and culture,The Guest Room and the Water Tank,e107889b5fe355db0c87cad15706316641b4b983db3410dade6b21829c3cff90,162,9,30,18,7.41,1.85,jonas (2); household's (2); reuse (2); obstacle (1); interruption (1); mattered (1); hospitality (1); guest's (1); scarce (1),,,automated-screen-clear
s1589,9,Travel and culture,The Monument After Sunset,14941db315145f8a4096e856b7c81d2e067b1d7673aa479555ca90aba4a31fcd,165,9,25,18.33,4.85,1.21,sora (2); monument (2); ceremonies (2); abandoning (1); obstacle (1),,,automated-screen-clear
s1590,9,Travel and culture,The Borrowed Bicycle Rule,0f74a6716a6bf5f662fa3ab919e2d3cc8a39cd1c378bb08bf2c2aa8362d54335,170,10,26,17,10.59,0.0,leila (4); neighborhoods (3); gestures (2); crossings (2); predictable (2); abandoning (1); interruption (1); mattered (1); stubborn (1); conventions (1),,,automated-screen-clear
s1591,10,Travel and culture,The Village Name on Two Maps,60856aa21805d620dd678722e30d06f43510c01a69f7b10062cba5c8b8411a31,155,9,23,17.22,4.52,0.0,multilingual (3); cooperative (2); obstacle (1); mattered (1),,,automated-screen-clear
s1592,10,Travel and culture,The Souvenir Made Next Door,6a27b5be8384e0d479ecb39dbc1e0667c3398666e8673c2d3761aa613ee57fa9,169,9,25,18.78,4.14,0.0,nina (2); verified (2); obstacle (1); relying (1); mattered (1),,,automated-screen-clear
s1593,10,Travel and culture,The Trail Closed for Ceremony,3c7d9f8f8b293398572016114bcef2d427277ec175666d720a9607884d1f03ae,156,9,23,17.33,7.69,0.0,ravi (3); hikers (2); waterfall (2); site's (2); obstacle (1); relying (1); mattered (1),,,automated-screen-clear
s1594,10,Travel and culture,The Interpreter's Day Off,a374a9c96613c5e5be46f45722c687549b823680006efeb09027d24f01840cff,155,9,28,17.22,10.97,0.0,sara (4); slower (3); assumptions (3); interpreter (2); absent (2); stubborn (1); mattered (1); certainty (1),,,automated-screen-clear
s1595,10,Travel and culture,The Airport Beyond the Postcard,2fedd79b7b0a52027b6b4cc7f9900a6ca9692ab0de8541c2920585003f1d4dd1,171,9,24,19,8.19,0.0,milo (3); redesigned (2); traveler (2); photographed (2); promotional (1); examining (1); seasonal (1); obstacle (1); relying (1),,,automated-screen-clear
s1596,8,People and biography,Mara Ellis: Designing with Floodwater,dbfd0d6d464a9fb9048c726452fe02eff64648d365bd389c6ad9f3e50ae47acc,147,8,27,18.38,12.24,0.0,mara (4); ellis (4); redesign (2); floods (2); crews (2); drainage (2); stubborn (1); succeeds (1),,,automated-screen-clear
s1597,8,People and biography,Tomas Adeyemi: The Language of Soil,86271cd0889bf1e4467e9335d94ed24d1ba30ad8c3ca0f0486a1a6e4fe3ee5c7,138,8,29,17.25,8.7,2.17,tomas (3); adeyemi (3); rainfall (2); rebuild (1); seasonal (1); plots (1); fertility (1),,,automated-screen-clear
s1598,8,People and biography,Keira Novak: Repairing the Night Sky,b77a2933bbed6e27a05d18e7c09c90bbc0c40b635fb7d72341e7937cdd1a9b67,150,8,26,18.75,14.0,2.0,keira (3); novak (3); directing (2); multiplying (2); feared (1); darker (1); unsafe (1); examining (1); shielded (1); lamps (1); visibility (1); glow (1); obstacle (1); relying (1); observatory (1),,,automated-screen-clear
s1599,8,People and biography,Hassan Vale: An Archive of Work Songs,2dd09788179c7467f635c71b0b89f0c82fa0ad88728f618b913989885b7fd521,142,8,24,17.75,4.93,0.0,hassan (2); vale (2); differed (1); obstacle (1); archive (1),,,automated-screen-clear
s1600,8,People and biography,Evelyn Park: The Small Hospital Network,96d44a330da452d35703aee7ae349fd2592a71dd265916419ce1f89b3c9998a2,138,8,23,17.25,3.62,0.0,evelyn (2); coordination (2); rotating (1),,,automated-screen-clear
s1601,9,People and biography,Rico Santos: Mapping Heat Block by Block,6cac2f14ae82b9acb90a1d31fa71f7e77216125f93a71ae482731eb58849b6b5,157,9,28,17.44,17.83,0.64,rico (4); santos (3); averages (3); concealed (3); dense (3); inland (3); sensors (2); harmed (1); examining (1); santos's (1); hottest (1); equitable (1); captures (1); unequal (1),,,automated-screen-clear
s1602,9,People and biography,Anya Feld: The Orchestra Without a Hall,139f71a1d6ba0e1c8cd600ff8681da615fe83c8cbde6fb4b06383db96975b44d,180,9,28,20,6.11,1.11,anya (2); feld (2); neighborhoods (2); renting (1); examining (1); factories (1); obstacle (1); relying (1),,,automated-screen-clear
s1603,9,People and biography,Malik Chen: Making Batteries Repairable,19b61bae9b968fa472ead7aad25daa9229f314cff108c91d2984f46dbe5028eb,156,9,30,17.33,10.9,0.0,malik (4); chen (4); modular (2); clinics (2); imports (2); durability (2); stubborn (1),,,automated-screen-clear
s1604,9,People and biography,Isabel Romero: The Courtroom in Plain Words,fabdf3dd0dd91992d8316cb8fb2b65b13e7d867e512d329c34788c9461279dff,167,9,29,18.56,13.77,0.6,isabel (4); notices (3); romero (3); hearings (2); explanations (2); guides (2); simplifying (2); procedural (2); obstacle (1); romero's (1); stubborn (1),,,automated-screen-clear
s1605,9,People and biography,Noor Ibrahim: Keeping the River Public,3ca4c7c16cc2543f0d632bb8ffacd7aa6143868037f7ef44fb77ded7f8324ee5,146,9,24,16.22,8.9,1.37,noor (2); ibrahim (2); passages (2); survives (2); enforceable (2); customary (1); negotiated (1); obstacle (1),,,automated-screen-clear
s1606,10,People and biography,Akira Bell: The Ethics of a Useful Robot,8178946666b4ce68df58f00e7fc1a632d89a34836911d09cc860a43a0501e77d,183,9,29,20.33,7.1,0.0,akira (4); robotics (4); examining (1); caregivers (1); refusal (1); bell's (1); routines (1),,,automated-screen-clear
s1607,10,People and biography,Lina Okoye: Seeds Across a Border,2bf8faceb6320dc3fb94fa7cafbd27228f82d5fdd79936747f7211f63c5bea7c,163,9,27,18.11,8.59,1.84,lina (3); okoye (3); growers (2); varieties (2); resilience (2); obstacle (1); stubborn (1),,,automated-screen-clear
s1608,10,People and biography,Jonas Reed: The Unfinished Memorial,0a06b6595fd3e14ddf2c2dc26dc8b7e8606b761c8de8f0466106172d55424f6b,169,9,29,18.78,7.69,0.0,jonas (4); disagreed (2); yearly (2); commemoration (2); durable (2); stubborn (1),,,automated-screen-clear
s1609,10,People and biography,Priya Nordin: A Census of the Uncounted,bc0894f88910a9e154fe19063bcd1b9e68e5b3eba15ae66d42545ee3b3c4202e,171,9,32,19,9.36,4.68,priya (4); nordin (4); eviction (2); counters (2); credible (2); stubborn (1); mattered (1),,,automated-screen-clear
s1610,10,People and biography,Mateo Quinn: Restoring More Than a Building,26c5eb02fba2b7396573d1a46e6b73f9c7c42a2bbe8304cba12f49829c4641b1,155,9,25,17.22,12.26,0.0,mateo (3); quinn (3); mapped (2); informal (2); reopened (2); rebuild (1); longtime (1); traders (1); reconstruction (1); favored (1); wealthier (1); tenants (1),,,automated-screen-clear
s1611,1,Fantasy/stories,A Room Inside Mina's Coat,1acf97ddfc9780ce31601a590283a85a614ffdcdb8695395e6b57cc83a12aa38,54,8,10,6.75,7.41,0.0,mina (3); closes (1),,low-frequency,needs-editorial-review
s1612,1,Nature and animals,A Crab Finds Shade,90100419b155e234dc4570013a9120d0ec2b4885c95a6b6e550a7c2d759ef096,56,8,10,7,1.79,0.0,crab (1),,,automated-screen-clear
s1613,1,World affairs,Two Streets Share a Bus,e3b7821a842bbed2fe85c4b0cc0503c8102391287c4b2fe88f82bad141557ed6,49,7,13,7,0.0,0.0,,,,automated-screen-clear
s1614,1,Everyday life,Lunch for the New Student,87a672bbe236482ec0a4f5021a9ed0a68eb651f0d8310b717c7844f768802eb2,66,9,9,7.33,0.0,0.0,,,,automated-screen-clear
s1615,1,History,Marks in Wet Clay,25bd030328dd3e59864c362ab77b3068f7f71d29bd1651805ec60c9fd584e9ce,47,6,10,7.83,2.13,2.13,mesopotamia (1),,very-low-frequency,needs-editorial-review
s1616,1,Science,The Cup That Sweats,9f43ab603e8a391e887a508c169596693bb47d6e48ab056632514a521e4d8f28,42,6,9,7,7.14,4.76,aya (2); wipes (1),,low-frequency;very-low-frequency,needs-editorial-review
s1617,1,Famous books,Peter Comes Home,ffe18a8f90b2613b90a8e2886b08cbb3b3eb2dfcaa50f3b1521319b6c77f59a2,48,7,11,6.86,6.25,2.08,eats (1); mcgregor (1); chamomile (1),,low-frequency;very-low-frequency,needs-editorial-review
s1618,1,Mystery and adventure,A Kitten Behind the Wall,b890bfe0d77eb52d53849bbbcf6fc4c97f3d297ef2e3540835238ab6a0e9dbcf,67,11,8,6.09,7.46,0.0,kitten (3); hears (1); hangs (1),,low-frequency,needs-editorial-review
s1619,1,Travel and culture,Breakfast at the River Stop,c353ff6316a17156a16bde0be66df4f7d928c1f424e969a95cf0010a77d4967f,46,7,10,6.57,8.7,0.0,nora (2); smiles (2),,low-frequency,needs-editorial-review
s1620,1,People and biography,Lena Fixes Small Things,c54809edc1f11535cbd4babf5fa5595ae5ede666ee45ed359bc74e3354736f29,50,7,11,7.14,8.0,0.0,lena (2); lamps (1); listens (1),,low-frequency,needs-editorial-review
s1621,2,Fantasy/stories,The Cloud Baker,a5c3fbad3637d88b3d6c228a0c0cddff4ca56597cb3a1747e5c57921f966107a,61,8,11,7.63,6.56,0.0,sami (3); windy (1),,,automated-screen-clear
s1622,2,Nature and animals,Sea Otters in Kelp,4ce07895617aa97144c80222f8852bc255f77f9942c376b1c6a6d645523f9f9e,63,6,15,10.5,14.29,4.76,otters (1); kelp (1); coves (1); bays (1); otter (1); seafloor (1); crabs (1); clams (1); floats (1),,low-frequency;very-low-frequency,needs-editorial-review
s1623,2,World affairs,The Library After Dark,c1c9e4b2d3ecf404320aa1a4ed949b49cbf84565193aa70c23d460cfc626ee1a,79,7,16,11.29,0.0,0.0,,,,automated-screen-clear
s1624,2,Everyday life,A Quiet Table for Grandfather,eae651036b6a5eea105308b768ab7d37a62805452bc5fe93385cacc03cf4232a,68,7,14,9.71,4.41,0.0,maya (2); enjoys (1),,,automated-screen-clear
s1625,2,History,The Inca Road Network,0c51c1124875f46502ad56dfea64a053199bbad47c954329baeb14db5d772816,66,7,13,9.43,15.15,0.0,inca (1); valleys (1); deserts (1); andes (1); distances (1); messengers (1); travelers (1); armies (1); builders (1); ditches (1),,low-frequency,needs-editorial-review
s1626,2,Science,Why a Spoon Looks Bent,5e0fc1de2db09eebc76f3fae01b022f31e8ee7fa5b5a2f36e05dc8c59ab6e59a,72,8,13,9,5.56,1.39,spoon (2); bent (1); refraction (1),,very-low-frequency,needs-editorial-review
s1627,2,Famous books,The Lion and the Small Helper,858732dffe49545fd0dc642c3dfd0165fdbbefd3a0ea02cb558e2a9d55500b46,65,7,14,9.29,3.08,0.0,paw (1); hears (1),,,automated-screen-clear
s1628,2,Mystery and adventure,Water Marks in the School Hall,958ea3c4fb12b06f7bfbb0abb590d477ca03d9fb6b93220afc43b88887e9e6b9,63,7,16,9,6.35,1.59,footprints (2); drips (1); climbed (1),,very-low-frequency,needs-editorial-review
s1629,2,Travel and culture,The Red Thread Market,f6e0475ceabefddd728bcc0709fb00321de3c1c4f1f170070f0a02be9046960f,59,5,16,11.8,5.08,0.0,jun (2); buys (1),,,automated-screen-clear
s1630,2,People and biography,Omar Makes a Bus Map,2117d416549470a6d03449532eb023db52cf369c69e7d4212a85c7f48d7c2c25,79,8,17,9.88,6.33,0.0,omar (3); fictional (1); riders (1),,,automated-screen-clear
s1631,3,Fantasy/stories,Moon-Walking Beans,4d05176fc7201d4390897ab8e42e21d433ea66ebf0719b399ba21eed4626fdb9,74,8,16,9.25,6.76,4.05,tala (3); bean (1); moonlight (1),,very-low-frequency,needs-editorial-review
s1632,3,Nature and animals,The Frog's Winter Room,8b3049e21543213fcce7a44167cc44c5ff400e2f89a2bdce80285551ca0cd65e,67,5,17,13.4,8.96,0.0,frog (2); frogs (1); logs (1); waits (1); warms (1),,,automated-screen-clear
s1633,3,World affairs,The Empty Water Tanks,e1283a6b69a1035dd95cb88408bf8976e554afcfe00a3a2467b4e74acb8275ae,73,6,20,12.17,2.74,0.0,rainwater (1); leaks (1),,,automated-screen-clear
s1634,3,Everyday life,Niko Learns to Repair,d57cf4d9cf4b92cacc2262f7c91fb5a4463bd8bcfaf969400a5b656c2d006c8f,92,8,14,11.5,7.61,1.09,niko (2); unused (1); niko's (1); wobbly (1); glue (1); clamp (1),,,automated-screen-clear
s1635,3,History,Messages on the Silk Roads,55b3256148f4c1f4f188cb7238edf626408921da9eee0eabaa261cfb669f1618,67,6,16,11.17,2.99,0.0,traders (1); spices (1),,,automated-screen-clear
s1636,3,Science,How Soap Moves Grease,e83dcf7b3f3496d5f0440ccaa41806f7c0c0508b6b7dde30afc26d83a2af60da,71,6,15,11.83,4.23,0.0,particle (1); grease (1); rubbing (1),,,automated-screen-clear
s1637,3,Famous books,Mary Opens the Hidden Garden,61852fd55a57183e9209b0a02f7b69c9f33a11d973af36b381262d0256e84bbf,72,6,17,12,4.17,0.0,healthier (1); kinder (1); hopeful (1),,,automated-screen-clear
s1638,3,Mystery and adventure,The Map in the Flour,f5e47c0f4cc94af959d64ad25418edb77270f5cad9f75e17f043807a556bdfac,103,10,14,10.3,8.74,2.91,sack (3); sora (2); ants (2); winding (1); crumb (1),,very-low-frequency,needs-editorial-review
s1639,3,Travel and culture,A Song for the Ferry,354e9f7bcc3a3f5b00058c611dccdade6a3f8fde34d22fe8f656cbfa50c7abe5,74,7,16,10.57,8.11,0.0,leah (2); taps (1); travelers (1); chorus (1); learns (1),,,automated-screen-clear
s1640,3,People and biography,Mei Builds a Seed Shelf,13f19b883a0d6d9718e3154295f028116003a2bcc25956fc0a73b65ca4458711,125,9,20,13.89,7.2,0.0,mei (4); bean (2); gardeners (1); labeled (1); notebook (1),,,automated-screen-clear
s1641,4,Fantasy/stories,The Ferryman of Sleeping Words,161ed0711ca55ffbb2125730751b053437d2183ae0bf2feb8de323cca010a4a3,97,7,22,13.86,8.25,3.09,ivo (3); dusk (1); grandmother's (1); nickname (1); travelers (1); searched (1),,very-low-frequency,needs-editorial-review
s1642,4,Nature and animals,A Forest Made by Elephants,5be90208f9fef42d842e338536bee5f379f083930b290e35bde551abadaf11ed,82,6,20,13.67,8.54,1.22,elephants (2); riverbeds (1); grassland (1); dung (1); habitat (1); grazing (1),,,automated-screen-clear
s1643,4,World affairs,A Vote for the Old Station,b33254d816a7243b60e21c8df6e00365d122b7694e3f9cd71cd2f074eb97f3a1,90,7,19,12.86,2.22,0.0,town's (1); costly (1),,,automated-screen-clear
s1644,4,Everyday life,Three Ways to Say Sorry,9d7191e28276e620b3bae5974e71d25c1f81180424dc455cfd6c1cc5c4c2deae,158,14,20,11.29,10.13,5.7,bicycle (5); riku (4); aya (4); borrowed (1); roommate (1); aya’s (1),,very-low-frequency,needs-editorial-review
s1645,4,History,The Coffeehouses of London,b8bb32b6764495ad85f8ee5971afac7335f4169578dbffd98af4e4bf754c3589,76,5,19,15.2,7.89,1.32,seventeenth-century (1); coffeehouses (1); sailors (1); merchants (1); aloud (1); exchanging (1),,,automated-screen-clear
s1646,4,Science,Why Bridges Need Room to Move,f42af690ac8d8ec154332276273a02510820fd105859b6da12fce0a8e4a09412,80,7,18,11.43,5.0,0.0,joints (2); gaps (1); guides (1),,,automated-screen-clear
s1647,4,Famous books,Dorothy and Three Travelers,0d92cb332a386238897c740892616b110f6c84c5366a46c754d107418e01afdd,83,5,24,16.6,8.43,1.2,dorothy (2); emerald (1); scarecrow (1); woodman (1); dangers (1); learns (1),,dense-syntax,needs-editorial-review
s1648,4,Mystery and adventure,The Lighthouse Pattern,2da1d1116e36ccd2abc1ea99284802499215fc78df57472e5998f672b2ff18e3,151,13,22,11.62,9.93,1.99,ana (4); lighthouse (2); unmanned (1); sailing (1); sweep (1); darkening (1); radioed (1); relying (1); sheltered (1); ana’s (1); gaps (1),,,automated-screen-clear
s1649,4,Travel and culture,The Courtyard Cinema,a3daad0c1fcb101dad535b3c377bf091ae37ff34fc526c53796cf634c208004d,85,7,20,12.14,8.24,3.53,salma (2); crowded (1); doorway (1); translate (1); shopkeeper (1); projector (1),,very-low-frequency,needs-editorial-review
s1650,4,People and biography,Theo and the Evening Sky,06e58f9086d43721d947a25efb724a13c95693bc93b8a4e868f8070691a38359,146,10,25,14.6,10.27,0.68,theo (3); evenings (2); telescope (2); tubes (2); cardboard (1); guides (1); magnify (1); cloudy (1); pupil (1); notebook (1),,,automated-screen-clear
s1651,5,Fantasy/stories,Mara's Ticket to the Dream Museum,2472f88a2fc8002c2b47c75e33f9928422d47b88611bc5f7d269c51c27fe09a5,140,11,24,12.73,7.86,0.0,mara (3); dusty (1); violin (1); bakery (1); copied (1); pinned (1); baked (1); loaf (1); downstairs (1),,,automated-screen-clear
s1652,5,Nature and animals,The Night Work of Moths,62d0e1dae941070f36fe5e866bf9583aa99af8bfbcf47348d3bac4758bd2292a,131,9,26,14.56,12.21,0.0,moth (2); bees (1); butterflies (1); moths (1); scented (1); nectar (1); pollen (1); cling (1); nighttime (1); interrupt (1); circling (1); lighted (1); directing (1); lamps (1); downward (1),,,automated-screen-clear
s1653,5,World affairs,The Market's Common Refrigerator,7a2157350d3a812825ff6cf957afd8170a205a4361c4a893b081673c22264d92,119,9,21,13.22,3.36,0.0,sellers (2); refrigerator (1); shelves (1),,,automated-screen-clear
s1654,5,Everyday life,Four Colors for Family Care,ff41a82fb45f1c4642cbb5fb07df8cd32308f3582a2354f63ec579108f0f878b,118,9,17,13.11,2.54,0.0,refrigerator (1); heroic (1); dependable (1),,,automated-screen-clear
s1655,5,History,When Maps Put South at the Top,5f6b65e0d4c99bc8366528f0b824af875b64f2f7561f3810c4be0b7b2087c678,122,9,26,13.56,4.1,1.64,mapmakers (1); map's (1); rotating (1); selects (1); viewpoint (1),,,automated-screen-clear
s1656,5,Science,The Memory in a Metal Clip,1ebf3892f0ce29bfa34b6b7cd0d686fc14764174b264124b3554d0e8fd887456,119,8,27,14.88,5.04,0.0,elastic (1); atoms (1); bicycle (1); resisting (1); recovering (1); afterward (1),,,automated-screen-clear
s1657,5,Famous books,Alice at the Queen's Game,532d475d73032c367006ff4e9e62699a0c741d1e5f9326bf3177866376f4722c,118,8,25,14.75,5.08,0.85,croquet (1); politely (1); queen's (1); commands (1); frighten (1); shouts (1),,,automated-screen-clear
s1658,5,Mystery and adventure,Clocks Corrected the Wrong Way,c1bba829e5a1d22c7b791c9157fce92de0cdd5321f9cf5d1ffc01de1d2a16882,119,10,17,11.9,8.4,1.68,clocks (5); priya (2); backward (1); station's (1); correcting (1),,,automated-screen-clear
s1659,5,Travel and culture,A Library on the Night Train,c28747c4f89ad9b763850d7b71232b36ef400ee74db1b3a14c740ca452b2e3ad,111,8,23,13.88,7.21,0.0,elena (3); carriages (1); guides (1); kilometers (1); travelers (1); borrower (1),,,automated-screen-clear
s1660,5,People and biography,Amara Listens Before Building,3481fd3221e7dbf2e68c3ed3a5477ac8c02a3eb97938aed16442bba76ba4fc32,125,8,24,15.63,8.8,1.6,amara (2); drains (2); flooded (1); uphill (1); paved (1); downhill (1); repaired (1); pond (1); rainy (1),,,automated-screen-clear
s1661,6,Fantasy/stories,The Cartographer of Echoes,9ce11b7deb74a493793ecd0bfcc14a458990b2d293d0ec69bd335846ae7a0fb9,135,10,27,13.5,6.67,2.22,nalin (3); whistle (3); feared (1); vanished (1); searched (1),,,automated-screen-clear
s1662,6,Nature and animals,How Trees Share a City Block,66270107c38797aa4d062bd61531eb0c8bcdabd50b552371b13e0ad8475e443b,135,10,25,13.5,8.89,0.0,decorate (1); sidewalk (1); vapor (1); airborne (1); drains (1); pits (1); pavement (1); crowns (1); pruning (1); coexist (1); planting (1); ceremonies (1),,,automated-screen-clear
s1663,6,World affairs,Who Owns the Weather Data?,e337f6f3296cc501961b1dfec0cf88382dc5818640c99aac7c7bc8acb91d3b5d,122,8,26,15.25,5.74,0.0,forecasts (2); relied (1); rainfall (1); alerts (1); satisfy (1); clarified (1),,,automated-screen-clear
s1664,6,Everyday life,The Roommate Meeting Without a Winner,ddbf62f7fbc3072a54437e47bf5340185934b7b4a0496f1f13cbe4b0db276e89,123,10,23,12.3,4.88,0.0,roommates (1); quieter (1); roommate (1); headphones (1); unfinished (1); adjustment (1),,,automated-screen-clear
s1665,6,History,The Strike of the Match Workers,8fda5f089dbd68f1ba4776915c5ffbd72e9653049617428db390cb5f6c5ca9d2,119,7,20,17,5.08,0.0,fines (2); phosphorus (1); concessions (1); organizing (1); debates (1),,,automated-screen-clear
s1666,6,Science,A Battery Made by Moving Ions,149321990c8ba94b61a93b0aee7538c34f5722db4fc555bced392e9d47c5dda2,117,8,20,14.63,7.69,0.85,electrons (2); separates (1); atoms (1); molecules (1); ions (1); conducts (1); rechargeable (1); restores (1),,,automated-screen-clear
s1667,6,Famous books,Jim Hears the Apple Fall,5f9e6333365a0ec78043e1fb2f300301c5fa048624a993c48a12ad430a45d6a5,130,7,26,18.57,6.15,0.77,hawkins (1); voyage (1); pirates (1); overhears (1); sailors (1); slips (1); teaches (1); trusting (1),,,automated-screen-clear
s1668,6,Mystery and adventure,The Compass in the Archive,9126b8dba248b4b6edab85e8f6b3a8e39c8afe1255540549595de7d25d479bf8,127,8,25,15.88,14.17,3.15,compass (2); needle (2); archive (1); shelves (1); scratched (1); polar (1); expedition (1); researcher (1); conservator (1); dalia (1); magnetized (1); dial (1); screws (1); explorers (1); reminding (1),,very-low-frequency,needs-editorial-review
s1669,6,Travel and culture,The Mountain Post Office,8e8d2f271a4c6f2b8174b3d7de6616add33c16dfe10f3f8b58fde51d545066d7,123,7,26,17.57,5.69,0.81,dev (2); notebook (2); shopkeeper (1); bundle (1); favors (1),,,automated-screen-clear
s1670,6,People and biography,Rosa Makes Numbers Visible,6c5a92623defd24ced3525dde3312106ef2e677ef84a522ad56a870bfb675316,126,9,22,14,5.56,0.79,rosa (2); unfinished (1); unclear (1); tenant (1); delays (1); rosa's (1),,,automated-screen-clear
s1671,7,Fantasy/stories,Veyra Spends Its Spring,ed776b8a02cc6aaac901a83c5110664a60fb58638b416b9f68eb3600e44d0715,152,13,18,11.69,11.84,1.97,veyra (2); borrowed (2); orchards (2); sunlight (1); melted (1); roofs (1); storms (1); harmless (1); borrowing (1); festivals (1); frost (1); flowered (1); repayment (1); repaired (1); nesting (1),,,automated-screen-clear
s1672,7,Nature and animals,How Beavers Reshape a Valley,28efcef537f04ff7a380e78797a7caa75d1614ebdb12846f8265006436fa889c,147,9,27,16.33,10.88,0.68,pond (3); beaver (1); slows (1); spreads (1); sediment (1); amphibians (1); dams (1); flooding (1); harmless (1); installing (1); beavers (1); ecosystem (1); captures (1); wetland (1),,,automated-screen-clear
s1673,7,World affairs,The Price of a Free School Meal,5986a5aac47af34c133695a96f828cf38c871215757eaa91b88b05dc6a74367d,149,11,19,13.55,5.37,0.0,lunches (2); incomes (1); unpaid (1); optional (1); extras (1); indicators (1); comparisons (1),,,automated-screen-clear
s1674,7,Everyday life,The Family Photograph Nobody Wanted,db64e37ac901ae59285a39396a585b41716ba4c67267d6639ac86ee6ad935b66,151,12,28,12.58,7.95,0.0,portraits (2); maya (2); cousins (1); faded (1); crowded (1); heater (1); recalled (1); imperfect (1); scanned (1); preserving (1),,,automated-screen-clear
s1675,7,History,"Paper, Print, and the Korean Metal Type",821131475b9d1354ca14df4c3cf1ad3ea64516aa4220c8677794d4520ff2615b,145,9,23,16.11,8.33,2.78,printers (2); movable (1); buddhist (1); jikji (1); demonstrates (1); goryeo (1); inked (1); reused (1); relied (1); woodblocks (1); complicates (1),,,automated-screen-clear
s1676,7,Science,Why Concrete Can Heal Small Cracks,b7cb8df6bf98981ad0550e2df8552de4b64171cd5d061b46879ca34b8c67ac9e,140,10,22,14,12.14,0.0,cracks (5); compression (1); dries (1); reinforcement (1); builders (1); inactive (1); nutrients (1); minerals (1); capsules (1); unused (1); cement (1); immortal (1); corrosion (1),,,automated-screen-clear
s1677,7,Famous books,The Traveler from the Distant Future,013bf5763d685ca3be01e3da25cfb5701333c8ff977959d903c509e3e754fbb8,144,9,26,16,10.42,2.78,eloi (2); morlocks (2); inventor (1); skeptical (1); traveler (1); assumes (1); weakens (1); darker (1); disappears (1); tunnels (1); reconsider (1); extends (1); inequalities (1),,,automated-screen-clear
s1678,7,Mystery and adventure,The Radio Call from Dry Land,5f39b5d2593f0181c26dd9245ff710c12bce075a6aba37590307fcfca9f78182,153,12,24,12.75,8.5,1.31,distress (1); fragment (1); shifted (1); navigator (1); ellis (1); irregular (1); intervals (1); replaying (1); reflections (1); locate (1); rescuers (1); searched (1); solving (1),,,automated-screen-clear
s1679,7,Travel and culture,The Language of Shared Gardens,8ed1259328f460fb24a7fea5ef709ac8c7dd7b2ec408d633ab9d3eff00924df5,152,10,31,15.2,9.21,0.66,eva (2); planting (2); histories (1); greens (1); household's (1); yearly (1); remembrance (1); gardeners (1); shapes (1); growers (1); demonstrating (1); recipes (1),,,automated-screen-clear
s1680,7,People and biography,Jonas Opens the Workshop Door,315c9043353442c03d02a5347d57111d80c6a96c02fa6e188ac96bc5f76e550b,146,10,25,14.6,10.27,0.0,jonas (3); apprentices (2); repaired (1); scarce (1); reorganized (1); supervised (1); beginner (1); diagnose (1); notebook (1); worker's (1); lowered (1); endurance (1),,,automated-screen-clear
s1681,8,Fantasy/stories,The Ministry of Lost Shadows,dfc6fb8c6b9327c8650bdd44c1fe9498e856a7312b89724ed912e5fd508baa4d,179,13,40,13.77,18.33,3.33,aya (3); registry (2); blamed (2); imperfect (2); lume (1); stamped (1); outline (1); impostors (1); disappearing (1); vendors (1); thieves (1); corrected (1); rewritten (1); copied (1); deleting (1),,,automated-screen-clear
s1682,8,Nature and animals,The Hidden Routes of Fungal Spores,9e105adfa6bd9448065ccd9777c23575fb0579e66d3a1cbad6e7563abfa3e85a,176,11,25,16,13.64,0.57,spores (4); fungi (2); currents (2); habitat (1); remarkably (1); distances (1); cling (1); digestive (1); mushroom's (1); dispersal (1); timed (1); humidity (1); tissues (1); mushroom (1); moisture (1),,,automated-screen-clear
s1683,8,World affairs,The Algorithm at the Housing Desk,50844d0b69fccf017a6a91960581db2bd50b4691dee4a07b89e6b945648961bf,182,11,25,16.55,8.24,0.0,applicants (2); unstable (1); homelessness (1); incomplete (1); maximize (1); favored (1); inaccurate (1); duplicate (1); appointments (1); automated (1); reproduce (1); inequality (1); discriminatory (1); ignores (1),,,automated-screen-clear
s1684,8,Everyday life,The Inheritance of Thirty Teacups,3588627af8c8200c6444fe8573704c4782707086437fdfb71dbc7a8dd46478bb,178,13,22,13.69,8.99,1.69,nari (2); porcelain (1); teacups (1); vanished (1); assigning (1); chipped (1); disagreement (1); blended (1); photographed (1); props (1); cracked (1); repaired (1); pencils (1); intact (1); descendant (1),,,automated-screen-clear
s1685,8,History,The Port That Quarantined Its Letters,8e77510e01c0aa0c9cff7ff2c9cd27b7449823f8e6b0c2573825b3119eb36dd5,164,10,33,16.4,8.54,0.61,outbreaks (1); plague (1); slits (1); folded (1); correspondence (1); vinegar (1); onward (1); incomplete (1); lacked (1); fleas (1); quarantine (1); diplomacy (1); exchanging (1); affection (1),,,automated-screen-clear
s1686,8,Science,Listening to a Bridge with Sensors,9beb16a8111e8d228af85825a2aeb0e732bd4805bb5b35193d566c0c2996d865,158,12,24,13.17,10.76,0.63,sensors (2); responds (1); continuously (1); distinguishing (1); accelerometers (1); vibration (1); gauges (1); deformation (1); seasonal (1); positioning (1); unsafe (1); gust (1); sensor (1); persists (1); gradual (1),,,automated-screen-clear
s1687,8,Famous books,Elizabeth Doubts Her First Impression,ebc18c76b28da43a9f6307f169adf09d06ae6175f514755a469f6a404782d4eb,175,13,27,13.46,19.43,4.0,darcy (4); officer's (2); elizabeth's (2); darcy's (2); bennet (1); behaves (1); coldly (1); readily (1); selfishness (1); manners (1); exposes (1); embarrassment (1); accuses (1); harming (1); forgiveness (1),,,automated-screen-clear
s1688,8,Mystery and adventure,The Glacier Camera,53287d8c7564cac35d0abd7780cc9f58f37535353f378ac690871ff7e22fb807,186,13,22,14.31,7.53,1.61,retreating (1); glacier (1); safiya (1); expedition (1); compartment (1); reset (1); hiked (1); fragments (1); markers (1); meltwater (1); downhill (1); mattered (1); misleading (1); disappears (1),,,automated-screen-clear
s1689,8,Travel and culture,An Evening in the House of Wind,d595bd1ffd09001c3bf77743df74ea14e9619c0765e1fc60cc726fc227d23c59,172,12,26,14.33,9.88,1.16,karim (2); plateau (1); shaded (1); courtyard (1); openings (1); downward (1); resisted (1); depended (1); architectural (1); builders (1); hottest (1); courtyards (1); ventilation (1); copying (1); tower's (1),,,automated-screen-clear
s1690,8,People and biography,Lin's Clinic on Wheels,26d2d6754e4b31f6d56d6350695b18b4ac580b3c4e7ee569adf680e46efa6023,177,12,34,14.75,12.43,2.26,lin (3); appointments (2); scattered (1); administrators (1); careless (1); rode (1); harvests (1); valleys (1); van's (1); shopkeepers (1); redesign (1); cooperatives (1); landmarks (1); seasonal (1); floods (1),,,automated-screen-clear
s1691,9,Fantasy/stories,The Republic of Second Names,4495d76fe5b9232289e999b506a6a6366a69bca661dbae8995675941b5aa48f6,222,16,25,13.88,8.97,2.69,registry (2); supposedly (1); mira-gives-bread (1); cowardly (1); oren-fled (1); rewarded (1); nessa's (1); refusal (1); nessa-breaks-oaths (1); archivist (1); hardened (1); thief (1); rescuer (1); nessa (1); meaningless (1),,,automated-screen-clear
s1692,9,Nature and animals,What Survives a Marine Heatwave,fa8d279baac9868691c8cd30f6337d9635cd2117bf91d5956bcff4458d07cd28,201,13,29,15.46,21.39,1.99,algae (3); coral (3); corals (2); reef (2); limiting (2); fragments (2); seawater (1); unusually (1); expel (1); microscopic (1); tissues (1); coral's (1); bleaching (1); bleached (1); prolonged (1),,,automated-screen-clear
s1693,9,World affairs,The Border River During Drought,6ee2e4e51162b798b8217a71864c4d0d77f57c6861ac53571b70780848d13e40,203,12,26,16.92,12.32,0.99,downstream (2); depended (1); winters (1); reservoirs (1); shrank (1); fulfilling (1); wetlands (1); upstream (1); certainty (1); deliveries (1); allocated (1); negotiators (1); allocation (1); percentages (1); ecological (1),,,automated-screen-clear
s1694,9,Everyday life,The Cost of Being the Reliable Friend,3462e881fd2b4aa34f4454eca95e62bc1b90134471c18cd1409f400edc0055a1,189,15,25,12.6,10.58,1.59,hana (3); reliability (2); proofread (1); crises (1); declining (1); unhelpful (1); dishonest (1); designing (1); stricter (1); counselor (1); distinguish (1); generosity (1); resentment (1); favors (1); cooled (1),,,automated-screen-clear
s1695,9,History,The Census and the Making of Categories,ef16ba073466676fd83e888be9a8409a0e70482f729b484be5af8c0b67362640,190,12,36,15.83,8.95,1.05,distinctions (1); renamed (1); totals (1); absent (1); rigid (1); flatten (1); identities (1); overlapping (1); assumptions (1); respondents (1); resisted (1); campaigned (1); enumerators (1); interpreted (1); literacy (1),,,automated-screen-clear
s1696,9,Science,The Uncertainty Inside a Flood Map,305c4619bf88b485202fafbef524be9c1bc690bbb288680ba6f93e3bb59481ef,207,13,29,15.92,5.8,0.0,calculation (1); elevation (1); rainfall (1); drainage (1); labeled (1); flooding (1); scenarios (1); outline (1); communicating (1); dilemma (1); encourages (1); robust (1),,,automated-screen-clear
s1697,9,Famous books,Ahab and the Meaning of the White Whale,2b0cf229ba5b8b65e7d19af6d5243016d4818877a835b25c0ca183b6679502cc,204,12,25,17,21.08,5.88,ishmael (2); voyage (2); ahab (2); whale (2); whaling (1); pequod (1); intends (1); moby (1); converts (1); ship's (1); charisma (1); bind (1); injures (1); sailors (1); omen (1),,very-low-frequency,needs-editorial-review
s1698,9,Mystery and adventure,The Archive with Two Midnights,beef10408337d07ec17566cb99258889e6a24215e6e3bf822838baecd766fb75,203,12,25,16.92,16.26,2.96,archive (3); researcher (3); identifiers (3); confidential (2); mateo (2); administrators (1); credentials (1); midnights (1); coordinated (1); timestamps (1); displaying (1); seasonal (1); accessed (1); renumbered (1); predecessors (1),,,automated-screen-clear
s1699,9,Travel and culture,The Festival After the Tour Buses,3c1b4aef3bd28c38efb803b56df9816c87bcef67661185c19c88f50e40836ab1,194,11,30,17.64,9.79,1.55,town's (1); lantern (1); marking (1); vendors (1); decorations (1); imported (1); outsiders (1); guesthouses (1); organizers (1); reservation (1); arrivals (1); cleanup (1); feared (1); unmanaged (1); exclusionary (1),,,automated-screen-clear
s1700,9,People and biography,Nadia Designs for Repair,b2589de82933a4a785d99bdc95732894c750e6889969ca30c5f918eed3c12aac,188,14,22,13.43,13.83,1.6,nadia (3); designing (1); inexpensive (1); appliances (1); complained (1); glued (1); uncommon (1); screws (1); failures (1); modular (1); mixer (1); cord (1); bulky (1); warranty (1); labeled (1),,,automated-screen-clear
s1701,10,Fantasy/stories,The Parliament Beneath the Orchard,ca95fdfc74d05ee02024f487e1815edd437361aaa85dd0a401b1417dbba15651,251,16,32,15.69,16.33,1.2,villagers (3); orchards (3); orchard (2); reservoir (2); exposing (1); staircase (1); braided (1); crescent (1); rows (1); debates (1); delegate (1); germinate (1); dormant (1); drown (1); objected (1),,,automated-screen-clear
s1702,10,Nature and animals,Rewilding Without an Imagined Past,fab966d6d67004b41a8a6dd9fcf7a798fa881dbbda440eb16cc3fc4d40ef63d0,228,13,23,17.54,10.96,2.19,rewilding (2); ecological (2); appealing (1); landscapes (1); histories (1); selecting (1); baseline (1); grazing (1); freer (1); habitats (1); ecosystems (1); herbivores (1); predators (1); livelihoods (1); seasonal (1),,,automated-screen-clear
s1703,10,World affairs,Debt Relief After the Cyclone,b7194f878dace68c6eb3e5c7301dd5a714f8df0e33bab813b41a9b51648c5d62,212,10,28,21.2,12.26,0.94,creditors (2); borrowing (2); cyclone (1); clinics (1); indebted (1); consumed (1); reconstruction (1); deepen (1); suspending (1); cancellation (1); debts (1); lenders (1); irresponsible (1); borrowers (1); unequal (1),,,automated-screen-clear
s1704,10,Everyday life,A Marriage Measured in Invisible Work,49090d90422a42c17132fbb0d9371f44d157b6afd705ee60a58a54ff3d310473,209,13,29,16.08,11.37,2.37,inez (2); housework (1); spreadsheet (1); disagreement (1); intensified (1); remembering (1); vaccinations (1); noticing (1); allergies (1); anticipating (1); vague (1); naming (1); negotiating (1); resisted (1); converting (1),,,automated-screen-clear
s1705,10,History,The Archive Left by a Colonial Survey,6ce0e419a67dc07955d41971e0f1b54916c2ab07f932485faec5cb698cb03e93,208,11,29,18.91,13.46,2.88,archive (2); standardized (1); unavailable (1); indispensable (1); historians (1); taxation (1); extraction (1); seasonal (1); grazing (1); overlapping (1); outsider's (1); strategically (1); withholding (1); adapting (1); archive's (1),,,automated-screen-clear
s1706,10,Science,What a Model Means When It Fails,1cfe9a967ef6b53273631ae2e772904c6df5e26ff13f1088df426e1ea9d3c1d7,213,13,33,16.38,11.74,0.47,parameter (2); incomplete (1); representations (1); epidemic (1); simplifying (1); judged (1); reproduces (1); prediction (1); omitted (1); adjusting (1); calibration (1); clarity (1); sensitivity (1); uncertain (1); assumptions (1),,,automated-screen-clear
s1707,10,Famous books,A Creature Asks for Responsibility,1837ad480a01ca47d6f5a54657fd1dfea5ce3cb22ffbf3630354b46c7f891acf,221,13,23,17,13.57,2.26,frankenstein (1); pursues (1); animate (1); imagining (1); awaken (1); recoils (1); abandons (1); learns (1); observing (1); rejection (1); shapes (1); grievance (1); justifies (1); destroys (1); unfinished (1),,,automated-screen-clear
s1708,10,Mystery and adventure,The Expedition That Reached Camp Twice,2f16c6feb9849661dbd4e16f29011922864a6e3ba8c9c1aa05da4bcd40c9c4fa,229,15,23,15.27,14.41,3.06,coordinates (2); rescuers (2); mapped (2); waypoint (2); expedition (1); evenings (1); transmitted (1); authentication (1); feared (1); forged (1); ren (1); expedition's (1); geodetic (1); datum (1); modestly (1),,,automated-screen-clear
s1709,10,Travel and culture,The Museum Returned to the Neighborhood,b9f4f40b73b0ab500089722ff5c46ddfd1eadc67b653f0380ccdfafc5cd12c6f,214,12,29,17.83,8.88,0.47,exhibitions (2); posters (1); recordings (1); polished (1); interpreters (1); borrowed (1); ceremonies (1); digitized (1); contested (1); descriptions (1); culturally (1); curators (1); weaken (1); scholarly (1); unexplained (1),,,automated-screen-clear
s1710,10,People and biography,Elias and the Ethics of a Useful Forecast,792c4814d86ff40f1fd69ba09e99804e3edbd583a922be3a6af31642a8b5ad77,224,14,43,16,13.84,0.45,elias (3); forecasts (3); cooperative (2); lenders (2); planting (1); yields (1); troubled (1); influencing (1); irregular (1); noisier (1); poorer (1); limitation (1); persuaded (1); eligibility (1); outputs (1),,,automated-screen-clear
s1711,1,Fantasy/stories,A Star in the Bread Tin,49aaba98ac9f57dd5a50b32d564c45620c63dc43201b6b79bf0e6979669b5420,50,7,12,7.14,4.0,4.0,lio (2),,very-low-frequency,needs-editorial-review
s1712,1,Nature and animals,A Bat Lets Go,7e404af5709e5a477e85722c4b8b5846830c4229139d747d6bb868ca67c0e536,48,6,9,8,4.17,0.0,rests (1); hangs (1),,,automated-screen-clear
s1713,1,World affairs,One Ramp for the Hall,11befc4c72257510eacf71b99df54efe153e2a39b6f0e9480f277756ce8c871e,60,8,10,7.5,8.33,3.33,ramp (3); wheelchairs (1); strollers (1),,low-frequency;very-low-frequency,needs-editorial-review
s1714,1,Everyday life,Tea for the Early Driver,871562fbfb5711c435dd07dac104b6cf612a37f0529a2c4a2540a587a8f09b65,53,6,12,8.83,3.77,0.0,mika (2),,,automated-screen-clear
s1715,1,History,Words Pressed into Clay,b92a0f9967eab25780173fd4c9072d63a810ddb1578dfebc6a96d31ee890c1eb,46,5,12,9.2,2.17,0.0,tablets (1),,,automated-screen-clear
s1716,1,Science,The Moon Has No Lamp,5b44d33eddd4e20d511c303108fda1dddcffb50ef279f25cf53c2b79e3241178,47,5,14,9.4,0.0,0.0,,,,automated-screen-clear
s1717,1,Famous books,Heidi Returns to the Mountain,54427adc7e2fcb9c1621bbd3e25954ab7be38f4e4900c48f111aa73c231e753c,53,6,16,8.83,9.43,0.0,clara (3); heidi (2),,low-frequency,needs-editorial-review
s1718,1,Mystery and adventure,Mud on the Clean Floor,486d0a17885227ebed4924b4aad13b6a30523534b1f6a6ae385fb1191e8975e3,53,7,10,7.57,5.66,0.0,hana (2); cleans (1),,low-frequency,needs-editorial-review
s1719,1,Travel and culture,A Seat by the Small Harbor,238c9498afa1a28a448af4a5cbddf4edbb35228d12d1375ec78a96627ec84fc7,58,8,14,7.25,8.62,0.0,eli (4); buys (1),,low-frequency,needs-editorial-review
s1720,1,People and biography,Pia Paints Safe Paths,c73ebc41dbea888d0edb01aa93eb136dca0e0432b030ac8e6b4d5682a018b852,63,8,15,7.88,4.76,0.0,pia (3),,,automated-screen-clear
s1721,2,Fantasy/stories,The Umbrella Tree,8ada2324d0e5f30f240089c6446f416a1e5e3ca12e7ffccb0c1395f196e6a6d0,58,6,12,9.67,12.07,0.0,nia (4); umbrella (2); umbrellas (1),,low-frequency,needs-editorial-review
s1722,2,Nature and animals,How a Sonoran Desert Tortoise Stores Water,e836fef88aa6ae6d5fea9fc44b0a829606c9fc69a30e77043f3b477d78c74b3f,76,7,15,10.86,15.79,2.63,tortoise (5); sonoran (2); burrow (1); bladder (1); seasonal (1); drought (1); salts (1),,low-frequency;very-low-frequency,needs-editorial-review
s1723,2,World affairs,The Shared Street Light,40e1d2908343fcb23cfe33214a2a753f7e0ee635d2f69bcaf5a190d1364384ce,87,9,13,9.67,0.0,0.0,,,,automated-screen-clear
s1724,2,Everyday life,A Different Birthday Cake,3e2d460edc33b2c46eb570e0c6fd648fc1e781c9c7581975f402338feea5f003,70,8,16,8.75,1.43,0.0,bake (1),,,automated-screen-clear
s1725,2,History,Waves on a Stick Chart,e31608713ded3806425403ccb2f6aa8da8d9a3d5e8f7df98074b757026b9eab5,80,7,18,11.43,11.25,2.5,shells (2); navigators (1); curved (1); swells (1); atolls (1); learners (1); voyage (1); navigator (1),,low-frequency;very-low-frequency,needs-editorial-review
s1726,2,Science,Colors in a Drop of Rain,79df0a9ad53bf2b3aeac3fe0c334a8286fc497a56ee03ba25ca58d4776a8b549,58,5,15,11.6,0.0,0.0,,,,automated-screen-clear
s1727,2,Famous books,Black Beauty Finds a Last Home,3559014d6c2a5502e7c6e926be87eb8b69d7eff4736b2c7219360ace7e3dfde9,85,8,14,10.63,0.0,0.0,,,,automated-screen-clear
s1728,2,Mystery and adventure,The Note in the Empty Jar,e635f15a588260f56669717a2baeb9f4d6d66b31dce4945065380de231a8de62,61,7,12,8.71,3.28,0.0,jar (1); smiles (1),,,automated-screen-clear
s1729,2,Travel and culture,Rain at the Hill Market,a052aa1bb068bd765f5ee7f415255fbc59f673b6608eeb436ae24f1a4e5cb779,61,6,14,10.17,9.84,1.64,mara (2); sellers (1); buys (1); teaches (1); seller’s (1),,low-frequency;very-low-frequency,needs-editorial-review
s1730,2,People and biography,Dani Opens a Tool Box,815a3542278867b51a624fc73612724e2e8c75ff80dbec7e0a57b1daca099155,68,7,12,9.71,11.76,0.0,dani (4); fictional (1); lend (1); saturdays (1); fixes (1),,low-frequency,needs-editorial-review
s1731,3,Fantasy/stories,The Clock That Needed a Story,39951daab2cb9d12c14dc70cd85a983581b9f0935c19dc43cbb21bebd2949fa8,60,6,12,10,1.67,0.0,travelers (1),,,automated-screen-clear
s1732,3,Nature and animals,A Meadow Under the Sea,3efeefcc5306ad398760a7e9d42fff295c89811b6d2817223aba0161d628e47f,69,6,14,11.5,1.45,1.45,seagrass (1),,,automated-screen-clear
s1733,3,World affairs,The Clinic's Three Languages,13b5074dfb242a18e5b43d28617ebc2d8502f08fa70cfc36a9313e4fcc19a456,62,5,21,12.4,1.61,0.0,translate (1),,,automated-screen-clear
s1734,3,Everyday life,The Coat with Two Owners,c37b7ef255eeffc0a83aa7a763a42dec69d3ebf7d50a175ab432000b415e7aa6,99,11,13,9,2.02,0.0,seam (1); lining (1),,,automated-screen-clear
s1735,3,History,Books Carried Out of Timbuktu,47c0395d2af6c0f5f6cd2f8678192923b07b7388802d082d54b41a9b459e40ef,75,6,18,12.5,2.7,2.7,timbuktu (2),,very-low-frequency,needs-editorial-review
s1736,3,Science,Water Keeps Moving,5c5d80e8f83c274722489a1893100ce1750ee46d228dfbf1e6b671e2fbf73112,61,5,21,12.2,6.56,0.0,seas (1); vapor (1); cools (1); freezes (1),,,automated-screen-clear
s1737,3,Famous books,Anne Chooses Green Gables,604c08b66b0e6c06975c321a08e08a9277d47a6af317f8c3754f631ae9d602ad,57,5,18,11.4,14.04,7.02,marilla (3); shirley (1); expects (1); fierce (1); learns (1); gables (1),,low-frequency;very-low-frequency,needs-editorial-review
s1738,3,Mystery and adventure,The Train Ticket with No Town,b7f20b4ca7de757bcda9a3719c020dbb50369d17d0d9d6f762e0fd6796964174,103,10,19,10.3,6.8,4.85,bellford (5); iris (2),,very-low-frequency,needs-editorial-review
s1739,3,Travel and culture,Bread from the Shared Oven,79d066072c637af6d1e60410c68f5be127bf9df421c1ff7ca109b7a9878e596f,93,9,16,10.33,12.9,4.3,noor (3); dough (2); loaf (2); fictional (1); bowls (1); bakes (1); presses (1); buys (1),,low-frequency;very-low-frequency,needs-editorial-review
s1740,3,People and biography,Arun Records the Quiet Hours,d89e2c7b15a3735f332f1c86d8e06bfdc033863c301d7fbe41a5ea91838584f7,103,9,19,11.44,3.88,2.91,arun (3); whispering (1),,very-low-frequency,needs-editorial-review
s1741,4,Fantasy/stories,The Door That Opened on Tuesdays,b1bf2b18123ca34aa3fdbb92520af97ccbf970fd7a6b80319d1fcc0b3923507e,78,7,17,11.14,7.69,0.0,mina (2); bakery (1); rang (1); grandmother's (1); gardener (1),,,automated-screen-clear
s1742,4,Nature and animals,Pines That Wait for Fire,e2022ff1b53f774c8771a47ac53c868d322dd0f95419fd2d073265f30a44f36e,80,7,19,11.43,7.5,1.25,cones (2); tightly (1); sticky (1); pines (1); lodgepole (1),,,automated-screen-clear
s1743,4,World affairs,The Bridge Used by Two Towns,8e5d764db6a634caac582087aeeb0efde417f3103b1c0f9f8073d3b0081b6b32,77,6,17,12.83,3.9,0.0,travelers (1); councils (1); rails (1),,,automated-screen-clear
s1744,4,Everyday life,The Week without a Washing Machine,3368001a1960b6c42187f7b77c8a3784fa646d96522c56aebbaad4e566e46bcb,153,12,20,12.75,7.19,3.27,lia (4); lia’s (1); unplugged (1); spilling (1); tray (1); faulty (1); inconvenient (1); repaired (1),,very-low-frequency,needs-editorial-review
s1745,4,History,Counting Grain on Clay,d883bc8ac41496cadc4a16e88827c4ceb5f0483a9a9af8e600b2bac507bb0243,78,6,24,13,8.97,2.56,tablets (2); mesopotamia (1); wedge (1); cuneiform (1); historians (1); temples (1),,very-low-frequency,needs-editorial-review
s1746,4,Science,A Lever Lifts the Stone,3263ac8fd439668b956ab77e86b5e8b2d19affd821556f7eece96357d8a96d1b,84,7,16,12,2.38,1.19,lever (1); fulcrum (1),,,automated-screen-clear
s1747,4,Famous books,Fogg's Eighty-Day Promise,ec4f42f1e6c414b2741f0f4542c29809f1710640c69ef8d57d9e0efb0a8f4660,82,7,25,11.71,13.41,6.1,fogg (2); phileas (1); eighty (1); wager (1); passepartout (1); delays (1); mistaken (1); complicate (1); rescues (1); aouda (1),,low-frequency;very-low-frequency,needs-editorial-review
s1748,4,Mystery and adventure,The Sound Beneath the Path,0fe1cb996bab9f93e8fa38b93f93b490e3fe637694f0a33feb30e25ca6306dfa,151,13,18,11.62,5.3,0.0,tess (2); ringing (2); faint (1); electrician (1); repaired (1); leaking (1),,,automated-screen-clear
s1749,4,Travel and culture,The Ferry with a Library Shelf,9d4452fabbc1daa63f9278155892dcf7c8731812b147bdec5544356eb973e053,80,7,13,11.43,2.5,0.0,travelers (1); lighthouse (1),,,automated-screen-clear
s1750,4,People and biography,Lea and the Morning Bus,3da8c9321d3db9a9fddbcd8578ffd239b5b9700f34bdbbe76f5e47ec69d8e290,149,10,21,14.9,6.04,0.0,lea (3); rode (1); colleague (1); crossings (1); town's (1); clearer (1); timetable (1),,,automated-screen-clear
s1751,5,Fantasy/stories,The Gallery of Abandoned Wishes,bb377f3910940380ce8d8935b8df132b1b92e328eff5f77db90897bdc68fdd07,98,8,19,12.25,7.14,1.02,niko (2); unopened (1); journeys (1); unfinished (1); faded (1); glow (1),,,automated-screen-clear
s1752,5,Nature and animals,Living Light in the Ocean,6a8d46ff6dc495f4f4f3d4b7b4634b8e2167a8921d68a5c909ff3ecdfbf06e93,96,8,17,12,12.5,2.08,organisms (2); bioluminescence (1); drifting (1); prey (1); confuse (1); attackers (1); sunlight (1); fish's (1); organism (1); molecule (1); enzyme (1),,,automated-screen-clear
s1753,5,World affairs,The Island's Fresh-Water Plan,88d8482247088dc6d7ccc652cf0ae32ce9baeb962135582dd96e9f46fd8e5ac7,100,7,22,14.29,10.0,0.0,reuse (2); depended (1); sinks (1); repaired (1); leaking (1); pipes (1); priced (1); drip (1); shortage (1),,,automated-screen-clear
s1754,5,Everyday life,A Calendar for Caring,ba6be902e3bd8a6e650f94af13aab2cf4b61023c7e32d8ce57f40fd3cdfd03fc,89,7,17,12.71,5.62,0.0,mei (1); disliked (1); deliveries (1); helpers (1); schedules (1),,,automated-screen-clear
s1755,5,History,Steering by Stars and Swells,5644ca41cc3502cba0a3f79af02e2a1dbbc7752feb9c4e0eff1e6bba5584aae7,109,6,24,18.17,1.83,0.0,hawaiian (1); canoe (1),,dense-syntax,needs-editorial-review
s1756,5,Science,A Practice Alarm for the Immune System,db7274e551952a96908aa34d8ec30b37866b7a9edcbdbe14f88fcd14fda7adc3,98,6,24,16.33,8.16,0.0,vaccines (3); germ (2); prepares (1); weaken (1); booster (1),,,automated-screen-clear
s1757,5,Famous books,Mowgli Hears the Law of the Jungle,ff1c6d500927046ff1507bc6ef0c437bb8f70a13f4e9bffdb54de203be2eb863,96,7,19,13.71,10.42,6.25,mowgli (4); shere (2); threatens (1); teaches (1); protects (1); learns (1),,very-low-frequency,needs-editorial-review
s1758,5,Mystery and adventure,The Photograph Taken after Closing,b7f71180c3a1ebd8ef36dfbb2ea2ec1e8cd2b9ef6e7bc7e20675bba8a1bda7b7,96,8,15,12,3.12,0.0,omar (1); shone (1); outline (1),,,automated-screen-clear
s1759,5,Travel and culture,The Chorus Shared before Dawn,6c37c4f876554cd47be4a6b589c7eb5a8fad6182c57051dec1f70b056497c076,99,7,20,14.14,11.11,2.02,rosa (2); boarded (1); phrasebook (1); luggage (1); compartment (1); tapped (1); chorus (1); song's (1); rosa's (1); notebook (1),,,automated-screen-clear
s1760,5,People and biography,Mateo Builds a Cooler Classroom,7aad4426fd6cb705a9f042680884397459b6c1054b1daa25289bc4430f8dbcf0,94,6,23,15.67,10.64,0.0,mateo (2); teaches (1); air-conditioning (1); costly (1); sunlight (1); builders (1); reflective (1); vents (1); publishes (1),,,automated-screen-clear
s1761,6,Fantasy/stories,The Summer Missing from the Calendar,7d39d172157de6b4d5aa79287d9ee8523fafa0279d6b28c8627eb25ab5518d98,110,8,19,13.75,9.09,1.82,borrowed (1); blankets (1); bargain (1); harmless (1); ripened (1); migrating (1); ivo (1); borrowing (1); admitting (1); disrupted (1),,,automated-screen-clear
s1762,6,Nature and animals,Salmon Carry the Sea Inland,1dd19bc6408fc9840297b69eef7bee888c0c66c1db4a09c8fe1a0669d7af64ea,106,7,24,15.14,9.43,1.89,hatch (1); reproduce (1); habitats (1); predators (1); riverbanks (1); nutrients (1); webs (1); dams (1); habitat (1); estuaries (1),,,automated-screen-clear
s1763,6,World affairs,The Vaccine Freezer at the Border,f0b472c21943d97c0bd8e0266ba69e8b1f9bd8e5659d744dc71de000c21823c9,110,7,24,15.71,6.31,0.0,refrigerated (1); shipment (1); warmed (1); outbreak (1); nearer (1); repaired (1); depended (1),,,automated-screen-clear
s1764,6,Everyday life,The Subscription Nobody Used,1766f7d3e1135a6d4259a42b5b2e10d98ea6f53bc9e7bfa7aaad9c1dc12a0c4b,107,8,21,13.38,8.41,0.0,nora (1); draining (1); inexpensive (1); repeating (1); canceling (1); lowered (1); deleting (1); duplicates (1); refusing (1),,,automated-screen-clear
s1765,6,History,Timbuktu's Libraries of Many Homes,507d3f53183a61a8f39801359114a372fcd79afe94c3736e0ce32f45f0cc1b9b,99,6,19,16.5,13.27,2.04,manuscripts (2); thirteenth (1); sixteenth (1); timbuktu (1); copied (1); astronomy (1); neglect (1); posed (1); dangers (1); mali (1); custodians (1); survives (1),,,automated-screen-clear
s1766,6,Science,Why the City Stays Hot after Sunset,048e9f1a817ebde40854f6be457114d176d43b578bf4c4fb060bdbc27ebfc027,106,6,29,17.67,14.15,0.94,roofs (2); warmer (1); paved (1); absorb (1); spaced (1); airflow (1); conditioners (1); varies (1); neighborhoods (1); pavement (1); reflective (1); vegetation (1); thoughtful (1); planners (1),,,automated-screen-clear
s1767,6,Famous books,Edmond Dantès Returns under Another Name,219d2076d67251873949499a72d710242303e6a5c213ab434fa3c258f50c6c2f,100,6,23,16.67,10.89,2.97,edmond (3); dantes (1); sailor (1); wrongly (1); accuse (1); educates (1); escaping (1); punish (1); dant (1),,,automated-screen-clear
s1768,6,Mystery and adventure,The Lighthouse Log with Two Midnights,d403ac0e9408cf2d3edcb4f62071e276ecf5b889b012b391bdb941b42b01cded,106,9,24,11.78,8.49,1.89,selene (2); lighthouse (1); wreck (1); handwriting (1); clocks (1); daylight-saving (1); puzzle (1); emergencies (1),,,automated-screen-clear
s1769,6,Travel and culture,The Courtyard behind the Music Shop,8503bfb440d8f25a2ac655c4ac540768c98eb6f27162ae3513e61624df120dab,109,8,22,13.63,7.34,0.92,repaired (1); courtyard (1); apprentice (1); instrument's (1); tuning (1); merchants (1); migrants (1); souvenir (1),,,automated-screen-clear
s1770,6,People and biography,Sora Maps the Missing Trees,1dee788fed7f76dc31ffc18ccf47d9f5a5a6dcb17fd6dcbb5d25ead464bb5bc9,103,7,21,14.71,15.53,1.94,sora (2); researcher (1); hotter (1); shaded (1); wealthier (1); combines (1); readings (1); pedestrian (1); aerial (1); identifies (1); fountains (1); unsafe (1); crossings (1); recommends (1); planting (1),,low-frequency,needs-editorial-review
s1771,7,Fantasy/stories,Mara Learns the Storm Language,b1b3a3da58e0520ba89b99ed3303cee083795096b7bd9b1561d52952f3d94d9a,125,8,32,15.63,10.4,0.8,storms (3); mara (3); mara's (1); flooded (1); gust (1); pauses (1); uncertain (1); wetlands (1); floods (1),,,automated-screen-clear
s1772,7,Nature and animals,A Compass inside an Animal,4f1f319924511fb9d5aede41436f2822612f92b416603122a8705236e4281d15,110,7,30,15.71,9.09,0.91,accurately (1); landmarks (1); earth's (1); magnetoreception (1); turtles (1); compass (1); sunlight (1); currents (1); observing (1); cues (1),,,automated-screen-clear
s1773,7,World affairs,The Border River Council,d9f9d89720f3f14f1573c809e79d7fd31756827c0c69d4d4206c3c1ce8967593,117,8,18,14.63,14.53,0.0,upstream (1); seasonal (1); flooding (1); downstream (1); feared (1); fisheries (1); rainfall (1); irrigation (1); ecosystem (1); reviewing (1); drought (1); disagreement (1); fairness (1); narrowed (1); factual (1),,,automated-screen-clear
s1774,7,Everyday life,The Family Archive on Four Phones,b713a649b34aaab3233ef2d9dff547fd96eeb77b74b8a90c0c55309c092d9a33,122,7,26,17.43,13.11,0.0,alma (2); assemble (1); scattered (1); laptops (1); messaging (1); copied (1); naming (1); sorted (1); uncertain (1); corrections (1); folders (1); archive (1); incomplete (1); understandable (1); formats (1),,,automated-screen-clear
s1775,7,History,A Student's Clay Exercise,0f7435a0627896ad871066036b80c396bbf9d1acd94f0e9c5b5ae04674b45f68,118,7,25,16.86,14.41,3.39,tablets (2); cuneiform (1); scribes (1); mesopotamia (1); learner (1); copied (1); uneven (1); literacy (1); conventions (1); scribal (1); archaeologists (1); interpret (1); cautiously (1); student's (1); handwriting (1),,,automated-screen-clear
s1776,7,Science,Continents on Moving Plates,3d6924ba29bab2182ca3ed9893f9333d14a0685315074303bdb87b21f1040c60,138,7,28,19.71,15.22,0.72,continents (2); earthquakes (2); volcanoes (2); earth's (1); rigid (1); tectonic (1); softer (1); centimeters (1); oceans (1); remake (1); crust (1); converge (1); tectonics (1); unites (1); shapes (1),,,automated-screen-clear
s1777,7,Famous books,Jane Eyre Refuses an Unequal Choice,13b1e5814ad39a896d701206759c8d6d9b8ce7453622b77cc2f8478711a4b547,113,7,25,16.14,16.81,3.54,rochester (4); thornfield (2); bertha (2); orphaned (1); eyre (1); cruelty (1); teaches (1); lowood (1); governess (1); learns (1); violates (1); conscience (1); hardship (1); reunion (1),,very-low-frequency,needs-editorial-review
s1778,7,Mystery and adventure,The Map Drawn in Condensation,d2d220fe5196e84fea3e583206ce8eb4608f8a61b73415f2348f3f4a79ad9739,115,9,20,12.78,10.43,0.87,greenhouse (1); vanished (1); warmed (1); resembled (1); priya (1); photographed (1); condensed (1); revealing (1); adhesive (1); rectangle (1); leaking (1); vapor (1),,,automated-screen-clear
s1779,7,Travel and culture,The Guide Who Revised the Tour,6606ff913db3598582b8f930c2a69f9ba823d4abe21a60212e0a99b109000bb4,114,8,20,14.25,14.04,2.63,elif (2); heroic (1); historian (1); politely (1); naming (1); craftspeople (1); suppliers (1); laborers (1); disappoint (1); travelers (1); coordinated (1); quarry (1); cooks (1); apprentices (1); richer (1),,,automated-screen-clear
s1780,7,People and biography,Noor Designs a Fair Queue,0f710ecc09fe1fcd8a6aa20b6c37d4d08434a642d0a0a63dd76c98153b63e4f9,110,7,26,15.71,12.73,2.73,noor (2); queue (2); manages (1); appointments (1); crowded (1); deadlines (1); disabilities (1); combines (1); classify (1); narrows (1); abandons (1); judged (1),,,automated-screen-clear
s1781,8,Fantasy/stories,The Cartographer of Possible Roads,13b297d8b2c3eca46bb972d794babd70568e8a3d3c560fb7b3ab8b8299bfb151,135,9,22,15,6.67,2.22,eren (2); eren's (1); traveler (1); apprenticeship (1); brightest (1); unseen (1); storms (1); joys (1),,,automated-screen-clear
s1782,8,Nature and animals,A Community Built on a Fallen Whale,f4f0a0cfa880a233eb4b5f240b77643f8172e68a49e99e28bebeb65019117155,127,7,27,18.14,11.81,2.36,whale (3); sinks (1); seafloor (1); concentrated (1); scavengers (1); enriched (1); sediment (1); microbes (1); fats (1); nourish (1); habitat (1); ecosystems (1); habitats (1),,,automated-screen-clear
s1783,8,World affairs,The Price of Moving a Coastline,e00492ba6980309ce55833484592774d9ceeb4f250cbae897bb8e0b5d602c5fb,119,7,34,17,11.76,0.84,flooding (1); seawall (1); planners (1); feared (1); polite (1); abandonment (1); renters (1); informal (1); relocation (1); counseling (1); legitimacy (1); depended (1); burdens (1); credible (1),,,automated-screen-clear
s1784,8,Everyday life,The Meeting That Became an Email,1f84d85a535b0b75612aeb9019cb4cfa2d5cbdf1d8bfe4adc105973c2a0a22e4,130,9,22,14.44,4.62,0.77,announcements (1); riku (1); quieter (1); experimented (1); wasteful (1); exclude (1),,,automated-screen-clear
s1785,8,History,Reading the Ocean in Bent Sticks,5b3e7fb00965e7f5c7c867bb2fd619049b19435fd9ad39e4bbd4a81377c4f667,130,7,27,18.57,9.23,1.54,navigators (1); swells (1); ribs (1); bent (1); shells (1); embodied (1); navigator (1); canoe's (1); misses (1); voyage (1); consulted (1); instructional (1),,,automated-screen-clear
s1786,8,Science,Editing DNA with a Guided Tool,532c75b98f64a0167045cb60bb0452220d814e561051720517b955ebadd94dea,127,7,27,18.14,10.24,0.79,genome (1); crispr-cas (1); combines (1); molecule (1); disrupt (1); scissors (1); incomplete (1); targeting (1); unintended (1); embryos (1); inherited (1); justification (1); oversight (1),,,automated-screen-clear
s1787,8,Famous books,Odysseus Returns to Ithaca,633ad97fe31562fc4bb15cb229073cc229ab00bd527f69e615c82d4f855621ad,142,8,24,17.75,11.27,2.82,odysseus (2); penelope (2); trojan (1); spends (1); ithaca (1); one-eyed (1); singers (1); storms (1); deepen (1); suitors (1); consume (1); pressuring (1); delays (1); reunites (1),,,automated-screen-clear
s1788,8,Mystery and adventure,The Dataset with a Perfect Pattern,a577d607dc965df1ce5c1cb24ad302e003a1671b2654e87c1bc60cff813c24b8,132,8,20,16.5,11.36,0.0,astonishing (1); fabricated (1); accusing (1); leila (1); traced (1); recorder (1); automated (1); microphone (1); interval (1); recordings (1); resembled (1); regularity (1); prompt (1); workflow (1); scrutiny (1),,,automated-screen-clear
s1789,8,Travel and culture,A Recipe with No Single Homeland,58be36ca95cfe7cb1e954ec46cc8c18c8de2bda0f3b810f7a1eccdb572cfb28f,123,7,27,17.57,7.32,1.63,salma (2); advertised (1); unchanged (1); spice (1); vegetable (1); disagreed (1); accurately (1); timeless (1),,,automated-screen-clear
s1790,8,People and biography,Imani Tests the Flood Warning,317d344cfcf4256649f857998c04351e23e225ede40f0a6b1945cbb1d423d0ac,125,9,27,13.89,15.2,3.2,imani (2); develops (1); warnings (1); unfamiliar (1); forecasters (1); advocates (1); translators (1); flooded (1); sirens (1); warns (1); revises (1); publishes (1); failures (1); successes (1); uncertain (1),,,automated-screen-clear
s1791,9,Fantasy/stories,The Ministry of Unspoken Consequences,086184fd2b385e395235adbe6c896f6523e48f84384d5cc3fbd5ee4f6ae358f2,161,13,18,12.38,13.04,1.86,ledger (2); windowless (1); caregivers (1); eligibility (1); displaced (1); poorer (1); ledgers (1); confidential (1); embarrassments (1); objected (1); harms (1); outrage (1); exhausting (1); staffing (1); oracle (1),,,automated-screen-clear
s1792,9,Nature and animals,"Peatlands: Slow Growth, Large Stores",f2daf4b393c7e60379cbabbd3f83ec64eceb84542a0c58fc11e8e5f989475bc7,161,9,25,17.89,18.63,3.11,peat (4); peatlands (2); waterlogged (1); decay (1); decomposed (1); accumulates (1); storing (1); quantities (1); earth's (1); assessments (1); regulate (1); sustain (1); livelihoods (1); drainage (1); forestry (1),,,automated-screen-clear
s1793,9,World affairs,Rebuilding While Loans Remain,3c5c49327aef9db4d92a5da850f7e784cf40335e06c06da9ba325e0b72c646ba,145,9,22,16.11,15.86,2.07,cyclone (1); clinics (1); reconstruction (1); prolong (1); disruption (1); scenarios (1); borrowing (1); slower (1); rebuilding (1); omitted (1); unpaid (1); schooling (1); unequal (1); creditors (1); combining (1),,,automated-screen-clear
s1794,9,Everyday life,A Recommendation Engine at Dinner,1a3c6873ea904bbbd03e9763c65b8d03fabddc183889df8e8ce0371b5f1dcec7,140,10,24,14,12.14,1.43,jonas's (1); weekday (1); inexpensive (1); member's (1); allergy (1); overlooked (1); jonas (1); clicks (1); dissatisfaction (1); recipes (1); dietary (1); constraints (1); reserving (1); optimized (1); misleading (1),,,automated-screen-clear
s1795,9,History,A Tablet without Its Excavation Story,fdf5c51ef2a97678a07088ae46a7813e365eff999a3d59bd9cb5d69629655bd5,136,6,28,22.67,12.5,2.21,cuneiform (1); readable (1); obligations (1); archaeological (1); archive (1); neighboring (1); analyze (1); unprovenanced (1); undocumented (1); looting (1); illustrates (1); histories (1); separates (1); inference (1); gaps (1),,,automated-screen-clear
s1796,9,Science,Listening to Space-Time,d23fde6ea87367272e9bed79eb2a5d4599242b386f1f81e1a46c901755307d41,134,7,25,19.14,17.29,2.26,gravitational (2); detectors (2); ripples (1); accelerating (1); masses (1); violently (1); einstein's (1); relativity (1); extraordinarily (1); ligo (1); perpendicular (1); interferometry (1); merging (1); faults (1); resemble (1),,,automated-screen-clear
s1797,9,Famous books,The War of the Worlds without Human Victory,33e204ecec834b3a277bbdcc1355f74e9283df1ea836dcc44f092802ed189d81,126,11,20,11.45,17.46,2.38,wells's (1); cylinders (1); technologically (1); invaders (1); heat-rays (1); overwhelm (1); assumptions (1); dominance (1); unnamed (1); narrator (1); heroic (1); martians (1); earthly (1); microorganisms (1); reverses (1),,,automated-screen-clear
s1798,9,Mystery and adventure,The Anonymous Reviewer's Footnotes,83b37c36eb54d8d29438a475ce95d8af0087796bfcd02868784e9348961e8545,140,9,24,15.56,15.71,2.14,historian (3); archive (2); obscure (1); catalog (1); quotations (1); reviewer's (1); suspicion (1); reviewer (1); verify (1); confidentially (1); envelope (1); handwriting (1); uncertain (1); villain (1); undocumented (1),,,automated-screen-clear
s1799,9,Travel and culture,The Festival after the Cameras Leave,d9d9e4a91eb4a0c0fec134e17681e49ef745b9a7a478add847b18eb996303f7c,137,9,26,15.22,8.76,0.73,organizers (2); prospered (1); timed (1); rites (1); unfriendly (1); sanitation (1); performers (1); livelihood (1); tracked (1); performer (1); practiced (1),,,automated-screen-clear
s1800,9,People and biography,Elias Audits the Helpful Algorithm,b97d5ce1cf5518639b9e3a0d7b3cb6f007f563d8a1e61c7aadc31c1e72ab26d8,139,9,26,15.44,17.99,1.44,elias (2); prioritize (1); inspections (1); violations (1); neighborhoods (1); examines (1); organizes (1); recommends (1); inspectors (1); tenant (1); vulnerability (1); offline (1); redesigned (1); slower (1); uncovers (1),,,automated-screen-clear
s1801,10,Fantasy/stories,The Republic of Reversible Decisions,a94a90968f0b89cff704f97fc2a06f0a4914ec50a1d1ccb1f7dcf95e1cc56e52,173,12,30,14.42,13.87,2.89,reversed (2); vale (2); prided (1); vanished (1); misspent (1); unjust (1); unwrote (1); legislators (1); postponed (1); objections (1); erased (1); payroll (1); scholar (1); reversible (1); socially (1),,,automated-screen-clear
s1802,10,Nature and animals,"Wolves, Elk, and the Limits of a Simple Cascade",7cc8ed179e05d6fae1c67832cdee9620d1c75baa2a0070b387cc553aea72fd92,148,7,32,21.14,17.81,3.42,elk (2); predators (2); yellowstone (1); scavengers (1); vegetation (1); predator (1); ecosystem (1); predation (1); prey (1); trophic (1); cascade (1); yellowstone's (1); browsing (1); willow (1); aspen (1),,,automated-screen-clear
s1803,10,World affairs,The Carbon Market and the Forest Village,070ae17d2ee33b131e7c2d7e36527283cfb46f23b39bbc9ac0f9d2bedea637a6,151,10,28,15.1,9.27,1.99,offset (1); declining (1); tract (1); logging (1); credible (1); defensible (1); baseline (1); safeguards (1); leakage (1); offsets (1); buyer's (1); depended (1); durable (1); certainty (1),,,automated-screen-clear
s1804,10,Everyday life,The Inheritance of Digital Accounts,596a3d3caf8de3d73e88fb0e93abb8ac3202bc3d5a6407d937660b6938a5538f,148,8,23,18.5,13.51,2.03,celia (2); passwords (2); resisted (1); temptation (1); credential (1); inheritance (1); align (1); correspondents (1); estate's (1); adviser (1); altering (1); correspondence (1); explicit (1); deletion (1); memorialization (1),,,automated-screen-clear
s1805,10,History,Saving Timbuktu's Manuscripts without Freezing Their Meaning,181e6d6ad16d167e437119bfcbd18d40f547a4eaab303723e34b80035cf51e9c,142,7,32,20.29,14.18,2.84,manuscripts (2); timbuktu's (1); manuscript (1); transmitted (1); mali (1); custodians (1); monuments (1); stabilizing (1); cataloging (1); exposing (1); separating (1); digitization (1); combines (1); documentation (1); evacuation (1),,,automated-screen-clear
s1806,10,Science,A Measurement Is More Than a Number,d829463348e7446633e99ad01b2029cc6bdf89d9ec3716aeed4d1df7ac38ef3d,157,8,34,19.63,10.83,2.55,imply (1); confession (1); expresses (1); attributable (1); calibration (1); sampling (1); evaluated (1); statistically (1); certificates (1); reasoned (1); assumptions (1); inspectable (1); decimal (1); displaying (1); thousandths (1),,,automated-screen-clear
s1807,10,Famous books,The Karamazov Brothers and the Burden of Choice,f173d46b103168ff8516bd46d949173faa48b013c8b1981d2036e6ffde05a987,164,10,25,16.4,24.39,8.54,dmitri (3); ivan (3); fyodor (2); smerdyakov (2); pavlovich (1); karamazov (1); negligent (1); embody (1); conflicting (1); temperaments (1); indebted (1); intellectually (1); tormented (1); alyosha (1); compassionate (1),,very-low-frequency,needs-editorial-review
s1808,10,Mystery and adventure,The Archive That Corrected Itself,2c6492bfe98df19c9ca5bfc4a2e1dbdd5069a7a06cc0dab0de72b12c02ced24b,155,11,21,14.09,17.2,3.18,archive (2); jun (2); scanned (1); shifted (1); legible (1); rewriting (1); archivist (1); hashes (1); optical-character-recognition (1); scans (1); automated (1); mistook (1); discrepancy (1); editions (1); cataloged (1),,,automated-screen-clear
s1809,10,Travel and culture,Returning an Ancestor's Recording,bc97d1c6fe11c3509fa84704705c35a7ac1a0a47d4eeabaeba38132c98861fd8,152,8,34,19,11.18,0.66,recordings (2); archive (1); cylinders (1); fragile (1); catalog (1); collector (1); descendants (1); singers (1); ceremonial (1); circulate (1); archivists (1); corrected (1); descriptions (1); usable (1); formats (1),,,automated-screen-clear
s1810,10,People and biography,Ada Writes the Failure Report First,b1bf167978c59227a4eedff9d8af709e3fa132bcc1a984cc52ee1e1619db7440,155,10,28,15.5,21.29,1.29,ada (2); directs (1); nonprofit (1); sensors (1); probes (1); degrade (1); storms (1); misleading (1); unsafe (1); sampling (1); calibration (1); replaceable (1); warnings (1); stale (1); technicians (1),,,automated-screen-clear
s1811,1,Fantasy/stories,The Pocket Cloud,b477b148dc932da2aa4b3587e74b5d08fd0f8298957daadbf2457b5a76a13ced,46,7,11,6.57,0.0,0.0,,,,automated-screen-clear
s1812,1,Nature and animals,A Bee Carries Dust,9b087b78fe7830873a3ff23b85bf4eaab51a5d02a1ef04e16804c67d10f25bea,44,7,9,6.29,4.55,0.0,pollen (2),,,automated-screen-clear
s1813,1,World affairs,A School Table for All,ebbc9975d3a3e646e4bcd70c25a348b664f12b06683e2cc34ad65512bf7fa752,56,8,9,7,1.79,0.0,cooks (1),,,automated-screen-clear
s1814,1,Everyday life,The Last Clean Spoon,2d304b03b25c57d794158e9e893a2e098fc4a7e82a4ac6e9cce1631c6bb3c54e,69,9,10,7.67,4.35,0.0,spoon (1); washes (1); dries (1),,,automated-screen-clear
s1815,1,History,The Stone with Three Scripts,66eda0de0798e0c383b64136d12fb853ec7ec45cbeadf734b930a25fffab1bec,48,5,13,9.6,2.13,0.0,scripts (1),,,automated-screen-clear
s1816,1,Science,Noon beneath the Tree,badea25596104770b4bda5e5e52a5a26ca078fcb4abcb3e48ec69efdb7ae51f4,45,5,14,9,0.0,0.0,,,,automated-screen-clear
s1817,1,Famous books,Mary Opens the Secret Garden,1673f0fdf769f6bf0b1470ed910713e9e5ef3de1e14d184ca8aef66c8e053d34,46,6,11,7.67,2.17,2.17,dickon (1),,very-low-frequency,needs-editorial-review
s1818,1,Mystery and adventure,The Wet Red Hat,0ae88e73e4ae18e6e95608eb857745a0624fe5addd2e23eb4739c180685301f3,64,12,10,5.33,1.56,0.0,smiles (1),,,automated-screen-clear
s1819,1,Travel and culture,Soup at Moon Bay,da47be43dd85f8f8e085daf94ad4342f34ce38997b393f85216bce032a0d6292,53,6,11,8.83,3.77,0.0,buys (1); bean (1),,,automated-screen-clear
s1820,1,People and biography,Rosa Fixes the Park Gate,7e77c168db616c63e50b37a6d5a27c98d08b4354af8f04ba66aea220a75201a1,68,8,13,8.5,4.41,0.0,rosa (3),,,automated-screen-clear
s1821,2,Fantasy/stories,The Shoes That Waited,915eaee8e0d94609029432b72b02a9906d20f06ddc1deec36bbbed7a3e7e00af,65,7,15,9.29,3.08,3.08,imani's (1); imani (1),,very-low-frequency,needs-editorial-review
s1822,2,Nature and animals,How a Duck Keeps Its Feathers,f7238cc4a2f6e26c18cb866c4ef400bb20360ad6750ed8a063eae74a4775cb9e,94,8,17,11.75,12.77,0.0,feathers (7); spends (1); cleans (1); spreads (1); gland (1); swims (1),,low-frequency,needs-editorial-review
s1823,2,World affairs,Shade for the Busiest Bus Stops,d59e074c190db8f8d52087d25bdaa54300647be0c49ae994dfbdb3fdd59c287d,72,7,16,10.29,0.0,0.0,,,,automated-screen-clear
s1824,2,Everyday life,The Quiet Phone Basket,b0e927c08616899ea0c929d59fcadd77e3cfbd9f39cb7c7dad97448b667d3c9e,54,6,21,9,0.0,0.0,,,,automated-screen-clear
s1825,2,History,Layers in a Roman Road,24c6fea1a5fb79717eb7c7d9556ceb5f973a3b15409763b1e765ccf8b427d3dd,70,7,15,10,5.71,0.0,builders (1); depended (1); gravel (1); ditches (1),,,automated-screen-clear
s1826,2,Science,How a Cup Telephone Carries Sound,bbb8ed5974188d896877f8da4677e43ae3750367b8572bd9ec0be9268fcdb5d5,70,8,13,8.75,17.14,4.29,mei (3); kai (2); kai’s (1); vibrate (1); vibration (1); mei’s (1); vibrates (1); hears (1); hangs (1),,low-frequency;very-low-frequency,needs-editorial-review
s1827,2,Famous books,Dorothy Follows the Yellow Road,3449786eb8c2d9d69377a0f22922741313213d255baf19ecc4b314d39a55a5a2,50,6,14,8.33,8.0,0.0,dorothy (2); scarecrow (1); learns (1),,low-frequency,needs-editorial-review
s1828,2,Mystery and adventure,Three Bells after Closing,9899d0b87ed70d6f44d0f51a7f6d1c70048aa1acd22b997eb586ddc996386389,62,7,14,8.86,1.61,0.0,hears (1),,,automated-screen-clear
s1829,2,Travel and culture,Painted Doors on the Hill,312a2b8d3ee7e7135394df790cbf4b5b8165cd636a54c993a068b67cc08d1751,67,7,15,9.57,0.0,0.0,,,,automated-screen-clear
s1830,2,People and biography,A Shelf for Shared Seeds,2fbae8e5e0c9219af8df6d10d13657a812c9bf50d5cf8915da103dbfcdb63cca,53,6,12,8.83,7.55,0.0,mina (3); fictional (1),,low-frequency,needs-editorial-review
s1831,3,Fantasy/stories,The Map beneath the Paint,ec8382d7d47c03a74876f9153a9f6cb6a4ad27b0517d834360f47af8ccf6e3cb,100,11,12,9.09,8.0,0.0,ari (3); mina (2); buys (1); gardener (1); faded (1),,,automated-screen-clear
s1832,3,Nature and animals,Warm Air under Feathers,1939f26256fff457501b67f3fc4ab75a996087354741ba0a211dec01dee5863b,57,6,15,9.5,8.77,0.0,feathers (3); slows (1); thicker (1),,,automated-screen-clear
s1833,3,World affairs,A Clinic on Market Day,f06d22576a4824d14547e0cd3cdd044f9e359f4761d21a8ae650bd7253e4bf42,56,5,14,11.2,5.36,0.0,fictional (1); clinics (1); timetable (1),,,automated-screen-clear
s1834,3,Everyday life,The Recipe with No Number,3f7d4e1ae908b12ab75769dc65531957a44faae76efff0eb8180f23c0bf19ee3,54,5,18,10.8,7.41,0.0,mara (2); grandmother's (1); cooks (1),,,automated-screen-clear
s1835,3,History,Books Hidden in Family Chests,e01cb55f981f5d00c2657d4475f5abba99f2c324bc47ecd4830399e9fcacfe8a,55,5,14,11,5.56,3.7,timbuktu (2); mali (1),,very-low-frequency,needs-editorial-review
s1836,3,Science,"Ice, Water, and Steam",feb23f050d891817497596da1b8f4936b5f161f61a4f4c2dd66f078c274df7de,60,7,12,8.57,1.67,0.0,melts (1),,,automated-screen-clear
s1837,3,Famous books,Pinocchio Wants to Be Real,cff76a27328ae8f8d49d6fcfcb5a13037bef805aae5272713c4e141f403b30d3,60,7,14,8.57,10.0,8.33,pinocchio (3); geppetto (2); learns (1),,low-frequency;very-low-frequency,needs-editorial-review
s1838,3,Mystery and adventure,The Key in the Seed Box,ac4528d49c0c4535a0cb70be6f9bcddf7a326f8a4b57386cc5e470326711f548,104,8,21,13,3.85,0.96,mina (2); slipped (1); mended (1),,,automated-screen-clear
s1839,3,Travel and culture,The Long Table in Autumn,ed8dec7abebee0fcf5699600ef7719bd90c3cacedaa7fce9453eaf729633bb33,54,5,16,10.8,5.56,0.0,costly (1); apples (1); learns (1),,,automated-screen-clear
s1840,3,People and biography,Mavi Draws the Night Route,847975fc5c22d652ec951e0905ed461b0a187758c6f7d98da8673e75f7ad319a,55,5,13,11,12.73,5.45,mavi (3); fictional (1); finishes (1); notices (1); riders (1),,low-frequency;very-low-frequency,needs-editorial-review
s1841,4,Fantasy/stories,A Library for Lost Minutes,659c9bb1a48a01b374f13c0a99de86e05fea1d671f2ff172e3427e2ffcf644ba,154,15,17,10.27,7.14,1.3,jun (5); jar (2); jars (1); shelves (1); hurrying (1); keeper’s (1),,,automated-screen-clear
s1842,4,Nature and animals,Roots in Salt Water,18e2b8cac0998429d2c22b94827e726edb7bf64521f16315b61f192813b532ab,78,6,21,13,8.97,2.56,mangroves (2); tides (1); limiting (1); tangled (1); sediment (1); erosion (1),,very-low-frequency,needs-editorial-review
s1843,4,World affairs,Votes for a Small Park,0333633b21cb59bf48302c5b1c613b90b0808c48c780543794dff85339d65449,72,7,17,10.29,0.0,0.0,,,,automated-screen-clear
s1844,4,Everyday life,The Chair beside the Lift,6b25d3b6a417dcea542e49e1639ac3b25d167f6290bf49a7631084bcb4208413,143,11,16,13,6.99,0.0,emi (4); colleague (1); corridor (1); exits (1); farther (1); doorway (1); cart (1),,,automated-screen-clear
s1845,4,History,"Ink, Metal, and Many Pages",b000a4bfa27abcf0831e8966e651df77c809e7f80ced2fde188ed56bf000dfb1,73,5,21,14.6,2.74,2.74,gutenberg (2),,very-low-frequency,needs-editorial-review
s1846,4,Science,Why a Metal Spoon Feels Cold,19a2203e3134252fd355b75910a7afbd85622c97a233a5df11c1337ef07cb92a,76,7,18,10.86,6.58,0.0,spoon (2); colder (1); senses (1); spoons (1),,,automated-screen-clear
s1847,4,Famous books,Jim and the Island Map,d00d06620866076fb17ddb4ec602bb4a1cf653374dc21163ec6a726daf6e19ad,78,6,20,13,8.97,1.28,hawkins (1); discovers (1); sailor's (1); pirate (1); voyage (1); mutiny (1); survives (1),,,automated-screen-clear
s1848,4,Mystery and adventure,The Window That Lit at Noon,bd5cb0728a6d7f5431bb09c2eb3d7a65861a055a58034b37f9abdb20fc240965,73,7,14,10.43,6.85,0.0,lighthouse (1); flashes (1); sami (1); sunlight (1); confuse (1),,,automated-screen-clear
s1849,4,Travel and culture,Paper Boats in Alder City,564a47ef2198978db199ae67f4a55b970c68b51e8427dfa7a24dbf50d0d469a3,76,6,20,12.67,5.26,1.32,alder (1); imaginary (1); leila (1); recycling (1),,,automated-screen-clear
s1850,4,People and biography,The Crossing Trial,a43e8cd5b801cf68462278875bd96b87e4c239aa854d959ce7d21643f26bcffb,135,9,19,15,8.89,0.74,eli (3); pedestrian (1); relied (1); glare (1); tactile (1); supervised (1); office's (1); participant (1); locate (1); unfinished (1),,,automated-screen-clear
s1851,5,Fantasy/stories,The Tailor of Borrowed Courage,83ae90952071b7458f60a469a52136ba6d2fe52b797e4a81ace7eab828866f5f,87,8,15,10.88,4.6,0.0,tailor (1); coats (1); lasts (1); shakes (1),,,automated-screen-clear
s1852,5,Nature and animals,A Butterfly across Generations,f7be8f2db6ff30d643dcea42a3c3b4db29e5f71d054d15974cb6cfb38681965b,86,7,16,12.29,9.3,1.16,butterflies (2); monarch (1); butterfly (1); yearly (1); farther (1); milkweed (1); monarchs (1),,,automated-screen-clear
s1853,5,World affairs,The Warning before the Flood,78a347babcc080554461e4f1ef41896e0b8f2e0dd704ee6b0ef9bd431fdc8607,91,7,19,13,12.09,1.1,fictional (1); sirens (1); fishers (1); offshore (1); propose (1); louder (1); warnings (1); deaf (1); yearly (1); planners (1); improves (1),,,automated-screen-clear
s1854,5,Everyday life,The Box Marked Someday,e8e7f06898cc3345d84079252f769c773158305d8ba6307bad4a3b36d89c89aa,97,8,19,12.13,13.4,4.12,dara (2); paints (2); labeled (1); unused (1); impulse (1); recycles (1); gardener (1); buys (1); herbs (1); windowsill (1); futures (1),,low-frequency;very-low-frequency,needs-editorial-review
s1855,5,History,Messages That Became Dots and Lines,59e159ada30e28b9495b612b5c4bec213016bda8f5f1de61bc46d0f2d680ad2d,94,6,25,15.67,9.57,0.0,wires (2); inventors (1); workable (1); morse (1); alfred (1); vail (1); coded (1); erase (1),,,automated-screen-clear
s1856,5,Science,Continents on Restless Plates,796a222058b4cc94c698ddbc19c418eccfa691503ef35a188c5398692f5e6453,95,7,19,13.57,13.68,1.05,earth's (2); continents (2); tectonic (1); accumulate (1); crust (1); earthquakes (1); volcanoes (1); basins (1); tectonics (1); drift (1); escapes (1),,low-frequency,needs-editorial-review
s1857,5,Famous books,Toad Learns Too Slowly,8a2ba46ce7bb67ceddcda8fc9ef3fc46e2993cb29a2f7ce5dbdea318a20a3119,91,7,16,13,8.79,0.0,toad (3); mole (1); badger (1); thrill (1); learns (1); enjoys (1),,,automated-screen-clear
s1858,5,Mystery and adventure,The Museum's Missing Dust,59686c38b0d25f821550920db35413bb4f9a0546b6642fde8af24ac9368577ee,96,7,17,13.71,10.42,2.08,nara (2); notices (1); rectangle (1); dusty (1); investigator (1); compares (1); sculpture (1); thief (1); catalog (1),,,automated-screen-clear
s1859,5,Travel and culture,The Guest Who Asked First,61e8352906eff723829fa6962d6e541c6789102c73374c1b985c653931abc56b,92,7,20,13.14,6.52,1.09,imaginary (1); selka (1); lifts (1); lowers (1); enjoys (1); documenting (1),,,automated-screen-clear
s1860,5,People and biography,Nadia Counts the Empty Seats,62afa35375c2f2c0e9be6c06cf6949063a6afe2a15308b80810c13aa90460d34,100,8,18,12.5,8.0,0.0,nadia (2); fictional (1); notices (1); blaming (1); lacked (1); clearer (1); assumptions (1),,,automated-screen-clear
s1861,6,Fantasy/stories,The Archive of Unsaid Apologies,6e8e890f759d40487e08b050a2540571ba7f89b6e00ee545ef927f68722f82bd,116,9,19,12.89,12.93,4.31,elian (3); archivist (2); courthouse (1); discovers (1); archive (1); apologies (1); speeches (1); frightened (1); heavier (1); revise (1); upstairs (1); plainly (1),,very-low-frequency,needs-editorial-review
s1862,6,Nature and animals,Gifts from Returning Salmon,8752d4b9389ad7c8b6e4636c26b91ba10ce112e36cb5c18b72739bada68acf6b,106,7,21,15.14,11.32,0.94,nutrients (2); hatch (1); reproduce (1); predators (1); spawning (1); watersheds (1); varies (1); travelers (1); habitats (1); ecosystems (1); inland (1),,,automated-screen-clear
s1863,6,World affairs,Lessons in the Temporary Hall,fc750184d89783c2238073db81da35b046ebe399b3963a25c61b1ebb10036dfb,85,7,15,12.14,2.35,0.0,tents (1); accepts (1),,,automated-screen-clear
s1864,6,Everyday life,The Meeting with an Empty Chair,17d3ee0fe4c6203d5de2d047a3cf19e18c1c5a9ccfe1da3bf661cbe14f28462a,114,9,19,12.67,7.89,2.63,priya (2); priya's (1); schedules (1); gesture (1); traces (1); formats (1); duplication (1); blaming (1),,,automated-screen-clear
s1865,6,History,A Map around a Water Pump,bc3c7a581fd6aa685908deaf99711e0fe4222e792658887133688fe98fe23ec7,97,6,22,16.17,15.62,3.12,outbreak (2); snow's (2); cholera (1); mapped (1); clustered (1); clergyman (1); whitehead (1); contaminated (1); declining (1); combining (1); testable (1); blamed (1); unhealthy (1),,low-frequency;very-low-frequency,needs-editorial-review
s1866,6,Science,How DNA Keeps a Copy,4ff83ff343ae940d28736f67de8658df582813a27a508a3ab3099fdf2fa566a3,92,8,14,11.5,0.0,0.0,,,,automated-screen-clear
s1867,6,Famous books,The Traveler Sees Two Futures,a0377fd2d764e591bb7de26abd617ce7ad300ecbc297accda390dd62e12da135,110,7,21,15.71,11.82,2.73,traveller (1); demonstrates (1); skeptical (1); journeyed (1); earth's (1); eloi (1); morlocks (1); carefree (1); heirs (1); inequalities (1); escaping (1); farther (1); departs (1),,,automated-screen-clear
s1868,6,Mystery and adventure,The Ledger That Lost a Line,cd59314dbadf309f71ff079caafa650dc8a44cd23e984c9c9d6d00bb00fe2f17,111,7,20,15.86,14.41,2.7,sora (2); disappears (1); master's (1); ledger (1); investigator (1); compares (1); notices (1); sunlight (1); erasable (1); unsuitable (1); pens (1); recovers (1); logs (1); recommends (1); shaded (1),,,automated-screen-clear
s1869,6,Travel and culture,The Word Missing from the Menu,72242c0b94922e8bf28d1a951b931ee757759b44d52dde5b2f7ef0263547c4a2,111,7,21,15.86,16.22,0.9,mina (3); imaginary (1); daru (1); translate (1); assumes (1); pauses (1); allergies (1); learns (1); invites (1); travelers (1); misunderstanding (1); prompts (1); revise (1); hospitality (1); realizes (1),,low-frequency,needs-editorial-review
s1870,6,People and biography,Tomas Keeps the Failed Repairs,28c087a8b27d1c6ff2e90f716045c8cf40cdc08a88956652c513b6e84412bdc1,115,7,24,16.43,12.17,0.0,tomas (2); bicycle (2); fictional (1); mechanic (1); fixes (1); cracked (1); bicycles (1); unsafe (1); usable (1); baskets (1); bells (1); trustworthy (1),,,automated-screen-clear
s1871,7,Fantasy/stories,The Bridge That Remembered Weight,b14a8b161cdac252037cba61f47c4abcb6221ddbdb3107d18526d5cc248d91df,122,10,26,12.2,7.38,1.64,plank (2); veyra (1); carts (1); fleeing (1); lale (1); pedestrian (1); archive (1); ceased (1),,,automated-screen-clear
s1872,7,Nature and animals,Elephants beyond Human Hearing,85609aaee3f6c510b98cde906b3ed059f8cd0fce1d4ebd7aa3c83a04c50e86a2,120,7,25,17.14,13.33,0.83,elephants (2); frequencies (1); distances (1); favorable (1); rumbles (1); microphones (1); behavioral (1); vibration (1); caller (1); distinguish (1); callers (1); cautiously (1); terrain (1); vegetation (1); translating (1),,,automated-screen-clear
s1873,7,World affairs,A Budget Written in Plain Language,46164e71b4f3b99dcebdcf0cbc52797a486a4636b851728e6cbcbfd7cc097844,117,7,32,16.71,13.68,0.85,fictional (1); publishes (1); interpret (1); transparency (1); councils (1); machine-readable (1); explanations (1); uncertain (1); preserves (1); simplification (1); inconvenient (1); corrects (1); retains (1); revision (1); dismiss (1),,,automated-screen-clear
s1874,7,Everyday life,The Favor That Became a Schedule,def27875147681866f46bbc9dcaa022c57286454ed5923fbc6ae8f5516182dab,113,8,21,14.13,10.62,1.77,ken's (1); injures (1); ankle (1); negotiation (1); assigns (1); rebuild (1); vague (1); goodwill (1); prefers (1); fatigue (1); commitments (1); revise (1),,,automated-screen-clear
s1875,7,History,Rails Meeting at Promontory,ebe6ad159514be4dc1883d70921f47b1e0370f0870f56ac353be15a53a254e38,119,6,29,19.83,12.71,2.54,railroads (1); promontory (1); transcontinental (1); travelers (1); depended (1); minimized (1); accelerated (1); intensified (1); seizure (1); disrupted (1); bison (1); herds (1); ceremonial (1); harms (1); unequally (1),,,automated-screen-clear
s1876,7,Science,What Immune Memory Remembers,d2308415c25ac09f22696705b3c62f11cc266d87f7d94468d0c5be2d810fbc7f,115,7,26,16.43,10.43,0.0,vaccination (2); pathogen (2); antigen (1); activates (1); antibody-producing (1); vaccines (1); boosters (1); refresh (1); broaden (1); metaphor (1),,,automated-screen-clear
s1877,7,Famous books,Hester Refuses to Disappear,9097ff28a898af38ced271367674402bfbec235cbe0f76be8e80cbf047c92375,99,8,20,12.38,13.13,7.07,hester (4); dimmesdale (3); hester's (2); prynne (1); puritan (1); hides (1); chillingworth (1),,very-low-frequency,needs-editorial-review
s1878,7,Mystery and adventure,The Tunnel Drawn after the Fire,bf1149deb735062bdac52221c16e3e427d836b62ea7d44f7342bb661933c3acf,113,8,19,14.13,10.62,1.77,uncovers (1); archivist (1); dev (1); invoices (1); learns (1); duct (1); invoice (1); bricks (1); chute (1); ventilation (1); receipts (1); builders (1),,,automated-screen-clear
s1879,7,Travel and culture,A Quiet Morning in Orsa,36ffc0e3c35e305326356ed483757328334c0718ae0fd08afdd43e17b0c526ba,111,6,30,18.5,12.61,2.7,hana (2); orsa (1); imaginary (1); courtyards (1); amplification (1); traveler (1); noticing (1); softer (1); kettle (1); pigeons (1); arrivals (1); shareable (1); reminding (1),,,automated-screen-clear
s1880,7,People and biography,Imani Redesigns the Form,d1858b93ca68cfcbf88b7e4808a206a88d0e9e1767abdcc3bbe35ca32d5d50e7,118,8,21,14.75,15.25,3.39,imani (3); fictional (1); notices (1); applicants (1); misunderstand (1); supervisor (1); observes (1); consults (1); invites (1); advisers (1); rewrite (1); separates (1); irregular (1); unresolved (1); redesign (1),,,automated-screen-clear
s1881,8,Fantasy/stories,The City That Taxed Prophecies,608ec7b07d21d046e57727832ff085bdee35869c9a86e1fec9bf35c307db5c89,130,8,24,16.25,15.38,2.31,predictions (2); prophecies (1); merrow (1); licenses (1); prophets (1); forecasts (1); neighborhoods (1); warnings (1); stripped (1); eda (1); prophetic (1); audits (1); vague (1); successes (1); banning (1),,,automated-screen-clear
s1882,8,Nature and animals,When Coral Loses Its Color,63dbe43cff04cfc59fbd6598f85cf7abb70010be681635afcf6ba00f0ce4363d,114,7,22,16.29,19.3,0.0,bleaching (3); corals (2); algae (2); reef-building (1); microscopic (1); photosynthesis (1); unusually (1); expel (1); pigments (1); skeleton (1); bleached (1); coral (1); stressful (1); prolonged (1); pressures (1),,,automated-screen-clear
s1883,8,World affairs,The Food Report That Included Waste,4b2e4e67c0f4dd72ace683dd3eab222c2c5a102cce162b665bc196604fbdacea,111,6,25,18.5,15.32,1.8,surplus (2); fictional (1); celebrates (1); omitting (1); municipalities (1); spoiled (1); charities (1); distinguishes (1); portions (1); clarifies (1); redistribution (1); edible (1); packaging (1); discarded (1); conceal (1),,,automated-screen-clear
s1884,8,Everyday life,A Promotion with Two Prices,798f127257f2bc35eb851eddd017c2a82e694d5887ea92bc28abfde2dcb356ee,117,7,21,16.71,11.97,0.85,luis (3); decisive (1); commute (1); dismissing (1); restructure (1); calculate (1); learns (1); negotiates (1); clearer (1); chooses (1); schedules (1); identity-defining (1),,,automated-screen-clear
s1885,8,History,Petitions before the Nineteenth Amendment,b45fdbd6d83f0e7d9ae52c6bb2c1e2d7fc11b73661c48f2b4e0ef7a93c953393,103,6,23,17.17,15.69,0.98,nineteenth (1); ratified (1); prohibited (1); denying (1); organizing (1); petitions (1); conventions (1); disobedience (1); discriminatory (1); exclude (1); suffrage (1); exclusionary (1); compromises (1); remembering (1); incomplete (1),,,automated-screen-clear
s1886,8,Science,The Atmosphere's Useful Blanket,1fc2fa329d455c48d8da569c532acc75b60b072d53129a6e8171e6c372e03772,108,8,19,13.5,11.11,0.93,gases (2); greenhouse (2); sunlight (1); vapor (1); dioxide (1); methane (1); nitrous (1); oxide (1); earth's (1); warmer (1),,,automated-screen-clear
s1887,8,Famous books,Dorian Bargains with His Portrait,66ad9efe65ec189caac080af2e2fac5d847db71c335c9141028272e30e2950f6,103,7,21,14.71,16.5,1.94,dorian (4); basil (2); hallward (1); paints (1); unusually (1); wotton's (1); sensation (1); unchanged (1); cruelty (1); hides (1); confronts (1); conscience (1); stabs (1),,,automated-screen-clear
s1888,8,Mystery and adventure,The Election Box with Extra Weight,c8c9ab6a7f0d0e11d734832e78b4367f4836234fee6bd915599a9c3609a8fb3f,112,8,18,14,18.75,1.79,weighs (2); keiko (2); discovers (1); accusations (1); auditor (1); seals (1); unused (1); accessibility (1); guides (1); formats (1); slips (1); ambiguous (1); ballots (1); weakened (1); separates (1),,,automated-screen-clear
s1889,8,Travel and culture,Winter Rooms of Talven,b8432fc1fb3f9fb9ae7589376db2cbd9665c9f8487ceaa91afdf8fbf7288e535,114,7,23,16.29,13.16,2.63,amara (2); talven (1); imaginary (1); darkest (1); storytelling (1); researcher (1); debates (1); costumes (1); attends (1); disagreement (1); inventing (1); unified (1); town's (1); inheritance (1),,,automated-screen-clear
s1890,8,People and biography,Elias Publishes the Null Result,eb1d9dd6adec8fbb20907676d3a7f1424c432de5e8089de172a85ff91be97936,120,8,22,15,15.83,0.0,elias (3); exploratory (2); fictional (1); researcher (1); improves (1); comprehension (1); disappears (1); highlighting (1); favorable (1); unmistakable (1); publishes (1); intervals (1); uncertain (1); embarrassment (1); clearer (1),,,automated-screen-clear
s1891,9,Fantasy/stories,The Court of Reversible Decisions,09cefa0d573c21bc5a4e84083624501ebb9c7063a016722494ee1d9ac4885a4a,134,9,28,14.89,17.16,2.24,aven (1); reversed (1); expose (1); unintended (1); displaced (1); addicted (1); reversibility (1); postponed (1); mara (1); court's (1); notices (1); reversal (1); erased (1); futures (1); distrusting (1),,,automated-screen-clear
s1892,9,Nature and animals,Peat Built by Incomplete Decay,05a89babea1843789e93eeec422391bb8e61d5a55aaa8a9509065e413de8a943,110,9,21,12.22,10.91,1.82,peat (2); peatlands (2); slows (1); builds (1); earth's (1); draining (1); decay (1); dioxide (1); methane (1); rebuild (1),,,automated-screen-clear
s1893,9,World affairs,The Heat Map with Missing Homes,9bdced45e2a5d5a57316b74815d88892e5f0cd9be5b576a7ea18ed2d6c704029,118,7,23,16.86,16.1,0.85,fictional (1); metropolis (1); directs (1); hottest (1); tenant (1); overlooks (1); informal (1); combines (1); insecurity (1); weighting (1); rankings (1); assumptions (1); affluent (1); neighborhoods (1); coping (1),,,automated-screen-clear
s1894,9,Everyday life,Inheritance in Twelve Boxes,a3c6b48fd9583192b47058140c4c0faf3485dfd74a77b8ed8c2a4939ffb877a4,116,7,24,16.57,9.48,0.86,inherit (1); unfinished (1); simplest (1); removes (1); digitize (1); sibling (1); veto (1); orderly (1); disagreement (1); suspicions (1); vanished (1),,,automated-screen-clear
s1895,9,History,Earthrise from Apollo 8,eba8c065412db2774600770c528e87562189d4c7b24686c94eceaec5b39b4a37,112,5,28,22.4,16.36,3.64,anders (2); photographed (2); apollo (1); borman (1); lovell (1); crewed (1); lunar (1); astronauts (1); moon's (1); earthrise (1); vicinity (1); viewpoint (1); circulation (1); vivid (1); barren (1),,,automated-screen-clear
s1896,9,Science,A Result Needs Its Uncertainty,8d074e1ed45548a1e5627e4e80e484875b7af87e1701e547fa74234396547ec4,112,7,22,16,11.61,0.0,interval (2); expresses (1); calibration (1); sampling (1); repeating (1); repetition (1); systematic (1); decimal (1); lacks (1); explicit (1); assumptions (1); omitted (1),,,automated-screen-clear
s1897,9,Famous books,Dorothea Revises Her Idea of a Great Life,4f19f67ec4b35a4e9260ee0687a979ca09819e16ea21b7dab849276bcfd59ac8,113,7,25,16.14,22.12,8.85,dorothea (2); brooke (1); scholar (1); casaubon (1); discovers (1); sterile (1); restrictive (1); ladislaw (1); deepens (1); casaubon's (1); ambitious (1); tertius (1); lydgate (1); ideals (1); compromised (1),,low-frequency;very-low-frequency,needs-editorial-review
s1898,9,Mystery and adventure,The Voice in the Flood Archive,4c35dff3b55afdc2d4b5918737e4165edf5be689dddb0740d72bea303c2504b5,120,8,19,15,17.5,3.33,archive (1); conservators (1); faint (1); investigator (1); noor (1); stabilizes (1); refusing (1); traces (1); greeting (1); lodged (1); completes (1); absent (1); catalog (1); cross-referencing (1); evacuation (1),,,automated-screen-clear
s1899,9,Travel and culture,Three Voices beside Each Object,9d9c8d583bc68f769fff8620a504ee4075363f40f6319d4abf4f5cae0d9c7ea0,121,8,23,15.13,12.4,0.83,imaginary (1); enna (1); collectors (1); sailors (1); descendants (1); curator (1); sol (1); invites (1); archival (1); unresolved (1); celia (1); authoritative (1); disagreement (1); surrendered (1); meanings (1),,,automated-screen-clear
s1900,9,People and biography,Juno Audits the Helpful Algorithm,c42969088d833b0cad616c4d75216dd2a7fd0c12b0fb8066a677e7918c3e5fc5,123,8,21,15.38,19.51,0.0,juno (2); inspections (2); fictional (1); reviewing (1); directs (1); violations (1); neighborhoods (1); tenants (1); landlord (1); proxy (1); variables (1); reproduce (1); fairness (1); audits (1); tenant (1),,,automated-screen-clear
s1901,10,Fantasy/stories,The Ministry of Almost Certain Things,dca50c54f8415b2ba306fdd86b9e6b552090f3c90231ca963b3e372f385f1ae1,141,9,25,15.67,17.02,2.84,forecasts (2); senn (2); merchants (1); voyages (1); storms (1); defendants (1); marrying (1); avoidable (1); disasters (1); redefined (1); disobedience (1); displaying (1); absent (1); calculation (1); catastrophic (1),,,automated-screen-clear
s1902,10,Nature and animals,"Wolves, Elk, and the Limits of a Cascade",9443eceb2a20ddbbe214666f39f0d69e340eb622bd09be38366c18cfadbba30b,126,7,27,18,19.05,5.56,elk (3); yellowstone (2); trophic (1); cascades (1); ecological (1); carcasses (1); scavengers (1); browsing (1); willow (1); aspen (1); beavers (1); streamside (1); habitat (1); cascading (1); identifies (1),,,automated-screen-clear
s1903,10,World affairs,A Debt Test for the Sea Wall,8a7e2110e35d29a47ed159cf5cffb641926214e35a156de31f253663730c718c,124,7,28,17.71,20.97,1.61,storms (2); fictional (1); cheapest (1); assumes (1); uninterrupted (1); delays (1); economists (1); shoreline (1); sacrificed (1); publishes (1); scenarios (1); overruns (1); displaced (1); erosion (1); shocks (1),,,automated-screen-clear
s1904,10,Everyday life,The Friendship Maintenance Window,c9d090e2d14acd7ed0981fad68890eb69fb05ab74b2c38d147fbac14084bfbc4,125,9,21,13.89,14.4,1.6,mara (2); leon (2); consist (1); apologies (1); replies (1); proposes (1); converting (1); affection (1); resists (1); intimacy (1); disagreement (1); unplanned (1); spontaneity (1); discussable (1); lapse (1),,,automated-screen-clear
s1905,10,History,A Continent Reserved for Peace and Science,d4b1b7df7e56b933d6614c350ead3cc49fbeabf73cdb0fed33f0a1af9d550f8b,124,6,34,20.67,17.21,0.82,antarctic (2); disputes (2); antarctica (1); prohibited (1); explosions (1); radioactive (1); territorial (1); resolving (1); erase (1); geopolitical (1); unequal (1); treaty's (1); durability (1); bounded (1); compromises (1),,,automated-screen-clear
s1906,10,Science,CRISPR as a Guided Molecular Tool,85d3cab5df01555ea049061dcd80092c3f93e4831f5cddddda5790fd6139ddfd,130,7,27,18.57,16.92,2.31,crispr (2); enzyme (2); genome (1); adapts (1); microbial (1); rna (1); directs (1); cas (1); motif (1); cellular (1); eventual (1); disrupt (1); unintended (1); newer (1); regulate (1),,,automated-screen-clear
s1907,10,Famous books,The Karamazov Brothers Face a Father's Death,b1d863ca710d8a5fd7195ef8610fbbeae9ae3ceac580a4bc09d7dcf67383b824,116,6,28,19.33,28.45,12.93,ivan (3); fyodor (2); dmitri (2); smerdyakov (2); pavlovich (1); karamazov (1); neglectful (1); embody (1); conflicting (1); temperaments (1); quarrels (1); morality (1); relentless (1); alyosha (1); compassionate (1),,low-frequency;very-low-frequency,needs-editorial-review
s1908,10,Mystery and adventure,The Observatory's Impossible Transit,bb1721cd9bfa9a3a62ad7efb980ceb86aef0df6e0b6c8fb0595c7c7e2ee38082,125,8,23,15.63,16.8,0.8,automated (1); observatory (1); regularity (1); plausible (1); observing (1); astronomer (1); vale (1); preserves (1); compares (1); detectors (1); dome (1); logs (1); ventilation (1); louver (1); casts (1),,,automated-screen-clear
s1909,10,Travel and culture,The Return Ticket to Varos,b31eceeae13917915e2d4c45e9a9b1315d85d5d90e85fd7d5b97d5d70f150247,125,7,25,17.86,16.0,4.8,nela (3); varos (1); imaginary (1); rebuilt (1); diaspora (1); inherited (1); renamed (1); memorials (1); emphasize (1); community's (1); archivist (1); contradictory (1); histories (1); recognizes (1); grandmother's (1),,,automated-screen-clear
s1910,10,People and biography,Mei Designs the Exit before the Pilot,46ed09365f1ee69d07e3344be346fb38a82f6ffbaae39459fbcae29d8a6d18a6,128,8,29,16,12.5,1.56,mei (2); fictional (1); technologist (1); enrollment (1); refusal (1); obstacles (1); verification (1); transliteration (1); pauses (1); correction (1); publishes (1); pilot's (1); burdened (1); remedy (1); persistence (1),,,automated-screen-clear
s1911,1,Fantasy/stories,The Moon in a Mug,c8ac837ec134173a1488506b9363313e0db8792fac72c7514c5740e36ea94ed7,52,7,9,7.43,1.92,0.0,boy's (1),,,automated-screen-clear
s1912,1,Nature and animals,A Turtle Comes Up for Air,116c6e0b42458c660213bad747804b4a23b0248f8f4e523b01892ea953116acd,53,8,9,6.63,9.43,0.0,turtle (2); swims (2); lays (1),,low-frequency,needs-editorial-review
s1913,1,World affairs,A Bus Map for Everyone,ba5f5d4bccadcc57319932a51373481c3853ff7e6e01ea308a785e38bc39eff1,54,7,10,7.71,3.7,0.0,riders (2),,,automated-screen-clear
s1914,1,Everyday life,The Blue Sock on the Stairs,c75ebf569182765cd0770bec411fb1e716ff4ee81ecc60591b75a0d301975533,44,6,12,7.33,9.09,0.0,sock (2); hana (2),,low-frequency,needs-editorial-review
s1915,1,History,Clay Held the First Marks,78db5d83230147f4c997b1357df921ed83082853ca1008a4549efde2282b8888,57,8,10,7.13,0.0,0.0,,,,automated-screen-clear
s1916,1,Science,Water Leaves a Leaf,081d1de4e04bc5e933e613ff435295e14fce9c804dfb51058bb76073009ed513,54,6,15,9,0.0,0.0,,,,automated-screen-clear
s1917,1,Famous books,Peter Hides in the Watering Can,5f2c7fe6a4ef497c094fd85593efa59c4b89c858b02c69bc22db307798b75cc5,53,8,11,6.63,13.21,1.89,mcgregor (2); jumps (2); watering (1); sneezes (1); hears (1),,low-frequency;very-low-frequency,needs-editorial-review
s1918,1,Travel and culture,Bread at Sun Street,b8b72c4c58a21654162a827bbc24ad2773e2f8733c46945ecfffaf06e927fb39,50,6,11,8.33,2.0,0.0,buys (1),,,automated-screen-clear
s1919,1,People and biography,A Sign Maker Uses Clear Words,1519965d66c3237f942ac641557046320e145855300e391fda6c928bb731135b,68,7,16,9.71,0.0,0.0,,,,automated-screen-clear
s1920,2,Fantasy/stories,The Umbrella That Hated Rain,deabd93d5d6b82f719ac91f5dd8ff59466428065110ed79ce826fa8351b95175,45,6,10,7.5,11.11,4.44,nuri (2); buys (1); umbrella (1); closes (1),,low-frequency;very-low-frequency,needs-editorial-review
s1921,2,Nature and animals,A Bat Finds an Insect,4b61631f100714a8f97d88fe12e2cf939d60cae3981953c9dc78744c3df07cf1,71,8,14,8.88,11.27,1.41,bats (3); insect (2); listens (1); echolocation (1); senses (1),,low-frequency;very-low-frequency,needs-editorial-review
s1922,2,World affairs,A Quiet Town Meeting,499af9cc3c722ddba12385736ae23c859d0d286388d38a930bc84366d7cf3f29,60,8,11,7.5,0.0,0.0,,,,automated-screen-clear
s1923,2,Everyday life,Toast for the Late Train,c2d7b59f7d4bfb36f88de9b62e66fa6c6ddff9ffcd8450cdaec5f3b48138de2a,47,6,11,7.83,10.64,0.0,jun (2); misses (1); toast (1); tomorrow's (1),,low-frequency,needs-editorial-review
s1924,2,History,Pompeii under Ash,c22938d9a89f3c1a0e645f28178b85cf373522bbe64d1eed60064e34a359c660,73,7,13,10.43,11.11,2.78,eruption (2); vesuvius (1); erupted (1); pompeii (1); pumice (1); afterward (1); uncover (1),,low-frequency;very-low-frequency,needs-editorial-review
s1925,2,Science,Why the Moon Looks Different,c727c78627766ecc9137fdfaed623d477c69f2634f124fe1791d38e0de27630c,72,8,14,9,5.56,0.0,sunlight (1); earth’s (1); lunar (1); eclipse (1),,,automated-screen-clear
s1926,2,Famous books,Alice Follows a White Rabbit,0454166db36add89faf963217adddefe4edaee45a9f7397aac9ce1b4a7d8a4ec,74,10,11,7.4,4.05,1.35,wonderland (1); tarts (1); wakes (1),,very-low-frequency,needs-editorial-review
s1927,2,Mystery and adventure,The Lunchbox with the Wrong Name,c7028258ab3b2fdbe75fd7f6e95223af2b191999aa90fb95754827a106d0c781,69,6,16,11.5,13.04,0.0,lid (2); sister's (2); girl's (1); remembers (1); lifts (1); rubbed (1); hers (1),,low-frequency,needs-editorial-review
s1928,2,People and biography,Nara Repairs One Bicycle,f62a705d9a864ba3860799bfbc78b08ca28acdcf5fbb805b8636584a7f20f111,66,7,12,9.43,7.58,4.55,nara (2); fictional (1); bicycle (1); tightens (1),,low-frequency;very-low-frequency,needs-editorial-review
s1929,3,Fantasy/stories,The Bell beneath the Lake,cd910a1802195611f8ac45a988cd413870c39877a141886b36bace36df1df057,112,12,16,9.33,9.82,2.68,suri (3); hears (2); lowers (2); rows (1); catches (1); lifts (1); touches (1),,low-frequency;very-low-frequency,needs-editorial-review
s1930,3,Nature and animals,A Beaver Changes a Stream,2cf18bb5487d1ad4a812cf79e22336813f61d765d9877acf9a179bc39ecbae30,64,5,16,12.8,1.56,0.0,beaver (1),,,automated-screen-clear
s1931,3,World affairs,The Library Opens Later,68624d8f29dc832de9481078f0eb4108201b5acbe9ef3ee72a72a0baf239fb80,59,5,16,11.8,8.47,0.0,fictional (1); closes (1); evenings (1); busiest (1); locker (1),,,automated-screen-clear
s1932,3,Everyday life,A Cup Returned with a Note,a892c1a0ffada40715e40d4020905a3bc3f4487260331b649eabb2d9e8de19a7,71,9,12,7.89,7.04,2.82,borrows (1); coworker's (1); washes (1); coworker (1); smiles (1),,very-low-frequency,needs-editorial-review
s1933,3,History,The Charter at Runnymede,79ddfa390784f1df21e58ce980d7bdf109fcff367960304eaec4a4e09d2e33a2,93,9,17,10.33,6.52,2.17,magna (1); carta (1); runnymede (1); barons (1); afterward (1); rulers (1),,very-low-frequency,needs-editorial-review
s1934,3,Science,Cabbage Water Changes Color,d9c6ded6b62a22c1350f72688a03a6f5218181f1ea74409332ee0d9bcf6e6094,70,6,16,11.67,2.86,0.0,cabbage (1); baking (1),,,automated-screen-clear
s1935,3,Famous books,Heidi Returns to the Mountains,8d089fb96cc61288520e3d217bccfe6bdc618f91b735db2583d3dd96488a8405,63,6,15,10.5,14.29,0.0,heidi (2); clara (2); alps (1); goats (1); frankfurt (1); misses (1); improves (1),,low-frequency,needs-editorial-review
s1936,3,Mystery and adventure,The Muddy Number Seven,55f6f832844bd1fe3bf8f9e96e986498cb553402ae8595a1ac71e07e5c43c72f,100,10,14,10,11.0,0.0,eva (3); cart (2); sharply (1); bent (1); brushed (1); muddy (1); splashed (1); wiped (1),,low-frequency,needs-editorial-review
s1937,3,Travel and culture,Tea on the Wind Hill,5323dfc9e881c959c6314c581e5c0aafafb0b95239cc223e410652b66285ecdd,59,5,18,11.8,8.47,3.39,aki (2); imaginary (1); seated (1); group's (1),,very-low-frequency,needs-editorial-review
s1938,4,Nature and animals,How a Penguin Holds Heat,89305d1d51fb43f91605e36b0d73ee8f9877cb8ec70db95f4e11da425bfbf8ff,74,7,18,10.57,8.11,0.0,feathers (3); penguin (1); slows (1); harmless (1),,,automated-screen-clear
s1939,4,World affairs,Cool Rooms during a Heat Wave,428331ebf59a19de33099671e263c93293d13df16e55833c5176ae888087416d,79,6,18,13.17,5.06,0.0,fictional (1); halls (1); publishes (1); seating (1),,,automated-screen-clear
s1940,4,Everyday life,The Calendar No One Owned,b908299d831983a825c9d17f40f6175bdbb537640b47938a27dd25194722bdbd,144,11,19,13.09,3.47,0.0,carton (1); shelves (1); nia (1); malik (1); loaf (1),,,automated-screen-clear
s1941,4,History,The Army Made of Clay,a1d746094bca15aaffc16e63ccb1ddce6483c15fe343cf6307f02629bc78ac18,82,6,20,13.67,4.94,0.0,resting (1); qin (1); shi (1); huang (1),,,automated-screen-clear
s1942,4,Science,A Clear Bag around a Branch,e066d292628d9bd38b491fbe4b555e5065de20278866a41a4332200df7410ee3,74,6,21,12.33,1.35,1.35,transpiration (1),,,automated-screen-clear
s1943,4,Famous books,Black Beauty Meets Kind and Cruel Hands,e88bebb4839d86e972a2dc7420783b20d06c52c469cd7c2315533b847b58dff0,73,5,18,14.6,2.74,0.0,suffers (1); exhaustion (1),,,automated-screen-clear
s1944,4,Mystery and adventure,The Blue Light in Cabin Nine,b3553831eafdd881ac36fb121e51276c5715dd9b10b92793669c20ebfabe20b7,140,11,19,12.73,5.71,0.0,corridor (2); glowing (1); aisle (1); reflections (1); lowered (1); glow (1); vanished (1),,,automated-screen-clear
s1945,4,Travel and culture,Threads at Cedar Market,3e36f2891b0fcb207288b2561e36af99ae4b46dd87e4e2832ad7bedc977862e4,78,7,17,11.14,12.82,0.0,ren (3); weaver (2); cedar (1); imaginary (1); sellers (1); yarn (1); scarf (1),,low-frequency,needs-editorial-review
s1946,4,People and biography,Tala and the Raised Beds,390a13cd0b12b57505ef1dbdaf6d9c0ceee2c0347a620955fb212f58387c6e18,137,11,21,12.45,7.3,2.19,tala (3); planting (2); tended (1); rack (1); shelves (1); pots (1); comfortably (1),,very-low-frequency,needs-editorial-review
s1947,5,Fantasy/stories,The River That Fell Asleep,8a901223506fb9c7dc1960aa92953d6130c40340ae39a9cc62afd0ae4c643b71,102,7,22,14.57,5.83,0.97,mara (2); iri (1); upstream (1); hears (1); litter (1),,,automated-screen-clear
s1948,5,Nature and animals,An Octopus Changes Its Look,a8df2a809e175f61af5eb7c00b3905c6112b6363324afc3181ae72505bd2697d,88,7,18,12.57,7.95,0.0,octopus (2); pigment (1); texture (1); signaling (1); surroundings (1); coordinated (1),,,automated-screen-clear
s1949,5,World affairs,A Ballot without a Stair,d5cd42aaf1231c04cc23cbe45d87b7825b062948b4e42b760b4ba47ec76fdaa0,93,7,20,13.29,5.38,0.0,fictional (1); entrances (1); ramps (1); publishes (1); afterward (1),,,automated-screen-clear
s1950,5,Everyday life,The Garden behind the Lease,89d75a62b9b05fa4fab21696e64dc34c20df4d5b02428413117997d3258b2fb2,87,8,15,10.88,12.64,0.0,mara (2); rented (1); forbids (1); digging (1); movable (1); containers (1); pots (1); herbs (1); tomatoes (1); survives (1),,,automated-screen-clear
s1951,5,Science,Bread Rises on Yeast Gas,480ec640a58a0a3580b697d69bc86622bca4dfe3cfa90e97bd0f75e6dc834d49,83,7,19,11.86,12.05,1.2,dough (3); yeast (2); fungus (1); dioxide (1); warmth (1); loaf (1); bread's (1),,,automated-screen-clear
s1952,5,Famous books,Anne Finds a Home at Green Gables,73927e59b63baf9ea4145572930b73006039ac2a90b3391838bdf3d1ea4b24a7,101,7,19,14.43,8.91,4.95,marilla (2); shirley (1); orphan (1); cuthbert (1); gilbert (1); blythe (1); disasters (1); gables (1),,very-low-frequency,needs-editorial-review
s1953,5,Mystery and adventure,The Photograph Taken Tomorrow,b2780f62f95ee2d2653654a6e547fe8b2f1cfb0e1bc48aeb017065700370a097,96,8,17,12,10.42,0.0,vase (2); investigator (1); sol (1); notices (1); pictured (1); photographed (1); printer (1); prediction (1); clearer (1),,,automated-screen-clear
s1954,5,Travel and culture,The Last Ferry to Orin,30a4e35575ecb952fd42b030b67196392ec0fa7605ada6c0c2d4d937e18d9e35,89,7,18,12.71,15.73,4.49,sora (3); orin (1); imaginary (1); bicycles (1); baskets (1); expects (1); listens (1); repeats (1); applause (1); unload (1); realizes (1); marking (1),,low-frequency;very-low-frequency,needs-editorial-review
s1955,5,People and biography,Iven Keeps the Oven Warm,d61fd979a21cc778b8f642ea073e986c4803939c4c1e25285a48f2ff9133ca5e,92,6,22,15.33,11.96,4.35,iven (2); fictional (1); closes (1); notices (1); clears (1); deliveries (1); guessing (1); unsold (1); bakery's (1); solving (1),,very-low-frequency,needs-editorial-review
s1956,6,Fantasy/stories,The Station for Unclaimed Memories,2fe86fb9e511af862d2b53b5f17da7b565ad4d80bbdf177c381255cd01154ad1,109,6,27,18.17,9.17,2.75,nela (3); tram (1); discovers (1); shelves (1); pear (1); notices (1); stitched (1); spends (1),,,automated-screen-clear
s1957,6,World affairs,Water Prices in a Dry Year,a8ea00e5789a5fc074017dc3838fd2d05fa5ae5696c9f7b12b1cbf7353a8516f,101,7,24,14.43,11.88,0.0,fictional (1); propose (1); punish (1); tiered (1); heavier (1); verified (1); adjustments (1); leaks (1); repaired (1); naming (1); clearer (1); notices (1),,,automated-screen-clear
s1958,6,Everyday life,Saturday at the Repair Table,dade3738ac181135ce8a79ce41fe3b3580ba150a8e1ac71c016b0d46d99324fe,102,7,21,14.57,6.86,0.0,toaster (1); unsafe (1); mina (1); learns (1); cracked (1); heater (1); prevents (1),,,automated-screen-clear
s1959,6,History,Freedom Won in Saint-Domingue,07706daecc7af952a7c7cb672037fc58df7997eca793b5468b013963cdf9d1f2,98,5,25,19.6,17.71,5.21,haitian (1); saint-domingue (1); inequality (1); enslaved (1); uprising (1); colonists (1); armies (1); alliances (1); pursued (1); toussaint (1); louverture (1); captivity (1); jean-jacques (1); dessalines (1); napoleon's (1),,low-frequency;very-low-frequency,needs-editorial-review
s1960,6,Science,A Complete Path for Electric Current,467b1113e5291424491d751e46338afa4d44280bff1ba8e40587837863df4548,94,6,24,15.67,2.13,0.0,wires (1); dangerously (1),,,automated-screen-clear
s1961,6,Famous books,Fogg Races around the World,961105e49c5766ed3cb742000f699182c6cc59775c6e13c6f4eb24e0350b946f,97,7,18,13.86,14.43,8.25,fogg (4); aouda (2); phileas (1); bets (1); eighty (1); passepartout (1); wrongly (1); delays (1); threaten (1); learns (1),,very-low-frequency,needs-editorial-review
s1962,6,Mystery and adventure,Seven Keys and One Warm Lock,118c24ab978febc7748bea14c12c4521bd01611479f1ff216ce83150650cd94e,114,9,17,12.67,9.65,1.75,ema (2); envelope (1); investigator (1); drawer (1); learns (1); boiler (1); rested (1); omitted (1); outdated (1); firefighters (1),,,automated-screen-clear
s1963,6,Travel and culture,Three Ways to Say Welcome in Vela,308afb0ce8b5b1e8f68cd46f8c8464ffd607a00af227145d15c0c63cd00b5dbf,108,7,32,15.43,11.11,3.7,omi (2); greeting (2); vela (1); imaginary (1); memorizes (1); assumes (1); bilingual (1); imperfect (1); displaying (1); noticing (1),,very-low-frequency,needs-editorial-review
s1964,6,People and biography,Daro Builds a Bridge in Pieces,88acddf877f9478f32145f11d69bff32a7228199bf9f342859fad2969c45b3d6,102,7,22,14.57,10.78,2.94,daro (3); fictional (1); yearly (1); organizes (1); inspections (1); publishes (1); separates (1); cosmetic (1); sequencing (1),,,automated-screen-clear
s1965,7,Fantasy/stories,The Market Where Shadows Were Traded,4be4d7d51a2eee08aa0616ac73ff1d0548d072b10582dc6fdec021f8a0219d9b,125,10,20,12.5,11.2,2.4,arin (3); merchants (1); seldom (1); buys (1); onstage (1); thief (1); obedient (1); jar (1); troublesome (1); knocks (1); sunrise (1); hers (1),,,automated-screen-clear
s1966,7,Nature and animals,Fungi Return a Fallen Tree to the Forest,2539e7a964fa08628759c5b2317a133633e40ef00b2d43363d45cdc523629e68,111,8,19,13.88,5.41,0.0,wood-decay (1); fungi (1); enzymes (1); compounds (1); organisms (1); fungus (1),,,automated-screen-clear
s1967,7,World affairs,Homes after the Factory Closed,8835e07d1eeb7d4e94224991c236270145114adc5b53b1bd69f8e4cef284e348,116,7,23,16.57,9.48,0.0,tenants (2); fictional (1); exclude (1); combines (1); verification (1); landlords (1); eviction (1); incorrect (1); displacement (1); distinguishes (1),,,automated-screen-clear
s1968,7,History,Many Roads Called the Silk Roads,792c32ee71a3c88c9718aae9ed9f8703264d5e6280d58f89bf30ee58eac5f43b,107,6,25,17.83,7.48,0.0,merchants (1); spices (1); metals (1); deserts (1); redirected (1); traders (1); caravan (1); maritime (1),,,automated-screen-clear
s1969,7,Science,Resistance Is an Evolutionary Problem,4c2bc1e4bf6f575cd1ced28144616f8076d131f29a02dff8a17666e271d3cfe9,107,7,26,15.29,14.02,0.0,antibiotics (2); resistant (2); susceptible (1); viruses (1); bacterial (1); multiply (1); microorganisms (1); strains (1); stewardship (1); sanitation (1); vaccination (1); microbes (1); reproduce (1),,,automated-screen-clear
s1970,7,Famous books,Buck Hears the Call,afcf9bf8a9b7ec6392766f5dcb705a732f256ebf7e4994d9480d90c6a9dbd1ea,109,7,28,15.57,12.84,0.92,thornton (2); comfortably (1); sled (1); klondike (1); handlers (1); learns (1); affection (1); wilderness (1); liberation (1); survives (1); recovering (1); instincts (1); cruelty (1),,,automated-screen-clear
s1971,7,Mystery and adventure,The Radio Message from an Empty Mine,08d85fd3ffca22d8fb9255891f45f6a619b6acdaa8c49f444136f0c5ef0664e5,115,9,24,12.78,9.57,0.87,coordinates (2); hears (1); repeats (1); salma (1); traces (1); drills (1); activate (1); removes (1); caution (1); disconnected (1),,,automated-screen-clear
s1972,7,Travel and culture,Following the Wells of Aras,557fc3f3f082c81cb53040cd938a0ce4dc4c287ef3f508f70e0210468fe27654,112,7,21,16,13.39,4.46,samira (2); aras (1); imaginary (1); wilderness (1); herding (1); crews (1); seasonal (1); travelers (1); fills (1); discard (1); muddy (1); caretakers (1); teaches (1); landscapes (1),,very-low-frequency,needs-editorial-review
s1973,7,People and biography,Lena Preserves Ordinary Voices,c899f6716ca8865df757145bb1752933101ab720d65a00ceb1656f7aa88731ec,114,8,25,14.25,14.91,1.75,lena (2); fictional (1); archivist (1); notices (1); speeches (1); mayors (1); cleaners (1); migrants (1); learns (1); inviting (1); recordings (1); transcript (1); archive (1); trustworthy (1); lena's (1),,,automated-screen-clear
s1974,8,Fantasy/stories,The City That Forgot Its Names,9175ff6c624ed1d2cb568bb48a318e9834244c056a9fa7b44f1d4b23a537b8f9,128,9,24,14.22,12.5,1.56,sera (2); belis (1); deliveries (1); crews (1); scribes (1); historian (1); renamed (1); rulers (1); expelled (1); assemblies (1); accepts (1); disputed (1); histories (1); realizes (1); illusion (1),,,automated-screen-clear
s1975,8,Nature and animals,Horseshoe Crabs at the Spring Tide,80696742512b676d0e3b36e034a7c2a8596828440bca8e444ea443133ce6068b,109,7,25,15.57,15.6,2.75,crabs (2); horseshoe (1); arthropods (1); beaches (1); spawn (1); tides (1); clusters (1); fertilize (1); expose (1); migrating (1); shorebirds (1); consume (1); journeys (1); shoreline (1); habitat (1),,,automated-screen-clear
s1976,8,Everyday life,The Roster beside the Hospital Bed,c7f956bb79e17334164c04fe0592ab4eaa3feb7827168cd18207db460b753ddf,118,8,26,14.75,5.08,0.0,sibling (1); batches (1); uneven (1); equitable (1); respectful (1); fairness (1),,,automated-screen-clear
s1977,8,History,What the Emancipation Proclamation Changed,3bcb0ee8cfda545b4ff46b0d94b329e09ff70860e45d9bf991686405e12f5d35,122,6,29,20.33,14.17,2.5,proclamation (2); enslaved (2); abraham (1); emancipation (1); rebelling (1); depended (1); abolish (1); war's (1); enlistment (1); thirteenth (1); abolished (1); proclamation's (1); prevents (1); symbolic (1); milestone (1),,,automated-screen-clear
s1978,8,Science,Listening for Distortions in Space-Time,e78c70c854a4e75e66f3fe02e21ee3b3c79822258b29d25ca3fc775761d2e8f2,119,7,23,17,18.64,2.54,relativity (1); predicts (1); accelerating (1); masses (1); gravitational (1); disturbances (1); outward (1); extraordinarily (1); interferometers (1); lengths (1); perpendicular (1); coordinated (1); stretches (1); vibration (1); imitate (1),,,automated-screen-clear
s1979,8,Famous books,The Creature Asks Victor to Listen,d3ffafbd14a3680da5f944955f4282119e8554a9ad71f3f53a1f07ae2af04f86,124,9,24,13.78,15.32,2.42,frankenstein (1); succeeds (1); abandons (1); awakens (1); learns (1); observing (1); longs (1); rejection (1); loneliness (1); confronts (1); destroys (1); fearing (1); retaliates (1); pursues (1); restores (1),,,automated-screen-clear
s1980,8,Mystery and adventure,A Star Missing from the Observatory,5dd837ba5b80cb230c1ce3c2553e9f38a8fd7fd0eb53ba7fa21649e2c0fcdc77,119,8,28,14.88,17.65,4.2,archive (2); keo (2); observatory's (1); catalog (1); absent (1); unexplained (1); disappearance (1); astronomer (1); coordinates (1); sleeve (1); angled (1); damp (1); emulsion (1); stacked (1); artifact (1),,,automated-screen-clear
s1981,8,Travel and culture,Two Currencies at the Reed Market,b6cb8315a228c7737df6985071688b7380fa2a88fbb58c29433115c923d2204a,120,8,21,15,14.17,0.83,dani (2); imaginary (1); traders (1); currencies (1); assumes (1); invites (1); aro (1); weighing (1); repeating (1); bargain (1); aloud (1); unequal (1); hires (1); interpreter (1); accepts (1),,,automated-screen-clear
s1982,8,People and biography,Mara Maps Water without Owning It,950ecd429fcd8cab0d14574f941c62cb50e0df46f68ff0aa498f6e3eba2d008c,115,7,24,16.43,14.78,1.74,mara (3); fictional (1); hydrologist (1); drought-prone (1); culturally (1); separates (1); coordinate (1); dataset (1); watershed (1); seasonal (1); gaps (1); frustrates (1); equate (1); openness (1); unrestricted (1),,,automated-screen-clear
s1983,9,Fantasy/stories,An Archive of Futures That Did Not Happen,617e5b773b406646fa61d5f05264aa3016059fde7f783b666d1c32fe00ae0c61,131,8,21,16.38,18.32,3.82,archive (1); preserves (1); treaties (1); forbidden (1); futures (1); apprentice (1); jalen (1); farmer's (1); unnoticed (1); messenger (1); tempt (1); rulers (1); guarantees (1); prosperity (1); archivist (1),,,automated-screen-clear
s1984,9,Nature and animals,A Whale Fall Becomes a Deep-Sea Habitat,a7af13963dff8d9fe8b29b32b28080db7259d3e4a9f2a9295aadb5f484815e44,122,7,24,17.43,20.49,4.92,whale (4); microbes (2); seafloor (1); concentrated (1); scavengers (1); enriched (1); sediments (1); organisms (1); exploit (1); fats (1); overlap (1); burial (1); ecology (1); rigid (1); timetable (1),,,automated-screen-clear
s1985,9,World affairs,The Appeal behind the Benefits Algorithm,6ed5e6703293f433f68adbfde84c5f4b8b8623e4a5738ddc1ad90b4349565a2c,117,8,21,14.63,16.1,1.69,fictional (1); automated (1); prioritizes (1); flagged (1); variables (1); reproduce (1); disadvantage (1); removes (1); auditors (1); substitutes (1); adverse (1); pauses (1); automation (1); eligibility (1); stricter (1),,,automated-screen-clear
s1986,9,Everyday life,Closing an Account after a Death,5f121f09593dcedab1a4e8fac957c6aeb085f21e02ce9b03b05a8a56f9a31007,124,9,22,13.78,8.06,2.42,arun (2); subscriptions (1); sentimental (1); profiles (1); unopened (1); inspect (1); teaches (1); inheritance (1); restraint (1),,,automated-screen-clear
s1987,9,History,Designing the Bretton Woods Institutions,3b17cd460a925b624ba048d5d114ef92ac11201ed0d3affc8d010f4a0c977003,116,7,24,16.57,8.62,1.72,bretton (2); delegates (1); postwar (1); reconstruction (1); currencies (1); centered (1); negotiation (1); unequal (1); evolving (1),,,automated-screen-clear
s1988,9,Famous books,Jane Eyre Chooses Equality,8ffa1ff4f3211c79c844657e2aa99e21ab75ad9a8a5973dc7ab987787781eaf7,120,7,22,17.14,21.49,7.44,thornfield (2); rochester (2); bertha (2); eyre (1); unwanted (1); aunt's (1); endures (1); deprivation (1); lowood (1); governess (1); develops (1); learns (1); confined (1); violate (1); conscience (1),,very-low-frequency,needs-editorial-review
s1989,9,Mystery and adventure,The Harbor Ledger with Two Midnights,c42224b9c8ba5bba9a2c605c58ba44260b38cfa0580e14b25c6ecdb9fe0b8483,121,7,25,17.29,15.7,3.31,lian (3); investigator (1); ledger (1); smuggling (1); seals (1); compares (1); logs (1); clerk's (1); offset (1); commodity (1); imported (1); manifests (1); discrepancy (1); harmless (1); synchronized (1),,,automated-screen-clear
s1990,9,Travel and culture,The Pilgrim Road without a Finish Line,4be62c187af71dc908e4599f5d6471d48bfa8489156c629a002bd193eef71c10,119,8,19,14.88,21.01,5.04,leen (2); namar (1); imaginary (1); pilgrimage (1); linking (1); shrines (1); guesthouses (1); plateau (1); travelers (1); curiosity (1); expects (1); learns (1); recognizes (1); endpoint (1); selecting (1),,very-low-frequency,needs-editorial-review
s1991,9,People and biography,Sorin Turns a Shop into a Cooperative,67445213def8e6e716063f621537363bf86367dedf358506e26f704e3bb3f332,115,8,19,14.38,12.17,4.35,sorin (3); fictional (1); mechanic (1); proposes (1); dividing (1); negotiate (1); insists (1); apprentices (1); cooperative (1); survives (1); postponing (1); founder's (1),,,automated-screen-clear
s1992,10,Fantasy/stories,The Prophecy That Required Consent,5c3d687810a837027a939ffca56e16a38013f00b34d02ab206d188aab5ffd35d,143,8,30,17.88,13.99,2.1,prophecy (2); aven (1); sixteen (1); assigns (1); predictions (1); ilya's (1); threatens (1); exposing (1); coercion (1); ilya (1); proposes (1); prophecies (1); attach (1); theirs (1); envelopes (1),,,automated-screen-clear
s1993,10,Nature and animals,The Negotiated Partnership around a Root,a5040f740c68248c63b682a7924a05597b62eda011b8722070ac19f52c171734,123,7,28,17.57,20.33,2.44,fungi (2); mycorrhiza (1); fungal (1); threads (1); nutrients (1); compounds (1); photosynthesis (1); incomplete (1); calculates (1); continuum (1); costly (1); fertility (1); moisture (1); disturbance (1); organisms (1),,,automated-screen-clear
s1994,10,World affairs,A Constitution Written after the Storm,52ec30841ae063087907eb5979423502cc14fa27c126d1b9295d20c5317213c5,131,7,28,18.71,15.27,0.76,clause (2); fictional (1); devastating (1); exposes (1); inequalities (1); prompts (1); convenes (1); displacement (1); extends (1); constituencies (1); displaced (1); delegates (1); autonomy (1); enforceable (1); referendum (1),,,automated-screen-clear
s1995,10,Everyday life,The Promise Hidden in a Group Chat,9ebab16bd31dcafdacb0190856c90b737b38a33cf94e6a4350de331619597f16,136,8,25,17,13.97,0.74,mei (3); discovers (1); casually (1); friend's (1); commercially (1); vague (1); reconstructs (1); separates (1); invites (1); negotiate (1); royalty (1); litigation (1); learns (1); enforceable (1); uncertain (1),,,automated-screen-clear
s1996,10,History,How Smallpox Eradication Was Verified,b9eb82c57c75fc04af5327f0c7ec5bfe653a7174f192f49162f2e86dae7f3836,124,7,31,17.71,18.7,1.63,smallpox (3); eradication (2); intensified (1); vaccination (1); containment (1); coordination (1); occurring (1); somalia (1); searched (1); commissions (1); eradicated (1); depended (1); nonhuman (1); reservoir (1); silently (1),,,automated-screen-clear
s1997,10,Science,Entanglement without Faster Messages,00addc05cd9ff970fec3616745cab26b127f7449c5d1d61c039b3b818de3299a,132,6,33,22,15.91,4.55,entanglement (2); correlations (2); reproduced (1); assigning (1); violate (1); inequalities (1); explanations (1); detector (1); inefficiency (1); unnoticed (1); intuition (1); permits (1); controllable (1); observer's (1); telepathy (1),,,automated-screen-clear
s1998,10,Mystery and adventure,The Evidence Bag That Arrived Before the Crime,a115b52b0f799d57be221b2d9c377c71725d24fd4f53fdf4c5ab2367cdf7e72b,147,9,23,16.33,8.16,1.36,amara (2); builds (1); clocks (1); scans (1); printer (1); unused (1); intake (1); copied (1); disappears (1); flaws (1); preserves (1),,,automated-screen-clear
s1999,10,Travel and culture,Returning the Mask from the Glass Case,da1bfe9c08deee84fb5e0283f992172cd3d415fb54b173680241b66f7d52d36b,139,7,25,19.86,9.35,1.44,lyr (1); imaginary (1); ceremonial (1); binary (1); culturally (1); coercive (1); histories (1); claimants (1); initiated (1); presumed (1); repatriation (1); descendants (1); perpetuate (1),,,automated-screen-clear
s2000,10,People and biography,Ada Counts Who Is Missing,b31d29da964e8dfade8774822bf134271fe3b7b697fc14a5fadbf7bdc85a1e84,132,8,21,16.5,16.67,2.27,ada (3); fictional (1); demographer (1); informal (1); allocated (1); roofs (1); occupancy (1); excludes (1); omit (1); combines (1); mapping (1); recruited (1); enumerators (1); sampling (1); protections (1),,,automated-screen-clear
s2001,1,Everyday life,A Cup for Two,ae58109fa7141a385b25674742672fcaf7877539d60b0cfd0d3e7eb980e178c9,44,10,8,4.4,11.36,0.0,mia (3); smiles (2),,low-frequency,needs-editorial-review
s2002,1,Nature and animals,The Cat at the Door,f2cef42fb5292fcce41f88628e90b63b326512e7501c0697a8d188a287de6688,43,8,9,5.38,4.65,0.0,jumps (1); closes (1),,,automated-screen-clear
s2003,1,Everyday life,The Red Hat,683ffc320032cbd1d51a41c1303c70ad018684e019e578491de904fe3583af24,47,10,6,4.7,0.0,0.0,,,,automated-screen-clear
s2004,1,Fantasy/stories,The Moon in a Cup,8ee46c557479f012513ad4cea52a8b1003d6fb79ed16d9ae4b9a336b6c474dd3,46,10,11,4.6,2.17,0.0,moons (1),,,automated-screen-clear
s2005,1,Nature and animals,A Duck Comes Back,1f6bec8b7e00b7490b593888867f5609c5c1606c2e912b85fa9e801ef275dd00,44,8,8,5.5,9.09,0.0,ducks (2); hears (1); jumps (1),,low-frequency,needs-editorial-review
s2006,1,Everyday life,A Place at the Table,ecc79263dc79a0363a743cf1aa67382cbfc76a378556d81c2d924f285b8476dd,48,9,9,5.33,6.25,0.0,nina (2); hers (1),,low-frequency,needs-editorial-review
s2007,1,Mystery and adventure,Where Is the Key?,5a7a04b31945bca67ccc2c10db444fa99f9f67000c84306c1e0e7bd4cb28f32c,47,11,6,4.27,2.13,0.0,smiles (1),,repeated-sentence,needs-editorial-review
s2008,1,Fantasy/stories,A Door for the Wind,7bb7880ce8f4ab6f6e7650f9568d261e3a31d1e6864654fc768641f24fb5278c,46,8,13,5.75,4.35,0.0,taps (2),,,automated-screen-clear
s2009,1,Nature and animals,The Little Fish,4f46cd6fe7e706f805c935073515bfbef05a34b4d6aa9254e35e0cd5ed6a9aad,43,8,7,5.38,6.98,0.0,swims (2); waits (1),,low-frequency,needs-editorial-review
s2010,1,Everyday life,The Last Cookie,689c54f529186d88e98bf2fbbd5f2de9091de3ce4d89e7e3c92c298aebbf989c,45,8,9,5.63,0.0,0.0,,,,automated-screen-clear
s2011,1,Everyday life,The Blue Umbrella,94f278a6de2276fb79d93fd5be756b81c04af56f2530c42d0b33b97d3afbfd85,49,9,8,5.44,8.16,0.0,emi (2); umbrella (2),,low-frequency,needs-editorial-review
s2012,1,Nature and animals,A Bird at the Window,d1cd1af68aea03bd50cf9f34e0e62c8cf73f4b5f0deac5cba5fdcea5cc66b809,47,7,10,6.71,6.38,0.0,jumps (1); smiles (1); eats (1),,low-frequency,needs-editorial-review
s2013,1,Fantasy/stories,The Little Cloud,c49d71d96437541dc5efc47d715fe9b1a5d3d2f9fc7e866f6a1c9402b65f7a95,45,8,13,5.63,0.0,0.0,,,,automated-screen-clear
s2014,1,Mystery and adventure,The Wet Marks,d5eecf5c5e3ad0937b8489893559ab219751c5b88b9fb8d8e52e9a754f417421,43,9,7,4.78,4.65,2.33,towel (1); wags (1),,very-low-frequency,needs-editorial-review
s2015,1,Travel and culture,Lia Takes the Train,a7261703f29f56e390a61ec7a85ecb2075deb88950158bc83e8d2a1c979b86c9,47,7,9,6.71,6.38,4.26,lia (2); eats (1),,low-frequency;very-low-frequency,needs-editorial-review
s2016,1,Everyday life,A Note in the Lunch Box,fbeaa5039578151c6945cdacbed3a148a59311ac8a6ccf25e89a7dc3b8982341,45,7,9,6.43,6.67,0.0,jun (3),,low-frequency,needs-editorial-review
s2017,1,Nature and animals,The Slow Snail,65de4e8264701512204efc8e267420cd5f32d56257cc00eb59cc7dd082b9a125,49,8,12,6.13,6.12,0.0,snail (3),,low-frequency,needs-editorial-review
s2018,1,Fantasy/stories,A Star in a Box,a115ccb539fda3950eb8135dd9fdbdebae77f7515311ffdbe31e388b08fe07ad,45,7,9,6.43,4.44,0.0,nora (2),,,automated-screen-clear
s2019,1,Mystery and adventure,The Open Box,1c9863dab8a75265a1274f5cd61167024943156140c4ff5a4fe2b49205736993,46,8,7,5.75,0.0,0.0,,,,automated-screen-clear
s2020,1,Travel and culture,A Map in the Bag,965f928da4e03399eca3a3e4e0bb4f87e3d00f9b76cdef8efdb4d32c69c2cdd3,48,7,11,6.86,4.17,0.0,omar (1); hears (1),,,automated-screen-clear
s2021,1,Everyday life,The Warm Soup,0d71a05b177f3ca24cce3729507aa48a63ee7c77e331cbcb9601b776a9184797,44,7,9,6.29,9.09,0.0,ana (2); stove (1); carrots (1),,low-frequency,needs-editorial-review
s2022,1,Nature and animals,A Seed in the Pot,7c80e240916ea3e1676aa74a0bbd05f78e76a4dcedf1beec42bb4130aaf7d9a8,46,8,9,5.75,2.17,0.0,waits (1),,,automated-screen-clear
s2023,1,Fantasy/stories,The Sleeping Bell,b82dc0a76c26632381dad0bd6549999235eb4b79c5e55b9a2f6df6fab6aef57d,47,8,9,5.88,2.13,0.0,hangs (1),,,automated-screen-clear
s2024,1,Mystery and adventure,The Light Upstairs,bb56fc32a195d235903a1fccaff8c805978ab81fe32328907f1cfc1199f95cc1,47,7,11,6.71,6.38,0.0,ada (2); upstairs (1),,low-frequency,needs-editorial-review
s2025,1,Travel and culture,The Red Bus,01614dacb72d35b90d4d2a1ec995933e172b97c1d1b7565ab9671b82c44bc6cd,47,7,10,6.71,4.26,0.0,mina (2),,,automated-screen-clear
s2026,1,Everyday life,One Empty Seat,b0b19082db2a52948bc9ac78500d35723a21014b108b56ac2e85ff313c14edf3,46,7,9,6.57,0.0,0.0,,,,automated-screen-clear
s2027,1,Nature and animals,A Puppy in the Rain,f9e7e6abbbeb0ae8004bccd00bbb9b282133983bf24df7bdd795745a522769f1,49,7,11,7,2.04,0.0,waits (1),,,automated-screen-clear
s2028,1,Fantasy/stories,The Talking Stone,10e26debd00a9a66100ba02356398d0a1f05c0465561c1f5b8ad8e851541a194,47,8,8,5.88,8.51,0.0,ivy (3); smiles (1),,low-frequency,needs-editorial-review
s2029,1,Mystery and adventure,Who Took the Apple?,ceb084fb79f9454b30c11095b013c2618d22b1f85d60d0f5b3ce3f1f0b110e3d,48,7,10,6.86,0.0,0.0,,,,automated-screen-clear
s2030,1,Travel and culture,The Beach in the Morning,0740e953fec8c37a42993fd125c567ae58f38e3d02691f3aa76b372beccaf4bb,44,7,9,6.29,4.55,4.55,rui (2),,very-low-frequency,needs-editorial-review
s2031,1,Everyday life,Sara Finds Her Glove,a2949f78efef2ab5248fb00932b81ad28221e2a98be1513e10ee8615bb125662,45,9,9,5,8.89,0.0,sara (2); glove (2),,low-frequency,needs-editorial-review
s2032,1,Nature and animals,Two Ants,c15a3e0cc011aaa7e118bb72c8374dd66b31daf02811f645c3be5411285fef07,46,7,10,6.57,6.52,0.0,ant (2); ants (1),,low-frequency,needs-editorial-review
s2033,1,Fantasy/stories,A Paper Moon,b1c4b6363a55e1f77a6b230716cfa32f39f2e07d43a549ceb0702f995233705f,47,8,8,5.88,0.0,0.0,,,,automated-screen-clear
s2034,1,Mystery and adventure,The Small Bell,42aa8710946d5f2a691570bcd9db234327f0d6cb00c2e5e0b2be389f50c9fb8c,48,8,8,6,4.17,4.17,nao (2),,very-low-frequency,needs-editorial-review
s2035,1,Travel and culture,A Room with a View,5e808237f71ac017731699fc7e159f5bb92bd89d57fe60a7c852325b064b8f38,45,7,12,6.43,4.44,0.0,ella (1); smiles (1),,,automated-screen-clear
s2036,1,Everyday life,A New Plant,86b025a92d5b60f200efd2c9c9c559d577a457c9d40f6bbb0e04f94ce2c27587,44,7,8,6.29,4.55,0.0,noah (2),,,automated-screen-clear
s2037,1,Nature and animals,The Turtle in the Sun,d75062e2f9ea6633865e3ac15c6c98d86351bda3b8c0341f55cc25002cd70cbd,44,7,9,6.29,9.09,0.0,turtle (3); swims (1),,low-frequency,needs-editorial-review
s2038,1,Fantasy/stories,The Little Dragon,c6f8ebf8b18c8b2ea1e1477c08aa31173c7f138de755c7bb6975969c4d857709,45,7,9,6.43,0.0,0.0,,,,automated-screen-clear
s2039,1,Mystery and adventure,The Blue String,86860e1d13925f2149739e9e2297ec1b1c5a1e08f228e312ff300c73b8e2df83,46,7,10,6.57,0.0,0.0,,,,automated-screen-clear
s2040,1,Travel and culture,The Wrong Stop,91ec14c43b1b14a607c00f79a8e11d86ba8398a09ec8b23e3fe198da2d8880e3,46,7,12,6.57,4.35,0.0,tao (2),,,automated-screen-clear
s2041,1,Everyday life,The Broken Pencil,d7f7edd77a5fd744916b0d8c617da555e8c1859634f436afea597424fa5a78f6,45,7,11,6.43,13.33,0.0,pencil (4); lee's (2),,low-frequency,needs-editorial-review
s2042,1,Nature and animals,The Bee and the Flower,363c308c76e2c42d99791ff7cd9f83cab06bc0c04b285af97c1bdc21b3e5ef81,47,6,12,7.83,0.0,0.0,,,,automated-screen-clear
s2043,1,Fantasy/stories,The Magic Shoe,3778c86cc2622d33d2a23d8719bd1e0c4adb043a2c623213e6f3960b20ad0561,43,7,9,6.14,2.33,0.0,jumps (1),,,automated-screen-clear
s2044,1,Mystery and adventure,A Note on the Door,c8b1269e9d78cafb6b5060a7d493e0ba0ce0e49c8ea739c3efa2e40da98775d5,45,7,7,6.43,2.22,0.0,cakes (1),,,automated-screen-clear
s2045,1,Travel and culture,The Bridge to Town,066e975a80cc3f7bd0aec06e13a7c3e2036831f36b85c88c2d94f0b05e128d64,45,6,10,7.5,0.0,0.0,,,,automated-screen-clear
s2046,1,Everyday life,Two Tickets,5b6b49dda13d58c9737d19c4a2d7379401738ccbda5c262c80b9792f4fa5db6c,45,6,13,7.5,4.44,0.0,nia (1); coats (1),,,automated-screen-clear
s2047,1,Nature and animals,The Fish and the Leaf,cb5b0b7c2ffcbf985698bfcef4e1997a2c339959fc3fbd3c7c901328d5c8c887,44,7,10,6.29,9.09,0.0,pond (2); swims (2),,low-frequency,needs-editorial-review
s2048,1,Fantasy/stories,The Night Light,0c65bab942398633e90fe3c01e0fca824c642e98cfa070de4116b93a6d712934,44,7,9,6.29,2.27,0.0,shines (1),,,automated-screen-clear
s2049,1,Mystery and adventure,The Quiet Room,442f8a39d8c0c1abbe9088583019e0c31584380303ad9816120bd2cc54c7e21c,45,8,9,5.63,2.22,0.0,hears (1),,,automated-screen-clear
s2050,1,Travel and culture,The Last Boat,1fe3ad050c78489bd6c9eb95210793dd1166874c6c0acf97e5f4095e6af42c18,46,7,9,6.57,2.17,0.0,waits (1),,,automated-screen-clear
s2051,1,Everyday life,The Red Leaf,26d9dbb1bcdfe178fa6860e05b40d875a9fc5c801d3cfc5b70a205c1770c9bfa,46,8,8,5.75,8.7,0.0,mia (3); smiles (1),,low-frequency,needs-editorial-review
s2052,1,Nature and animals,A Squirrel in the Park,47d7936b2800b2c07e3c155a835b205f217ae7acb8fb8f1f6ece758ec498f221,46,6,12,7.67,8.7,0.0,squirrel (2); paws (1); hides (1),,low-frequency,needs-editorial-review
s2053,2,Everyday life,Soup for a Cool Evening,b314e22d88049320c52d09a942717a556c054ecaa4f5dc5182e5d656eb62cbf5,46,6,11,7.67,8.7,0.0,hana (1); carrots (1); onion (1); bowls (1),,low-frequency,needs-editorial-review
s2054,2,Travel and culture,Lanterns by the River,e023e9966073ab9a2571b4708dabc80e361ad5e0ddde2c707167e15a63f646a3,46,6,14,7.67,8.7,0.0,lanterns (1); luis (1); cakes (1); float (1),,low-frequency,needs-editorial-review
s2055,3,Nature and animals,The Geese Above the Field,a0dfc4d29ba492e8523a8eef1981a90242a47a7ea7cca8c94bead5737b0c7701,46,5,13,9.2,8.7,0.0,sara (1); hears (1); geese (1); warmer (1),,,automated-screen-clear
s2056,3,Mystery and adventure,The Note in the Acorn,f50e340bc33f0ad678bc7905338a56f1058dbc8408f6725b3c1735d0ff22570c,50,5,17,10,8.0,2.0,noah (1); acorn (1); bookmarks (1); town's (1),,very-low-frequency,needs-editorial-review
s2057,4,Everyday life,The Last Outdoor Table,44f07380b2cc10ea0d3f105076396d13a9faf3b9152e8d9feb034ca8b0371783,52,6,10,8.67,9.62,5.77,aiko (2); cafe's (1); mornings (1); cooler (1),,very-low-frequency,needs-editorial-review
s2058,4,History,The Harvest Bell,5076cd25ae1c2170ff6651b535dfec81d014e157088dbe2abf5e782fb4522a37,52,5,15,10.4,7.69,3.85,storehouse (2); rang (1); connects (1),,very-low-frequency,needs-editorial-review
s2059,5,Fantasy/stories,The Tree That Kept One Leaf,4d276e6aae58066669dd0f4c4ee1b84bfe80b39f298d07c0a485c3e630e84d24,50,5,13,10,4.0,0.0,maple (1); traveler (1),,,automated-screen-clear
s2060,5,Science,Why Leaves Change Color,e855c78960f0b06601c18644d44d70988ba7ab5ef01b41aaac441444800f376f,53,5,12,10.6,3.77,1.89,chlorophyll (1); pigments (1),,,automated-screen-clear
s2061,6,Travel and culture,A Market at Harvest Time,7a50384d5c3778eb334621b0bdab7799db4eb6d7a2de1104a51d5c21e8da2060,52,5,15,10.4,13.46,1.92,baskets (1); pears (1); pumpkins (1); mushrooms (1); grapes (1); yuna (1); growers (1),,,automated-screen-clear
s2062,6,People and biography,The Keeper of the Seed Library,5d87d430fddf8c088794c4def939c2a4040956380b8e1e3f2fd90c4449da7814,55,5,13,11,7.27,0.0,alvarez (1); manages (1); gardeners (1); envelope (1),,,automated-screen-clear
s2063,7,Mystery and adventure,Footprints in the Orchard,facacb265ef3db479602464c0d82dc367a27d47f2c09fca9fa3db86d718913b2,61,5,15,12.2,11.48,3.28,leila (2); notices (1); hoofprints (1); thicket (1); dusk (1); repaired (1),,,automated-screen-clear
s2064,7,World affairs,A Season Shared Differently,bb90f6906487c6df38070b7026eaf8298f5f293391c2412bdc9b63f519e53e69,54,4,15,13.5,5.56,0.0,hemisphere (1); coasts (1); seasonal (1),,,automated-screen-clear
s2065,8,Nature and animals,The Forest's Quiet Exchange,6c582ecb4a0a51f31843116cd6f48067d5abced2b3176e45c6b468131cba4410,55,4,17,13.75,10.91,1.82,shelters (1); moisture (1); fungi (1); decomposers (1); nutrients (1); prepares (1),,,automated-screen-clear
s2066,8,Everyday life,Reading by the Earlier Window,ee6db9498d8193e9745e51f609ed939988af62078c8af7c2dffdab4d4c09381f,58,5,22,11.6,3.45,1.72,resented (1); reshaped (1),,,automated-screen-clear
s2067,9,History,How Communities Marked the Harvest,aac787423365b8f4bec254040835b11a66213a1156855605c17a0d6025aab923,55,4,18,13.75,12.73,0.0,celebrations (1); uncertain (1); differed (1); offerings (1); growers (1); festivals (1); seasonal (1),,,automated-screen-clear
s2068,9,Science,Balance at the Equinox,33efb3b839cc83f76c2ecbdc56bc3ef1983d2283bce9456342ddf71c3b26c1a8,58,4,19,14.5,10.34,0.0,daylight (2); equinox (1); earth's (1); bends (1); sunrise (1),,,automated-screen-clear
s2069,10,Everyday life,Autumn at the Old Estate,5dd366412e7abb33e05970fd54d3fe837398e93ff30a009138204f3345357bee,62,5,17,12.4,12.9,0.0,elena (1); vines (1); darkened (1); statues (1); neglected (1); amber (1); softened (1); noticing (1),,,automated-screen-clear
s2070,10,People and biography,The Translator's Autumn Notebook,807581c015c660cf35696c7be1b03f51f160c9b3c553e22a3ca24ebbe0efdc4c,59,4,26,14.75,6.78,0.0,translator (1); reread (1); notebook (1); rhythms (1),,,automated-screen-clear
s2071,1,Fantasy/stories,A Cloud in the Kitchen,8bcfab81592d7be40499715d75943b8b3d07680d6cde0bd5b5da692d1086671f,42,8,6,5.25,2.38,0.0,may's (1),,,automated-screen-clear
s2072,1,Fantasy/stories,The Door Under the Rug,ebf272c727fa02e69f75949d301d5457ce58ace174a1de1dbbf902bacae624ed,46,9,9,5.11,6.52,0.0,rug (2); closes (1),,low-frequency,needs-editorial-review
s2073,1,Fantasy/stories,The Moon's Lost Shoe,a1061a6d21ac1b85b0c3749c4005b061d6e83120cf33dd09f3d1c7bb52756456,45,8,8,5.63,2.22,0.0,smiles (1),,,automated-screen-clear
s2074,1,Fantasy/stories,The Paper Horse,51f9fb669cd1be438a0bbb074309c71ae8fefd97438c916af5b8413c8aff1dc3,48,8,9,6,4.17,2.08,dan's (1); jumps (1),,very-low-frequency,needs-editorial-review
s2075,1,Fantasy/stories,A Song for the Stone,85fb1b093f6fcefe3f7153da593a85f2ae5fdfca0c45a9ccc2efbd783d24d54e,44,8,7,5.5,4.55,0.0,sings (1); listens (1),,,automated-screen-clear
s2076,1,Nature and animals,The Quiet Gate,9694eb76cb5ab97d9151a7008aaa4d9d291bfab8f7e1b4abc8dac99491c4794f,45,8,8,5.63,2.22,0.0,waits (1),,,automated-screen-clear
s2077,1,Nature and animals,One Red Leaf,5b439105720c0fff9030992d7a5456f164d526695866edd1aff37d39ca02caa4,42,7,7,6,0.0,0.0,,,,automated-screen-clear
s2078,1,Nature and animals,The Cat's New Place,e998436b4334d39eb42e86570c66bed8b4e32a57aa87ca112791d0ec80f43206,49,7,9,7,2.04,0.0,sleeps (1),,,automated-screen-clear
s2079,1,Nature and animals,Rain on the Path,2c2944384baba15a69c6ffaf5cb123a02189632e4a5fc47d605581e5c811c65f,46,9,7,5.11,8.7,0.0,worm (3); rains (1),,low-frequency,needs-editorial-review
s2080,1,Nature and animals,A View of the Tree,ac89c074f1b3d36a9cb247851f95c66aae02b388c612db1790b02cd80ff64017,45,8,8,5.63,0.0,0.0,,,,automated-screen-clear
s2081,1,World affairs,A Seat for the Bags,5a02a8081cf6c25b33016a7354a30aaf7857cf8ec827f7ad7072c0b0d91e221c,45,7,9,6.43,0.0,0.0,,,,automated-screen-clear
s2082,1,World affairs,The Late Meeting,4b53808a6a77e9eefd0922b628cee6f10de1fb3836c5a92b784645e81780d7f2,45,7,10,6.43,0.0,0.0,,,,automated-screen-clear
s2083,1,World affairs,Two Ways to Read,912fdbfb1bdc5f95f469a436f36cb0fedce026972ce160bd1f15876032b57dc7,44,7,10,6.29,4.55,0.0,ada (2),,,automated-screen-clear
s2084,1,World affairs,The Open Field,1b231717c3063123e1a4277839ba1db29ad60bf8a99df6800fb1f391596709b5,45,7,10,6.43,0.0,0.0,,,,automated-screen-clear
s2085,1,World affairs,The Water Table,2fa8ed3dcf81548736d466312cd9ec036f5cd817fe159788577405477ecc3a22,46,6,11,7.67,0.0,0.0,,,,automated-screen-clear
s2086,1,Everyday life,Breakfast on the Step,32f5d96bdd423e0352f0665ab4a6b21d8937908937c2b466567eeae9ca46bec5,48,8,10,6,2.08,0.0,apples (1),,,automated-screen-clear
s2087,1,Everyday life,The Blue Sock Game,45fc91c8b4c03575e4b38a5bb04ab09ee69d840e57245163bdca1bb7ad373917,49,8,8,6.13,4.08,0.0,sock (2),,,automated-screen-clear
s2088,1,Everyday life,A Cup with a Line,4a1dd6cd4cef6285e9cb0f374e4a498be7880a78dcfd67c6350fa93cb41bc93f,46,7,12,6.57,0.0,0.0,,,,automated-screen-clear
s2089,1,Everyday life,The Last Clean Shirt,0980d7a1cba688d21b1a52e53ad3fedd2fea5cf9a5106509856a525c62d6ee07,46,8,8,5.75,0.0,0.0,,,,automated-screen-clear
s2090,1,Everyday life,A Small Place to Write,e28ef53b9cf1de92421a07118052c2b121b44b2f17f1af756197ede4b813ded9,48,8,7,6,0.0,0.0,,,,automated-screen-clear
s2091,1,History,The Old Shop Bell,2afe9400d588e27514dcc362527d12d128903350d8f7b6bdbff8132d27afe167,50,9,7,5.56,2.0,0.0,smiles (1),,,automated-screen-clear
s2092,1,History,A Letter by the Fire,a4b21a457d696fd54545914110c1285d4ebb3b8cfa896213102d7dbabc578094,49,9,6,5.44,0.0,0.0,,,,automated-screen-clear
s2093,1,History,The Baker's Wooden Mark,cf7dbe18011088fd62049d8c7a56e03d1bad474016c80008c34a75da23cfe609,48,8,10,6,4.17,0.0,loaf (2),,,automated-screen-clear
s2094,1,History,A Coat for Market Day,52e52e1ea6dfb56613cfdf17f225dab0879733b33eeafed9a691d3580c1b4df2,48,7,9,6.86,0.0,0.0,,,,automated-screen-clear
s2095,1,History,The Cart at the Well,6fe95dfa702d9ac9ef962246f5308e8bf9abdafd0b6d5cfe46d5288e1c2b3174,50,9,7,5.56,6.0,0.0,cart (2); fills (1),,low-frequency,needs-editorial-review
s2096,1,Science,The Rolling Test,72e98586fedc57b1a577598088b7e8661e717af5fe769a192cdf774118dd58d7,46,8,9,5.75,4.35,0.0,lifts (1); farther (1),,,automated-screen-clear
s2097,1,Science,Two Paper Bridges,8ac93499e516535d10910c5023f403ed3908a32a3ee773505d8378bf1b18713e,47,8,10,5.88,6.38,0.0,ned (2); folds (1),,low-frequency,needs-editorial-review
s2098,1,Science,A Shadow on the Wall,061a4f743b798f26e769d605629ade5907d653c14105bfa830742cca12de4b41,47,7,11,6.71,4.26,0.0,mia (2),,,automated-screen-clear
s2099,1,Science,The Full Spoon,77298f12060692610cbc4566ed2503e89c215b5a99e2b72ad9e4ce88a03805f0,48,8,10,6,14.58,0.0,spoon (3); fills (2); spoons (2),,low-frequency,needs-editorial-review
s2100,1,Science,The Warm Window Test,b391a3e021e31e42d42bf6b8e14ce4cd4cf67ecad1668c19f2881bd53ea4c426,47,7,10,6.71,8.51,0.0,bowls (2); pia (2),,low-frequency,needs-editorial-review
s2101,1,Famous books,The Mouse Opens the Net,858fa250e5b5a239b200a81c8e1fabca3cf884e65f38b392286c2a954dc0e842,45,8,7,5.63,4.44,0.0,catches (1); bites (1),,,automated-screen-clear
s2102,1,Famous books,Grapes Above the Fox,77c05ed719e0e1193e455c50a44678204938314fb0ab33fa676dc4722b18fe4d,47,9,7,5.22,10.64,0.0,grapes (2); jumps (2); tasted (1),,low-frequency,needs-editorial-review
s2103,1,Famous books,Stones in the Water Jar,b985392bad85516ff07c24a1f649e4ffffc9d5e0eb3ba06565f1b21f273f892f,47,8,9,5.88,6.38,0.0,jar (3),,low-frequency,needs-editorial-review
s2104,1,Famous books,The Coat Stays On,5968fd2045f00ed03e314a9a7c56212e9f1e815c905914a871cfb9e140e1c8ab,48,8,11,6,2.08,0.0,shines (1),,,automated-screen-clear
s2105,1,Famous books,One Stick at a Time,b51671250d520182c84521675e1fdb08119fa5bc926c2edacb7bfb8f04f28e7f,46,6,11,7.67,0.0,0.0,,,,automated-screen-clear
s2106,1,Mystery and adventure,The Wet Circle,79731af6e6ace59605c1bf89c31213f024ed43775b0c3d61bcf62afb032719a3,47,8,9,5.88,2.13,2.13,sue's (1),,very-low-frequency,needs-editorial-review
s2107,1,Mystery and adventure,The Moving Red Dot,21b7bf8ca0c29e8f9a5ecb346bf32bfeb77595353e0d40bbdd47fc9d5db506d0,46,7,11,6.57,0.0,0.0,,,,automated-screen-clear
s2108,1,Mystery and adventure,Who Took the Spoon,e4ff48b96a60db3f53f93eed4651213023b75b7fe7dd9d7ea9afc4c1944bad52,46,7,9,6.57,4.35,0.0,spoon (2),,,automated-screen-clear
s2109,1,Mystery and adventure,The Light Under the Bed,b80c85b76e0ed7430db5f19d258323751e611ad13dedee64e46799ab00e56010,44,8,8,5.5,2.27,0.0,shines (1),,,automated-screen-clear
s2110,1,Mystery and adventure,Three Green Steps,80f9be4cdb99b42686f48d34dcc052e5cb20cc4282ba74bafb43ed76746b9b6a,44,7,8,6.29,0.0,0.0,,,,automated-screen-clear
s2111,1,Travel and culture,A Map on the Table,4de51d3d6756c9e35577015d3e2b1131026924f1f89207b6ca733205d3e3a819,50,7,12,7.14,0.0,0.0,,,,automated-screen-clear
s2112,1,Travel and culture,The Room with Two Beds,ecaca2aa960237cb7ab92a1c3a634ae631fdc866fe7da3e4588be2bf06bc9425,44,8,9,5.5,0.0,0.0,,,,automated-screen-clear
s2113,1,Travel and culture,The New Dance Step,60537dc1fe49560a3b7245148d7a8c2be0be807ed09c2be886169033a2c620d2,48,8,9,6,0.0,0.0,,,,automated-screen-clear
s2114,1,Travel and culture,An Empty Postcard,3fad36a113e54252b6cd1f834d42aeb793c29b781266d86589400dd652a5d9fa,45,6,10,7.5,6.67,0.0,postcard (2); crosses (1),,low-frequency,needs-editorial-review
s2115,1,Travel and culture,A Ticket in My Hat,35507f49f4b352542253770176b6279e445bb0aeef78de68000c41a6f812d426,47,8,7,5.88,2.13,0.0,smiles (1),,,automated-screen-clear
s2116,1,People and biography,Rosa's First Loaf,10c6fc8e7679ed9418e4bfb7d6d8b2c03627bec8b9941cc8702082aa8dc7dae8,47,8,8,5.88,10.64,0.0,rosa (2); loaf (2); bake (1),,low-frequency,needs-editorial-review
s2117,1,People and biography,The Man Who Draws Doors,a5733102804e17b0877ac506e445c4cbfd02f6ba536a4e2a2998b570fd467c80,46,8,9,5.75,0.0,0.0,,,,automated-screen-clear
s2118,1,People and biography,A New Job for Lin,1c4259fad0f8bc3cd75c99c19ec6fa40b93635b5a88aab7058a8a8b098dd9eb6,46,6,12,7.67,4.35,0.0,lin (2),,,automated-screen-clear
s2119,1,People and biography,Omar Learns to Float,3dca7b6ed80a7a2eaea8d1f37e764c90f56395dbcf4688e4204dbebe0ef3460b,46,8,9,5.75,6.52,0.0,omar (2); floats (1),,low-frequency,needs-editorial-review
s2120,1,People and biography,The Singer at the Window,71a4581ac45e2d03c5300820e85884b20f76fd933be2ab655917e1ca37df9a05,44,7,8,6.29,13.64,0.0,bea (2); sings (2); cleans (1); hears (1),,low-frequency,needs-editorial-review
s2121,2,Fantasy/stories,The Sleepy Streetlamp,9b1360fdbb36d81245c69a61e2b343276f3e98e191764ef1ed2f386dede026a9,50,6,12,8.33,8.0,2.0,streetlamp (1); wakes (1); shines (1); warmly (1),,low-frequency;very-low-frequency,needs-editorial-review
s2122,2,Fantasy/stories,The Spoon That Loved Soup,6fe50d0f1a1d459e6240c335a0b59abcb76fefd1941f88459996fb147dd19068,52,7,11,7.43,9.62,0.0,spoon (3); jumps (1); stir (1),,low-frequency,needs-editorial-review
s2123,2,Fantasy/stories,The Rain Seller's Day Off,8b60dbcbd9d956082286e740898ea0e8a0d535b121229290198da72ac65134e4,55,7,11,7.86,1.82,0.0,waits (1),,,automated-screen-clear
s2124,2,Fantasy/stories,A Tail for the Kite,13b38abe4c0e6e1ae696fb9e5e68689c9aa221adeb507722d6ae6af565e2560b,54,6,14,9,7.41,0.0,kite (3); feather (1),,low-frequency,needs-editorial-review
s2125,2,Fantasy/stories,The Tiny Winter,5072be0cf8e94107adc0fcadb7839c52fa1239fa713fad8c314b176249aa872d,52,8,9,6.5,7.69,0.0,nora (2); snowball (1); closes (1),,low-frequency,needs-editorial-review
s2126,2,Nature and animals,The Bird behind the Curtain,4874d191b30f5910adf2a42e905df2cf33642e7c8038dc4630a51688acaeead9,50,8,8,6.25,4.0,0.0,curtain (1); remembers (1),,,automated-screen-clear
s2127,2,Nature and animals,The Garden after Dark,91d48b346173a81482b237003feeac084091dfc12b7be6db1fed9f58f83384c9,50,6,13,8.33,0.0,0.0,,,,automated-screen-clear
s2128,2,Nature and animals,Leaves in the Notebook,58ecdb0052bbe3a0365246f7af32600fe28f7fbdd275b831ea2a50863738cb22,51,6,14,8.5,5.88,0.0,jill (1); notebook (1); notices (1),,,automated-screen-clear
s2129,2,Nature and animals,The Dog Chooses Shade,a67c097b5272bc1d6f5a4a926c23c6ed01cdd732bb2f329a2c7299f44bfd11d0,52,7,11,7.43,3.85,0.0,shady (1); cooler (1),,,automated-screen-clear
s2130,2,Nature and animals,A Slow Look at the Pond,8d5fe9ac2f21c8ca7ab3e9b2f8c49d74e84a86797dfa66177f3ac81ef58bdf5c,51,7,14,7.29,1.96,0.0,pond (1),,,automated-screen-clear
s2131,2,World affairs,The Second Meeting Box,e504763c2f166854d139b3bf0ecf7fa1c090146daeea801d77ef90b62717a826,52,6,14,8.67,0.0,0.0,,,,automated-screen-clear
s2132,2,World affairs,A Bus Stop with a Roof,1f6c0cf09cf607fe53ff0a9e940bda864ad4fb339f918a92113093df6586a728,51,6,11,8.5,1.96,0.0,fictional (1),,,automated-screen-clear
s2133,2,World affairs,A Quieter Hour,78f2c63f80840f3e0b04ce2f72a8fa8f6d5b2a22d379fc8e7824428d41db666a,50,6,12,8.33,6.0,0.0,sellers (2); lively (1),,,automated-screen-clear
s2134,2,World affairs,The Shared Ball,3972ff431ebc5484a73c4e2e7ff00bf3edd7a750f4059dd317a0778832a76938,53,7,13,7.57,5.66,0.0,timer (2); fictional (1),,,automated-screen-clear
s2135,2,World affairs,The Sign beside the Steps,b426dcc892b426404aaa3f5a0a459e6e45c906761c88eb98b40644afb0ae0b89,52,6,14,8.67,0.0,0.0,,,,automated-screen-clear
s2136,2,Everyday life,The Lunch with No Fork,cc78b653a979049588db30d5b3a5c52c09a46a1d8f88382ca3b38497166a5c1b,51,7,10,7.29,7.84,0.0,spoon (3); friend's (1),,low-frequency,needs-editorial-review
s2137,2,Everyday life,A Shelf for Small Things,58f2d1c47228f21552f0749711cdbb2d83e287a73997271b7ca0e74f3af80989,54,7,11,7.71,0.0,0.0,,,,automated-screen-clear
s2138,2,Everyday life,The Wrong Shopping Bag,f9ed8c76664a2dcafe9cce248c8ef14adfca06c155394e766a4407fb89afdd9e,50,7,11,7.14,4.0,0.0,friend's (1); oranges (1),,,automated-screen-clear
s2139,2,Everyday life,One More Place at Dinner,ac9bd09f8756f3ac45276627f748a18795030088d5ea55b630fdf55fadd4b59c,53,7,9,7.57,1.89,0.0,brother's (1),,,automated-screen-clear
s2140,2,Everyday life,The Alarm on Sunday,25a8f919571bb39b6565d7b5a153f3ee54f459ffef204f0dec5cf274a7b50c2b,51,8,9,6.38,0.0,0.0,,,,automated-screen-clear
s2141,2,History,The Spare Candle,221f6045aa2de0a3ef9aaad87509eddc871beab0335b64fb2786efa774c60c53,51,6,14,8.5,9.8,0.0,candle (3); fictional (1); fixes (1),,low-frequency,needs-editorial-review
s2142,2,History,The Printer's Dirty Thumb,7d3600c5dde4dce763f5719033a891755ad011a15dc6e4c808f5dec59d31f10c,54,6,11,9,3.7,0.0,fictional (1); printer (1),,,automated-screen-clear
s2143,2,History,The Basket by the Ferry,befef12ac5953bd92d812628cb5429d05bf51b3fe08ce417c192cd8417882882,52,6,12,8.67,3.85,0.0,fictional (1); waits (1),,,automated-screen-clear
s2144,2,History,The School Slate,20194313ee5956364bfa12979f8ccd1aac688b8fa0dc67d5bcc59471f80c8cda,50,7,12,7.14,10.0,0.0,fictional (1); sums (1); slate (1); cleans (1); crooked (1),,low-frequency,needs-editorial-review
s2145,2,History,A Package without a Name,bdd8358a8237c80fb9f52e1574593232ad55212b2be825b8fa4daae4a0141a67,51,7,13,7.29,7.84,1.96,buttons (2); fictional (1); shopkeeper (1),,low-frequency;very-low-frequency,needs-editorial-review
s2146,2,Science,A Longer Paper Strip,6ac983112a3655ce5caba943d2ad19634f34233acc8192a3cc872bc3a0fb72e0,52,8,9,6.5,7.69,0.0,fay (2); notices (1); fixes (1),,low-frequency,needs-editorial-review
s2147,2,Science,Counting the Bounces,5f42f25a953f4515b76f158ac2eecade7fb4517532d87208e1b2833a0b4e028d,47,6,10,7.83,6.38,0.0,bounces (2); misses (1),,,automated-screen-clear
s2148,2,Science,The Cup with a Lid,8e187a370b577caa2ab1484c45535a5b4a8acd5969de79a9753d4ebdf7ef4382,52,7,10,7.43,5.77,0.0,eli (2); lid (1),,,automated-screen-clear
s2149,2,Science,A Magnet and a Box,10b974dbc5402cff41620ff5fd703c109fbabaef04a94704785c9bfbe466eaa0,52,7,13,7.43,7.69,0.0,ava (2); magnet (2),,low-frequency,needs-editorial-review
s2150,2,Science,The Bent Paper Plane,b012524b859d3e4e6633ed6c52999a44d51b1819b2ec963da36a83549f23b2d3,49,6,16,8.17,6.12,2.04,notices (1); bent (1); straighter (1),,very-low-frequency,needs-editorial-review
s2151,2,Famous books,Meat beneath the Tree,02fc3c168f696729a689d75ac263d86c5a61986440a1fe97bd7eeed565b2cc05,49,6,12,8.17,12.24,2.04,crow (3); praises (1); crow's (1); feathers (1),,low-frequency;very-low-frequency,needs-editorial-review
s2152,2,Famous books,The Race past the Sleeping Hare,243ea5ac67d8600a52101e6a1e79e569e2be3ec35f74edfae8329661ca53d8ab,49,7,10,7,14.29,0.0,hare (3); tortoise (3); wakes (1),,low-frequency,needs-editorial-review
s2153,2,Famous books,The Dog's Second Dinner,fadc6a83e294f5bf8cf3c9dfef0c971b2345750875dcd171e761402b07b9e406,50,7,8,7.14,2.0,0.0,disappears (1),,,automated-screen-clear
s2154,2,Famous books,The Bell No Mouse Can Carry,5c6aaf93089bd8dbfcd43ac0c4068ceb1188cb1eb79939716ece1eb0ef8229be,51,6,13,8.5,0.0,0.0,,,,automated-screen-clear
s2155,2,Famous books,The Leaf That Carried an Ant,486f1265437e9b63eedb1c42c12bbb4b2f0b1580dbf3a87da5bb5e3130aa096a,50,7,11,7.14,20.0,0.0,ant (4); dove (3); climbs (1); bites (1); bird's (1),,low-frequency,needs-editorial-review
s2156,2,Mystery and adventure,The Sound in the Empty Room,310221c7f4bb34d2e4aaefda261501833aeeda79288cc6050addd7b2d220b1af,53,8,11,6.63,3.77,0.0,drawer (1); closes (1),,,automated-screen-clear
s2157,2,Mystery and adventure,The Missing Cake Corner,bfcfe56abefe6c3d32142906a5dfdd2d4abc915e91dfdf1d2525aab6b469836d,51,6,11,8.5,3.92,0.0,tasted (1); cools (1),,,automated-screen-clear
s2158,2,Mystery and adventure,Footprints toward the Shed,45c21ce781c3374e41d745d335eec096a054776ccc1308def6225c1b8de2ac5b,51,7,8,7.29,7.84,0.0,muddy (1); footprints (1); brother's (1); dad's (1),,low-frequency,needs-editorial-review
s2159,2,Mystery and adventure,A Page That Whistles,b52ce9b94373524a3923677b1564fbe9910768ae60df31fdf87082e6fbbf6744,51,6,11,8.5,5.88,0.0,marker (2); picnic (1),,,automated-screen-clear
s2160,2,Mystery and adventure,The Warm Bench Mystery,2a2b77bb101eb224989f18f9d9ae8d5f3388304adaf21eba9f42d12b67f111c8,49,8,8,6.13,4.08,0.0,chooses (1); cooler (1),,,automated-screen-clear
s2161,2,Travel and culture,The Platform on the Other Side,b83bd21207579698ba17873887ef2b326428743253bf7d7edb3137efe70d17c3,48,7,9,6.86,2.08,2.08,footbridge (1),,very-low-frequency,needs-editorial-review
s2162,2,Travel and culture,A Word on the Menu,3bdee6e4005301ff4bb113c60e9adf79127422f4b81b734eeea15c5928647510,52,6,16,8.67,1.92,0.0,tomatoes (1),,,automated-screen-clear
s2163,2,Travel and culture,The Museum's Small Door,1bac468fca83448defc2c4e66c69d07d8189a89b09773176c46ef8a5e52d21df,49,6,12,8.17,0.0,0.0,,,,automated-screen-clear
s2164,2,Travel and culture,A Song from the Square,9ecb0ab85e21fd3e060f0128057b60c556a1c6e0bb76514508135bb1a54446f9,49,6,15,8.17,0.0,0.0,,,,automated-screen-clear
s2165,2,Travel and culture,The Market Bag I Can Carry,221980a7b6674f0b0bef00173667cc98ba8c1c42df995f72af4aa6a01b6da65d,51,6,13,8.5,1.96,0.0,wraps (1),,,automated-screen-clear
s2166,2,People and biography,Nell's First Repair,7ab0275dce6100dafff8e1651c4e8dca910a3d4c4d00dca00515068864c9fcf0,49,7,10,7,12.24,2.04,nell (2); fictional (1); learns (1); crooked (1); straighter (1),,low-frequency;very-low-frequency,needs-editorial-review
s2167,2,People and biography,The Driver Who Learned Names,f11cb3d436eb9c9d065d659810ff7d608a0554424a53c1ec1eb0fc4132635993,50,7,10,7.14,2.0,0.0,fictional (1),,,automated-screen-clear
s2168,2,People and biography,Iris and the Empty Stage,41d9d179044ad68c58d89a02cd962bfc9f71afe9826f5a9c6a202289f8ac68ef,55,7,17,7.86,12.73,0.0,iris (2); cleans (2); fictional (1); hears (1); invites (1),,low-frequency,needs-editorial-review
s2169,2,People and biography,A Gardener's First Winter,ec235207233bb0d0b9004301005a1110bb7918d31a21d9f2f3decf5615015895,49,7,9,7,8.16,0.0,fictional (1); surprises (1); cleans (1); learns (1),,low-frequency,needs-editorial-review
s2170,2,People and biography,The Girl Who Kept Receipts,ed05dd04297a46af1ee9ccac21aad4f45d546db3d15ccc71390e6882e73c20a0,50,7,13,7.14,12.0,2.0,mina (2); fictional (1); receipts (1); manages (1); shop's (1),,low-frequency;very-low-frequency,needs-editorial-review
s2171,3,Fantasy/stories,The Shop for Lost Echoes,cd8828b6e8840f6c2b55b5753abb61ec499d695c2ae1258d39c11639997a10d9,58,7,12,8.29,3.45,0.0,echoes (1); listens (1),,,automated-screen-clear
s2172,3,Fantasy/stories,The Dragon's Small Apron,d2eab269f380ce44fb3fb3e07eb970f8c5f128accc7107316ee2f6e463ea1288,58,6,13,9.67,8.62,0.0,bakery (1); bowls (1); apron (1); proudly (1); bake (1),,,automated-screen-clear
s2173,3,Fantasy/stories,A Staircase for the Stars,778d55f4b225ef0092b7ac7539d99b43455aa419df4daf5cf6469f82bc09b744,58,6,16,9.67,10.34,0.0,lena (2); paints (2); staircase (2),,low-frequency,needs-editorial-review
s2174,3,Fantasy/stories,The River's Forgotten Name,f369958a87fd9d24a2b6d18aa07a07b2205836a97d1b4c062afc865230f0e529,55,6,14,9.17,3.64,0.0,forgets (1); traveler (1),,,automated-screen-clear
s2175,3,Fantasy/stories,The Clock That Waited,255513921200fb67a6452c88a23e0a327d2a778f01cd6d4001ce3faaa3c55215,52,7,12,7.43,1.92,0.0,ticking (1),,,automated-screen-clear
s2176,3,Nature and animals,The Nest beyond the Glass,de354be7ad3a57ae20f4c4b3fe7b1fa844be32d7628a261ea5dd7d6f902c1b07,59,6,11,9.83,1.69,1.69,nest's (1),,very-low-frequency,needs-editorial-review
s2177,3,Nature and animals,The Fallen Branch Survey,37f73378d65092210ca3576a4c3a21891bd9796a2c0711b045eca49a9ead1e90,56,6,13,9.33,3.57,0.0,windy (1); notebook (1),,,automated-screen-clear
s2178,3,Nature and animals,The Patient Animal Sketch,63a52116c1eebc06803ad2c1d02a8c017055c5fdd0e9214f595a8b3cfa2545ef,52,6,10,8.67,5.77,0.0,shapes (2); unfinished (1),,,automated-screen-clear
s2179,3,Nature and animals,Seeds in Separate Envelopes,f65e35fd67383b3bf8666da683186c51d96cb37facbbf06009cbc2fc09284ded,53,6,12,8.83,3.77,0.0,envelopes (1); remembering (1),,,automated-screen-clear
s2180,3,Nature and animals,The Change in the Bird Count,3c3d4eed1b79075a6ab9dea56194689ee65c83d172d3333c0b62ec29765d8e5d,50,6,10,8.33,4.0,0.0,amir (1); notices (1),,,automated-screen-clear
s2181,3,World affairs,The Library Cart Trial,66a034aeba11ae4f998d6067eaf492f2d6750b08e75bbe1871c78916b8a5ec29,56,6,13,9.33,8.93,1.79,fictional (1); librarian (1); cart (1); gardening (1); cart's (1),,very-low-frequency,needs-editorial-review
s2182,3,World affairs,A Playground with a Quiet Corner,77e737c69d43ad9c6a1405f9956704ba17b58747c7db80865432dfdc620b323f,58,6,15,9.67,5.17,0.0,fictional (1); playground (1); planners (1),,,automated-screen-clear
s2183,3,World affairs,The Evening Repair Table,55618400abd61480dfeec2457d68a238e22150d754ec17ee6014c763adc575ba,49,6,12,8.17,6.12,0.0,fictional (1); saturdays (1); misses (1),,,automated-screen-clear
s2184,3,World affairs,The Market Map Vote,572b1a84b51b082ec360d925a6e36b1f94655faeec57a128e36445317491f802,58,6,17,9.67,12.07,0.0,stalls (3); sellers (2); fictional (1); arranging (1),,low-frequency,needs-editorial-review
s2185,3,World affairs,A Crossing near the Hall,0a0155ad73489dcbe45f831bea4ec12ea41324bbcb5c0a59cc6293a29cd6fa0b,55,5,14,11,0.0,0.0,,,,automated-screen-clear
s2186,3,Everyday life,The Recipe on a Sticky Note,f8fa411920b656ca56e96861aea3be1cb2cb72a7379c4e652900d3d85165fad3,57,6,14,9.5,8.77,0.0,sticky (1); cookbook (1); ingredient (1); rewrite (1); puzzle (1),,,automated-screen-clear
s2187,3,Everyday life,The Neighbor's Spare Key,59a7babbd2752af0b43d8e231f2c8857b902f5be60c7aa45157849653b93f44f,55,5,16,11,3.64,0.0,envelope (2),,,automated-screen-clear
s2188,3,Everyday life,The Chair That Scraped,2f4665df5ed2ec86f10cbe005c3a6faa79f766011c92ea5542b44c0e01f681e3,50,6,10,8.33,6.0,0.0,downstairs (1); pads (1); smiles (1),,,automated-screen-clear
s2189,3,Everyday life,A Different Route to Work,db781f3de7bcd72b6a8f98b835e1d871feda9e2973d0ff58169d2abc5d685595,56,6,11,9.33,3.57,0.0,closes (1); bakery (1),,,automated-screen-clear
s2190,3,Everyday life,The Photo We Almost Deleted,8faaccae5d2b8c411422f64f698a366bbe85d6e8edc340d3eb459a2d2dcc5092,53,6,13,8.83,3.77,0.0,expressions (1); neat (1),,,automated-screen-clear
s2191,3,History,The Watchmaker's Waiting Chair,236766ab4e641805bbd7d575f24074d9cb9f3c736bebda2ca72e4daed352cabb,53,6,14,8.83,9.43,3.77,watchmaker (2); fictional (1); clocks (1); apprentice (1),,low-frequency;very-low-frequency,needs-editorial-review
s2192,3,History,The Seam in the Sail,14e5cfcb9c4fc6a0f1cb897f3bcd038fca46d4baa03e5a0fcab3fd31b54f4e64,58,6,14,9.67,10.34,1.72,fictional (1); sailmaker (1); teaches (1); seam (1); catches (1); sew (1),,low-frequency;very-low-frequency,needs-editorial-review
s2193,3,History,The Innkeeper's Pebble Count,3de67a97aca785d9dcb23e734e439b6b93f15e75b5c7a5c78f991e5221c96ab7,55,6,13,9.17,12.73,1.82,pebbles (2); fictional (1); innkeeper (1); pebble (1); helper (1); afterward (1),,low-frequency;very-low-frequency,needs-editorial-review
s2194,3,History,The Letter Carrier's Shortcut,6def09523a0bc13c6a1f14a81a895c857285060071bf21e2179a0469ce59f9bb,57,6,17,9.5,8.77,0.0,fictional (1); muddy (1); learns (1); shortest (1); quickest (1),,,automated-screen-clear
s2195,3,History,The Weaver's Color Note,7415a80c219a5a239ce42ef46058b944c5cf4802a14cc6ff52f525ebdc97f826,51,7,10,7.29,11.76,1.96,helper (2); fictional (1); weaving (1); weaver's (1); remembers (1),,low-frequency;very-low-frequency,needs-editorial-review
s2196,3,Science,The Stopwatch Argument,a2dba15927d77c688031d0312e3902bf165ddabb0fa6a5003a178179fc92a056,52,6,13,8.67,1.92,0.0,slope (1),,,automated-screen-clear
s2197,3,Science,The Wet Cloth Comparison,b6c2d408bad05aa099dcd108f09ddf01c0d55df9629c34fb6b845bd2f8f8b033,55,6,12,9.17,12.73,1.82,cloths (2); juno (1); hangs (1); dries (1); notices (1); wetter (1),,low-frequency;very-low-frequency,needs-editorial-review
s2198,3,Science,The Quiet Phone Box,25d02b8a19174ea40d2bd30443c1d4a4e05498473053e8640f8c449ad3158240,49,5,12,9.8,10.2,0.0,ringing (1); cardboard (1); softer (1); farther (1); repeating (1),,low-frequency,needs-editorial-review
s2199,3,Science,A Plant Label Mix-Up,2e7617a888eebeb8cfc80114377edb523bf1cecf67c00ac871e75d46a0052cad,55,6,11,9.17,9.09,0.0,switches (1); guessing (1); uncertain (1); pots (1); teaches (1),,low-frequency,needs-editorial-review
s2200,3,Science,The Long Straw Bridge,edcb665c0b0a2201694ee1d453b70c8705d9977cbc281b44e21613ce3e0b60c5,54,5,14,10.8,7.41,0.0,straws (3); builds (1),,,automated-screen-clear
s2201,3,Famous books,The Country Mouse Goes Home,02df6b4175ed51588c8f06c5d447212bd41e45d5b09c17ca5dc889054f64e805,52,6,15,8.67,7.69,1.92,plentiful (1); interruption (1); frightens (1); feast (1),,very-low-frequency,needs-editorial-review
s2202,3,Famous books,The Jar with the Narrow Neck,323cbacd6df6bed952119a1a126cda805cb5da3f695a31c2d40e909e4572f610,53,6,11,8.83,7.55,1.89,crane (2); crane's (1); jar (1),,very-low-frequency,needs-editorial-review
s2203,3,Famous books,The Crowded Hand,d4f3733ae4119a6731935dd40bcd7c1f7c1861b02d594a2c1c0e4e5a0e83174b,58,6,16,9.67,3.45,0.0,jar (1); fist (1),,,automated-screen-clear
s2204,3,Famous books,The Star Watcher's Step,096f511de8bfb0c09b85f91223b4bddf3aad4b57c4832589472080bea361ed78,58,5,14,11.6,5.17,0.0,hears (1); helper (1); ignores (1),,,automated-screen-clear
s2205,3,Famous books,The Crab's Walking Lesson,5655713df5099aac05e66409379f5a9f91b86f17bd83e95832c13efc7a23475c,51,5,14,10.2,11.76,0.0,crab (4); sideways (2),,low-frequency,needs-editorial-review
s2206,3,Mystery and adventure,The Key in the Freezer,1750f4ed67189a0b1615313de26506055a5ae84f9434c02b2974874ad5ed98b4,50,6,13,8.33,12.0,0.0,peas (2); disappears (1); remembers (1); packet (1); freezer (1),,low-frequency,needs-editorial-review
s2207,3,Mystery and adventure,The Repeated Doorbell,192491206854e589f40ce3f6eaf482d29c411512723bdb8f5c5ce25ba874da35,49,6,14,8.17,4.08,0.0,doorbell (1); notices (1),,,automated-screen-clear
s2208,3,Mystery and adventure,The Light in the Empty Tent,8acb44f177309a8c6ff77a3735dde8faee030fe8d2939222ac8c9db6584fceb2,50,5,13,10,10.0,0.0,glow (1); torch (1); pillow (1); timer (1); bedtime (1),,low-frequency,needs-editorial-review
s2209,3,Mystery and adventure,The Mark on Every Envelope,c9523155397356c30fb6981b9de387f11f812a18ea0609b8eb9df01618358d0b,51,6,12,8.5,1.96,0.0,postal (1),,,automated-screen-clear
s2210,3,Mystery and adventure,The Path That Ends at a Fence,8bb9a17c3f5b4bc75028cdd417732adf2e38cd2ad5c95f060d17f4f93f66e305,53,6,13,8.83,1.89,0.0,reread (1),,,automated-screen-clear
s2211,3,Travel and culture,The Guide's Blank Minute,18f82c56acf15c42bff52d6576e9d476067efba6348c4e7bbf090d1fde9e60c3,49,5,14,9.8,2.04,0.0,bells (1),,,automated-screen-clear
s2212,3,Travel and culture,A Seat Facing Backward,90122b3840364c7bc46f78231b238723499b6f48cffd0926b4c1d9d55e0aaa43,51,5,12,10.2,5.88,0.0,backward (1); swap (1); prefers (1),,,automated-screen-clear
s2213,3,Travel and culture,The Guesthouse Shoe Shelf,045d5223f4e54e743beba16600f96ed197331ae39f1a98ced4d3478d2b55f4e6,52,5,17,10.4,7.69,1.92,guesthouse (1); slippers (1); building's (1); guesses (1),,very-low-frequency,needs-editorial-review
s2214,3,Travel and culture,A Photograph before Breakfast,f9f2b55f300cc3a01af11ea7d4f3094da041a151380b3e6b229bbc22b39085db,53,5,12,10.6,3.77,3.77,shopkeeper (1); guidebook (1),,very-low-frequency,needs-editorial-review
s2215,3,Travel and culture,The Festival Schedule in Pencil,ed1f80565a341b35e3b73bbb24c49509924ace9c337e959efa65747f7c1bb99a,51,6,10,8.5,5.88,1.96,pencil (1); indoors (1); noticeboard (1),,very-low-frequency,needs-editorial-review
s2216,3,People and biography,The Baker Who Started Late,4beb175e00f47ef5d58fbf8296128c3bbddd266140568f30ab4f0f49286e4dbc,51,5,13,10.2,9.8,1.96,fictional (1); marta (1); baking (1); enjoys (1); loaves (1),,low-frequency;very-low-frequency,needs-editorial-review
s2217,3,People and biography,Evan's Useful Questions,43d26168e6c562dcd618d476976a99d44970f39b3f6cb9e1798798d02bc7bcbe,53,6,12,8.83,9.43,1.89,evan (2); fictional (1); newcomers (1); guide's (1),,low-frequency;very-low-frequency,needs-editorial-review
s2218,3,People and biography,The Runner at the Back,445a9a67f488368686ce2072d0680a3e8ec0e13fd4a15f2cb6d46d81b7fdff95,50,5,14,10,12.0,0.0,sana (2); fictional (1); newer (1); realizes (1); embarrassment (1),,low-frequency,needs-editorial-review
s2219,3,People and biography,The Carpenter's Small Box,8ded74fb5401985b4f0f7f84c836485d318602e6b8cfe035beca79ffaecf4616,53,6,14,8.83,9.43,0.0,theo (2); fictional (1); lid (1); fixes (1),,low-frequency,needs-editorial-review
s2220,3,People and biography,The Translator's First Audience,c259de848140557f99fa0b913fef8a4a900972fc5c8ea5d24d277489c140ec1d,54,5,21,10.8,16.67,1.85,nadia (2); fictional (1); enjoys (1); aloud (1); stiff (1); rewrites (1); listener (1); teaches (1),,low-frequency;very-low-frequency,needs-editorial-review
s2221,4,Fantasy/stories,The Library of Unfinished Dreams,c2878046e45968a2be5f4b95d5067a96238e32384e924b7dd98847b2d90ea58d,60,6,13,10,6.67,1.67,lends (1); unfinished (1); elsie (1); borrows (1),,,automated-screen-clear
s2222,4,Fantasy/stories,The Giant's Teacup Garden,0705f44118624063e0ba0ecf2453bcf64c3fb4348abbc2d967fb59d3e569cd23,59,6,15,9.83,6.78,1.69,teacup (1); gardener (1); fills (1); misses (1),,,automated-screen-clear
s2223,4,Fantasy/stories,A Letter from Next Tuesday,763ac9bc368a0f8e08c9ebcd7c0c5923dabe8d61c1cf0e67a679e941a92465cc,55,6,13,9.17,1.82,0.0,spends (1),,,automated-screen-clear
s2224,4,Fantasy/stories,The Shadow with a Hobby,3d3780b73bff5948d6718cc1a130c7a8c256ce4f436b58dfaba2e0432d0697bc,56,6,12,9.33,5.36,0.0,shapes (1); annoyed (1); afterward (1),,,automated-screen-clear
s2225,4,Fantasy/stories,The Wizard's Ordinary Broom,9686213db6fc73653fed8f62c1ea96b9f3c6e25817f9052c3e8da8a0ebf71471,58,6,16,9.67,15.52,1.72,wizard (2); brooms (1); spells (1); spills (1); broom (1); clears (1); beautifully (1); stove (1),,low-frequency,needs-editorial-review
s2226,4,Nature and animals,The Unnamed Garden Visitor,5f8d5d58d29f9a457193ecf4e24d0143e640a070f8a2c2208b2a111665921b75,59,6,15,9.83,11.86,1.69,evenings (1); eva's (1); shapes (1); eva (1); notebook (1); clues (1); certainty (1),,low-frequency,needs-editorial-review
s2227,4,Nature and animals,The Same Tree in Four Drawings,5c61f42fc2a38599e73703a28cba0cc9abc199d587a954519b11e71cf7dcdf3b,57,6,12,9.5,1.75,0.0,guesses (1),,,automated-screen-clear
s2228,4,Nature and animals,The Dog Walk Diary,207c51c33a3f36af9b792ec9bc018f08a9ac6405992697ed8fa9f768b0ae69fe,58,5,15,11.6,3.45,0.0,fictional (1); expects (1),,,automated-screen-clear
s2229,4,Nature and animals,The Feather That Stayed Outside,256be77b050a18a2e6d9c9b8227ac1196cf70707ce840c1090aef30383fb0a83,56,5,14,11.2,7.14,0.0,feather (1); ruler (1); learns (1); unanswered (1),,,automated-screen-clear
s2230,4,Nature and animals,The Pond through Two Lenses,f8555995c5709c8b2223f6ecf20cad3d6f3aea6e268cb8bad84d38a7d6f22760,56,6,16,9.33,5.36,0.0,pond (1); chooses (1); preserves (1),,,automated-screen-clear
s2231,4,World affairs,The Empty Suggestion Form,9ffae713e5776300ed8faaf35fe8722cbf1d659a886395c8419afffd17e9764e,55,5,14,11,9.09,0.0,organizers (2); fictional (1); replies (1); disliked (1),,,automated-screen-clear
s2232,4,World affairs,A Bench in the Right Place,e1d46c498be5a974731669478298381fe53bf0a619d709f1bbff78ab005b66dc,60,6,18,10,0.0,0.0,,,,automated-screen-clear
s2233,4,World affairs,The Tool Library's Waiting List,7bfa0c16da4275c1d456f90e86789a1d8d30ea09ee1a231aad96cf6c0b7967fb,55,6,14,9.17,7.27,1.82,fictional (1); unavailable (1); borrowers (1); shortens (1),,,automated-screen-clear
s2234,4,World affairs,The Community Kitchen Labels,a76298c862d59e4558f5d5fcba71730b9d31ae5fb170d5fc5b54c2086caeb135,55,5,17,11,5.45,1.82,fictional (1); unlabeled (1); containers (1),,,automated-screen-clear
s2235,4,World affairs,A Budget for Both Teams,b48e9ed5f3ae716a21e247c459ee5d5bf251917ffdfffe38008188864d3526db,56,5,15,11.2,3.57,0.0,fictional (1); examines (1),,,automated-screen-clear
s2236,4,Everyday life,The List on the Fridge Door,efa00378784b11a27382318efc79de4a570662e4cc16f8b14fac43676b82a296,61,6,15,10.17,1.64,0.0,finishes (1),,,automated-screen-clear
s2237,4,Everyday life,The Jacket with the Loose Button,640fbe8eddf940522e50e72062defad21a84ac42258f4a463dd1211a47d5f74b,56,5,15,11.2,1.79,0.0,cupboard (1),,,automated-screen-clear
s2238,4,Everyday life,The Sunday Phone Call,857f7135a654a754dd927915dfee0d3b8418f703866d4a0956791dc3f50f3088,55,6,12,9.17,0.0,0.0,,,,automated-screen-clear
s2239,4,Everyday life,The Spare Room Table,4e0aea1c72beeab117f2e0e977ae49d9442ba40d387692a6a8888b57a061e85e,54,5,14,10.8,5.56,0.0,charger (1); notebook (1); arranging (1),,,automated-screen-clear
s2240,4,Everyday life,The Birthday Cake Detour,c2f183f1ed1e1bfa4bc4c3db4803a09d53a26de1c7db5bb4cb40d1de5d054a86,56,5,16,11.2,5.36,0.0,bakery (1); chooses (1); inconvenient (1),,,automated-screen-clear
s2241,4,History,The Mapmaker's Erased Road,d17b7a58d53aa3204088547a230a104d92820b8afa7e19a008dfd12de3791d29,58,6,12,9.67,10.34,3.45,mapmaker's (2); fictional (1); traveler (1); apprentice (1); erase (1),,very-low-frequency,needs-editorial-review
s2242,4,History,The Potter's Customer Sample,2dad9f53b827bc70aedf7c32017b7c1eb15b78acdc4b1673a39c289f546736a7,58,6,12,9.67,5.17,0.0,fictional (1); bowls (1); copied (1),,,automated-screen-clear
s2243,4,History,The Lantern at the Stable,742d3c05a7dbe5cf50245935ccd319537b41c70d340ce4aed42c2c52e39fd4c9,56,6,14,9.33,12.5,1.79,fictional (1); stall (1); lantern (1); borrows (1); rushing (1); discovers (1); closes (1),,low-frequency,needs-editorial-review
s2244,4,History,The Bookbinder's Extra Page,f0951abb2278272bdd623b4139e3abc39a7ce3a2eab7457da126b4b659ccc82e,56,6,13,9.33,10.71,1.79,apprentice (2); fictional (1); bookbinding (1); binder (1); viewpoint (1),,,automated-screen-clear
s2245,4,History,The Tailor's Chalk Line,3fb93bfc7aaeecabcb0beb0d4e0203165de8addeb6b3ed347b21b20ce6b0ce5d,56,6,14,9.33,8.93,0.0,tailor (2); fictional (1); chalk (1); tightly (1),,,automated-screen-clear
s2246,4,Science,A Scale That Needs Checking,4906fd924ef7f97dc6d617e27c3c06f30c0c63701f8bbe07f56cf417eb41bb85,53,7,13,7.57,7.55,0.0,scales (2); weigh (1); adjusting (1),,,automated-screen-clear
s2247,4,Science,The Bridge and the Uneven Table,e970dfb2f1c8e8d24964c5a9db56ed342ff3d7d40a73df4e20ccd8d6dda7fb1b,55,6,11,9.17,9.09,0.0,collapses (1); builder (1); notices (1); notebook (1); repeats (1),,,automated-screen-clear
s2248,4,Science,The Mystery of the Heavy Sponge,e9cec6977827947706dfe7fba6fde978acc5730595a52280595d2643cb3886c6,56,6,15,9.33,14.29,0.0,sponge (2); weighs (1); heavier (1); classmate (1); dripping (1); tray (1); weighing (1),,low-frequency,needs-editorial-review
s2249,4,Science,The Timer and the Open Door,2fdde1f113ba367b971eb0892d44bb996ce1be6cad1a9ee8a3e8e6bceb2881ab,55,5,17,11,1.82,0.0,melt (1),,,automated-screen-clear
s2250,4,Science,A Graph with a Missing Day,994d107fd2905435b507c952dd1ac7a51976cdb78cb240cca36c206f16a2d5f7,55,6,16,9.17,5.45,0.0,forgets (1); wednesday's (1); inventing (1),,,automated-screen-clear
s2251,4,Famous books,The Tree That Would Not Bend,e96e3efa1a8c5747dc2dc8907ce49a8147c9aba206917120e437bf5d94d74e80,59,6,16,9.83,10.17,1.69,reeds (3); resists (1); fable (1); rigidly (1),,,automated-screen-clear
s2252,4,Famous books,Footprints Facing Only Inward,66be2b3acfc05c89a9b665467c26172440d5fb9ac27c2e4231010958a9bb1901,60,6,16,10,5.0,0.0,invites (1); footprints (1); lion's (1),,,automated-screen-clear
s2253,4,Famous books,The Boy's Unanswered Shout,0a8748c5d73bd95c9f2f998805ba7d29d486c25fba91dc781a570903feca745f,58,6,12,9.67,5.17,0.0,shepherd (1); pretends (1); shouts (1),,,automated-screen-clear
s2254,4,Famous books,A Meal for Winter,24a7bddba01e6fe530ba21305c6e1aa02bedd8bd595e5b06c3c31b0e79590555,57,5,22,11.4,14.04,0.0,grasshopper (2); ants (2); warmer (1); fable (1); contrasts (1); neat (1),,low-frequency,needs-editorial-review
s2255,4,Famous books,The Dish No One Could Reach,1878f49a8c31a13144b45a54c1eb58eaddd993362de2bbcdce9585e7504af684,58,4,18,14.5,13.79,3.45,hay (2); rests (1); growls (1); unfairness (1); fable (1); memorable (1); oneself (1),,low-frequency;very-low-frequency,needs-editorial-review
s2256,4,Mystery and adventure,The Photograph with the Wrong Time,9c1ce9ebcff53c1bc6ed1b14c3ceb42c95d22ff3eb9581f9075d5242d8693b78,56,6,15,9.33,7.14,0.0,insists (1); revisit (1); accurately (1); misunderstood (1),,,automated-screen-clear
s2257,4,Mystery and adventure,The Parcel That Came Back,91a99b4359c096ec9968076782edeb2c31b588e0d5dc2b15c95dbff07171b458,55,6,12,9.17,10.91,0.0,digit (2); parcel (1); digits (1); reversed (1); backward (1),,,automated-screen-clear
s2258,4,Mystery and adventure,The Rattle in the Bicycle Basket,15631f4243e5ec1a29949608ad65311e92f14fa2301f2793a4f7e511710b9f23,56,6,13,9.33,10.71,0.0,bicycle (2); rattle (1); bump (1); removes (1); disappears (1),,,automated-screen-clear
s2259,4,Mystery and adventure,The Light That Moved Upstairs,d4f984ddfc22cf30c0b6351b881b3b6003555f4bfb9be8b1817618129984ce15,53,6,16,8.83,5.66,0.0,upstairs (1); disappears (1); depended (1),,,automated-screen-clear
s2260,4,Mystery and adventure,The Unopened Birthday Letter,4e92bd93511e7d5bc45a04c1c99dbd501e2a3d214200d5599b838c588eae241a,57,6,14,9.5,5.26,1.75,envelope (1); unfinished (1); postbox (1),,,automated-screen-clear
s2261,4,Travel and culture,The Walking Tour I Left Early,077866bc3abb5f4f8cddf88430d906914d275fbdbe90744887ab1181be62d81e,55,5,13,11,1.82,0.0,resting (1),,,automated-screen-clear
s2262,4,Travel and culture,The Host's Favorite Breakfast,754b5e31289e56421c625cc9ae094ed3412f8db9130d451ce16476f963cccb83,56,5,16,11.2,3.57,1.79,guesthouse (1); enjoys (1),,,automated-screen-clear
s2263,4,Travel and culture,An Audio Guide at My Own Speed,a1f032308a2aa932e0221a89d3a9dc34b14fb79b885266c55ec88d034dc593ce,57,5,16,11.4,0.0,0.0,,,,automated-screen-clear
s2264,4,Travel and culture,The Window Seat Negotiation,796594bafcb80db6abeaf670ab5e73693c5d92b850ab87b6225b576ac46df759,58,6,14,9.67,1.72,0.0,swap (1),,,automated-screen-clear
s2265,4,Travel and culture,A Souvenir with a Story Attached,5441bb9fadc67ef129b44f5a0c33f926eb4f25830c42f73bd04ea193a90241b6,57,5,15,11.4,3.51,1.75,workshop's (1); wrapping (1),,,automated-screen-clear
s2266,4,People and biography,The Mechanic's Listening Habit,a3ed97c57af734c4ac37a5bb7401c3622d25d4dc869fba10da19d4ebbe414e4c,53,6,13,8.83,9.43,0.0,fictional (1); bicycle (1); mechanic (1); bicycles (1); adjustment (1),,,automated-screen-clear
s2267,4,People and biography,The Librarian's First Display,80a67c55cf631ac7de9a0c99c8e7fa99db3710428de90cc68e242e9c4c7db9f8,59,5,16,11.8,11.86,1.69,fictional (1); librarian (1); admires (1); borrowing (1); mattered (1); learns (1); showcase (1),,low-frequency,needs-editorial-review
s2268,4,People and biography,The Swimmer's Small Notebook,e9450f5f1449de667a33616e767ef7d8b2a2a9a341ccdedc44c15bf6bfb3b43d,58,5,14,11.6,8.62,0.0,fictional (1); farah (1); learns (1); calmly (1); notices (1),,,automated-screen-clear
s2269,4,People and biography,The Cook Who Asked for Silence,9d0465946f6941a595d9f32c4bed890e8565a8e1e2afcb345517d2594c1c0bb3,56,6,12,9.33,5.36,0.0,fictional (1); introduces (1); lively (1),,,automated-screen-clear
s2270,4,People and biography,The Photographer's Rejected Picture,afe98d33b806f250e71bfce29bc05fee1e0ec44627c17e37b2acd7cc5247197f,57,6,15,9.5,15.79,0.0,emi (3); fictional (1); rejects (1); unfamiliar (1); quieter (1); learns (1); satisfy (1),,low-frequency,needs-editorial-review
s2271,5,Fantasy/stories,The Town That Borrowed Dawn,595b1695255002ccedee466025b6768dddaca3dd2e0bb767aaabf05ef4c4d453,62,6,15,10.33,9.68,3.23,borrows (1); bakers (1); rehearse (1); neighboring (1); wakes (1); lending (1),,very-low-frequency,needs-editorial-review
s2272,5,Fantasy/stories,The Mirror's New Question,7bd11adc3908eb1d1fe317af77b52de62a4a7294b3e739ef9c304638087f3a51,60,6,12,10,3.33,0.0,forgets (1); inspect (1),,,automated-screen-clear
s2273,5,Fantasy/stories,A Dragon at the Lost Property Desk,fc4590ece4c4e406d17b15229a9a209125d2004650ea4bca30f4239d3847dba7,59,5,18,11.8,13.56,1.69,station's (1); travelers (1); roars (1); glove (1); gardener (1); scarf (1); dancer (1); dragon's (1),,low-frequency,needs-editorial-review
s2274,5,Fantasy/stories,The Spell with a Spare Word,2efaac5d61a393e6956543b8988760d1c08c9fabc4beabea2902829a8f71bba3,62,5,15,12.4,9.68,0.0,discovers (1); disappearing (1); collects (1); jars (1); learns (1); notebook (1),,,automated-screen-clear
s2275,5,Fantasy/stories,The Island That Needed Company,1348450579021119b222491601b0534e9e1b709f1aafa62e6e8d8470f988ce46,59,7,13,8.43,8.47,3.39,drifts (1); disagreement (1); frightens (1); shouting (1); calmly (1),,very-low-frequency,needs-editorial-review
s2276,5,Nature and animals,The Garden Camera's Empty Hours,8b93383bbd532f8afa94a34e0d49921e02f27c7d557037870318bac6cb0bc740,55,6,13,9.17,5.45,0.0,fictional (1); observer (1); discovers (1),,,automated-screen-clear
s2277,5,Nature and animals,The Wildflower Drawing Circle,ed10f7c81565a89e39f94697502112e5721164e552e0baea820e5f955c5b1b0c,59,5,16,11.8,5.08,1.69,cleaner (1); tidy (1); sketchbooks (1),,,automated-screen-clear
s2278,5,Nature and animals,The Bird with the Unclear Mark,688adbbdf9209d14812799bd42280d0cd8870292ebfa22c51cce3da8d4a12db8,59,5,16,11.8,6.78,1.69,birdwatcher (1); sunlight (1); correcting (1); outing (1),,,automated-screen-clear
s2279,5,Nature and animals,A Path around the Fallen Tree,d6d8e7f028378b0f224aaf88cf5b153370233c8243e5d359a55ef04a14c3a1a7,57,5,16,11.4,3.51,1.75,fictional (1); undisturbed (1),,,automated-screen-clear
s2280,5,Nature and animals,The Walk without a Species List,620ad05324442763ecff32846bfbf9e7249ef3180ad8d47fa4179f9ca5e04fef,54,5,18,10.8,12.96,0.0,noticing (1); shapes (1); naming (1); overlook (1); afterward (1); delaying (1); beginners (1),,,automated-screen-clear
s2281,5,World affairs,The Survey at the Wrong Hour,18058e78382d792a5049f9ffb47aafb0e2fa33ad0cdffe33e64c6272b279ccc1,58,6,15,9.67,17.24,0.0,fictional (1); weekday (1); mornings (1); respondents (1); seating (1); planners (1); preferences (1); emerge (1); dishonest (1); limitation (1),,low-frequency,needs-editorial-review
s2282,5,World affairs,The Shared Freezer Schedule,397a073962675ee011dccd22a2e0e19115b2fa97b4dc08f07d7c1e6d50b28882,58,5,16,11.6,13.79,0.0,fictional (1); freezer (1); labeled (1); shelves (1); booking (1); unexpectedly (1); banning (1); exceptions (1),,low-frequency,needs-editorial-review
s2283,5,World affairs,The Street Name Debate,0727fd9c47431b158f74178701a8a318dae9489bdfbb8f8890167ee7b08810bb,59,5,18,11.8,8.47,3.39,fictional (1); renaming (1); gathers (1); clarifies (1); inconvenience (1),,very-low-frequency,needs-editorial-review
s2284,5,World affairs,A Grant for Maintenance,5db40786c4503ee2de615a7a103b4821d0fabe0b9365e751108eb61419e9a43a,60,5,17,12,5.0,0.0,propose (1); mural (1); upkeep (1),,,automated-screen-clear
s2285,5,World affairs,The Public Notice Test,83ed7cb75f556eda03ae902da0babfefb4fdc1739a1a76d9348d3ef00cc46024,56,5,14,11.2,7.14,0.0,fictional (1); rewrite (1); scattered (1); rearrange (1),,,automated-screen-clear
s2286,5,Everyday life,The Drawer I Did Not Empty,fa2cda15cb1ac10a1536b4f2d8db0af1fa629afa5b965be308c77b554df58a9a,59,5,14,11.8,6.78,0.0,drawer (3); neatly (1),,,automated-screen-clear
s2287,5,Everyday life,An Invitation with an Easy No,17e7e2d6cf9ea1c04d8cb89035fa00593634d90b2c2e42b0bf0bb12325965366,58,5,17,11.6,6.9,0.0,declines (1); invitations (1); weaken (1); eventual (1),,,automated-screen-clear
s2288,5,Everyday life,The Shared Calendar Surprise,32e339ac2d9a6f0aff7155a01e0ed408625fed0967ee4eeb645d448dc03c0f5f,53,6,14,8.83,5.66,0.0,appointments (1); evenings (1); visibility (1),,,automated-screen-clear
s2289,5,Everyday life,The Repair That Changed the Sound,67ee48c555ba39724cf1acb1eebdba53f902d53b85fb904c0f18b1b6990a7d0c,54,5,16,10.8,7.41,3.7,crackle (2); technician (1); oddly (1),,very-low-frequency,needs-editorial-review
s2290,5,Everyday life,The Meal We Ate in Courses,0d7daca227ea923e14c8abf6decc73deb24683cbdc4593984fd66580e6e3088c,57,5,20,11.4,5.26,1.75,misjudge (1); fills (1); unpleasant (1),,,automated-screen-clear
s2291,5,History,The Shop Ledger's Quiet Margin,88707751eb896325e181857ce990a713ad39fb91a76901aa7095f2299b71cce7,58,5,17,11.6,15.52,1.72,ledger (2); fictional (1); notices (1); totals (1); preserves (1); removes (1); complications (1); shop's (1),,low-frequency,needs-editorial-review
s2292,5,History,The Apprentice's Practice Window,2bb347c70c5dcb77fc6dd8d7d824fbef5b0f035389fec780dedc0070419c4ac6,56,6,12,9.33,7.14,0.0,apprentice (2); fictional (1); risking (1),,,automated-screen-clear
s2293,5,History,The Traveler's Two Accounts,75aa019fe625e2156e059de3f9423557939a96b9983ced2ac42e35c5aad3678e,57,7,10,8.14,14.04,3.51,innkeeper (2); fictional (1); hears (1); travelers (1); exhausting (1); cart (1); disagreement (1),,low-frequency;very-low-frequency,needs-editorial-review
s2294,5,History,The Bell Ringer's Replacement,d8e067d4f23fb5b542870e73ffebf23f1c08d4655055768c166b1f7bd26f8358,60,6,12,10,5.0,0.0,fictional (1); ringer (1); pauses (1),,,automated-screen-clear
s2295,5,History,The Cloth Seller's Unequal Samples,9ab46f2b067f8e21ce1572aa09ecb473b56e04be4caba81b74928c85662f1d19,58,6,15,9.67,3.45,0.0,fictional (1); notices (1),,,automated-screen-clear
s2296,5,Science,The Experiment with Two Changes,cc4cf125a2669019be0dded0ceb9ca2555b85b56d6eab2052d31e1826e7bc1ec,59,5,17,11.8,5.08,0.0,heavier (1); farther (1); clearer (1),,,automated-screen-clear
s2297,5,Science,The Average That Hid a Delay,c2a83afec38124858fc2e9948886563a39d49a8ea75bacf2c6f1f7f1fe8c2e77,57,6,12,9.5,3.51,0.0,deliveries (1); hides (1),,,automated-screen-clear
s2298,5,Science,The Thermometer's Different Places,5292cb5e5b2dbb08a874ab5e8aac2ec028ab3770128fe5f5aba30ed753a1c2b1,58,5,15,11.6,6.9,1.72,thermometers (1); shaded (1); swap (1); readings (1),,,automated-screen-clear
s2299,5,Science,The Filter That Looked Clean,4cf6d2f13fcb40b1f644cf0fb671eed94a9a560626101faabe4fbe51f59ad6ff,56,5,15,11.2,5.36,0.0,muddy (1); clearer (1); misleading (1),,,automated-screen-clear
s2300,5,Science,The Search for a Fair Test Surface,324cbe5d3aef7c10395b501cadb3ff00368a05b276e9c23a6fa7f2fa980f2364,55,5,21,11,7.27,1.82,marbles (1); tilted (1); marble (1); setups (1),,,automated-screen-clear
s2301,5,Famous books,The Treasure beneath the Field,4d8108657ea2f1f7be8de8559cb1918d06a3816d2b670f42b095abed08123e60,60,5,14,12,5.0,1.67,loosens (1); invites (1); reconsider (1),,,automated-screen-clear
s2302,5,Famous books,The Two Pots in the River,11eb0b781c6ed135ffc3cf9b22a5ebb6bebecb14e7534ea5987c2092b0c16397,59,5,18,11.8,11.86,3.39,earthen (2); float (1); accidental (1); strengths (1); fragile (1); overlooks (1),,very-low-frequency,needs-editorial-review
s2303,5,Famous books,The Tail-Less Fashion Advice,550e76ad6f06211091715b3d8d4ed01ad8a3c9b5c6bfce35b1aca22a9277d34f,59,5,17,11.8,8.47,0.0,foxes (1); tails (1); motive (1); usefulness (1); promotes (1),,,automated-screen-clear
s2304,5,Famous books,The Cup of Milk and the Future,b57683552adcf1921c33edb1128782fd04fbcec6fa0e1cd28d2188ad24b529b3,59,5,16,11.8,8.47,0.0,imagines (1); spills (1); fable (1); warns (1); possessions (1),,,automated-screen-clear
s2305,5,Famous books,The Wall Built from One Trade,9dc385ea87152343615c221840a350d1234269fe79afc1e9b5720dd2c0301909,59,5,17,11.8,10.17,1.69,tradesmen (1); defenses (1); recommends (1); sincerely (1); listeners (1); mistaking (1),,,automated-screen-clear
s2306,5,Mystery and adventure,The Message Sent Tomorrow,4d0d79b1da4725e6ca6bc110156512e16c591f6a5a943d1326a6331b21aff2c3,60,5,16,12,3.33,1.67,sender's (1); disappears (1),,,automated-screen-clear
s2307,5,Mystery and adventure,The Painting That Changed Color,218dbb6bc56696399e10318eccc9008423261a34744c76c5c6a06b72e60c04f8,59,5,21,11.8,0.0,0.0,,,,automated-screen-clear
s2308,5,Mystery and adventure,The Silent Alarm Clock,720d58bac0cf89c0842de0bbb2ab76e8cb2e9c339cece4e8e241a83662550e5c,55,6,12,9.17,1.82,0.0,notices (1),,,automated-screen-clear
s2309,5,Mystery and adventure,The Library Book's Hidden Journey,8ec8474af6cf34587ea4821f137023f1bb4ef2c62d67e484a68c62b09f99c25f,59,5,14,11.8,8.47,0.0,receipt (2); noticing (1); librarian (1); explanations (1),,,automated-screen-clear
s2310,5,Mystery and adventure,The Room Number on the Key,04c5822581047de0d116cd834e9478ce38efa8ec04e0ce12eff5d4110121c30f,55,5,16,11,5.45,1.82,guesthouse (1); booking (1); identifies (1),,,automated-screen-clear
s2311,5,Travel and culture,The Museum Bench Visit,0ba9cd13540a1dc93f3843d593f0b3fc5a8b65314c728e109bbfc61c2f11aec8,59,5,19,11.8,1.69,0.0,emerge (1),,,automated-screen-clear
s2312,5,Travel and culture,The Festival Volunteer Who Did Not Know,93ab9834dd7358bba07cbf488777b596041c717c35a1ab80e150de0b6b428b56,56,5,16,11.2,5.36,1.79,performance's (1); performers (1); richer (1),,,automated-screen-clear
s2313,5,Travel and culture,The Phrasebook's Too-Formal Greeting,716f11e3ad0665ee19a9f49c9ee9513109da134663007212962c46f498f80ba8,53,5,13,10.6,13.21,1.89,greeting (1); phrasebook (1); smiles (1); teaches (1); understandable (1); unusually (1); expressions (1),,low-frequency,needs-editorial-review
s2314,5,Travel and culture,A View Reserved for Rain,186afb80d281f6889f0e0cef1798e740f05c6229449d19bfe4283ea86a63ae5c,57,5,16,11.4,12.28,0.0,viewpoint (1); recommends (1); sheltered (1); riverside (1); reflections (1); umbrellas (1); memorable (1),,,automated-screen-clear
s2315,5,Travel and culture,The Shared Table Conversation,a4d3c01e39b8467d87e06e5d33c923e2b505c07390c5370f5c733add7191ac3d,62,5,17,12.4,1.61,0.0,crowded (1),,,automated-screen-clear
s2316,5,People and biography,The Designer's Uncomfortable Chair,6752a90813e9d208fc2cf889038a04f20c2af382d3e7736cd67859b98da9f2dc,56,6,14,9.33,14.29,0.0,luis (2); fictional (1); beautifully (1); invites (1); shifting (1); compliments (1); prefers (1),,low-frequency,needs-editorial-review
s2317,5,People and biography,The Editor Who Read Aloud,2b2e4afe509bee63e29ff511066109d3fbd20c31e7345340d5e351e5806634c8,60,5,16,12,13.33,0.0,fictional (1); paragraphs (1); aloud (1); foolish (1); notices (1); concealed (1); rewrite (1); conversational (1),,low-frequency,needs-editorial-review
s2318,5,People and biography,The Teacher's Unfinished Example,cbc425bf7fde03b887a6c6aad28d10517069a1aa8c7555a78b02062e1bc552ad,53,5,18,10.6,9.43,0.0,fictional (1); polished (1); unfinished (1); corrections (1); uncertain (1),,,automated-screen-clear
s2319,5,People and biography,The Shopkeeper's Shorter Opening Hours,0d0844704057f18b442238c9d9e66594a43ca2f9ce1e739e9fc653c33cf75803,59,5,17,11.8,8.47,1.69,fictional (1); reviewing (1); closes (1); shop's (1); owner's (1),,,automated-screen-clear
s2320,5,People and biography,The Pianist's Listening Week,1ea4f6814500b3668b2fad1180a00ef2696b19988f578b4b50c6c980f1ff0238,63,5,18,12.6,15.87,1.59,arun (1); fictional (1); pianist (1); strained (1); repeating (1); passages (1); noticing (1); recordings (1); rushes (1); endured (1),,low-frequency,needs-editorial-review
s2321,6,Fantasy/stories,The Weather in the Wardrobe,937a3d1b26a4073b5457dfaafae65505b268d60b03f67b15580e5c7ae4696854,56,5,15,11.2,10.71,0.0,wardrobe (2); predictions (1); notebook (1); chooses (1); warnings (1),,,automated-screen-clear
s2322,6,Fantasy/stories,The Mountain's Quiet Request,a28b86f7022c77bbec359934114663b1821f89f5a8eb795279dc8fc7b25f7ec3,64,5,22,12.8,7.81,0.0,villagers (1); drums (1); shouted (1); louder (1); disappearance (1),,,automated-screen-clear
s2323,6,Fantasy/stories,The Map That Followed Wishes,c8df4abbd0ed997acdbc9640c128c055585558839e32eca1fb61ec696abb5b5a,63,5,20,12.6,14.29,1.59,redraws (1); owner's (1); tomas (1); longs (1); bends (1); enjoys (1); aloud (1); journeys (1); distinguish (1),,,automated-screen-clear
s2324,6,Fantasy/stories,The Borrowed Voice Returns,fa4655808dd727beeb5d04d6b1f81c6905b015c9c683e3fb29b9928f1855b6ed,59,5,16,11.8,10.17,1.69,wizard (1); borrows (1); listens (1); recognizes (1); afterward (1); borrowed (1),,,automated-screen-clear
s2325,6,Fantasy/stories,The Last Page of the Spellbook,b7d814fe440afc368e5ab270443db8ea8801a11c0814980110b361a5f251ab1a,61,6,13,10.17,3.28,1.64,spellbook's (1); prepares (1),,,automated-screen-clear
s2326,6,Nature and animals,The Camera beyond the Usual Path,b1dd248adf63740bb9cdb6439394cd78a1d22ea27031fe97a252a7bcddcc042d,58,5,21,11.6,8.62,1.72,fictional (1); quieter (1); recordings (1); garden's (1); recognizing (1),,,automated-screen-clear
s2327,6,Nature and animals,The Garden's Untidy Border,069c2423fdf17355a239e977353df8eb8b5f04de7278fc658f2f47416db8a5e7,62,5,21,12.4,8.06,1.61,fictional (1); disagrees (1); untidy (1); descriptions (1); gardening (1),,,automated-screen-clear
s2328,6,Nature and animals,The Sound No One Could Name,6f37883bf1ba5fde4d236e783197eb77cd412b7b7bf21af0f8ef70e77205152e,59,6,13,9.83,13.56,0.0,hears (1); unfamiliar (1); guesses (1); compares (1); recordings (1); outing (1); accurately (1); doubtful (1),,,automated-screen-clear
s2329,6,Nature and animals,The Familiar Tree from Below,5f649986ccef282ab67dfbbcd50ac25117105fc2e9a66d30a137f4653be8e07a,58,5,17,11.6,5.17,0.0,overlap (1); hides (1); repetition (1),,,automated-screen-clear
s2330,6,Nature and animals,The Beach Collection Left Behind,bedf1e7f159c5e096eba403c393e83b87eb20b2c3bc20a5c812d5a1844d0c193,61,4,18,15.25,4.92,1.64,shells (2); arranges (1),,,automated-screen-clear
s2331,6,World affairs,The Free Service with a Long Queue,2d0e89f0c1979d08344a1673cb169e725a3b06ebe29c69efc8392519c3a4ca11,58,5,16,11.6,6.9,0.0,fictional (1); attracts (1); organizers (1); appointments (1),,,automated-screen-clear
s2332,6,World affairs,The Park Rule with an Exception,7b0415f1bd2f0e80d1809f0efd61a415f7a54f3694d78dfd7fd11ad13ecc6652,58,5,16,11.6,10.34,0.0,fictional (1); exclude (1); revise (1); wording (1); repeating (1); misunderstanding (1),,,automated-screen-clear
s2333,6,World affairs,The Translation at the Meeting,87987106e710074c4ec2a453603a70f312f4d7ac01d95a1e20aff4102cf0b614,59,5,21,11.8,8.47,0.0,organizers (2); fictional (1); translations (1); postpone (1),,,automated-screen-clear
s2334,6,World affairs,A Pilot Project without a Promise,7e11e5801d362d7409d09d0c6cb73c77c3d21de44fc1fc85b6b1f02851cfe96e,59,5,15,11.8,5.08,0.0,fictional (1); disagreement (1); clarify (1),,,automated-screen-clear
s2335,6,World affairs,The Community Room's Invisible Work,3ea6391485450a080d3088b2aadf88ea31fcbda7898ca0f660388934b22b34f9,54,5,15,10.8,9.26,0.0,fictional (1); inexpensive (1); unavailable (1); realistically (1); sustain (1),,,automated-screen-clear
s2336,6,Everyday life,The Helpful Reminder That Was Not Helpful,9f471d291c61c5f5d1e16f792c1a7a2ed57f8e17e18011954991cd4f7cd3837e,57,5,15,11.4,7.02,0.0,reminders (1); interruptions (1); friction (1); decreases (1),,,automated-screen-clear
s2337,6,Everyday life,The Old Table's New Marks,ccd7fcc320c5d0fa648fad577267aa32086c945c73fbf71a6af5b127e1738bf0,57,5,14,11.4,5.26,1.75,refinishing (1); coasters (1); enjoys (1),,,automated-screen-clear
s2338,6,Everyday life,A Weekend with One Fixed Plan,2c4fdb74bb1a823e470bf1bde371dcc863e3cf9951186e05a3835cee61655330,60,5,17,12,1.67,0.0,unused (1),,,automated-screen-clear
s2339,6,Everyday life,The Email I Read in a Hurry,24ca9c75fb59dc538618766955d5e687b3aa40d31a279b9cf35701aba2f45a17,57,5,16,11.4,5.26,0.0,colleague (1); unfriendly (1); insult (1),,,automated-screen-clear
s2340,6,Everyday life,The Suitcase I Packed Twice,1bb130a3e1c08a0649ddaca08e4197141cf73dcbf47dcaaf7e674716f7da5167,60,5,17,12,1.67,1.67,subtraction (1),,,automated-screen-clear
s2341,6,History,The Archivist's Uncertain Date,199ea7ca03f1ac7fc1804a4f9077d4c6e116642dbb0f216beaec08487d1b828d,59,6,12,9.83,10.17,0.0,fictional (1); archive (1); digits (1); resolves (1); incomplete (1); preserves (1),,,automated-screen-clear
s2342,6,History,The Mill's Written Routine,dfaae370bec43f20401a69bedf16a44878359fd1eecc373f36c7b32201ca005c,61,5,17,12.2,6.56,0.0,fictional (1); interpret (1); fuller (1); performs (1),,,automated-screen-clear
s2343,6,History,The Portrait's Unusual Background,e28348a0532264b2e354af1768ff93180c6d77f6c85c277794b98578c46546bb,61,6,13,10.17,9.84,3.28,fictional (1); painter's (1); painter (1); hesitates (1); thoughtful (1); simpler (1),,very-low-frequency,needs-editorial-review
s2344,6,History,The Merchant's Delayed News,cf7c43e5ff58d75c30be37b8775f11b4bd757205d7257443bac3e108ede43f6c,60,5,20,12,1.67,0.0,fictional (1),,,automated-screen-clear
s2345,6,History,The Workshop's Shared Measure,f94fb4f48c6fb37b802f32c0aaebd293b2f9e54ad5a97fe8b954b0ee00cdabc4,57,5,15,11.4,5.26,0.0,fictional (1); compatible (1); benches (1),,,automated-screen-clear
s2346,6,Science,The Result That Would Not Repeat,454c6ae508dccb8d58dd843fbedc04ad2f2b4f9c50b1f5040b43f1ba0f7aa3f2,53,5,16,10.6,7.55,0.0,farther (1); creators (1); repetition (1); prevents (1),,,automated-screen-clear
s2347,6,Science,The Sensor beside the Heater,41dde4962d57ec5cf496faf50ee5acbe7b7ea5abea0b2e89b444cae3ed063539,57,5,14,11.4,10.53,0.0,readings (2); sensor (1); heater (1); descriptions (1); overlooked (1),,,automated-screen-clear
s2348,6,Science,The Hidden Empty Container,7d8cd697a98696f8da3e71cb6ecb880b12a4112fd7e0a17d033feefc3057ca3d,51,5,19,10.2,11.76,3.92,heavier (2); weighs (1); containers (1); subtracting (1); container's (1),,very-low-frequency,needs-editorial-review
s2349,6,Science,A Model with an Open Edge,7c47fdcfcacc469fe5e5b25814560488a9ebcf8d8fb77e5021c15111ce7d45a5,61,4,23,15.25,4.92,1.64,escapes (1); tray's (1); prediction (1),,,automated-screen-clear
s2350,6,Science,The Software Counter's Extra Click,b7eb41f372a1bca6d98a44ff8546a60cff45043e75ab2ec9947e3e512d9766bf,58,5,16,11.6,6.9,0.0,presses (2); deliberate (1); examines (1),,,automated-screen-clear
s2351,6,Famous books,The Gold That Was Never Used,385e3ca530d6297df7db12bdf9a0099c57ea5872215ce369a8676ecf8221e806,61,5,21,12.2,11.48,4.92,miser (2); hides (1); grieves (1); observes (1); remark (1); separating (1),,very-low-frequency,needs-editorial-review
s2352,6,Famous books,The Goat's Missing Exit,36a1811177b37e370fdba051e62eb10189c47a732079b08f09a3d54061350a97,59,5,20,11.8,13.56,3.39,praises (1); jumps (1); climbs (1); goat's (1); fable's (1); dishonest (1); persuasion (1); evaluating (1),,very-low-frequency,needs-editorial-review
s2353,6,Famous books,The Cat with One Escape,9eb98c8d269a4994f1de80e18a6d83a57650785d667f8a015830069f039b0857,59,6,12,9.83,13.56,3.39,boasts (1); escaping (1); hunters (1); climbs (1); hesitates (1); contrasts (1); practiced (1); untested (1),,very-low-frequency,needs-editorial-review
s2354,6,Famous books,The Sculpture's Other Maker,2a5fd9b082a8ca161671d57dfc78d71e194a6bd65d9d257f8aa635714b34995b,56,5,13,11.2,8.93,0.0,sculpture (1); defeating (1); replies (1); sculptures (1); carve (1),,,automated-screen-clear
s2355,6,Famous books,The Medicine and the Missing Furniture,0b39ad905de47c833e24eccf7c5d09d8ddcb769c8c0e1f36f915fd6585064216,57,4,26,14.25,8.77,1.75,hires (1); steals (1); possessions (1); exposes (1); physician's (1),,,automated-screen-clear
s2356,6,Mystery and adventure,The Meeting Room Booked Twice,0ecacbd37f0d6bb2df89132f73a9ea0087a67a696dd075616e2638f80a3930e7,57,5,17,11.4,5.26,1.75,confirmations (1); assumes (1); booking (1),,,automated-screen-clear
s2357,6,Mystery and adventure,The Vanishing Spreadsheet Row,f94f3d2a31179e9506e294ba68b962cf69c8df34205a4cbd6f835c9c2e8f5e6e,58,5,19,11.6,12.07,0.0,disappears (1); spreadsheet (1); admits (1); deleting (1); colleague (1); filters (1); verify (1),,,automated-screen-clear
s2358,6,Mystery and adventure,The Two Receipts for One Lunch,7f8548505831e22e19c4282ba713bae5a3a6fed412f02f167ecd666947c1c28e,51,6,11,8.5,7.84,0.0,receipts (1); confirms (1); layouts (1); contacting (1),,,automated-screen-clear
s2359,6,Mystery and adventure,The Note behind the Calendar,98b5346160f06ad8789f19e5888cb0e2d56026f7f82958748bd602355ea216b1,56,5,18,11.2,1.79,0.0,intentionally (1),,,automated-screen-clear
s2360,6,Mystery and adventure,The Song Heard through the Wall,d2c2322676e8ad0794940d822837d11a22068de535ad6d91873cb1c23376b524,57,5,17,11.4,3.51,0.0,neighbor's (1); frustration (1),,,automated-screen-clear
s2361,6,Travel and culture,The Guidebook's Closed Cafe,2fd749414d10daa17f451efb1c31919a568721e98d36c67928d5cde979ceb1f1,61,5,16,12.2,6.56,3.28,guidebook (1); recommends (1); cheated (1); shopkeeper (1),,very-low-frequency,needs-editorial-review
s2362,6,Travel and culture,A Local Invitation with Conditions,5238f43df87cacac22b8125a2e0beae352e9be39a57a54fb055dd72933d8094a,57,4,19,14.25,1.75,0.0,invites (1),,,automated-screen-clear
s2363,6,Travel and culture,The Route Chosen for Rest Stops,4f72c9f2e669d4f66eb4561c268315dd257e5b149870946f1cc3562a4e19413b,60,5,17,12,1.67,0.0,improves (1),,,automated-screen-clear
s2364,6,Travel and culture,The Craft Demonstration's Failed Piece,6c8b272c45c86ab07c65fcf85967a60af40479b911aa577838203fcb13170d87,58,5,18,11.6,5.17,1.72,maker's (1); collapses (1); illusion (1),,,automated-screen-clear
s2365,6,Travel and culture,A Conversation beyond the Landmark,8e8ce30f8dbe3fbef570a83b7f7afff377412584de7dac23a1e3076b540991c9,60,5,14,12,8.33,0.0,landmark (2); bookshop (1); recommends (1); recognizable (1),,,automated-screen-clear
s2366,6,People and biography,The Engineer's Paper Prototype,90d118a1692d6248b54a445794101f2ff6506c21d67e4d67a43a621fec2f9dbe,58,5,19,11.6,10.34,0.0,mara (2); fictional (1); learns (1); unfinished (1); polished (1),,,automated-screen-clear
s2367,6,People and biography,The Nurse in the Theater Group,7fce2838e75e2b81bd7fd0b55e88be1d61b92a0ffd633cd226194db58890a863,59,5,16,11.8,15.25,0.0,fictional (1); joel (1); rehearsal (1); accepts (1); organize (1); costumes (1); reliably (1); commitments (1); ambition (1),,low-frequency,needs-editorial-review
s2368,6,People and biography,The Translator's Uncertain Word,37a59ccd9c8810a2f683210b92b801c034c548d8602e3ba342c6aaaae4366053,59,5,15,11.8,20.34,3.39,fictional (1); amina (1); ambiguous (1); translating (1); silently (1); readings (1); recognizes (1); writer's (1); amina's (1); concealing (1); smoother (1); trustworthy (1),,low-frequency;very-low-frequency,needs-editorial-review
s2369,6,People and biography,The Baker's Smaller Menu,f2865547de0edf3c8ea361f903a9b72a60a3b5541bdeef7055b841c8e0bbc448,62,5,19,12.4,11.29,0.0,stefan (2); fictional (1); reduces (1); imperfect (1); learns (1); manageable (1),,,automated-screen-clear
s2370,6,People and biography,The Researcher's Corrected Talk,86b818d04623abd6c2b49d193b451d9a12994550e9e455dd6f9f31c1630a55f3,61,5,19,12.2,14.75,1.64,lin (2); fictional (1); researcher (1); colleague (1); notices (1); wording (1); study's (1); qualification (1),,,automated-screen-clear
s2371,7,Fantasy/stories,The Opera for Sleeping Houses,cf764fcd05048bdbd1319891ad4d5637d30a42aa3630f07060b8f12ccfb7bbc7,60,5,15,12,10.0,1.67,composer (2); snores (1); spends (1); spectators (1); hears (1),,,automated-screen-clear
s2372,7,Fantasy/stories,The Ghost's Forwarding Address,671fc0db9c3aeee176c8041393b330cf47b008b7431f67eb061a6d1aae1f411d,59,5,17,11.8,13.56,5.08,haunting (1); fond (1); noisy (1); breakfasts (1); forwarding (1); floorboard (1); develops (1); creak (1),,very-low-frequency,needs-editorial-review
s2373,7,Fantasy/stories,The Forest's Spare Tuesday,9fe0af076630be36a08d36bb39dca54b05a1c4fd7f87c0161b6fc8a885ee0289,60,5,15,12,10.0,0.0,enchanted (1); traveler (1); spends (1); relieved (1); expects (1); cancels (1),,,automated-screen-clear
s2374,7,Fantasy/stories,The Umbrella That Collected Skies,a686a57b486655873f3b9bb4dc3990ea085c45d774984f96a852d17447be0acb,58,6,14,9.67,22.41,1.72,umbrella (1); remembers (1); sheltered (1); indoors (1); overhead (1); invites (1); homesick (1); rainy (1); hometown (1); imaginary (1); closes (1); unfamiliar (1); welcoming (1),,low-frequency,needs-editorial-review
s2375,7,Fantasy/stories,The Dragon's Retirement Party,62b5df48e0a2ca3dba7a231f450dde97d4a33bd48b26f008d09a7ba874f5055a,63,5,21,12.6,12.7,1.59,fireproof (1); farewell (1); hobby (1); watercolor (1); fragile (1); vase (1); handles (1); paints (1),,,automated-screen-clear
s2376,7,Nature and animals,The Garden Gate's Small Audience,e4dff63ba7758f8def40f4960d50591292a03baacff590d4c1d9a3b508439d06,60,5,14,12,11.67,1.67,fictional (1); gardener (1); disturbed (1); tempted (1); carpentry (1); assigning (1); motive (1),,,automated-screen-clear
s2377,7,Nature and animals,The Winter Walk's Unexpected Colors,f9b2f7ccac04e04cc2727e8929c423914cc1dc38d146374e143b5e861f49069b,63,5,17,12.6,11.11,0.0,expects (1); colorless (1); muted (1); examining (1); bark (1); stems (1); colorful (1),,,automated-screen-clear
s2378,7,Nature and animals,The Damaged Leaf Gallery,2a7a318d609bf9eed5f25b51863712b1e05b83cb82252c86329ce7f4357e9633,58,5,18,11.6,8.62,0.0,curved (1); avoids (1); diagnosing (1); inviting (1); satisfying (1),,,automated-screen-clear
s2379,7,Nature and animals,The Animal Track That Was a Tool,299b2a3e3713c218e37573cc81146fcbf73362fd69d8bc56f8ed2d6147f7b683,57,5,18,11.4,15.79,1.75,discovers (1); repeating (1); groundskeeper (1); recognizes (1); wheeled (1); correction (1); deleting (1); trainees (1); sharpen (1),,,automated-screen-clear
s2380,7,Nature and animals,The Tree Kept in the Drawing,74b8c13d7954cf73b40bc06c6ad12d558eae5de7e39cc0acd6271a4e52829b32,62,5,15,12.4,11.29,1.61,sketches (1); uneven (1); passerby (1); longtime (1); recognizes (1); awkwardness (1); prettier (1),,,automated-screen-clear
s2381,7,World affairs,The Volunteer Role Nobody Advertised,862565944ea3ed37f6eb28e26e8651d4ce05b54764910401d2a9624344a5e990,64,5,17,12.8,12.5,0.0,fictional (1); performers (1); afterward (1); organizers (1); advertised (1); cleanup (1); lively (1); fairer (1),,,automated-screen-clear
s2382,7,World affairs,The Consultation after the Design,68b26aa039b49898b47cf7a51b8bf03ea0370bbf8f2f0d943bdf2834229b5075,61,5,18,12.2,8.2,0.0,fictional (1); redesign (1); costly (1); constraints (1); decorate (1),,,automated-screen-clear
s2383,7,World affairs,The Market's Uncounted Visitors,09a9027f54d015c4c08f6d7675afc08c64c39f3f8e30903b66b84204b1bcd67f,59,5,14,11.8,10.17,0.0,organizers (2); fictional (1); sellers (1); indicators (1); trade-offs (1),,,automated-screen-clear
s2384,7,World affairs,The Digital Noticeboard's Paper Twin,978b289c80772ce67450399c28bd813272051cb9d8f1ce2297a49d6b5a0b4f9f,60,5,19,12,11.67,1.67,fictional (1); cooperative (1); notices (1); adapt (1); noticeboard (1); accepts (1); organizers (1),,,automated-screen-clear
s2385,7,World affairs,The Playground Opening without a Photo,efb748226a1dafb9489fcbf92b739b507f5e5fd0753da808b0c61301e3daf4fe,63,5,17,12.6,11.11,1.59,fictional (1); playground (1); ceremonial (1); postponed (1); discovers (1); playground's (1); organizers (1),,,automated-screen-clear
s2386,7,Everyday life,The Recipe I Stopped Defending,c8bdb9f6b09b98acaaa7e64d9c747882a3c8c219cc64101260e95d34ff969b07,61,5,19,12.2,3.28,0.0,authenticity (1); seasoning (1),,,automated-screen-clear
s2387,7,Everyday life,A Desk Facing the Wrong View,e077d07646bbc5b5f804e1194d701927eb9b75508a46c33626a0032aede84713,64,5,19,12.8,4.69,0.0,glare (1); sideways (1); comfortably (1),,,automated-screen-clear
s2388,7,Everyday life,The Apology without an Explanation First,1baea1c2a29b4e9a3964d6cd82235a7dc043d3033f76321b843caf874b80aea4,60,5,15,12,10.0,0.0,forgetting (1); friend's (1); composing (1); plainly (1); occupy (1); acknowledgment (1),,,automated-screen-clear
s2389,7,Everyday life,The Last Box after the Move,cd8501b8c52275e60220a8b848021cdfbd744a33c681ce81f2e2dc40f5af039f,63,6,17,10.5,11.11,1.59,ornament (2); unopened (1); cables (1); chipped (1); urgency (1); possessions (1),,,automated-screen-clear
s2390,7,Everyday life,The Dinner Where We Put the Phones Away,d08010159640dbd9d8c5dd63f9ca9dc94ba27cbb1fa0f85b0205dbfe57a78f91,60,6,19,10,1.67,0.0,replying (1),,,automated-screen-clear
s2391,7,History,The Map's Decorative Empty Space,1a3693f073030cbc5e40efcaa01db22ef4fa865899f2818780456acc1ab2a66b,61,5,20,12.2,13.11,0.0,fictional (1); apprentice (1); fills (1); uncertain (1); decoration (1); ornament (1); disguise (1); unanswered (1),,,automated-screen-clear
s2392,7,History,The Household Book's Other Writer,172381995a6c97b72c710fbe0b39a42c7cbd7280b4cf133713737dcde49aae34,62,6,16,10.33,4.84,0.0,fictional (1); notices (1); authorship (1),,,automated-screen-clear
s2393,7,History,The Clockmaker's Borrowed Part,01d36a86b8d5a20d5fcb232685eb94cf0910cdefc423a198ed4c08110d50c646,61,5,18,12.2,9.84,4.92,fictional (1); clockmaker's (1); clockmaker (1); borrowed (1); receipt (1); craftsman's (1),,very-low-frequency,needs-editorial-review
s2394,7,History,The Theater's Handwritten Change,d0d4d81e0c8e4aaf1ecdbbe3021da0178c96e78b3d2d35fc69da3d1d2ce0dbd2,58,6,18,9.67,17.24,1.72,fictional (1); handwritten (1); corrections (1); corrected (1); survives (1); untidy (1); untouched (1); preserves (1); alteration (1); revealing (1),,low-frequency,needs-editorial-review
s2395,7,History,The Cargo List and the Empty Crate,388e95470bdcc4e4413c28e03b5e705443815387428a9b7bc9d8a77e35e65069,64,6,21,10.67,14.06,0.0,fictional (1); crates (1); dock (1); notices (1); crate (1); unusually (1); insufficient (1); containers (1); shipment (1),,,automated-screen-clear
s2396,7,Science,The Chart with a Narrow Scale,bd01c93527cc582d13018b08162102111c02f5d6a9b34ac6a2f4106c397e4aa6,61,6,17,10.17,3.28,0.0,directs (1); examining (1),,,automated-screen-clear
s2397,7,Science,The Missing Unsuccessful Trials,0f9e99d0e652cd2ae3fb4d162c68b74f6c8b475f18772d5ffbd045f604600651,59,5,16,11.8,10.17,0.0,notebook (1); unsuccessful (1); inconsistent (1); usefulness (1); improves (1); successes (1),,,automated-screen-clear
s2398,7,Science,A Prediction Written Before the Test,6e00a7c31c8e5945814d2cce99a2cdd860ef8bc74d53b6e11e183ebd8e8a3ad5,61,5,17,12.2,6.56,0.0,predictions (1); shifted (1); conceal (1); prediction (1),,,automated-screen-clear
s2399,7,Science,The App That Measured a Proxy,cf60fc0d9db56a928421fe6047e0887d91c40acaf7b9859d1b6082b35af1cb60,59,4,19,14.75,5.08,0.0,reviewer (1); observable (1); rename (1),,,automated-screen-clear
s2400,7,Science,The Repaired Sensor's New Baseline,4281b3ff8cbd541f15a8881b7110e30b79babfb9b287adcd21051d4b0b35db66,58,5,16,11.6,5.17,1.72,sensor (1); interprets (1); interpreting (1),,,automated-screen-clear
s2401,7,Famous books,The Freedom beneath the Collar,f9cc759254e25ff54cc65efe49cd1e147b9171bd3d836cd09211538ab82340f4,61,5,24,12.2,8.2,1.64,notices (1); chooses (1); fable (1); wolf's (1); vanished (1),,,automated-screen-clear
s2402,7,Famous books,The Boast That Needed No Witness,62c640da37547d4e9ed79ed08780c0d958781c4f3b8fce626260551a3661193a,63,5,17,12.6,9.52,0.0,traveler (1); boasts (1); listener (1); fable (1); separates (1); story's (1),,,automated-screen-clear
s2403,7,Famous books,The Brass Bell's Real Meaning,7e7c723d53b8aa4f65f2b442d12846154c9fa35903cb757e7f10e85665e1f922,58,5,14,11.6,12.07,0.0,troublesome (1); proudly (1); identifies (1); meanings (1); wearer (1); admiration (1); inferred (1),,,automated-screen-clear
s2404,7,Famous books,The Traveler and the Already-Ready Dog,4ed7a62dc95fe18b0342617181a499d270e06134f74c34f58186ee7729d60f9d,59,5,16,11.8,20.34,3.39,traveler (2); scolds (1); delaying (1); accusation (1); fable (1); impatience (1); rests (1); unchecked (1); examining (1); preparations (1); criticizing (1),,low-frequency,needs-editorial-review
s2405,7,Famous books,The Peacock's Answer in the Sky,51b7e2bf7cd25d7b8a6991e0900fcf89bd250de4228a7f7ca00ad9294d664629,60,5,17,12,16.67,3.33,peacock (2); splendid (1); feathers (1); mocks (1); crane's (1); crane (1); decoration (1); bird's (1); peacock's (1),,,automated-screen-clear
s2406,7,Mystery and adventure,The Disappearing Signature,4b08c9e319e03aee124a62436e8bce36a8d4c643898f766662c4b8bf939f5ca6,61,5,16,12.2,13.11,0.0,vanish (1); scanned (1); colleague (1); discovers (1); reproduced (1); printer (1); clearer (1); accusing (1),,,automated-screen-clear
s2407,7,Mystery and adventure,The Door Locked from Both Sides,bac5cfe047d6a1f3a1226b3530b220a47d9222ad0bde1bbcb97509a7dd768104,59,5,15,11.8,11.86,3.39,reviewing (1); handover (1); numbered (1); room's (1); certainty (1); repeating (1); incomplete (1),,,automated-screen-clear
s2408,7,Mystery and adventure,The Duplicate Photograph,6b716777bf37a71fa7a4e8a1fe29f23fdaa2fc05d6410f9047810a9f260921c9,60,5,22,12,6.67,0.0,curtain (1); shifted (1); suspicion (1); inspect (1),,,automated-screen-clear
s2409,7,Mystery and adventure,The Complaint from an Empty Apartment,17851048b9d3b97f5765441589ab4fb3774bdfb49c49a0d00861e297acc51a57,57,5,14,11.4,8.77,1.75,resident's (1); forwards (1); corrects (1); convincing (1); misleading (1),,,automated-screen-clear
s2410,7,Mystery and adventure,The Trail Marker Facing Backward,24c7059166667f819c8fc10fde86d4490b640b9f8d6e2ae7a2af4cd159214e0a,61,5,17,12.2,6.56,1.64,inspect (1); walkers (1); marker (1); route's (1),,,automated-screen-clear
s2411,7,Travel and culture,The Tour That Asked Us to Draw,a2170aa4bc2def3407b0dee8864920eabddc7759632f140753d89717d336f71f,62,4,18,15.5,14.52,1.61,doorway (2); uneven (1); afterward (1); attach (1); grander (1); sights (1); photographed (1); pausing (1),,,automated-screen-clear
s2412,7,Travel and culture,The Dish with Several Home Versions,8ff02ac3016a7bc9888d8d700e5edc8f152ee6f4fce2e629fe3cf67889104bac,60,4,16,15,1.67,0.0,acknowledges (1),,,automated-screen-clear
s2413,7,Travel and culture,The Photograph I Asked Not to Take,45f0f0e56714419ce49255bac57b40817fb00f359fdd8b04d558412beba63bf7,57,4,19,14.25,10.53,1.75,craftsperson (1); unfinished (1); granting (1); unrestricted (1); respecting (1); spends (1),,,automated-screen-clear
s2414,7,Travel and culture,The Wrong Season's Walking Advice,5a54dba38b332060533d4d1b7e6422f18870cd8eb659d070a7bf1d15a24bb846,60,4,23,15,5.0,0.0,recommends (1); hotter (1); admired (1),,,automated-screen-clear
s2415,7,Travel and culture,The Return Visit without a Checklist,f1708d39d12bf05b4fedfd77fd00a3db84d2f3a3c14a288e23031710b28a9ca8,62,4,22,15.5,9.68,0.0,attractions (1); revisit (1); bakery (1); bookshop (1); familiarity (1); sights (1),,,automated-screen-clear
s2416,7,People and biography,The Architect's Unsuccessful Shortcut,464ef1172e6ff82687dee170973afcc8cff25dbaf0b71348422f82d219a2f002,59,5,18,11.8,6.78,0.0,fictional (1); eva (1); careless (1); destinations (1),,,automated-screen-clear
s2417,7,People and biography,The Musician's Quiet Audience,546fb42c602ab8f62907a7dc710724859d1d95582b0d58a2aa9136ac32eb4c1d,58,5,14,11.6,17.24,1.72,tomas (2); fictional (1); performs (1); applauds (1); assumes (1); afterward (1); listeners (1); applause (1); emptied (1),,low-frequency,needs-editorial-review
s2418,7,People and biography,The Manager Who Changed Her Question,5d2e04719a4aaf4395f80b636d64f61cab2353917bf38ffdb37076760337fa9f,55,5,18,11,7.27,0.0,fictional (1); hana (1); emerge (1); lacked (1),,,automated-screen-clear
s2419,7,People and biography,The Conservator's Visible Repair,ad20cf27659f4c7578cd7e8ea9bdf55620416c8390e892c06d129453b54f07f5,55,4,20,13.75,10.91,1.82,fictional (1); discusses (1); distinguish (1); discreet (1); protects (1); object's (1),,,automated-screen-clear
s2420,7,People and biography,The Poet's Unpublished Folder,c985f172d0c0319e4a5c311563762702197996b9efe386ac9ae5b31a2e318a7b,60,5,15,12,8.33,3.33,noor (2); fictional (1); folder (1); revising (1),,,automated-screen-clear
s2421,8,Fantasy/stories,The Bureau of Misplaced Endings,164fa09751b739565ac336a828be7ed1abd6abde48728a669e0faa6dfb3c4dfb,67,5,16,13.4,7.46,0.0,endings (1); detached (1); cheerful (1); discovers (1); grieving (1),,,automated-screen-clear
s2422,8,Fantasy/stories,The Witch's Unreliable Reputation,0fa44b751309d79b3008cbdaf5a1517b8aeee72cfa1220661440a3b89fbf0ae3,65,5,16,13,7.69,1.54,curses (1); invites (1); bowls (1); passersby (1); quicker (1),,,automated-screen-clear
s2423,8,Fantasy/stories,The Clockwork Whale's Shore Leave,c934102e69825c2042a467d24e4caefb754a7e652f1521a035f8555d6f89a21a,66,5,16,13.2,12.12,0.0,whale (3); clockwork (1); builds (1); shaded (1); enjoys (1); resolving (1),,,automated-screen-clear
s2424,8,Fantasy/stories,The Library Card for a Cloud,8749a8d9e35d71723c575088f22452c5c5b9771ab5bd5d0a3ca80138ffd06ff7,65,5,23,13,7.69,0.0,librarian (1); refusing (1); waterproof (1); borrower (1); correcting (1),,,automated-screen-clear
s2425,8,Fantasy/stories,The King Who Rented His Crown,caf16eb301d174e1a3a219174fb33ea64a78d6f9a2dae4cb00acf48f71752ea1,64,5,18,12.8,10.94,1.56,fairy-tale (1); rents (1); borrows (1); poses (1); discovers (1); invites (1); remarkably (1),,,automated-screen-clear
s2426,8,Nature and animals,The Field Notebook's Second Reader,ad0d9d3ff47ab96f8835adcebb081c7aaa9aa4fc72cefdf088d83963f785353a,58,4,19,14.5,18.97,0.0,fictional (1); naturalist (1); lends (1); notebook (1); colleague (1); interpret (1); clearer (1); descriptions (1); usefulness (1); expands (1); reader's (1),,,automated-screen-clear
s2427,8,Nature and animals,The Garden's Unphotographed Corner,5ce881339a9de02da696b982b6c8acf68093caffe2d6b78c61c344d9882c198f,61,5,15,12.2,8.2,1.64,abundant (1); documenting (1); plots (1); cheerful (1); garden's (1),,,automated-screen-clear
s2428,8,Nature and animals,The Bird Count and the Birthday Party,7c3a4a72d0e2563e450a742e8e3dddf9e51604b5c3203e8264b88fc6f465a605,60,5,17,12,15.0,1.67,fictional (1); garden's (1); noisy (1); observer (1); suspects (1); disturbance (1); declaring (1); weaken (1); disguised (1),,,automated-screen-clear
s2429,8,Nature and animals,The Landscape Remembered Too Green,6c6e68803bd89e316c1016f2bd97afa47955d41a62f1bcdb39378ca3debe2fde,63,5,17,12.6,3.17,0.0,painter (1); resembles (1),,,automated-screen-clear
s2430,8,Nature and animals,The Quiet Position beside the Hide,7d6f7a7984925d51d77545be831c9ba1175a0a42c4ccc377b321ae63ee2c75aa,61,5,19,12.2,14.75,0.0,competes (1); chooses (1); notices (1); pond (1); rotating (1); favored (1); viewpoint (1); concentrates (1); unseen (1),,,automated-screen-clear
s2431,8,World affairs,The Indicator That Became the Goal,c16bceb6f1137144ca89db2fbcd942d6023cd76e33ab2cb27b83ac75e091704b,60,5,18,12,10.0,0.0,fictional (1); rewarded (1); resolving (1); revise (1); reviewing (1); anticipate (1),,,automated-screen-clear
s2432,8,World affairs,The Meeting Minutes without the Disagreement,196d70a04034622348a4c0bd247cabc13f1c015261004ff8ef57182c25b295ad,59,4,19,14.75,13.56,0.0,fictional (1); cooperative (1); omit (1); remembers (1); explanations (1); unresolved (1); insufficient (1); removes (1),,,automated-screen-clear
s2433,8,World affairs,The Accessible Entrance Used by Everyone,10c587bdbf3376468a6b495a3163956a031e1b59c7357f8099057a476ada03ec,58,4,20,14.5,10.34,0.0,fictional (1); redesigned (1); luggage (1); deliveries (1); organizers (1); strengthens (1),,,automated-screen-clear
s2434,8,World affairs,The Petition with Two Different Requests,a314123e4eac3f9589c1db85c124021772c9238f0300c236be2b3e68cdcfc7f2,58,4,19,14.5,8.62,1.72,fictional (1); quieter (1); signers (1); organizers (1); clarify (1),,,automated-screen-clear
s2435,8,World affairs,The Grant Report after the Celebration,f438579a1298f3eecab277f9f6d4240d0166f86c47fe2aa45070f61083f7dbd5,60,4,18,15,11.67,3.33,fictional (1); event's (1); unavailable (1); celebratory (1); informative (1); funders (1); distinguish (1),,,automated-screen-clear
s2436,8,Everyday life,The Gift That Needed Instructions,96eadcba55e0291f2076405e6e445fcc5dd4800fddf0fa130c93896dcb7bbb20,61,5,16,12.2,3.28,0.0,gratitude (1); affection (1),,,automated-screen-clear
s2437,8,Everyday life,The Favor with an Unspoken Deadline,972041e5bc4acd924d131f8c7cfc3e2f45b2fc9a0fd79abe7e42ed11b2423c1d,62,5,19,12.4,8.06,0.0,friend's (1); imagining (1); expects (1); negotiate (1); unusually (1),,,automated-screen-clear
s2438,8,Everyday life,The Photo Album's Ordinary Pages,a20f7d0383595e3514a13e65880cbf0026d52b39c85b9d2f7b56527c66d3669b,62,5,17,12.4,11.29,1.61,arranging (1); celebrations (1); strangely (1); rainy (1); unfinished (1); texture (1); presentable (1),,,automated-screen-clear
s2439,8,Everyday life,The Productivity List with Rest on It,bb3dddfcd3d4c37febbf04d09a68cb26f0ea7a7c6a1cd68a915d7db1c19a0070,55,5,13,11,7.27,0.0,rested (1); efficiently (1); remembering (1); errands (1),,,automated-screen-clear
s2440,8,Everyday life,The Neighbor I Knew through Parcels,ba4efcef1390c4ca59d204ca0fcb5ba3e148327a8b0f242ebd5f5972e04723da,61,5,16,12.2,9.84,0.0,parcels (1); hallway (1); afterward (1); familiarity (1); accumulated (1); exchanges (1),,,automated-screen-clear
s2441,8,History,The Inventory That Counted Chairs but Not Work,b056f81c0f4d22ab1c0a0684da5d6616bdbd1607f4578fb9abc38d029d0a84f9,64,5,17,12.8,14.06,1.56,fictional (1); tucked (1); scraps (1); polishing (1); mending (1); absent (1); understandable (1); possessions (1); usable (1),,,automated-screen-clear
s2442,8,History,The Harbor Sketch's Changed Shoreline,3bd0ddb7ffb990de12ccad2b25366141e8817394771dc4edc6a411ba06e87b65,63,5,17,12.6,9.52,1.59,fictional (1); boatman (1); discarded (1); labeled (1); viewer (1); confuse (1),,,automated-screen-clear
s2443,8,History,The School Register's Missing Winter,fc4a655faec1974f86d0bd8f4797b07dc3cc38075c9ed7731aee2fb5a0442b9a,61,5,18,12.2,9.84,0.0,fictional (1); assumes (1); resisting (1); temptation (1); documentation (1); definite (1),,,automated-screen-clear
s2444,8,History,The Craft Mark Shared by Several Hands,f78f9087acb3145c6bac8e1f41c630b239a3a5f71d709ec2da5f21cd4023f789,58,5,20,11.6,8.62,1.72,fictional (1); master's (1); apprentices (1); guarantees (1); workshop's (1),,,automated-screen-clear
s2445,8,History,The Feast Described by a Guest,003bfa609d5105b1f4864eb876b495a6cf9af6ccf79ec8f0bc54c403d0bd81cb,61,5,18,12.2,13.11,0.0,fictional (1); admiring (1); feast (1); praising (1); worker's (1); delays (1); exhaustion (1); sharply (1),,,automated-screen-clear
s2446,8,Science,The Training Examples That Looked Too Similar,ac2c37f3af919217ba4dbe0e06092d4d5be4a53d7e1812d3eb42c99e4671bd55,62,5,17,12.4,6.45,0.0,recognizes (1); accurately (1); flattering (1); informative (1),,,automated-screen-clear
s2447,8,Science,The Percentage without Its Starting Number,54bff4b025063ab19c5f940f0fa058dbc2462a419fb535ccdcc2984c9557cb13,58,5,17,11.6,5.17,0.0,announces (1); doubled (1); impressions (1),,,automated-screen-clear
s2448,8,Science,The Estimate with Honest Edges,a6deb7cdca68d2831ba23c1337c2d6e66f95dd22c5bdbc6c2205c0acc7b8573c,57,5,15,11.4,12.28,0.0,communicating (2); imperfect (1); decimal (1); examines (1); digits (1); uncertain (1),,,automated-screen-clear
s2449,8,Science,The Experiment That Changed Its Question,7865778a262306c3067d8cc00f603477fcab2b6091f8e9cf3a54442efef13db3,57,4,18,14.25,5.26,0.0,folds (1); stiffness (1); distinguish (1),,,automated-screen-clear
s2450,8,Science,The Simulation's Convenient Assumption,9e37ddcd5643206a60a147476f05e9b71fb401afd7619e07c82dde9ff7ea90ef,63,5,16,12.6,6.35,0.0,simulation (1); assumes (1); traveler (1); reviewer (1),,,automated-screen-clear
s2451,8,Famous books,The Bellows and the Same Mouth,4bce7275c3e223a18b5f025aaef640e75136a0751cf1d493bca818771afc2451,64,4,18,16,15.62,0.0,traveler (1); warms (1); cools (1); woodland (1); disturbed (1); warmth (1); fable (1); puzzle (1); inconsistency (1); misses (1),,,automated-screen-clear
s2452,8,Famous books,The Donkey beneath the Statue,1af893e996c86f8a8559eba473ee5906b0e7913d5428868005976640d628d724,60,5,17,12,11.67,0.0,donkey (1); assumes (1); corrects (1); misunderstanding (1); fable (1); borrowed (1); separating (1),,,automated-screen-clear
s2453,8,Famous books,The Fly on the Axle,2e5da8f8135a53cc46bb490cb3ac9fc8c73a4ba34a6dd320f1f81a0e6da1b566,62,4,21,15.5,17.74,0.0,mule (2); cart (1); threatens (1); sting (1); replies (1); responds (1); insect (1); mistaken (1); fable (1); announcing (1),,,automated-screen-clear
s2454,8,Famous books,The Empty Net and the Heavy Catch,2490f6e16134215fc36d6fb6e755fabb26f58bba4482841eab6928ea25a8e458,58,5,15,11.6,5.17,0.0,fishermen (1); unwanted (1); premature (1),,,automated-screen-clear
s2455,8,Famous books,The Two Daughters' Weather,2078f3a254d9948cd533fbab66f304c4c1a804363ff980640ae31390a1fd25da,61,5,19,12.2,8.2,0.0,satisfy (1); fable (1); conflicting (1); unreasonable (1); favorable (1),,,automated-screen-clear
s2456,8,Mystery and adventure,The Email That Seemed to Predict the Future,a157d97a9a512d57d1154705b99479982ea9103b2b1f895925dc7f914d0996ad,61,5,24,12.2,9.84,1.64,timestamp (1); foresight (1); sender (1); arose (1); attaching (1); metadata (1),,,automated-screen-clear
s2457,8,Mystery and adventure,The Identical Error in Three Reports,38fc0abe6c8ca9f7ad1d9f6c0c0e1d5f65fae68c5a0ae00b380ac69c567c0be5,54,5,14,10.8,12.96,0.0,reviewer (1); traces (1); discovers (1); copied (1); repetition (1); corrects (1); reassuring (1),,,automated-screen-clear
s2458,8,Mystery and adventure,The Empty Seat in Every Photograph,9d27219c36c04c9925b79dbb9f868aae0b70a0067ae0d3125f483799779aba4f,59,5,15,11.8,5.08,0.0,notices (1); deliberate (1); traces (1),,,automated-screen-clear
s2459,8,Mystery and adventure,The Footstep in the Recording,ccd990fd4ad2634322c0f279dc85b43a218b7a625284a4446cf58fcf74edd359,59,5,20,11.8,11.86,0.0,remembers (1); listeners (1); notices (1); coincides (1); microphone (1); transmitted (1); invent (1),,,automated-screen-clear
s2460,8,Mystery and adventure,The Locked Document's Missing Revision,bf08e3602e6f2b73fcac7eb6e82b42f70dc2eb65c1f3ca134146f153b499be7c,61,5,16,12.2,9.84,0.0,correction (2); remembers (1); simplify (1); naming (1); workflow (1),,,automated-screen-clear
s2461,8,Travel and culture,The Heritage Tour's Acknowledged Gap,1dbc864eca8f31f38c91b2758df0000671f810902770e1c391297d50e366ad29,61,5,18,12.2,8.2,1.64,interrupts (1); polished (1); remembering (1); illuminate (1); audience's (1),,,automated-screen-clear
s2462,8,Travel and culture,The Festival Seen from the Cleanup Crew,9493276e0d5eaefb6d17b12b18f1f124fe52c255ee59421a5a4f5e84922467e9,56,4,20,14,7.14,0.0,discarded (1); bins (1); diminish (1); onstage (1),,,automated-screen-clear
s2463,8,Travel and culture,The Map Drawn for a Particular Walker,d01ae8c2667e55bcf52443430735180fbfbad4d4703937d9c666bbf8ebd66ba2,62,4,19,15.5,6.45,0.0,slopes (1); resting (1); differs (1); destinations (1),,,automated-screen-clear
s2464,8,Travel and culture,The Souvenir I Chose Not to Buy,dd1fdd7d493adf761f167b33963aefe987df37326a1a8c4c2ed3de6f1578a69c,58,5,16,11.6,10.34,0.0,admire (1); handmade (1); unexpectedly (1); hurried (1); impractical (1); stressful (1),,,automated-screen-clear
s2465,8,Travel and culture,The Familiar Word in an Unfamiliar Setting,6e904734566154ace1f31ef5ad603eb8b98e5d1c63d8ab997d267045031d2384,54,4,16,13.5,5.56,0.0,textbook (1); misunderstand (1); incomplete (1),,,automated-screen-clear
s2466,8,People and biography,The Curator's Missing Attribution,cd0a8699e10bd70220b5c94a008f64dde6ae22c2c584af3b363add35f2fa65ad,62,4,24,15.5,16.13,6.45,salma (2); fictional (1); curator (1); reviewing (1); donor (1); prominently (1); maker's (1); rewrites (1); dominate (1),,very-low-frequency,needs-editorial-review
s2467,8,People and biography,The Developer's Unused Button,e1f01cd164e32a7e42a090364d0fb926a145a3410a276086cfc5db9f62d3e964,58,5,21,11.6,13.79,1.72,fictional (1); marco (1); button's (1); wording (1); rebuilding (1); teaches (1); functionality (1); untouched (1),,,automated-screen-clear
s2468,8,People and biography,The Conductor's Rehearsal Recording,3e9fffb70837207f2f8206e052e60f2533313b025af3ec34e3d29477052b32f9,61,4,22,15.25,14.75,0.0,fictional (1); yuki (1); conductor (1); hears (1); rehearsal (1); distinguish (1); rehearsals (1); listens (1); issuing (1),,,automated-screen-clear
s2469,8,People and biography,The Organizer's Cancelled Event,049aa6e82fc9a7e3a8f062db6948dd2bd3411dd01c484ed82f3e48735a961529,55,4,16,13.75,16.36,0.0,fictional (1); cancels (1); unused (1); rushed (1); reliability (1); learns (1); recognizing (1); fulfilled (1); responsibly (1),,,automated-screen-clear
s2470,8,People and biography,The Writer's More Specific Sentence,e6af5671ae2b35f8322e941560284fe8643257aaedd1d056d7bfc07350ea44f1,60,5,17,12,10.0,1.67,fictional (1); ada (1); revises (1); naming (1); narrower (1); retains (1),,,automated-screen-clear
s2471,9,Fantasy/stories,The Museum of Things That Almost Happened,3897c383c0495f50d3593e24e3020f9b6851137eea6e730ad7c0d3b55db6b60f,60,4,20,15,15.0,1.67,unmissed (1); unwritten (1); doorway (1); curator (1); enjoys (1); arranging (1); discovers (1); labeled (1); closes (1),,,automated-screen-clear
s2472,9,Fantasy/stories,The City with a Detachable Horizon,98b9611e7dcaa9be5e2a4bda1a97f7043e8786aa26ad1199cb7721a179e38f78,62,5,24,12.4,11.29,0.0,removes (1); cleaner (1); crooked (1); complains (1); prefers (1); slant (1); glimpse (1),,,automated-screen-clear
s2473,9,Fantasy/stories,The Alchemist's Successful Failure,34e80ff768e68683b87dc808aa4c552c71f843382322117393b505283f394fc9,61,6,16,10.17,14.75,0.0,alchemist (2); spends (1); remembers (1); warmth (1); mornings (1); fills (1); achieves (1); ambition (1),,,automated-screen-clear
s2474,9,Fantasy/stories,The House That Dreamed of Tenants,e8351580d4f4018b3a918098e2d1ff4f55e1a1e8bfe831d96a926a3d05cd6fb9,63,5,21,12.6,15.87,4.76,tenants (2); spill (1); creaking (1); noisy (1); forgetful (1); affectionate (1); tolerates (1); muddy (1); leaking (1),,,automated-screen-clear
s2475,9,Fantasy/stories,The Oracle's Gardening Leave,bbec3c75afd13837e4dc641cde2e033b6a0bf2ad4d4c1cf0f3a681700b9c0c1a,65,5,16,13,7.69,0.0,oracle (1); predicting (1); enjoys (1); distinguishing (1); predictions (1),,,automated-screen-clear
s2476,9,Nature and animals,The Observation Hidden by a Familiar Name,706e0874697d7513594882eb63f43381b374f1afbd4635d47976c53fd90b9e20,62,5,20,12.4,14.52,1.61,fictional (1); newcomer (1); realizes (1); uncertain (1); consult (1); revise (1); correction (1); affection (1); habitually (1),,,automated-screen-clear
s2477,9,Nature and animals,The Photograph beyond the Chosen Frame,f9429285ccdc9a3250da7762ba7738d0be572ac618ef55a0faa5c7f99ef73ead,60,5,17,12,15.0,0.0,publishes (1); tranquil (1); accuse (1); acknowledging (1); framing (1); invites (1); incomplete (1); displaying (1); unavoidable (1),,,automated-screen-clear
s2478,9,Nature and animals,The Long Gap in the Garden Diary,9f19ae35703d5239b289cca8bcfca5e15b249489b97ef56e61b88c5a657b68d0,60,5,17,12,10.0,0.0,gardener (1); resumes (1); reconstruct (1); interval (1); uncertain (1); seamless (1),,,automated-screen-clear
s2479,9,Nature and animals,The Soundscape without the Favorite Bird,c5654bb4fd64b10cd512dcd456dda848217f81aeec4bb4fcfda144cbe4c1dbfa,62,5,15,12.4,8.06,1.61,footsteps (1); expectation (1); tightly (1); absent (1); replayed (1),,,automated-screen-clear
s2480,9,Nature and animals,The Unpopular Patch of Nettles,dd3ec51e9409e6bba13fd8b7d042402b5cdbc1984fe048710cdb7d45b5878c49,65,4,20,16.25,13.85,1.54,wholly (2); fictional (1); nettles (1); consult (1); relocating (1); declaring (1); desirable (1); eventual (1),,,automated-screen-clear
s2481,9,World affairs,The Metric That Counted Repeat Problems,d1b8348f8eb69306add8fd9da7365d8c0a2264ab357856aa0d80df1773bd5cca,67,5,18,13.4,7.46,0.0,fictional (1); callers (1); unresolved (1); actionable (1); mistaken (1),,,automated-screen-clear
s2482,9,World affairs,The Consultation's Absent Participants,7593ed828f1ee893ed9a0df09423dce169a24120888184aa5bd1912d45fcce00,60,4,22,15,10.0,0.0,fictional (1); attracts (1); lengthy (1); organizers (1); dismiss (1); absent (1),,,automated-screen-clear
s2483,9,World affairs,The Temporary Rule That Never Expired,1122d3131bbf2e50ba10fb7bdd63ec558e2f139c1e48ba7da7af1a9b35e9ed12,66,4,24,16.5,15.15,1.52,fictional (1); cooperative (1); booking (1); restriction (1); prompted (1); handbook (1); restores (1); reconsideration (1); caution (1); neglect (1),,,automated-screen-clear
s2484,9,World affairs,The Partnership with Unequal Visibility,55fac5e6c291ee3d1295b69f05fb8adf84547cd01cf5216cf0aa3026586ac9f6,60,4,20,15,5.0,0.0,fictional (1); revise (1); imbalance (1),,,automated-screen-clear
s2485,9,World affairs,The Public Dashboard's Missing Footnote,89149a1578a53d1b416d8d6337f4e3c08e9e159dd6637e057d86933a28c5c6d8,60,5,14,12,10.0,1.67,fictional (1); dashboard (1); compares (1); invites (1); unsupported (1); transparency (1),,,automated-screen-clear
s2486,9,Everyday life,The Family Story with Two Endings,03a5370f18a8ab2700a79f5c87e12df4d9a374ac7e074fad8dbecd2d2f9c123b,64,5,20,12.8,6.25,0.0,settles (1); disagreement (1); story's (1); affection (1),,,automated-screen-clear
s2487,9,Everyday life,The Habit I Mistook for a Preference,cc63e8e94e91a60f6acba1dcebf2b6a1e51dabb441237f4bc5f66d372c275b37,64,4,20,16,4.69,0.0,quieter (1); obliged (1); objectively (1),,,automated-screen-clear
s2488,9,Everyday life,The Conversation after the Advice,3e913fca7dcc3cc6bb75ef90dab934ec2522a0c1334bf3b22e28e3d131376332,57,5,17,11.4,1.75,0.0,quieter (1),,,automated-screen-clear
s2489,9,Everyday life,The Object I Returned to Use,6c27cb8e0d6d2e667b2f75ede55a3726240252f334cfffdc0ed2a94f90d1cc3a,59,5,17,11.8,8.47,0.0,notebook (1); untouched (1); spoil (1); imperfect (1); drafts (1),,,automated-screen-clear
s2490,9,Everyday life,The Plan That Survived Being Shortened,7e02a5dea0a0ee722305194c1b8145af7256fd0b708f50d440cb4f18e5e43da3,60,5,27,12,8.33,1.67,ambitious (1); compressing (1); enjoyable (1); revision (1); optimistic (1),,,automated-screen-clear
s2491,9,History,The Letter Preserved by Accident,181e0cbee3822e97815bccf8deaaea06d108d63bd74bb824a7a6bc841709346d,61,5,18,12.2,8.2,1.64,fictional (1); archive (1); survives (1); reinforce (1); archivist (1),,,automated-screen-clear
s2492,9,History,The Public Monument's Private Draft,07c8d6b61fe75e0f3278bffd03804a1aaf198d73a37d0efe0c34b1a3712d6f4b,59,5,16,11.8,15.25,1.69,fictional (1); monument (1); absent (1); researcher (1); correspondence (1); negotiation (1); constraint (1); discarded (1); complicates (1),,,automated-screen-clear
s2493,9,History,The Passenger List with an Empty Column,b77a87ba26f4a1f95ca8a1490be6a51b00f14753a84c607a017070be86a8c7a6,61,6,17,10.17,11.48,0.0,fictional (1); occupations (1); researcher (1); resists (1); interpreting (1); blanks (1); clarify (1),,,automated-screen-clear
s2494,9,History,The Restored Room's New Paint,ffe3b4c54bbc563f043eb13456245ba099d6c40d8699dae3bbecdbfc5144be66,59,5,18,11.8,8.47,0.0,fictional (1); chooses (1); coherent (1); accompanying (1); constructs (1),,,automated-screen-clear
s2495,9,History,The Diary Written for a Reader,b7af78b28391780bfd2f2a70f13d650c8e6f372b7ce7f707b1bcc70e0a2f8baa,61,5,16,12.2,8.2,1.64,fictional (1); researcher (1); cautious (1); unfiltered (1); confession (1),,,automated-screen-clear
s2496,9,Science,The Correlation in the Classroom Chart,4daaf94a70943ee1e6d449511f1dd63fc4e7f4f073de92527946a32ac65ba455,59,6,15,9.83,8.47,0.0,propose (1); emerge (1); distinguishes (1); noticing (1); causal (1),,,automated-screen-clear
s2497,9,Science,The Evaluation That Used the Answer Key,7e85a25ba00b45d7de29f3ec16b8aca047f8007db21f7f468996cf8ac9614782,60,4,24,15,3.33,0.0,correction (1); unseen (1),,,automated-screen-clear
s2498,9,Science,The Missing Boundary in the Model,a06822902c3222512b562f3495b3e9faa8612ee97d9f58c3e0a9d37942590eeb,61,5,17,12.2,18.03,1.64,predicts (1); excludes (1); deliveries (1); building's (1); reviewer (1); restores (1); report's (1); calculation (1); misleading (1); optional (1); footnote (1),,,automated-screen-clear
s2499,9,Science,The Null Result Worth Keeping,a0bd28cb9b2154e471be0803f065780dcad3a5bca6161b5a3e91f6e88e141e8b,61,5,16,12.2,4.92,1.64,tempted (1); omit (1); untested (1),,,automated-screen-clear
s2500,9,Science,The Benchmark with a Familiar Pattern,93de1b15e332eefd115208656c5fbf367e2f3986769d8d381bc7a7441e95422e,59,4,22,14.75,11.86,1.69,performs (1); investigates (1); exploited (1); varies (1); preserving (1); robustness (1); cues (1),,,automated-screen-clear
s2501,9,Famous books,The Statue Included Free of Charge,154f86f3e1e353fcb62f668d652bbced9828a0e8385283d1162c1443b128b825,60,5,16,12,13.33,1.67,sculptor (2); disguise (1); statues (1); expects (1); inconvenient (1); fable's (1); reassurance (1),,,automated-screen-clear
s2502,9,Famous books,The Lamp after a Gust of Wind,3973c82af5631e146654d914daadc7daff88e074aace097a065cd268a71571fb,63,5,18,12.6,17.46,4.76,boasts (1); exceeds (1); brilliance (1); gust (1); extinguishes (1); relights (1); dependence (1); reversal (1); fable's (1); inflated (1); forgets (1),,,automated-screen-clear
s2503,9,Famous books,The Small Passenger on the Horn,d63ad94d824035b9dda1157e4bcc9df212912e1ff7c6361f9588d2d64e3164f7,60,4,17,15,13.33,5.0,gnat (2); rests (1); bull's (1); replies (1); mistaken (1); fable (1); disproportionate (1),,,automated-screen-clear
s2504,9,Famous books,The Fisherman's Certain Small Catch,23067fdf5058f654b5257a4e5d5f25a4464322b9466c28a6731f45062951fab6,61,4,21,15.25,11.48,1.64,fisherman (2); fable (1); certainty (1); tale's (1); bargaining (1); mistaken (1),,,automated-screen-clear
s2505,9,Famous books,The Bird That Waited for the Farmer,73d48022510a104f6e6f2693def5148a3546e06eac8a22292cc70d2311f866dc,59,5,15,11.8,10.17,0.0,lark (1); listens (1); prepares (1); fable (1); distinguishes (1); credible (1),,,automated-screen-clear
s2506,9,Mystery and adventure,The Report Dated before the Interview,da1267a8a9c4b9b315460ff21adf3bbd20a315aec8a094551577bc5339ad52e7,61,5,22,12.2,11.48,0.0,suspects (1); revisions (1); updating (1); resolves (1); chronology (1); inference (1); revision (1),,,automated-screen-clear
s2507,9,Mystery and adventure,The Map Pin on the Wrong Entrance,130509227ebed619844e50c8974433105f4119d174100fa1d154f593e7d70cd9,63,4,22,15.75,3.17,0.0,landmark (1); careless (1),,,automated-screen-clear
s2508,9,Mystery and adventure,The Quote That Crossed a Page Break,1b7e39bbfb4bff3b028b1e98bc6e7ccd895f8dcffce270ff1f32e337b19f2596,61,5,18,12.2,9.84,1.64,attributes (1); transcript (1); speaker's (1); copying (1); attribution (1); verifying (1),,,automated-screen-clear
s2509,9,Mystery and adventure,The Certificate with the Unfamiliar Name,e7a055590adef51c2268dccf049094f1e8598449fcc4dd795aba372372bf4cde,56,4,22,14,5.36,0.0,framed (1); remembers (1); surname (1),,,automated-screen-clear
s2510,9,Mystery and adventure,The Pattern Created by the Search,6edf8b6cfea12e1a35d24a2dcb9f8f58b5331647038493f9ff37c440ad2faaa6,59,6,18,9.83,5.08,0.0,researcher (1); colleague (1); estimating (1),,,automated-screen-clear
s2511,9,Travel and culture,The Translation beside the Original Label,51f8e9697798dfc6bf5a259e29b602b56c7290b59a78492c8460d47aabdced91,57,4,18,14.25,12.28,1.75,label's (1); wording (1); bilingual (1); revise (1); qualification (1); certainty (1); descriptive (1),,,automated-screen-clear
s2512,9,Travel and culture,The Scenic Route as Someone's Commute,329fca7a93310c2d4b351fd952ce0f944322e9014d6023976193c11ed3c8b141,62,4,25,15.5,11.29,0.0,alley (2); picturesque (1); waits (1); patiently (1); stepping (1); considerate (1),,,automated-screen-clear
s2513,9,Travel and culture,The Performance without a Single Meaning,5518b6b8b32389d9a3c480f9aa5d89453b21a693351a39c80759b8ca0715fdc6,60,5,20,12,6.67,1.67,emphasize (1); notebook (1); richer (1); understandings (1),,,automated-screen-clear
s2514,9,Travel and culture,The Return Ticket That Changed the Day,e732d490d4cb6bd513c6f571baf2082f053307cc09fc0ec40b74320b63b5e4f5,64,5,17,12.8,7.81,0.0,restrictive (1); comfortably (1); continually (1); deepening (1); clearer (1),,,automated-screen-clear
s2515,9,Travel and culture,The Workshop Demonstration's Invisible Preparation,533ad1837d13963526018bf844a0eb37e3f86e406a9417f74f579e76fc90042c,62,4,21,15.5,9.68,0.0,lasts (1); effortless (1); afterward (1); incomplete (1); admiration (1); amazement (1),,,automated-screen-clear
s2516,9,People and biography,The Analyst's Changed Denominator,3333bdfc7a4bf924facda826f4c9c0e954254a3a36847fa2180a81b36271036b,62,5,18,12.4,19.35,3.23,fictional (1); priya (1); discovers (1); calculate (1); denominators (1); definitions (1); correction (1); delays (1); prevents (1); incompatible (1); clarifying (1); supplying (1),,,automated-screen-clear
s2517,9,People and biography,The Historian's Unresolved Footnote,831f6bea7266a4d366ffffc241b2ad878e33bacd3a968c7e112a29d773f7e70e,58,4,20,14.5,20.69,0.0,elias (2); fictional (1); historian (1); reconcile (1); disagreement (1); cleaner (1); retains (1); unresolved (1); footnote (1); researcher (1); conceal (1),,,automated-screen-clear
s2518,9,People and biography,The Entrepreneur's Smaller Promise,6ea610b3f809b35ae84ed9a862519ce5cfd05917d90af6d4e77821533e9a2285,61,5,18,12.2,9.84,0.0,fictional (1); mei (1); reliably (1); narrows (1); attracts (1); misunderstandings (1),,,automated-screen-clear
s2519,9,People and biography,The Actor's Unnoticed Preparation,4a75acc12a765d949c51163bc345026d6a9efd44c323f45677919208148cee5e,58,4,16,14.5,12.07,1.72,fictional (1); pleases (1); hides (1); pauses (1); gestures (1); spontaneity (1); emerge (1),,,automated-screen-clear
s2520,9,People and biography,The Editor's Decision to Leave a Gap,065b06c81bc4a360d4ccc4012c194e3aebca40dabe9baded4747fe1b3cf28cde,60,5,17,12,16.67,1.67,fictional (1); inez (1); edits (1); unclear (1); consulted (1); silently (1); interruption (1); visibility (1); protects (1); inference (1),,,automated-screen-clear
s2521,10,Fantasy/stories,The Committee for Impossible Bridges,d5cc1714cc9cb3ffc4f9d0c0282e64e26d8949f9f904fb0a1f936dceaf631988,75,5,19,15,14.67,0.0,plank (2); commissions (1); historians (1); muddy (1); invites (1); dismisses (1); gesture (1); irrelevant (1); notices (1); child's (1),,,automated-screen-clear
s2522,10,Fantasy/stories,The Last Dragon's Incorrect Biography,d1137c452b258dfaec2a0970a162c3174a53df99647f977a7fe7ac747a798fe1,65,5,21,13,12.31,1.54,discovers (1); biography (1); corrections (1); recipes (1); gardening (1); uneventful (1); afternoons (1); defeats (1),,,automated-screen-clear
s2523,10,Fantasy/stories,The Planet That Wanted a Nickname,7b38cae5d0170d9ce495a09cb659bc53cb97d8a9fa62520d7243c2be603b26f5,61,5,18,12.2,18.03,1.64,designation (2); envies (1); affectionate (1); moons (1); polite (1); comet (1); crooked (1); accepts (1); astronomers (1); nickname (1),,,automated-screen-clear
s2524,10,Fantasy/stories,The Magician's Perfect Duplicate,cdfc1d9e3dc38224121b22a929ca0bd3964ccf321a051230152d4057e390d356,64,5,16,12.8,15.62,1.56,magician (2); duplicate (2); rests (1); improves (1); jealousy (1); dissolve (1); disagreeing (1); performers (1),,,automated-screen-clear
s2525,10,Fantasy/stories,The Door That Opened Only Once,b4bb5cf2e6a17770d37cec64cd4c53924999427b54aa2d9e6cd8ce19338c59fe,65,5,19,13,3.08,1.54,enchanted (1); unremarkable (1),,,automated-screen-clear
s2526,10,Nature and animals,The Nature Journal's Editorial Choice,f53b8be2aaeb1c401573fb07f7bd604144b1bc49c5534effdda326bf4ef88a4d,72,5,20,14.4,9.72,1.39,fictional (1); uncertain (1); publishes (1); invites (1); slower (1); preserves (1); erases (1),,,automated-screen-clear
s2527,10,Nature and animals,The Landscape Survey's Convenient Boundary,71c65ba45c08c3621d8f772134de4805a361d43606a765618091918aefdde1a1,68,5,18,13.6,8.82,0.0,fictional (1); observers (1); habitat (1); correction (1); geography (1); enlarged (1),,,automated-screen-clear
s2528,10,Nature and animals,The Familiar Path after an Absence,06d9d5ce16a7fa87e6ebe55480fa7a0bd7b135770c0ba78e62fa9ff026ec96a0,70,5,21,14,11.43,1.43,notices (1); disappearance (1); continuity (1); resists (1); unchanged (1); notebook (1); affection (1); entitle (1),,,automated-screen-clear
s2529,10,Nature and animals,The Unsuccessful Wildlife Photograph,3a1f0426cecf9c9f51304a58b938023e2946d6048ace827650fb45bc5f936d88,68,5,20,13.6,8.82,1.47,waits (1); reviewing (1); deletes (1); failures (1); preserves (1); absent (1),,,automated-screen-clear
s2530,10,Nature and animals,The Garden Designed for More Than a Photograph,a643fa902427deebf42789701532f8ea932857c6067261c3213800f2c639bd70,70,5,15,14,5.71,0.0,fictional (1); redesign (1); symmetrical (1); judged (1),,,automated-screen-clear
s2531,10,World affairs,The Policy Success with Several Explanations,a1948efe8a3dcc2e85e4f6367306046af4ed27548957527829e5fcb7feb3ca77,69,5,18,13.8,7.25,1.45,fictional (1); avoids (1); assigning (1); unsupported (1); slogan (1),,,automated-screen-clear
s2532,10,World affairs,The Emergency Procedure after the Emergency,16f565b0643af785c832f11b3bf505822daf74c9a7c19bd7be8306902706c5c4,71,5,18,14.2,14.08,1.41,fictional (1); schedules (1); solves (1); imposing (1); separates (1); burdens (1); retains (1); retires (1); acknowledges (1); outlive (1),,,automated-screen-clear
s2533,10,World affairs,The Public Argument over Different Questions,c245f3512ad81a17ce2b8596649be275d701d7a682cbdb6ab55633e114df52b0,69,5,21,13.8,11.59,0.0,fictional (1); hopelessly (1); moderator (1); separates (1); disagreement (1); vanish (1); contradictions (1); framing (1),,,automated-screen-clear
s2534,10,World affairs,The Shared Resource's Quiet Depletion,c0a91100653a20975cc690115e24aed2dcdf31f19ee4b8a9f34b62d01d50c3fd,65,5,20,13,16.92,1.54,fictional (1); cooperative (1); introduces (1); discusses (1); blaming (1); borrower (1); shortage (1); accumulation (1); misuse (1); preserving (1); cooperative's (1),,,automated-screen-clear
s2535,10,World affairs,The Accountability Report with a Real Audience,e62d7eadef9be15d453f291b3c528c9cf7a6e348b24e29e32c767afd6c680d6e,71,4,25,17.75,9.86,1.41,fictional (1); unreadable (1); prepares (1); unresolved (1); retaining (1); accountability (1); satisfy (1),,,automated-screen-clear
s2536,10,Everyday life,The Expertise I Could Not Transfer in One Conversation,91e9c8806ecfb05d395fffc447d6a930160d227a630a4524e9fa202d25bbee57,67,5,17,13.4,4.48,0.0,organize (1); noticing (1); familiarity (1),,,automated-screen-clear
s2537,10,Everyday life,The Annual Tradition We Renegotiated,a72cec4cae677e6ca0e8ed707ffbc017632db1aacfd9c55f93d40cb410591579,68,5,19,13.6,17.65,2.94,repeats (1); exhaustion (1); disloyal (1); affection (1); timetable (1); shorten (1); recognizably (1); reproducing (1); inconvenience (1); continuity (1); preserving (1); circumstance (1),,,automated-screen-clear
s2538,10,Everyday life,The Possession with an Expired Purpose,89cbdb02930c046aae30ba991abea64913c1a9856e9b1ad2a05be21a3c01bd66,70,5,19,14,8.57,0.0,abandoning (1); hobby (1); occupying (1); erasing (1); ambition (1); acknowledging (1),,,automated-screen-clear
s2539,10,Everyday life,The Opinion I Had Borrowed Unnoticed,1b843d204fc380d821acacad394800a601c1ccb0fd24a4024c5f7f5036ccc68b,72,6,18,12,4.17,0.0,confidently (1); distinctions (1); eventual (1),,,automated-screen-clear
s2540,10,Everyday life,The Week That Looked Empty on Paper,7863617a8123586962bf913a91de48d90672b98566ab1385e6fddd092024a72f,68,5,18,13.6,7.35,0.0,reviewing (1); resting (1); exhaustive (1); mattered (1); worthwhile (1),,,automated-screen-clear
s2541,10,History,The Archive's Order Was Not the Past's Order,d84820f898a4ad945347dd022799c1e58ebce0ce5a6360fb7c1780a3fd94fb9c,67,5,21,13.4,14.93,1.49,researcher (2); fictional (1); examining (1); neatly (1); misleading (1); reconstructs (1); archive (1); indispensable (1); interpret (1),,,automated-screen-clear
s2542,10,History,The Translation That Modernized a Dispute,96934f6e1c79603d04f95c1a6d00e34f5b29cf443f75e0417a8dc0acc3443ab2,66,5,18,13.2,18.18,0.0,fictional (1); translator (1); disagreement (1); recognizable (1); assumptions (1); absent (1); wording (1); chooses (1); elegant (1); unfamiliar (1); clarity (1); prematurely (1),,,automated-screen-clear
s2543,10,History,The Workshop Account's Apparent Efficiency,6ccee566b17729f242df4a7ebf85b740e0b0845209777606fd52861d1a46b0ee,70,5,22,14,12.86,2.86,fictional (1); ledger (1); unpaid (1); historian (1); combines (1); ledger's (1); unrecorded (1); irrelevant (1); concluding (1),,,automated-screen-clear
s2544,10,History,The Historical Room with Two Valid Dates,afa4457f996540f0073f43b7ed273427a5692c911824bfc28dafbe27c03b43a6,69,5,19,13.8,11.59,1.45,fictional (1); furnishings (1); simplify (1); misrepresenting (1); curator (1); successive (1); occupants (1); decorative (1),,,automated-screen-clear
s2545,10,History,The Famous Speech and the Later Copy,933e2f667f0e5781727daa6efd5f5299aaa3d583fa9aeb058fde85b9f9d2b8f3,61,4,20,15.25,16.39,1.64,fictional (1); researcher (1); distinguishes (1); wording (1); quotation (1); imply (1); verbal (1); certainty (1); preserves (1); exactness (1),,,automated-screen-clear
s2546,10,Science,The Optimized System and Its Unmeasured Cost,878ed223f9bcfad466b8c7d31a03e6e6af5ff5e5241af9c9e92018db8aa9b690,68,5,21,13.6,7.35,1.47,reduces (1); ignores (1); broadens (1); explicitly (1); optimization (1),,,automated-screen-clear
s2547,10,Science,The Confidence of a Small Sample,9595c8c43af130f95d8117f76325038142b3c737731e38173c8fff83091ed1c3,65,5,19,13,7.69,3.08,restraint (1); uninteresting (1); separating (1); encountering (1); generalizing (1),,,automated-screen-clear
s2548,10,Science,The Explanation That Arrived after the Outcome,86fa5a5ce009c15616cf5123982c8a9dc46ddcc967506bd5b0bbe6523f062e27,66,5,17,13.2,9.09,1.52,develops (1); elegant (1); hypothesis (1); idea's (1); worthless (1); determines (1),,,automated-screen-clear
s2549,10,Science,The Interface That Hid the Uncertainty,8d1e6f1fe9000046efe85715884037f6e94079eac4c043fc342d1c1fe2e6b51e,69,4,29,17.25,10.14,0.0,varying (1); distinguish (1); tentative (1); verified (1); improves (1); implying (1); consistency (1),,,automated-screen-clear
s2550,10,Science,The Reproduction with Documented Differences,ee0e2fe911b1afa9946584a2276dd326e8537f873625703f9e744c653c891c3c,63,5,20,12.6,11.11,0.0,reproduce (1); unresolved (1); discrepancy (1); misconduct (1); reproduction (1); structured (1); credibility (1),,,automated-screen-clear
s2551,10,Famous books,The Bags That Face Different Directions,c90eb6a06b376e4fdfe95703471faf4498792b746ec3d680537b5d82d49e0556,68,4,20,17,10.29,1.47,aesop (1); fable (1); faults (1); inspect (1); inconvenience (1); mistaken (1); readily (1),,,automated-screen-clear
s2552,10,Famous books,The Fox's Shelter and the Woodcutter's Hand,08dd20cbe16540ab432ea0caff81397af1de2fd5083a4bf7d8a65392e89e4926,61,5,17,12.2,24.59,3.28,hunters (2); fleeing (1); hides (1); woodcutter's (1); hut (1); woodcutter (1); denies (1); gestures (1); gesture (1); escapes (1); distinguishes (1); betraying (1); fable (1); simultaneous (1),,,automated-screen-clear
s2553,10,Famous books,The Boar Sharpening Its Tusks,d833f08f7660e1dec888cab5ea0612499c7dd6244bb47f4d5dfe1f8d0ac06b44,69,5,27,13.8,13.04,4.35,boar (2); sharpens (1); tusks (1); mocks (1); replies (1); fable (1); locates (1); usefulness (1),,,automated-screen-clear
s2554,10,Famous books,The Axe Handle Requested from the Trees,cfe8925300b11d727bb0e4036e9140a054a9e1cc4e236c423ce23c17feb10410,64,5,14,12.8,6.25,0.0,axe (1); fable (1); enabling (1); evaluated (1),,,automated-screen-clear
s2555,10,Famous books,The Shadow Included in the Hire,16117041cb77b2ffade8fb3741f1fcc1d87fded6929cdb0a2d6d3ce3f8e4f5b5,65,5,18,13,15.38,1.54,donkey (2); traveler (1); hires (1); absorbing (1); escapes (1); fable's (1); absurdity (1); interpretations (1); party's (1),,,automated-screen-clear
s2556,10,Mystery and adventure,The Evidence File's Invisible Conversion,cf98d034f17a691bd17e854faa6bec15735fe6ff51e56f67b964b4ccee7d0733,70,5,20,14,5.71,1.43,alarming (1); substitutions (1); verification (1); notation (1),,,automated-screen-clear
s2557,10,Mystery and adventure,The Witnesses Who Shared One Story,2a609b25ae0a5c1e096cf0e96c05bc64ab9eb4ab3c6c3c7bcc079db425bb4936,63,5,23,12.6,19.05,3.17,decisive (1); sincere (1); similarity (1); corroboration (1); investigator (1); separates (1); recollection (1); afterward (1); preserving (1); granting (1); repetition (1); evidential (1),,,automated-screen-clear
s2558,10,Mystery and adventure,The Anomaly at the Day's Boundary,9a8a65b6f8ce55131c85312511a6f787901c2f9cfe025153e57a3894e4fb3cf9,67,5,16,13.4,7.46,0.0,unexplained (1); spike (1); rebuilding (1); removes (1); anomaly (1),,,automated-screen-clear
s2559,10,Mystery and adventure,The Missing Page That Was Never Printed,8084e35ff43dba02598618e001bec2808db4538e0b3db139705f45cffdc57111,65,5,17,13,20.0,4.62,numbering (2); collector (1); suspects (1); booklet (1); jumps (1); examining (1); succeeds (1); elaborating (1); object's (1); defect (1); discontinuity (1); mistaken (1),,,automated-screen-clear
s2560,10,Mystery and adventure,The Search Result That Remembered an Old Claim,7c8781bfecfbf076096b739b82cb97940667555244d647f2498dbbd23d912bf1,60,5,16,12,15.0,0.0,preview (2); corrects (1); webpage (1); quoting (1); correction (1); refresh (1); disagreement (1); consulted (1),,,automated-screen-clear
s2561,10,Travel and culture,The Authenticity Asked of One Afternoon,ac5f218aaf3546c6836afddbbb507d7fa9d12209714c8af4aabdc8678cb5c4a7,68,4,26,17,7.35,1.47,divides (1); answerable (1); cautious (1); approving (1); compress (1),,,automated-screen-clear
s2562,10,Travel and culture,The City Seen through Its Maintenance,5b7ad9119d71c799cbdc4fe6bb0835eb8173d41f790b72434d1e2de6cc17b57a,67,4,28,16.75,13.43,0.0,noticing (1); entrances (1); repaired (1); paving (1); landmarks (1); admire (1); attractions (1); continually (1); usable (1),,,automated-screen-clear
s2563,10,Travel and culture,The Guide's Account and the Resident's Memory,9b798664434a66bdeb61500b378821cc7605bd8a7179dd7c885157d2e53f04f4,70,4,27,17.5,10.0,0.0,concise (1); stall (1); vanished (1); scales (1); contradicting (1); notebook (1); inhabited (1),,,automated-screen-clear
s2564,10,Travel and culture,The Return Journey's Unplanned Conversation,90cf838a6d36bfa2cf7775bc6b40dd0d30f8d071abe8d7b985ccc41785578225,66,4,26,16.5,13.64,0.0,disruption (2); traveler (1); memorable (1); reluctant (1); fortunate (1); inconvenience (1); unwanted (1); canceling (1),,,automated-screen-clear
s2565,10,Travel and culture,The Photograph Explained by Its Absence,58965edfc4485ac9b14490a24e07e1f0e04cd9f83f03cef8d44e57e6e904f385,70,4,20,17.5,5.71,0.0,remembering (2); exclude (1); portable (1),,,automated-screen-clear
s2566,10,People and biography,The Statistician's Refusal to Rank,53b286398c02228da48093d573e9796f549d0fd74e2f337842a71ca3a60fb136,63,4,19,15.75,17.46,6.35,fictional (1); amara (1); statistician (1); incompatible (1); definitions (1); narrower (1); requester's (1); polished (1); conceal (1); amara's (1); calculate (1),,very-low-frequency,needs-editorial-review
s2567,10,People and biography,The Biographer's Unavailable Interior,6a21117262fadfc7f5679c471d7df53088b8bfbd621737f53ec61d03f2d21ad3,70,5,23,14,24.29,2.86,interpretations (2); fictional (1); julian (1); motives (1); obscure (1); resists (1); supplying (1); monologue (1); smoother (1); plausible (1); biography (1); restraint (1); protects (1); reconstructing (1); inventing (1),,,automated-screen-clear
s2568,10,People and biography,The Designer's Discovery after Delivery,33d059a004eed449a8980646464fdf9f136bf559de869e4cd8932503c9dbdcd1,68,5,24,13.6,8.82,2.94,fictional (1); keiko (1); observing (1); unmet (1); investigates (1); misuse (1),,,automated-screen-clear
s2569,10,People and biography,The Director's Credit at the End,80156b0502389d559d18dd29bf175a921a3ebcb8155395918f305444aff6b7df,62,4,22,15.5,14.52,1.61,fictional (1); rafael (1); production's (1); coherence (1); replaces (1); solitary (1); authorship (1); coordination (1); negotiated (1),,,automated-screen-clear
s2570,10,People and biography,The Scholar's Changed Mind in Print,9a9f5d22368e16c8db7a2da4e7054cdf8979e6792a2f6e7a0c3f4a101a17ba92,69,5,19,13.8,14.49,1.45,preserving (2); fictional (1); leila (1); publishes (1); correction (1); identifies (1); revision (1); vindication (1); continuity (1),,,automated-screen-clear
