id,level,topic,title,word_count,sentence_count,avg_sentence_words,mean_zipf_frequency,low_frequency_pct,very_low_frequency_pct,long_word_pct,probable_proper_noun_types,lexical_flags,syntax_flag,status
s001,5,Fantasy/stories,Lantern Keeper,247,25,9.88,5.949,5.39,0.0,2.49,1,,no,within-guardrails
s002,5,Nature and animals,Octopus Who Changed Color,285,19,15.0,5.758,5.15,1.1,7.35,3,,no,within-guardrails
s003,5,World affairs,A City Without Cars,300,23,13.04,5.854,2.67,0.0,9.67,0,,no,within-guardrails
s004,5,Everyday life,Last Seat on the Train,257,21,12.24,5.883,3.66,0.0,5.69,2,,no,within-guardrails
s005,5,History,Girl Who Delivered Letters,280,13,21.54,5.843,4.32,0.36,9.35,2,,no,within-guardrails
s006,5,Science,Why Bread Rises,266,13,20.46,5.762,10.53,1.13,5.64,0,,no,within-guardrails
s007,6,Fantasy/stories,Cartographer's Mistake,305,22,13.86,5.729,7.12,1.69,8.81,3,,no,within-guardrails
s008,6,Nature and animals,How Birds Can Change Their Migration Routes,220,14,15.71,5.544,7.27,0.45,18.64,0,,no,within-guardrails
s009,6,World affairs,The Fishing Village That Said No,316,15,21.07,5.725,3.16,0.32,18.99,0,,no,within-guardrails
s010,6,Everyday life,Learning to Cook From Scratch,271,13,20.92,5.697,5.41,0.77,12.36,2,,no,within-guardrails
s011,6,History,Bridge Built in a Single Winter,305,11,27.73,5.679,6.89,0.66,17.7,0,,no,within-guardrails
s012,6,Science,What the Brain Does During Sleep,223,14,15.93,5.629,4.5,0.9,20.72,1,,no,within-guardrails
s013,7,Fantasy/stories,Clockmaker's Apprentice,387,13,29.77,5.519,8.62,2.09,20.63,1,,no,within-guardrails
s014,7,Nature and animals,Leafcutter Ants and Their Fungus Garden,224,15,14.93,5.592,11.61,0.89,18.3,0,,no,within-guardrails
s015,7,World affairs,When a River Crosses a Border,347,11,31.64,5.123,17.24,1.44,41.38,0,long-words,no,vocabulary-review
s016,7,Everyday life,Apartment Above the Bakery,352,13,27.08,5.483,13.83,2.31,20.17,2,,no,within-guardrails
s017,7,History,Telegraph Operator Who Changed a War,414,13,31.85,5.384,14.63,1.95,34.63,1,,no,within-guardrails
s018,7,Science,Spirals in Seashell Growth,211,14,15.07,5.593,9.48,0.95,16.11,0,,no,within-guardrails
s019,8,Fantasy/stories,Archivist's Debt,446,13,34.31,5.432,17.85,3.2,27.69,4,,no,within-guardrails
s020,8,Nature and animals,Life Around Deep-Sea Hydrothermal Vents,227,17,13.29,5.377,13.84,3.12,24.11,2,,no,within-guardrails
s021,8,World affairs,The Currency No Government Controls,377,10,37.7,5.077,19.36,1.59,47.48,0,long-words,no,vocabulary-review
s022,8,Everyday life,Neighbor Who Kept Score,389,11,35.55,5.422,15.04,1.85,27.44,3,,no,within-guardrails
s023,8,History,Committee That Erased Itself,397,11,36.09,5.344,14.61,1.76,39.04,0,,no,within-guardrails
s024,8,Science,The Memory That Isn't Where You Think It Is,389,12,32.5,5.189,16.67,3.08,39.49,0,,no,within-guardrails
s025,5,Fantasy/stories,Baker Who Whispered to Bread,260,20,13.0,5.772,8.33,0.42,8.75,5,,no,within-guardrails
s026,5,Fantasy/stories,Door That Only Opened at Noon,242,16,15.12,5.737,6.69,0.84,5.44,1,,no,within-guardrails
s027,6,Fantasy/stories,The Tailor's Invisible Thread,242,14,17.29,5.621,11.44,2.54,13.56,1,,no,within-guardrails
s028,6,Fantasy/stories,River That Remembered Names,231,10,23.1,5.581,12.17,1.3,17.83,1,,no,within-guardrails
s029,7,Fantasy/stories,Clockmaker's Second Apprentice,271,9,30.11,5.473,12.26,1.92,25.67,2,,no,within-guardrails
s030,7,Fantasy/stories,The Garden Grown From Borrowed Time,275,11,25.0,5.464,8.85,1.54,26.15,3,,no,within-guardrails
s031,8,Fantasy/stories,Cartographer Who Sold Directions,300,8,37.62,5.236,12.16,1.69,33.45,2,,no,within-guardrails
s032,8,Fantasy/stories,Innkeeper's Ledger of Debts,296,8,37.0,5.148,18.6,3.51,36.14,3,,no,within-guardrails
s033,5,Nature and animals,The Crow Who Remembered Faces,234,13,18.0,5.688,7.56,0.89,16.89,1,,no,within-guardrails
s034,5,Nature and animals,How Trees and Fungi Exchange Resources Underground,202,14,14.43,5.466,9.9,0.5,22.77,0,,no,within-guardrails
s035,6,Nature and animals,Fish That Climbs Waterfalls,256,11,23.36,5.405,12.94,1.96,20.39,2,,no,within-guardrails
s036,6,Nature and animals,The Bees That Vote With Their Bodies,262,9,29.44,5.363,13.21,1.51,29.81,0,,no,within-guardrails
s037,7,Nature and animals,Elephant's Long Memory for Grief,299,9,33.33,5.227,15.38,2.34,36.79,1,long-words,no,vocabulary-review
s038,7,Nature and animals,Bird That Fakes a Broken Wing,172,13,13.23,5.762,3.49,1.16,4.07,0,,no,within-guardrails
s039,8,Nature and animals,The Fungus That Controls an Ant's Mind,326,7,46.86,5.022,25.91,3.66,36.59,0,low-frequency,yes,vocabulary-review
s040,8,Nature and animals,How Humpback Whale Songs Spread,205,12,17.08,5.555,7.92,0.5,21.29,3,,no,within-guardrails
s041,5,World affairs,Town That Shared One Library Book,253,13,19.46,5.786,3.98,0.0,12.35,1,,no,within-guardrails
s042,8,World affairs,A School With No Walls,242,11,22.0,5.475,7.11,0.84,24.27,2,,no,within-guardrails
s043,8,World affairs,Island Nation Selling Its Weather,267,9,29.67,5.256,12.36,1.12,42.7,0,long-words,no,vocabulary-review
s044,8,World affairs,City That Rented Out Its Rooftops,282,9,31.33,5.198,11.7,0.0,38.3,0,,no,within-guardrails
s045,8,World affairs,The Border That Moves Every Spring,334,9,37.11,5.127,18.26,2.69,41.32,0,,no,within-guardrails
s046,7,World affairs,Country Without an Official Language,307,10,30.7,5.222,14.33,2.61,45.93,0,long-words,no,vocabulary-review
s047,8,World affairs,Treaty No One Remembers Signing,344,9,38.22,5.196,14.83,1.74,39.53,0,,no,within-guardrails
s048,8,World affairs,The River Two Countries Refuse to Stop Sharing,328,9,36.44,5.111,13.41,1.22,42.68,0,long-words,no,vocabulary-review
s049,5,Everyday life,Umbrella That Belonged to Everyone,217,11,19.73,5.742,8.45,0.47,15.02,3,,no,within-guardrails
s050,5,Everyday life,Learning to Ride a Bike at Forty,239,13,18.38,5.624,9.55,0.45,14.09,4,,no,within-guardrails
s051,6,Everyday life,The Neighbor's Garden Wall,235,11,21.45,5.641,7.05,1.32,17.18,3,,no,within-guardrails
s052,6,Everyday life,Waiting for the Repairman,237,8,29.75,5.51,11.11,0.85,23.5,2,,no,within-guardrails
s053,7,Everyday life,Silence After the Renovation,216,17,12.71,5.73,7.51,1.41,17.37,1,,no,within-guardrails
s054,7,Everyday life,The Habit of Sunday Phone Calls,216,19,11.37,5.779,2.37,0.0,14.69,2,,no,within-guardrails
s055,8,Everyday life,Inheritance of an Empty House,373,9,41.44,5.346,11.44,3.0,31.88,2,,no,within-guardrails
s056,8,Everyday life,Ritual of the Late Train,398,10,40.1,5.566,8.31,1.01,23.68,1,,no,within-guardrails
s057,5,History,The Boy Who Rang the Wrong Bell,264,10,26.4,5.668,10.38,0.38,15.38,1,,no,within-guardrails
s058,8,History,Map Made of Sticks,259,10,25.9,5.356,11.33,1.95,24.22,2,,no,within-guardrails
s059,8,History,Winter the River Became a Road,310,8,38.75,5.253,11.94,0.97,30.0,0,,no,within-guardrails
s060,8,History,The Queen Who Never Left Her Room,308,8,38.5,5.417,7.82,0.0,33.55,1,,no,within-guardrails
s061,7,History,Clerk Who Saved a City's Records,371,12,30.92,5.354,11.48,1.37,33.06,1,,no,within-guardrails
s062,8,History,Expedition That Got the Math Wrong,364,10,36.4,5.304,17.31,2.2,37.64,0,,no,within-guardrails
s063,8,History,The Diplomat Who Negotiated in Silence,386,8,48.25,5.175,18.91,2.59,45.85,0,long-words,yes,vocabulary-review
s064,8,History,Census That Counted the Wrong Century,356,8,44.5,5.238,16.01,2.81,43.26,0,long-words,yes,vocabulary-review
s065,8,Science,Why Onions Make You Cry,249,9,27.67,5.559,11.24,0.4,16.06,0,,no,within-guardrails
s066,8,Science,How Spiders Build Without a Plan,262,7,37.57,5.482,9.51,0.76,17.49,0,,no,within-guardrails
s067,6,Science,Ice That Doesn't Melt Evenly,265,8,33.38,5.271,17.98,2.25,20.97,0,low-frequency,yes,vocabulary-review
s068,6,Science,Why Some Metals Remember Their Shape,266,9,29.78,5.295,14.93,2.61,29.85,0,,no,within-guardrails
s069,7,Science,The Bacteria That Eat Plastic,336,7,48.86,5.179,13.45,1.17,40.06,0,long-words,yes,vocabulary-review
s070,8,Science,Do Plants Feel Pain?,201,16,12.56,5.509,6.47,1.49,25.87,0,,no,within-guardrails
s071,8,Science,Particle That Barely Exists,382,8,47.75,5.123,17.6,3.73,44.0,1,long-words,yes,vocabulary-review
s072,8,Science,The Clock That Runs Faster on a Mountain,395,8,49.38,5.046,22.37,4.37,40.62,2,low-frequency,yes,vocabulary-review
s073,5,Famous books,Scrooge Sees His Past,213,18,11.83,5.964,0.0,0.0,5.53,5,,no,within-guardrails
s074,5,Famous books,Scrooge Meets the Second Spirit,201,17,11.82,5.813,3.41,0.0,11.36,8,,no,within-guardrails
s075,6,Famous books,Elizabeth Meets Mr Darcy,194,20,9.7,5.751,5.68,0.0,15.34,5,,no,within-guardrails
s076,6,Famous books,Darcy's First Proposal,203,21,9.67,5.81,3.66,0.0,15.71,4,,no,within-guardrails
s077,7,Famous books,Pip Meets the Convict,193,17,11.47,5.845,3.21,0.0,13.37,3,,no,within-guardrails
s078,7,Famous books,Pip Visits Miss Havisham,191,16,11.94,5.732,4.62,0.0,10.4,6,,no,within-guardrails
s079,8,Famous books,A Tale of Two Cities Begins,200,15,13.33,5.728,5.56,0.0,16.11,11,,no,within-guardrails
s080,8,Famous books,Doctor Manette Returns to Life,201,17,11.82,5.734,5.52,0.55,17.13,8,,no,within-guardrails
s081,5,Fantasy/stories,The Lantern That Only Lights for Honest People,251,15,16.73,5.719,9.56,1.59,15.54,0,,no,within-guardrails
s082,6,Fantasy/stories,Weaver Who Sold Dreams by the Yard,261,9,29.0,5.445,11.72,2.34,21.88,2,,no,within-guardrails
s083,7,Fantasy/stories,Apprentice Who Inherited a Debt of Silence,216,18,12.0,5.756,7.77,0.49,19.42,4,,no,within-guardrails
s084,8,Fantasy/stories,The Bridge That Charges a Different Toll to Everyone,344,9,38.22,5.236,14.91,1.17,38.3,2,,no,within-guardrails
s085,5,Nature and animals,What Octopus Color Changes Can Signal,257,8,32.12,5.265,12.45,3.11,28.4,0,very-low-frequency|long-words,yes,vocabulary-review
s086,6,Nature and animals,Ants That Build Living Bridges,196,17,11.53,5.658,6.12,0.0,9.69,0,,no,within-guardrails
s087,8,Nature and animals,The Bat That Navigates by Borrowed Echoes,299,8,37.5,5.098,19.0,6.0,36.33,0,very-low-frequency,no,vocabulary-review
s088,8,Nature and animals,How Corals Record Past Ocean Conditions,208,14,14.86,5.45,11.54,0.96,21.15,0,,no,within-guardrails
s089,6,World affairs,Village That Grows Its Own Electricity,269,9,29.89,5.373,11.52,1.86,29.74,0,,no,within-guardrails
s090,6,World affairs,The City That Banned Cars for a Day,282,9,31.33,5.339,9.29,0.36,38.21,2,long-words,no,vocabulary-review
s091,7,World affairs,Nation That Measures Progress by Happiness,300,8,37.62,5.151,14.29,1.66,46.84,0,long-words,yes,vocabulary-review
s092,8,World affairs,Two Cities Sharing One Airport,360,10,36.0,5.209,9.17,1.39,41.94,0,,no,within-guardrails
s093,5,Everyday life,The Recipe Card With No Measurements,239,11,21.73,5.48,9.05,0.0,17.19,3,,no,within-guardrails
s094,6,Everyday life,Commute That Became a Friendship,203,17,11.94,5.733,6.19,0.0,14.95,3,,no,within-guardrails
s095,7,Everyday life,Year Without a Microwave,215,17,12.65,5.661,7.11,0.0,16.11,3,,no,within-guardrails
s096,8,Everyday life,The Father's Silence and the Son's Questions,327,8,40.88,5.204,12.5,2.5,35.62,2,,no,within-guardrails
s097,5,History,Drummer Who Warned a Village,209,18,11.61,5.781,5.39,0.49,7.35,1,,no,within-guardrails
s098,7,History,Coin With Two Different Faces,317,8,39.62,5.341,12.3,2.52,36.59,0,long-words,yes,vocabulary-review
s099,7,History,The Interpreter Who Refused to Translate,347,9,38.56,5.29,15.5,3.22,39.18,2,long-words,yes,vocabulary-review
s100,8,History,Governor Who Ruled by Letter Only,381,9,42.33,5.219,16.01,2.36,44.36,0,long-words,yes,vocabulary-review
s101,5,Science,Why Cats Always Land on Their Feet,172,16,10.81,5.78,5.85,0.58,11.11,1,,no,within-guardrails
s102,6,Science,The Salt That Preserves Without Cold,279,9,31.44,5.306,9.89,2.47,29.33,0,,no,within-guardrails
s103,7,Science,Fungus That Glows in the Dark,162,15,10.87,5.704,10.43,0.61,6.13,0,,no,within-guardrails
s104,8,Science,Star That Refuses to Die Quietly,350,9,39.33,5.19,15.34,1.42,40.06,1,,no,within-guardrails
s105,5,Famous books,Scrooge Wakes on Christmas Morning,213,19,11.21,5.953,3.06,0.0,11.22,6,,no,within-guardrails
s106,6,Famous books,The Crisis Caused by Lydia,199,17,11.71,5.868,5.08,0.0,13.56,10,,no,within-guardrails
s107,7,Famous books,Pip Learns Who Helped Him,208,19,10.95,5.814,7.25,0.52,15.54,7,,no,within-guardrails
s108,8,Famous books,Carton and Darnay Look Alike,201,19,10.58,5.728,7.57,0.0,17.84,7,,no,within-guardrails
s109,9,Fantasy/stories,Cartomancer's Final Reading,476,11,43.55,5.346,14.19,3.55,28.16,3,,no,within-guardrails
s110,9,Fantasy/stories,Puppeteer Who Lost the Strings,452,10,45.4,5.188,20.72,3.83,36.49,2,,no,within-guardrails
s111,10,Fantasy/stories,The Alchemist's Unfinished Equation,538,10,54.2,5.036,19.77,4.52,44.07,4,,no,within-guardrails
s112,10,Fantasy/stories,Keeper of Names No One Speaks,530,10,53.1,5.164,17.87,3.42,37.83,3,,no,within-guardrails
s113,9,Nature and animals,How Instinct and Experience Guide Bird Migration,206,16,12.88,5.474,8.82,0.49,26.96,2,,no,within-guardrails
s114,9,Nature and animals,How Cleaner Fish Trade a Service,200,13,15.38,5.504,10.5,0.5,22.0,0,,no,within-guardrails
s115,10,Nature and animals,Ecosystem Hidden Beneath the Ice,483,9,54.0,4.999,16.35,3.56,47.38,5,,no,within-guardrails
s116,10,Nature and animals,What Scientists Mean by Self-Domestication,215,14,15.36,5.456,12.68,1.41,28.64,1,,no,within-guardrails
s117,9,World affairs,The Currency Backed by Trust Alone,469,12,39.08,5.163,13.86,0.64,46.7,0,,no,within-guardrails
s118,9,World affairs,Parliament That Meets Underwater,507,12,42.42,5.074,13.75,1.38,42.83,0,,no,within-guardrails
s119,10,World affairs,Diplomatic Immunity That Outlived Its Purpose,528,10,53.0,5.056,14.15,1.53,48.37,1,,no,within-guardrails
s120,10,World affairs,The Federation That Never Formally Existed,476,12,39.67,5.102,14.5,1.26,50.42,0,,no,within-guardrails
s121,9,Everyday life,Grief That Arrived Years Late,507,12,42.42,5.314,9.96,1.79,33.67,2,,no,within-guardrails
s122,9,Everyday life,Language Two Siblings Invented,451,10,45.2,5.179,14.61,2.74,42.92,5,,no,within-guardrails
s123,10,Everyday life,The Inheritance of an Unfinished Argument,559,12,46.83,5.327,12.39,1.09,35.88,2,,no,within-guardrails
s124,10,Everyday life,Correspondence That Outlasted the Marriage,553,11,50.55,5.315,14.23,2.55,34.67,2,,no,within-guardrails
s125,9,History,Cartographer Who Erased a Kingdom,554,13,42.62,5.158,17.22,3.48,44.32,2,,no,within-guardrails
s126,9,History,The Famine That Rewrote a Legal Code,554,13,42.62,5.044,16.43,3.07,42.06,0,,no,within-guardrails
s127,10,History,Empire That Governed by Rumor,582,12,48.5,5.058,17.65,3.46,51.04,1,,no,within-guardrails
s128,10,History,Scribe Who Forged His Own Death,600,13,46.15,5.269,10.83,1.52,42.3,2,,no,within-guardrails
s129,9,Science,How a Small Biological Change Can Affect a Food Web,205,12,17.08,5.572,10.73,0.98,22.44,0,,no,within-guardrails
s130,9,Science,Memory That Exists Outside the Brain,473,12,39.83,4.965,19.33,2.52,44.12,1,,no,within-guardrails
s131,10,Science,Symmetry That Physics Cannot Explain,589,11,53.91,5.045,17.12,4.92,47.29,1,,no,within-guardrails
s132,10,Science,The Jellyfish That Can Reverse Its Life Cycle,525,12,43.75,5.074,15.24,2.86,44.76,0,,no,within-guardrails
s133,9,Famous books,Elizabeth Reconsiders Mr Darcy,220,16,13.75,5.641,8.29,0.49,20.49,8,,no,within-guardrails
s134,9,Famous books,The Creature Argues for Justice,214,18,11.94,5.577,9.13,0.96,22.6,4,,no,within-guardrails
s135,10,Famous books,Gulliver's Travels as Political Satire,242,16,15.12,5.515,14.72,1.3,23.81,8,,no,within-guardrails
s136,10,Famous books,Frankenstein and the Creator's Responsibility,256,19,13.53,5.666,6.4,0.8,23.6,3,,no,within-guardrails
s137,5,Fantasy/stories,Chair That Remembers Who Sat In It,279,14,20.0,5.714,7.14,0.0,14.29,0,,no,within-guardrails
s138,6,Fantasy/stories,The Miller Who Ground Silence Into Flour,273,9,30.67,5.345,12.83,1.13,20.0,4,,no,within-guardrails
s139,7,Fantasy/stories,Locksmith Who Sold Second Chances,219,20,10.95,5.687,4.65,1.4,22.33,1,,no,within-guardrails
s140,8,Fantasy/stories,Shepherd Who Herded Forgotten Wishes,442,13,34.0,5.279,15.08,2.55,30.16,3,,no,within-guardrails
s141,9,Fantasy/stories,The Glassblower Who Trapped a Single Regret,429,10,43.0,5.285,16.51,2.36,33.49,1,,no,within-guardrails
s142,10,Fantasy/stories,Astronomer Who Charted a Sky That Wasn't There,439,9,48.78,4.943,24.71,3.73,47.55,3,,no,within-guardrails
s143,5,Nature and animals,Squirrel That Plants a Forest by Accident,185,17,10.88,5.617,8.89,2.78,6.11,1,very-low-frequency,no,vocabulary-review
s144,6,Nature and animals,The Frog That Freezes Solid and Survives,325,7,46.43,5.262,13.54,3.38,28.92,0,very-low-frequency,yes,vocabulary-review
s145,7,Nature and animals,Spider That Fishes on the Water,218,17,12.94,5.453,12.27,1.82,13.64,0,,no,within-guardrails
s146,8,Nature and animals,"Black Walnut, Juglone, and Plant Competition",197,13,15.15,5.374,10.66,2.54,21.32,0,,no,within-guardrails
s147,9,Nature and animals,The Fish That Changes Sex to Save the Group,406,9,45.22,5.299,14.25,1.72,35.38,0,,no,within-guardrails
s148,10,Nature and animals,Genome That Contains an Ancient Virus's Instructions,472,9,53.33,5.058,18.66,2.73,40.88,1,,no,within-guardrails
s149,5,World affairs,Town That Pays Its Bus Fares in Books,198,18,11.0,5.72,6.06,0.0,13.64,0,,no,within-guardrails
s150,8,World affairs,The Country That Sends Its Trash to Make Electricity,358,10,35.8,5.246,10.06,1.4,40.78,0,,no,within-guardrails
s151,7,World affairs,City That Elected a Committee of Children,379,9,42.11,5.207,10.29,0.79,40.9,0,long-words,yes,vocabulary-review
s152,8,World affairs,Nation That Rents Its Army to the United Nations,448,9,49.78,5.134,17.39,1.37,47.83,2,long-words,yes,vocabulary-review
s153,9,World affairs,The Region That Prints Its Own Local Currency Alongside the National One,449,12,37.42,5.286,8.69,0.45,41.2,0,,no,within-guardrails
s154,10,World affairs,Court That Has No Country to Enforce Its Rulings,512,10,51.4,5.189,10.12,0.58,43.58,0,,no,within-guardrails
s155,5,Everyday life,Jar of Coins Saved for Nothing in Particular,277,11,25.18,5.616,8.42,0.73,16.12,2,,no,within-guardrails
s156,6,Everyday life,The Neighbor Who Waters Plants While You're Away,194,17,11.41,5.662,8.06,0.54,15.59,2,,no,within-guardrails
s157,7,Everyday life,Apartment That Echoes Differently at Night,212,19,11.16,5.691,8.17,0.96,17.31,2,,no,within-guardrails
s158,8,Everyday life,Promise Kept Long After It Was Forgotten,425,11,38.91,5.405,11.24,1.2,30.38,2,,no,within-guardrails
s159,9,Everyday life,The Silence That Followed a Retirement,473,11,43.27,5.341,8.3,1.28,32.98,1,,no,within-guardrails
s160,10,Everyday life,House That Two Siblings Could Not Agree to Sell,454,9,50.89,5.272,11.83,1.12,39.06,4,,no,within-guardrails
s161,6,History,Well That Never Ran Dry,235,18,13.06,5.725,4.26,0.43,15.32,0,,no,within-guardrails
s162,8,History,The Merchant Who Paid His Taxes in Salt,380,10,38.0,5.138,13.53,3.45,41.64,2,,no,within-guardrails
s163,7,History,Bridge Built to Be Destroyed,419,10,41.9,5.239,11.81,1.93,39.28,2,long-words,yes,vocabulary-review
s164,8,History,Treaty Signed by Two Men Who Never Met,411,11,37.36,5.176,18.49,1.7,42.34,0,long-words,no,vocabulary-review
s165,9,History,The Regent Who Ruled for a Single Afternoon,444,11,40.36,5.193,17.19,2.26,39.59,1,,no,within-guardrails
s166,10,History,Archive That Survived by Being Ignored,517,11,47.0,5.166,10.22,1.57,49.9,1,,no,within-guardrails
s167,5,Science,Why Bananas Turn Brown So Quickly,309,7,44.14,5.36,12.66,6.17,16.23,1,very-low-frequency,yes,vocabulary-review
s168,6,Science,How Bread Mold Grows Even in the Fridge,337,11,30.82,5.236,14.41,0.9,25.83,2,,no,within-guardrails
s169,7,Science,Reason Metal Feels Colder Than Wood,376,11,34.18,5.269,13.3,1.6,32.98,0,,no,within-guardrails
s170,8,Science,Gas That Makes Deep Divers Talk Strangely,403,10,41.0,4.989,20.98,1.95,37.8,0,low-frequency,no,vocabulary-review
s171,9,Science,How Proteins Find a Working Shape,203,14,14.5,5.412,12.81,1.97,24.14,0,,no,within-guardrails
s172,10,Science,Vacuum That Isn't Actually Empty,456,9,50.78,4.963,14.98,3.52,43.83,2,,no,within-guardrails
s173,5,Famous books,The Mutiny Begins,209,22,9.5,5.874,4.26,0.0,8.51,10,,no,within-guardrails
s174,6,Famous books,Victor Brings the Creature to Life,202,18,11.22,5.884,4.1,0.0,18.97,2,,no,within-guardrails
s175,7,Famous books,The Bishop and the Candlesticks,205,18,11.39,5.753,4.55,1.01,10.61,2,,no,within-guardrails
s176,8,Famous books,Sydney Carton's Final Choice,199,18,11.06,5.807,6.04,1.1,13.74,8,,no,within-guardrails
s177,9,Famous books,Valjean Faces an Impossible Choice,228,16,14.25,5.722,6.54,0.0,15.89,3,,no,within-guardrails
s178,10,Famous books,"Moby-Dick: Fate, Freedom, and Obsession",252,21,12.05,5.604,9.75,0.42,19.49,7,,no,within-guardrails
s179,5,Fantasy/stories,Baker's Daughter Who Could Taste Lies,314,13,24.15,5.724,5.86,0.0,13.03,2,,no,within-guardrails
s180,5,Fantasy/stories,The Scarecrow That Learned to Whistle,298,12,24.92,5.504,13.65,2.39,16.04,2,low-frequency,no,vocabulary-review
s181,6,Fantasy/stories,Cobbler Who Mended Broken Promises,350,13,26.92,5.521,7.6,1.75,21.93,3,,no,within-guardrails
s182,6,Fantasy/stories,Ferryman Who Only Crossed at Midnight,179,16,11.19,5.838,3.41,0.0,9.09,1,,no,within-guardrails
s183,7,Fantasy/stories,The Beekeeper Who Traded Honey for Memories,224,20,11.2,5.75,7.34,0.46,13.76,2,,no,within-guardrails
s184,7,Fantasy/stories,Mapmaker's Daughter Who Drew What Wasn't There Yet,340,10,34.0,5.417,9.34,1.81,27.71,2,,no,within-guardrails
s185,8,Fantasy/stories,Potter Who Shaped Silence Into Bowls,395,10,39.6,5.395,7.97,1.29,25.19,2,,no,within-guardrails
s186,8,Fantasy/stories,The Watchmaker Who Sold Borrowed Mornings,433,11,39.55,5.357,9.77,1.63,31.63,2,,no,within-guardrails
s187,5,Nature and animals,How Woodpeckers Withstand Repeated Pecking,204,13,15.69,5.516,12.25,4.41,15.69,0,very-low-frequency,no,vocabulary-review
s188,5,Nature and animals,Owl That Hunts by Sound Alone,297,11,27.27,5.361,13.33,2.33,20.67,0,low-frequency,yes,vocabulary-review
s189,6,Nature and animals,The Turtle That Breathes Through Its Skin,214,15,14.27,5.674,7.94,0.47,10.75,0,,no,within-guardrails
s190,6,Nature and animals,Plant That Traps Insects for Dinner,182,16,11.38,5.762,7.18,0.55,5.52,1,,no,within-guardrails
s191,7,Nature and animals,The Bird That Builds a Bower to Attract Mates,345,9,38.33,5.045,17.97,4.06,35.07,0,low-frequency|very-low-frequency,yes,vocabulary-review
s192,7,Nature and animals,The Shrimp That Sees Colors Humans Cannot,323,9,36.0,5.151,15.51,1.9,29.11,1,,no,within-guardrails
s193,8,Nature and animals,Tardigrade That Survives the Vacuum of Space,365,9,40.89,5.122,12.53,4.63,42.23,1,long-words,no,vocabulary-review
s194,8,Nature and animals,A Giant Fungus Beneath the Forest,395,10,39.5,5.122,15.7,2.78,40.76,0,,no,within-guardrails
s195,5,World affairs,The Town Where Everyone Owns a Piece of the Bakery,337,8,42.12,5.533,6.53,0.0,27.3,0,long-words,yes,vocabulary-review
s196,6,World affairs,School Bus That Doubles as a Mobile Library,219,19,11.53,5.679,1.83,0.0,12.33,0,,no,within-guardrails
s197,6,World affairs,City That Turned Its Empty Lots Into Gardens,368,10,36.8,5.237,7.61,0.27,39.13,0,long-words,yes,vocabulary-review
s198,7,World affairs,The Country That Requires Every Law to Expire,429,13,33.0,5.19,16.08,2.1,35.66,0,,no,within-guardrails
s199,7,World affairs,Village That Votes by Placing Stones in Jars,408,9,45.33,5.183,13.97,0.25,39.71,0,long-words,yes,vocabulary-review
s200,8,World affairs,Nation That Shares Its Border Guards With a Neighbor,441,12,36.75,5.176,7.94,0.45,41.95,0,,no,within-guardrails
s201,8,World affairs,The City-State That Outsources Its Own Foreign Policy,506,13,38.92,5.276,9.29,0.79,45.45,0,long-words,no,vocabulary-review
s202,8,World affairs,Country Whose Constitution Fits on a Single Page,472,13,36.31,5.163,15.25,2.75,42.8,0,long-words,no,vocabulary-review
s203,5,Everyday life,Sweater That Outlived Three Winters,293,10,29.5,5.383,13.15,2.08,22.84,2,low-frequency,yes,vocabulary-review
s204,5,Everyday life,The Morning Walk That Became a Habit,194,17,11.41,5.888,2.14,0.0,6.95,3,,no,within-guardrails
s205,6,Everyday life,Potluck Dinner That Started By Accident,199,16,12.44,5.785,5.13,1.54,12.31,2,,no,within-guardrails
s206,6,Everyday life,Spare Key Under the Wrong Mat,202,18,11.22,5.634,6.19,1.03,15.46,3,,no,within-guardrails
s207,7,Everyday life,The Garden Plot Shared by Strangers,320,9,35.56,5.246,13.8,1.01,35.02,3,,no,within-guardrails
s208,7,Everyday life,Voicemail Never Deleted,328,7,47.0,5.236,12.65,4.01,29.63,1,very-low-frequency,yes,vocabulary-review
s209,8,Everyday life,Chair at the Table No One Sits In,376,10,37.9,5.395,11.56,1.88,26.88,2,,no,within-guardrails
s210,8,Everyday life,The Photographs Nobody Could Agree to Divide,413,10,41.4,5.42,6.39,0.74,36.86,2,,no,within-guardrails
s211,5,History,Baker Who Fed a Whole Army by Accident,345,12,28.75,5.431,12.06,1.47,25.29,2,long-words,yes,vocabulary-review
s212,5,History,Lighthouse Keeper Who Refused to Leave,211,19,11.11,5.743,6.31,0.0,11.17,1,,no,within-guardrails
s213,6,History,The Village That Traded Places With Its Neighbor,409,12,34.08,5.293,14.32,1.53,40.15,3,long-words,yes,vocabulary-review
s214,6,History,Soldier Who Delivered Peace Instead of War,423,9,47.0,5.363,8.63,1.2,31.18,2,long-words,yes,vocabulary-review
s215,7,History,Judge Who Ruled Against His Own King,253,19,13.32,5.704,6.43,1.2,19.68,1,,no,within-guardrails
s216,7,History,The Harbor Built by Mistake,383,11,34.82,5.367,12.27,3.13,39.16,0,long-words,no,vocabulary-review
s217,8,History,Minister Who Governed From Exile,416,11,37.82,5.274,15.38,1.44,39.9,0,,no,within-guardrails
s218,8,History,Law That Was Never Actually Repealed,470,11,42.73,5.245,14.89,1.91,40.0,0,,yes,vocabulary-review
s219,5,Science,Why Popcorn Pops,162,14,11.5,5.729,6.25,0.62,4.38,1,,no,within-guardrails
s220,5,Science,How Soap Actually Cleans Your Hands,185,19,9.84,5.575,10.5,1.1,5.52,1,,no,within-guardrails
s221,6,Science,Why the Sky Turns Red at Sunset,321,13,24.92,5.461,11.15,1.86,23.53,1,,no,within-guardrails
s222,6,Science,How Bicycles Balance Themselves While Moving,345,9,38.33,5.319,15.07,2.61,29.86,0,low-frequency,yes,vocabulary-review
s223,7,Science,Reason Glass Is Technically a Liquid Myth,236,19,12.47,5.549,9.7,2.53,18.57,0,,no,within-guardrails
s224,7,Science,Why Some Painkillers Take Longer to Work Than Others,246,18,13.67,5.627,11.38,0.41,20.33,0,,no,within-guardrails
s225,8,Science,The Chemistry Behind Why Chili Peppers Burn,393,10,39.4,5.164,17.66,1.3,31.17,3,,no,within-guardrails
s226,8,Science,Physics of Why Rainbows Are Always Curved,383,10,38.7,5.33,16.32,2.89,28.68,1,,no,within-guardrails
s227,5,Famous books,Jim Meets Ben Gunn,211,20,10.55,5.853,3.14,0.0,9.95,7,,no,within-guardrails
s228,5,Famous books,Phileas Fogg Makes a Strange Bet,208,19,10.95,5.801,6.06,0.0,8.59,4,,no,within-guardrails
s229,6,Famous books,The Creature Watches a Family,198,19,10.42,5.768,2.03,0.0,17.26,1,,no,within-guardrails
s230,6,Famous books,The Creature Demands an Answer,202,21,9.62,5.843,4.64,0.52,19.07,1,,no,within-guardrails
s231,7,Famous books,Fantine and Jean Valjean,194,18,10.78,5.839,3.93,1.12,12.92,5,,no,within-guardrails
s232,7,Famous books,The Barricade in Paris,198,18,11.0,5.726,8.65,0.54,9.73,4,,no,within-guardrails
s233,8,Famous books,Gulliver in Lilliput,191,17,11.24,5.649,6.59,0.0,21.98,6,,no,within-guardrails
s234,8,Famous books,Gulliver Among the Giants,194,19,10.21,5.649,6.52,0.54,20.65,5,,no,within-guardrails
s235,5,Science,Why Your Stomach Growls When You're Hungry,284,13,21.85,5.596,11.97,3.17,17.61,0,very-low-frequency,no,vocabulary-review
s236,5,History,Town Clock That Ran Backward for a Week,303,11,27.55,5.537,8.25,2.97,22.11,0,very-low-frequency,yes,vocabulary-review
s237,6,Fantasy/stories,The Innkeeper Who Never Forgot a Face,197,17,11.59,5.587,5.85,1.06,14.89,3,,no,within-guardrails
s238,6,Everyday life,Borrowed Ladder That Started a Friendship,335,11,30.45,5.587,8.46,0.94,19.75,2,,no,within-guardrails
s239,7,Nature and animals,Ant That Farms Its Own Food,323,9,35.89,5.287,16.25,0.62,28.44,1,,no,within-guardrails
s240,7,World affairs,The Town That Shares One Ambulance With Three Villages,402,9,44.67,5.334,7.71,0.75,38.81,0,long-words,yes,vocabulary-review
s241,8,Famous books,Gulliver and the Houyhnhnms,184,16,11.56,5.532,10.98,0.58,17.34,6,,no,within-guardrails
s242,8,Science,Reason Your Voice Sounds Different on Recordings,374,10,38.2,5.518,12.83,1.31,25.39,0,,no,within-guardrails
s243,9,Fantasy/stories,The Cartographer Who Mapped Only What He'd Lost,395,9,44.11,5.38,11.0,1.28,32.99,2,,no,within-guardrails
s244,9,History,Envoy Who Negotiated With an Empire That No Longer Existed,468,11,42.55,5.385,13.46,1.71,37.18,0,,no,within-guardrails
s245,10,Nature and animals,How Nearby Bacteria Coordinate Their Behavior,196,15,13.07,5.486,10.2,1.02,26.02,0,,no,within-guardrails
s246,10,Everyday life,The Diary Two Strangers Kept Without Knowing Each Other,429,8,53.75,5.44,9.48,2.13,29.15,1,,no,within-guardrails
s247,5,Fantasy/stories,Kite That Carried Wishes to the Wind,308,12,25.67,5.649,7.52,2.94,14.71,1,very-low-frequency,no,vocabulary-review
s248,5,Fantasy/stories,Blacksmith Who Forged Second Chances,290,11,26.36,5.545,7.83,1.78,15.66,2,,no,within-guardrails
s249,5,Fantasy/stories,The Girl Who Collected Fallen Stars,286,12,24.0,5.505,8.9,0.36,18.51,1,,no,within-guardrails
s250,6,Fantasy/stories,Librarian Who Lent Books to Ghosts,355,12,29.58,5.532,8.29,0.57,22.0,1,,no,within-guardrails
s251,6,Fantasy/stories,Tinker Who Repaired Broken Hearts,337,11,30.64,5.58,4.57,0.91,19.82,2,,no,within-guardrails
s252,6,Fantasy/stories,The Gardener Who Grew Silence Into Roses,198,17,11.65,5.743,4.69,1.04,12.5,3,,no,within-guardrails
s253,7,Fantasy/stories,Weaver Who Stitched Together Torn Fates,361,11,32.82,5.244,13.8,2.25,35.49,2,,no,within-guardrails
s254,7,Fantasy/stories,Innkeeper's Wife Who Dreamed Other People's Dreams,226,20,11.3,5.625,7.24,0.45,16.74,1,,no,within-guardrails
s255,7,Fantasy/stories,The Cooper Who Barreled Up Bad Luck,222,18,12.33,5.66,5.99,0.92,16.13,2,,no,within-guardrails
s256,8,Fantasy/stories,Silversmith Who Melted Down Old Grudges,404,11,37.09,5.344,15.14,3.23,29.03,1,,no,within-guardrails
s257,8,Fantasy/stories,Midwife Who Delivered More Than Babies,398,10,39.9,5.235,15.68,2.06,36.25,2,,no,within-guardrails
s258,8,Fantasy/stories,The Ropemaker Who Braided Fortune and Misfortune Together,382,10,38.5,5.201,12.94,2.96,30.19,3,,no,within-guardrails
s259,5,Nature and animals,How Giraffes Control Blood Pressure,208,13,16.0,5.507,12.98,0.48,15.87,0,,no,within-guardrails
s260,5,Nature and animals,Beetle That Rolls Its Dinner Uphill,295,9,33.11,5.252,14.09,1.68,23.15,0,low-frequency,yes,vocabulary-review
s261,5,Nature and animals,How Chameleons Really Change Color,166,14,11.86,5.598,6.63,0.6,10.24,0,,no,within-guardrails
s262,6,Nature and animals,Fish That Lives Out of Water for Days,307,10,30.8,5.367,12.83,1.97,23.03,1,,no,within-guardrails
s263,6,Nature and animals,Bird That Steals Nests Instead of Building Them,317,9,35.22,5.207,15.77,1.89,23.34,0,low-frequency,yes,vocabulary-review
s264,6,Nature and animals,The Ant That Explodes to Protect Its Colony,332,8,42.12,5.168,14.84,2.37,32.05,0,long-words,yes,vocabulary-review
s265,7,Nature and animals,Mammal That Lays Eggs Instead of Giving Birth,176,16,11.06,5.625,12.64,2.3,6.32,1,,no,within-guardrails
s266,7,Nature and animals,Fish That Uses Tools to Crack Shells,239,17,14.12,5.56,10.42,2.08,18.33,0,,no,within-guardrails
s267,7,Nature and animals,The Bird That Remembers Thousands of Hiding Spots,348,8,44.0,5.19,13.14,4.29,31.71,1,very-low-frequency,yes,vocabulary-review
s268,8,Nature and animals,Deep-Sea Creature That Makes Its Own Light,360,9,40.89,5.135,17.66,4.62,34.78,0,,no,within-guardrails
s269,8,Nature and animals,Insect That Mimics a Leaf to Survive,360,7,52.0,4.989,24.73,2.47,39.01,0,low-frequency,yes,vocabulary-review
s270,8,Nature and animals,How Newborn Mice Can Repair Heart Tissue,413,10,41.3,5.176,10.9,0.97,33.66,0,,no,within-guardrails
s271,5,World affairs,Town That Built a Playground Out of Old Boats,317,9,35.22,5.451,8.52,0.63,24.29,0,long-words,yes,vocabulary-review
s272,5,World affairs,Village That Shares a Single Tractor,314,9,34.89,5.403,7.32,0.96,29.3,0,long-words,yes,vocabulary-review
s273,6,World affairs,The City That Paints Its Crosswalks Like Rainbows,193,14,13.79,5.706,5.18,0.52,11.4,0,,no,within-guardrails
s274,6,World affairs,Country That Grows Its Own National Forest,198,15,13.2,5.618,3.03,0.0,10.1,0,,no,within-guardrails
s275,6,World affairs,Town That Turned Its Water Tower Into a Museum,315,8,39.38,5.351,12.7,0.95,34.6,0,long-words,yes,vocabulary-review
s276,6,World affairs,The City That Lets Citizens Design Their Own Parks,378,11,34.36,5.269,10.58,0.53,38.1,0,long-words,yes,vocabulary-review
s277,7,World affairs,Nation That Trains Farmers to Become Diplomats,377,9,41.89,5.146,12.2,0.8,46.95,0,long-words,yes,vocabulary-review
s278,8,World affairs,Region That Shares a Single Power Grid Across Three Countries,416,10,41.6,5.22,7.69,0.72,44.95,0,long-words,no,vocabulary-review
s279,8,World affairs,The Nation That Negotiates Its Fishing Rights Every Season,412,12,34.33,5.1,15.05,2.43,43.93,0,long-words,no,vocabulary-review
s280,8,World affairs,Union of Towns That Shares One Fire Department,382,10,38.2,5.192,11.52,0.79,40.84,0,,no,within-guardrails
s281,8,World affairs,Nation That Publishes Its Government Budget as a Children's Book,401,10,40.1,5.272,9.48,0.5,45.39,0,long-words,no,vocabulary-review
s282,5,Everyday life,The Umbrella Stand That Became a Neighborhood Tradition,291,10,29.1,5.638,5.94,0.7,26.92,2,long-words,yes,vocabulary-review
s283,5,Everyday life,Recipe Passed Down Through a Single Photograph,316,7,45.43,5.396,11.5,0.64,24.28,2,long-words,yes,vocabulary-review
s284,5,Everyday life,Bench Where Strangers Became Regulars,188,18,10.44,5.745,3.91,0.0,10.06,3,,no,within-guardrails
s285,6,Everyday life,The Shared Toolbox in the Apartment Basement,322,8,40.5,5.388,7.23,1.89,30.82,1,long-words,yes,vocabulary-review
s286,6,Everyday life,Coat Left at a Party for Years,205,17,12.06,5.79,6.03,1.01,12.56,1,,no,within-guardrails
s287,7,Everyday life,Piano No One in the Family Could Play,214,18,12.11,5.779,4.69,0.0,18.31,2,,no,within-guardrails
s288,7,Everyday life,The Attic Box Neither Sibling Wanted to Open,236,19,12.42,5.743,7.21,0.45,16.67,4,,no,within-guardrails
s289,7,Everyday life,Sunday Ritual That Survived a Divorce,220,18,12.28,5.73,3.27,0.47,21.96,3,,no,within-guardrails
s290,8,Everyday life,Handwriting That Outlived the Letter Writer,414,10,41.5,5.302,11.6,0.99,34.81,2,,no,within-guardrails
s291,8,Everyday life,The Garden Left Exactly as the Owner Had Planted It,406,10,40.7,5.313,10.5,1.25,36.0,2,,no,within-guardrails
s292,8,Everyday life,Silence Between Two Old Friends Who Never Apologized,410,10,41.3,5.401,10.53,1.25,30.33,4,,no,within-guardrails
s293,5,History,Fisherman Who Warned of a Coming Storm,339,9,37.67,5.385,11.11,0.9,24.32,2,long-words,yes,vocabulary-review
s294,5,History,The Child Who Carried a Kingdom's Only Seed,374,8,46.75,5.395,9.46,2.16,27.03,1,long-words,yes,vocabulary-review
s295,5,History,Innkeeper Who Hid a Fugitive Prince,221,20,11.05,5.787,7.37,0.92,11.98,2,,no,within-guardrails
s296,6,History,Toll Collector Who Refused a King's Coin,404,10,40.4,5.341,10.86,2.78,32.07,2,long-words,yes,vocabulary-review
s297,6,History,The Widow Who Ran a Trading Post Alone,395,10,39.5,5.267,11.86,1.8,37.11,2,long-words,yes,vocabulary-review
s298,6,History,Carpenter Who Built a Bridge in a Single Night,385,10,38.5,5.376,7.16,0.53,37.93,2,long-words,yes,vocabulary-review
s299,7,History,Scholar Who Hid a Library in Plain Sight,393,11,35.73,5.224,14.62,2.61,40.99,2,long-words,no,vocabulary-review
s300,7,History,The Messenger Who Delivered News a Century Late,441,9,49.0,5.272,12.61,2.75,38.99,1,long-words,yes,vocabulary-review
s301,7,History,Farmer Who Fed Both Sides of a War,408,9,45.33,5.311,13.25,1.75,38.0,2,long-words,yes,vocabulary-review
s302,8,History,Ambassador Who Negotiated Peace With No Authority to Do So,461,12,38.42,5.227,15.74,3.33,39.47,2,,no,within-guardrails
s303,8,History,The Cartographer Who Mapped a Border That Kept Moving,448,11,40.73,5.129,17.42,3.17,43.89,2,long-words,no,vocabulary-review
s304,8,History,Scribe Who Recorded a History No One Wanted Told,425,11,38.64,5.291,11.78,0.96,39.42,2,,no,within-guardrails
s305,6,Everyday life,Umbrella Rack That Never Stayed the Same,211,19,11.11,5.715,8.17,0.48,23.56,1,,no,within-guardrails
s306,7,World affairs,The District That Elects Representatives by Random Selection,395,9,43.89,5.213,9.37,1.01,43.29,0,long-words,yes,vocabulary-review
s307,5,Science,Why Ice Floats Instead of Sinking,202,17,11.88,5.658,9.9,0.99,7.43,0,,no,within-guardrails
s308,5,Science,How Your Body Knows When to Sleep,193,17,11.41,5.683,5.21,1.04,10.42,1,,no,within-guardrails
s309,6,Science,Why Some Fruits Have Seeds and Others Don't,298,6,49.67,5.226,12.08,2.68,30.54,0,long-words,yes,vocabulary-review
s310,6,Science,How Vaccines Teach the Body to Fight Back,207,18,11.56,5.6,7.84,0.0,18.14,1,,no,within-guardrails
s311,6,Science,Why Deserts Get So Cold at Night,203,18,11.28,5.598,8.37,0.0,10.84,0,,no,within-guardrails
s312,6,Science,How Fireflies Make Light Without Heat,189,13,14.54,5.534,12.17,2.12,15.87,0,,no,within-guardrails
s313,7,Science,Reason Muscles Get Sore After Exercise,228,19,12.05,5.434,10.0,0.91,21.36,3,,no,within-guardrails
s314,7,Science,Why a New Language Can Feel More Difficult,215,16,13.44,5.547,7.91,1.4,31.63,0,,no,within-guardrails
s315,7,Science,Why Yawning Can Be Contagious,203,15,13.53,5.525,13.79,1.48,26.6,0,,no,within-guardrails
s316,8,Science,Why Old Books Have a Distinctive Smell,192,13,14.77,5.296,15.62,3.65,23.96,0,,no,within-guardrails
s317,8,Science,Physics Behind Why Mirrors Reverse Left and Right But Not Up and Down,420,11,38.91,5.411,12.62,2.1,28.04,0,,no,within-guardrails
s318,8,Science,Why Some People Are Exceptional at Recognizing Faces,196,14,14.0,5.441,9.69,3.57,25.51,0,,no,within-guardrails
s319,5,Famous books,A Rescue During the Journey,203,18,11.28,5.924,3.16,0.0,8.42,6,,no,within-guardrails
s320,5,Famous books,The Journey Down the Volcano,203,20,10.15,5.812,5.73,0.0,13.54,6,,no,within-guardrails
s321,5,Famous books,The Underground Sea,202,22,9.18,5.675,5.05,0.0,11.62,3,,no,within-guardrails
s322,6,Famous books,Oliver Asks for More,210,18,11.67,5.827,3.96,0.0,10.89,2,,no,within-guardrails
s323,6,Famous books,Oliver Enters Fagin's London,194,20,9.7,5.799,5.62,0.0,11.24,5,,no,within-guardrails
s324,6,Famous books,Nancy Makes Her Choice,204,18,11.33,5.773,4.42,0.55,12.15,8,,no,within-guardrails
s325,7,Famous books,Ishmael Meets Queequeg,191,16,11.94,5.779,9.6,0.56,14.69,5,,no,within-guardrails
s326,8,Famous books,Hester Stands on the Scaffold,188,17,11.12,5.615,10.23,0.57,19.89,7,,no,within-guardrails
s327,7,Famous books,Captain Ahab and the White Whale,198,18,11.06,5.743,6.63,0.0,11.6,7,,no,within-guardrails
s328,8,Famous books,Dimmesdale Keeps His Secret,187,19,9.84,5.511,10.24,0.6,24.7,8,,no,within-guardrails
s329,8,Famous books,The Final Confession,190,16,11.88,5.786,9.89,0.0,14.84,4,,no,within-guardrails
s330,8,Famous books,The Count Returns to Paris,199,19,10.68,5.624,5.98,0.54,18.48,10,,no,within-guardrails
s331,1,Fantasy/stories,A Small Dog and a Big Star,73,14,5.21,6.079,2.74,0.0,0.0,0,,no,within-guardrails
s332,1,Fantasy/stories,Little Boat,82,17,4.82,6.03,2.44,0.0,0.0,0,,no,within-guardrails
s333,1,Fantasy/stories,A Girl and Her Cat,72,13,5.54,6.079,2.82,0.0,0.0,1,,no,within-guardrails
s334,2,Fantasy/stories,Magic Hat,169,25,7.0,5.919,2.45,0.0,5.52,4,,no,within-guardrails
s335,2,Fantasy/stories,A Friend in the Tree,154,22,7.0,5.901,3.57,0.0,5.71,2,,no,within-guardrails
s336,2,Fantasy/stories,The Little King,157,18,8.72,6.02,0.0,0.0,1.36,3,,no,within-guardrails
s337,3,Fantasy/stories,Boy and the Talking Fish,170,22,7.73,5.781,3.7,0.0,6.17,3,,no,within-guardrails
s338,3,Fantasy/stories,A New Friend at the Lake,168,17,9.88,5.795,4.43,1.27,5.7,2,,no,within-guardrails
s339,3,Fantasy/stories,The Small Dragon,170,18,9.44,5.606,7.45,1.86,3.11,2,very-low-frequency,no,vocabulary-review
s340,4,Fantasy/stories,Girl Who Found a Map,211,12,17.75,5.622,6.22,0.96,11.48,1,,no,within-guardrails
s341,4,Fantasy/stories,Old Wizard's Garden,201,12,16.75,5.654,8.21,1.03,9.74,2,,no,within-guardrails
s342,4,Fantasy/stories,A Night in the Forest,203,11,18.45,5.59,9.18,1.02,16.84,3,,no,within-guardrails
s343,1,Nature and animals,Cat Sleeps,55,12,4.58,5.881,10.91,0.0,0.0,0,low-frequency,no,vocabulary-review
s344,1,Nature and animals,A Big Fish,63,12,5.25,5.855,7.94,0.0,0.0,0,low-frequency,no,vocabulary-review
s345,1,Nature and animals,Birds in the Sky,53,12,4.42,5.93,0.0,0.0,0.0,0,,no,within-guardrails
s346,2,Nature and animals,Dog and the Ball,175,17,10.29,5.855,3.8,0.0,3.16,4,,no,within-guardrails
s347,2,Nature and animals,Ants Work Together,103,11,9.36,6.045,2.0,0.0,2.0,1,,no,within-guardrails
s348,2,Nature and animals,A Bee and a Flower,110,13,8.46,5.925,4.67,0.0,0.0,1,,no,within-guardrails
s349,3,Nature and animals,How Birds Build Nests,163,18,9.11,5.523,7.32,1.22,7.93,0,,no,within-guardrails
s350,3,Nature and animals,Fast Rabbit,195,12,16.25,5.619,6.38,1.6,6.91,2,very-low-frequency,no,vocabulary-review
s351,3,Nature and animals,A Day at the Farm,94,8,11.75,5.799,6.67,0.0,3.33,1,,no,within-guardrails
s352,4,Nature and animals,Why Owls Hunt at Night,153,13,11.77,5.662,7.19,0.65,7.19,0,,no,within-guardrails
s353,4,Nature and animals,Bear and the River,214,10,21.4,5.478,8.57,2.86,17.62,1,very-low-frequency,no,vocabulary-review
s354,4,Nature and animals,How Fish Breathe,186,18,10.33,5.619,7.74,0.6,4.76,2,,no,within-guardrails
s355,1,World affairs,A New School,76,14,5.43,6.279,0.0,0.0,1.32,0,,no,within-guardrails
s356,1,World affairs,Big City,70,13,5.38,6.165,1.43,0.0,2.86,0,,no,within-guardrails
s357,1,World affairs,People Help Each Other,70,11,6.36,6.048,2.86,0.0,2.86,0,,no,within-guardrails
s358,2,World affairs,A Town by the Sea,128,13,9.85,5.983,0.78,0.0,3.12,0,,no,within-guardrails
s359,2,World affairs,Market Day,199,15,13.27,5.698,6.22,0.52,4.66,2,,no,within-guardrails
s360,2,World affairs,New Neighbors,218,16,13.62,5.811,2.38,0.0,11.9,2,long-words,no,vocabulary-review
s361,3,World affairs,A School for Everyone,236,12,19.67,5.743,3.03,0.43,14.29,2,long-words,yes,vocabulary-review
s362,3,World affairs,Clean River Project,222,13,17.08,5.628,6.76,0.9,20.27,0,long-words,no,vocabulary-review
s363,3,World affairs,A Small Farm Grows Big,232,14,16.57,5.526,4.42,0.0,18.58,2,long-words,no,vocabulary-review
s364,4,World affairs,How a Town Built a Park,250,12,20.83,5.54,6.8,0.4,22.8,0,long-words,no,vocabulary-review
s365,4,World affairs,Bridge Between Two Villages,256,9,28.44,5.461,5.47,1.56,30.08,0,long-words,yes,vocabulary-review
s366,4,World affairs,A Country Learns to Share,279,10,27.9,5.432,6.45,0.72,23.3,0,long-words,yes,vocabulary-review
s367,1,Everyday life,My Day,43,10,4.3,5.949,0.0,0.0,5.71,1,long-words,no,vocabulary-review
s368,1,Everyday life,A Cup of Tea,48,10,4.8,5.881,0.0,0.0,4.17,0,,no,within-guardrails
s369,1,Everyday life,The Red Umbrella,45,7,6.43,5.842,2.22,0.0,2.22,0,,no,within-guardrails
s370,2,Everyday life,A Walk in the Park,183,19,9.63,5.747,5.29,0.59,5.29,3,,no,within-guardrails
s371,2,Everyday life,Making Dinner,177,20,8.85,5.58,8.38,0.0,7.78,3,low-frequency,no,vocabulary-review
s372,2,Everyday life,The Lost Key,105,11,9.55,6.113,0.0,0.0,0.0,1,,no,within-guardrails
s373,3,Everyday life,A Trip to the Store,183,14,13.07,5.635,8.62,1.15,9.77,3,,no,within-guardrails
s374,3,Everyday life,New Neighbor,85,8,10.62,5.964,2.5,0.0,1.25,2,,no,within-guardrails
s375,3,Everyday life,A Rainy Day at Home,191,10,19.1,5.404,10.16,1.07,13.37,2,low-frequency,yes,vocabulary-review
s376,4,Everyday life,Old Photo Album,205,11,18.82,5.583,5.82,1.06,20.63,4,long-words,no,vocabulary-review
s377,4,Everyday life,A Birthday Surprise,228,12,19.0,5.712,5.24,0.0,18.57,4,,no,within-guardrails
s378,4,Everyday life,Learning to Cook,214,10,21.6,5.462,6.09,0.0,17.77,3,,no,within-guardrails
s379,1,History,An Old House,68,12,5.67,6.194,0.0,0.0,2.94,0,,no,within-guardrails
s380,1,History,First King,69,11,6.27,6.169,0.0,0.0,2.9,0,,no,within-guardrails
s381,1,History,A Long Trip,64,11,5.82,6.041,0.0,0.0,1.56,0,,no,within-guardrails
s382,2,History,Old Bridge,231,16,14.44,5.825,2.63,0.88,9.21,2,long-words,no,vocabulary-review
s383,2,History,A Small Village Long Ago,211,12,17.58,5.546,6.16,0.47,15.17,0,long-words,yes,vocabulary-review
s384,2,History,The First Train,120,13,9.23,5.977,0.83,0.0,1.67,0,,no,within-guardrails
s385,4,History,Girl Who Built a Boat,238,10,23.8,5.453,9.01,1.72,21.89,2,long-words,yes,vocabulary-review
s386,3,History,A King and His People,234,13,18.0,5.432,7.08,1.33,23.01,2,long-words,no,vocabulary-review
s387,4,History,The Old Market Town,231,9,25.67,5.395,8.66,1.3,27.27,0,long-words,yes,vocabulary-review
s388,5,History,Village by the River,188,15,12.53,5.629,5.85,0.0,12.23,0,,no,within-guardrails
s389,4,History,How the Town Got Its Name,190,14,13.57,6.013,2.63,0.53,3.68,0,,no,within-guardrails
s390,5,History,A Letter From Long Ago,205,17,12.06,5.889,4.88,0.0,9.76,0,,no,within-guardrails
s391,1,Science,Water and Ice,51,9,5.67,5.879,0.0,0.0,2.22,1,,no,within-guardrails
s392,1,Science,Sun Is Hot,45,8,5.62,5.961,2.22,0.0,0.0,0,,no,within-guardrails
s393,1,Science,Plants Need Water,40,8,5.0,5.603,0.0,0.0,0.0,0,,no,within-guardrails
s394,2,Science,Why We Sleep,185,13,14.23,5.656,4.86,1.08,8.11,0,very-low-frequency,no,vocabulary-review
s395,2,Science,How Rain Falls,104,13,8.0,5.883,4.81,0.0,0.0,0,,no,within-guardrails
s396,2,Science,Why Leaves Fall,105,10,10.5,5.884,0.95,0.0,0.95,0,,no,within-guardrails
s397,3,Science,How Plants Grow,79,7,11.29,5.809,2.53,1.27,2.53,0,,no,within-guardrails
s398,3,Science,Why the Moon Changes,75,7,10.71,5.894,2.7,0.0,5.41,1,,no,within-guardrails
s399,3,Science,How We Hear Sounds,80,7,11.43,5.839,2.5,1.25,3.75,0,,no,within-guardrails
s400,4,Science,Why the Sky Is Blue,225,11,20.45,5.548,9.87,1.35,20.63,1,long-words,no,vocabulary-review
s401,4,Science,How Bees Make Honey,172,14,12.36,5.776,8.09,0.58,2.31,0,,no,within-guardrails
s402,4,Science,Why We Need to Eat,211,10,21.1,5.396,9.95,0.0,20.38,0,long-words,no,vocabulary-review
s403,1,Famous books,The Lion and the Mouse,112,16,7.0,5.904,2.73,0.0,0.91,2,,no,within-guardrails
s404,1,Famous books,The Tortoise and the Hare,81,10,8.1,5.827,4.94,0.0,2.47,0,,no,within-guardrails
s405,1,Famous books,The Boy Who Cried Wolf,98,21,4.67,5.959,2.27,0.0,2.27,3,,no,within-guardrails
s406,2,Famous books,The Ant and the Grasshopper,130,21,6.19,5.806,8.2,0.0,6.56,4,low-frequency,no,vocabulary-review
s407,3,Famous books,Cinderella Goes to the Ball,158,18,8.78,5.963,2.65,0.66,8.61,1,,no,within-guardrails
s408,2,Famous books,The Town Mouse and the Country Mouse,135,19,7.11,5.866,0.0,0.0,3.05,3,,no,within-guardrails
s409,3,Famous books,Rapunzel in the Tower,159,17,9.35,5.981,1.97,0.0,5.26,1,,no,within-guardrails
s410,3,Famous books,Snow White Finds a Small House,167,18,9.28,5.852,3.18,0.0,3.82,2,,no,within-guardrails
s411,3,Famous books,Alice Follows the White Rabbit,155,19,8.16,5.785,2.01,0.0,5.37,1,,no,within-guardrails
s412,4,Famous books,Alice at the Mad Tea Party,206,21,9.81,5.903,4.04,0.0,7.07,2,,no,within-guardrails
s413,4,Famous books,Alice Plays Croquet with the Queen,207,20,10.35,5.967,3.63,1.55,9.33,4,,no,within-guardrails
s414,4,Famous books,Alice Meets the Cheshire Cat,196,23,8.52,5.91,2.17,0.0,5.98,4,,no,within-guardrails
s415,1,Fantasy/stories,A Small Light in the Dark,91,14,6.5,5.94,2.33,1.16,0.0,1,very-low-frequency,no,vocabulary-review
s416,2,Fantasy/stories,Singing Well,105,9,11.78,5.855,3.81,0.0,7.62,1,,no,within-guardrails
s417,3,Fantasy/stories,A Cloud That Followed a Boy,115,9,12.78,5.534,7.48,0.93,6.54,2,,no,within-guardrails
s418,4,Fantasy/stories,Painter Who Used Real Colors,118,7,16.86,5.526,6.9,0.86,14.66,1,,no,within-guardrails
s419,5,Fantasy/stories,Clockwork Sparrow,171,17,10.06,5.707,5.36,0.6,4.76,1,,no,within-guardrails
s420,6,Fantasy/stories,The Baker's Invisible Cat,118,4,29.5,5.307,10.62,1.77,16.81,3,,no,within-guardrails
s421,7,Fantasy/stories,Violinist Who Played for Trees,124,4,31.25,5.309,12.4,1.65,27.27,1,,no,within-guardrails
s422,8,Fantasy/stories,Cartographer's Missing Street,125,4,31.25,5.187,13.93,4.1,36.07,2,,no,within-guardrails
s423,9,Fantasy/stories,The Alchemist's Borrowed Shadow,126,4,32.0,5.303,12.9,1.61,33.87,1,,no,within-guardrails
s424,10,Fantasy/stories,Loom That Wove Forgotten Names,137,4,34.25,5.178,18.98,3.65,31.39,0,,no,within-guardrails
s425,1,Nature and animals,A Frog in the Pond,64,15,4.27,5.639,26.56,0.0,0.0,0,low-frequency,no,vocabulary-review
s426,2,Nature and animals,The Busy Squirrel,92,8,11.5,5.899,3.37,1.12,2.25,1,very-low-frequency,no,vocabulary-review
s427,3,Nature and animals,How Snails Move,105,6,17.5,5.24,13.33,0.0,12.38,0,low-frequency,no,vocabulary-review
s428,4,Nature and animals,Why Peacocks Show Their Feathers,171,13,13.15,5.946,5.26,0.0,5.85,0,,no,within-guardrails
s429,5,Nature and animals,The Octopus That Hides in a Shell,169,15,11.27,5.693,8.88,1.18,5.92,0,,no,within-guardrails
s430,6,Nature and animals,Bird That Flies Without Landing,110,4,27.5,5.307,9.09,2.73,25.45,0,,no,within-guardrails
s431,7,Nature and animals,Fish That Changes Color at Night,105,4,26.25,4.944,20.95,1.9,27.62,0,low-frequency,no,vocabulary-review
s432,8,Nature and animals,The Insect That Looks Like a Twig,105,4,26.75,4.967,23.36,2.8,32.71,0,low-frequency,no,vocabulary-review
s433,9,Nature and animals,Coral That Builds an Entire Reef,119,4,30.0,5.015,22.69,3.36,26.05,1,low-frequency,no,vocabulary-review
s434,10,Nature and animals,Microbe That Lives in Boiling Water,124,4,31.25,5.107,15.2,1.6,38.4,0,,no,within-guardrails
s435,1,World affairs,A New Road,74,13,5.69,5.91,2.7,0.0,4.05,0,,no,within-guardrails
s436,2,World affairs,Town Meeting,132,9,14.67,5.733,3.79,0.76,15.15,0,long-words,no,vocabulary-review
s437,3,World affairs,A Well for the Village,123,7,17.57,5.773,4.07,0.81,15.45,0,long-words,no,vocabulary-review
s438,4,World affairs,The Shared Garden,117,7,16.71,5.34,8.55,0.0,29.06,0,long-words,no,vocabulary-review
s439,5,World affairs,City That Recycles Everything,128,5,25.6,5.354,8.59,1.56,32.03,0,long-words,no,vocabulary-review
s440,6,World affairs,Village That Trades Skills Instead of Money,123,5,24.6,5.315,11.38,1.63,33.33,0,long-words,no,vocabulary-review
s441,7,World affairs,The Town With Free Bicycles,130,5,26.0,5.386,10.77,0.77,28.46,0,,no,within-guardrails
s442,8,World affairs,Region That Shares a Language School,127,5,25.4,5.17,13.39,0.79,40.16,0,,no,within-guardrails
s443,9,World affairs,Nation That Funds Small Inventions,136,5,27.2,5.132,9.56,0.74,45.59,0,,no,within-guardrails
s444,10,World affairs,The Council That Meets in Every Village Once a Year,139,5,27.8,5.223,7.91,1.44,42.45,0,,no,within-guardrails
s445,1,Everyday life,A Quiet Morning,52,11,4.73,5.765,4.35,0.0,4.35,1,,no,within-guardrails
s446,2,Everyday life,Missing Sock,84,6,14.0,5.592,4.82,0.0,7.23,1,,no,within-guardrails
s447,3,Everyday life,A Trip to Grandma's,106,11,9.64,5.749,6.0,0.0,7.0,3,,no,within-guardrails
s448,4,Everyday life,Broken Umbrella,158,15,10.53,5.937,3.95,0.0,5.92,1,,no,within-guardrails
s449,5,Everyday life,Note on the Fridge,117,7,16.86,5.66,4.39,0.0,18.42,3,,no,within-guardrails
s450,6,Everyday life,The Borrowed Book,128,5,25.6,5.649,7.2,0.8,16.8,1,,no,within-guardrails
s451,7,Everyday life,Empty Chair at Dinner,134,4,33.5,5.538,6.82,0.0,20.45,1,,no,within-guardrails
s452,8,Everyday life,Recipe Written in the Margins,156,4,39.0,5.403,11.69,1.3,26.62,1,,no,within-guardrails
s453,9,Everyday life,The Silence After the Kids Left Home,152,4,38.0,5.285,14.57,3.31,32.45,1,,no,within-guardrails
s454,10,Everyday life,Letter Kept in a Drawer for Years,154,4,38.5,5.309,9.87,1.32,25.66,1,,no,within-guardrails
s455,1,History,Old Well,65,11,5.91,6.142,1.54,0.0,3.08,0,,no,within-guardrails
s456,2,History,A Village Fire,116,8,14.5,5.645,4.31,0.0,16.38,0,long-words,no,vocabulary-review
s457,4,History,First Map,174,16,10.88,5.833,5.23,0.58,6.4,1,,no,within-guardrails
s458,4,History,Long Winter,135,6,22.5,5.402,5.93,0.0,26.67,0,long-words,yes,vocabulary-review
s459,5,History,The Messenger's Horse,157,6,26.17,5.383,11.69,0.0,31.82,2,long-words,no,vocabulary-review
s460,6,History,Coin From a Lost Kingdom,147,5,29.4,5.433,12.93,1.36,28.57,0,,no,within-guardrails
s461,7,History,Scholar's Hidden Notes,151,5,30.2,5.307,12.84,1.35,39.86,1,long-words,no,vocabulary-review
s462,8,History,The Treaty Signed in the Rain,166,5,33.2,5.245,15.66,1.2,37.35,0,,no,within-guardrails
s463,9,History,General Who Refused to Fight,178,5,35.6,5.325,13.14,1.14,38.29,2,,no,within-guardrails
s464,10,History,City Buried Under Sand,184,5,36.8,5.11,15.76,2.72,45.65,0,,no,within-guardrails
s465,1,Science,Why We Blink,58,6,9.67,5.915,1.85,0.0,0.0,1,,no,within-guardrails
s466,2,Science,How Soap Bubbles Form,96,9,10.67,5.851,3.12,1.04,0.0,0,very-low-frequency,no,vocabulary-review
s467,3,Science,Why Metal Feels Cold,125,7,17.86,5.414,11.2,0.8,11.2,0,low-frequency,no,vocabulary-review
s468,4,Science,How Volcanoes Erupt,154,13,11.85,5.7,10.46,0.0,5.23,1,,no,within-guardrails
s469,5,Science,Why the Ocean Is Salty,144,5,29.0,5.274,15.86,0.69,23.45,0,low-frequency,yes,vocabulary-review
s470,6,Science,How Bats See in the Dark,134,5,27.0,5.147,14.81,2.22,25.19,0,,no,within-guardrails
s471,7,Science,The Chemistry of Rust,132,4,33.5,5.104,20.9,1.49,30.6,0,low-frequency,no,vocabulary-review
s472,8,Science,Why Some Stars Twinkle,144,4,36.0,5.18,20.0,4.29,27.86,2,,no,within-guardrails
s473,9,Science,Physics of a Soap Bubble's Colors,151,4,38.0,5.142,15.79,4.61,26.97,0,,no,within-guardrails
s474,10,Science,The Biology of Why Wounds Heal,173,5,34.8,4.97,12.64,2.87,33.91,0,,no,within-guardrails
s475,1,Famous books,The Fox and the Grapes,104,13,8.0,5.985,4.85,0.0,1.94,1,,no,within-guardrails
s476,2,Famous books,Hansel and Gretel,136,17,8.0,5.966,0.76,0.0,3.05,2,,no,within-guardrails
s477,3,Famous books,Alice Drinks from the Little Bottle,164,20,8.2,5.934,1.27,0.0,5.1,1,,no,within-guardrails
s478,4,Famous books,Jim Finds the Treasure Map,201,20,10.05,5.799,6.32,0.0,3.68,5,,no,within-guardrails
s479,5,Famous books,Jo Sells Her First Stories,197,21,9.38,5.805,3.17,0.0,12.17,2,,no,within-guardrails
s480,6,Famous books,Edmond Dantès Is Betrayed,194,21,9.81,5.749,4.76,1.06,18.52,9,,no,within-guardrails
s481,7,Famous books,The Final Chase,200,22,9.09,5.63,11.96,0.54,14.13,7,,no,within-guardrails
s482,8,Famous books,The Count Begins His Revenge,194,18,10.89,5.634,9.68,1.08,16.67,8,,no,within-guardrails
s483,9,Famous books,Ahab's Obsession Takes Command,205,18,11.39,5.536,11.22,0.0,26.02,7,,no,within-guardrails
s484,10,Famous books,"Pride and Prejudice: Judgment, Marriage, and Class",247,19,13.11,5.517,10.3,0.86,28.33,9,,no,within-guardrails
s485,1,Fantasy/stories,Sleepy Moon,33,6,5.5,5.767,9.09,0.0,0.0,0,low-frequency,no,vocabulary-review
s486,2,Fantasy/stories,The Garden That Grew at Night,94,10,9.4,5.925,0.0,0.0,1.11,2,,no,within-guardrails
s487,3,Fantasy/stories,Door With No Handle,117,8,14.62,5.674,7.96,0.88,9.73,2,,no,within-guardrails
s488,4,Fantasy/stories,Umbrella That Changed the Weather,159,17,9.41,5.782,5.13,0.0,5.77,1,,no,within-guardrails
s489,5,Fantasy/stories,The Tailor's Thread of Patience,131,5,26.2,5.412,13.28,1.56,17.97,1,low-frequency,no,vocabulary-review
s490,6,Fantasy/stories,Postman Who Delivered Dreams,154,13,11.85,5.67,7.28,0.66,10.6,1,,no,within-guardrails
s491,7,Fantasy/stories,Cartographer Who Drew Feelings Instead of Land,165,4,41.25,5.17,15.43,3.7,36.42,1,long-words,yes,vocabulary-review
s492,8,Fantasy/stories,The Glassblower's Frozen Moments,225,6,37.83,5.339,13.45,2.69,32.74,1,,no,within-guardrails
s493,9,Fantasy/stories,Bookbinder Who Sewed Together Broken Time,219,5,43.8,5.099,18.14,1.86,40.0,1,,no,within-guardrails
s494,10,Fantasy/stories,Cartomancer Who Read the Future in Reverse,253,5,50.6,5.214,13.31,1.61,32.26,2,,no,within-guardrails
s495,1,Nature and animals,A Duck on the Pond,32,7,4.57,5.635,15.62,0.0,3.12,0,low-frequency,no,vocabulary-review
s496,2,Nature and animals,Spider's Web,100,11,9.09,5.986,0.0,0.0,1.04,2,,no,within-guardrails
s497,3,Nature and animals,Why Cats Purr,89,7,12.71,5.718,5.62,3.37,3.37,0,very-low-frequency,no,vocabulary-review
s498,6,Nature and animals,The Migration of Monarch Butterflies,151,5,30.4,5.308,13.51,2.03,35.14,4,long-words,no,vocabulary-review
s499,5,Nature and animals,Hedgehog's Winter Sleep,164,14,11.71,5.711,8.64,0.62,6.79,1,,no,within-guardrails
s500,6,Nature and animals,Elephant's Remarkable Trunk,171,13,13.23,5.628,8.19,0.58,7.02,1,,no,within-guardrails
s501,7,Nature and animals,The Termite Mound's Natural Air Conditioning,169,15,11.27,5.52,10.65,1.18,6.51,0,,no,within-guardrails
s502,8,Nature and animals,Cuttlefish's Remarkable Camouflage,200,5,40.6,4.969,18.69,6.06,37.37,1,very-low-frequency,no,vocabulary-review
s503,9,Nature and animals,Naked Mole Rat's Unusual Biology,215,5,43.2,5.096,18.52,1.39,31.94,0,,no,within-guardrails
s504,10,Nature and animals,The Deep-Sea Anglerfish's Unusual Reproduction,212,5,43.2,5.053,19.91,4.63,37.96,0,,no,within-guardrails
s505,1,World affairs,A Free Meal,43,8,5.38,6.074,0.0,0.0,4.65,0,,no,within-guardrails
s506,2,World affairs,Free Bus Ride,135,8,16.88,5.736,0.76,0.0,13.64,2,long-words,yes,vocabulary-review
s507,3,World affairs,The Neighborhood Watch,128,7,18.29,5.498,3.91,0.0,25.0,0,long-words,yes,vocabulary-review
s508,4,World affairs,City's Free Repair Café,152,6,25.33,5.377,7.24,1.32,26.97,0,long-words,yes,vocabulary-review
s509,5,World affairs,Village That Adopted a River,188,19,9.89,5.806,3.23,0.0,9.68,2,,no,within-guardrails
s510,6,World affairs,The Town That Banned Single-Use Plastic,164,6,27.33,5.169,10.98,0.61,37.2,0,long-words,no,vocabulary-review
s511,7,World affairs,Region That Built Affordable Housing Together,202,6,33.67,5.131,13.37,0.5,44.06,0,long-words,no,vocabulary-review
s512,8,World affairs,Nation That Requires Environmental Impact Voting,231,6,38.5,5.155,10.82,1.73,43.72,0,long-words,no,vocabulary-review
s513,9,World affairs,The Federation That Shares Disaster Response Equipment,238,6,39.67,5.159,13.45,0.84,49.16,0,long-words,no,vocabulary-review
s514,10,World affairs,Confederation That Rotates Its Capital City,260,6,43.33,5.072,14.62,1.54,51.92,0,,no,within-guardrails
s515,1,Everyday life,Breakfast Together,33,5,6.6,5.787,3.23,0.0,3.23,1,,no,within-guardrails
s516,2,Everyday life,The Family Recipe Box,108,5,21.6,5.485,5.66,0.94,17.92,2,long-words,yes,vocabulary-review
s517,3,Everyday life,Overgrown Backyard,86,9,9.56,5.794,3.61,0.0,4.82,2,,no,within-guardrails
s518,4,Everyday life,Neighborhood Book Exchange,155,15,10.33,5.811,1.99,0.66,7.28,2,,no,within-guardrails
s519,5,Everyday life,The Stranger Who Returned a Wallet,125,11,11.36,5.789,4.2,0.0,14.29,3,,no,within-guardrails
s520,6,Everyday life,Retirement Party That Almost Didn't Happen,199,6,33.5,5.368,10.2,0.51,31.12,2,long-words,yes,vocabulary-review
s521,7,Everyday life,Apartment Building's Unofficial Historian,195,5,39.0,5.28,13.76,0.53,36.51,3,long-words,yes,vocabulary-review
s522,8,Everyday life,The Widower's New Sunday Ritual,226,6,37.67,5.34,11.16,0.47,33.49,3,,no,within-guardrails
s523,9,Everyday life,House That Held Three Generations of Arguments,240,6,40.0,5.395,10.21,0.85,32.34,2,,no,within-guardrails
s524,10,Everyday life,Correspondence That Spanned a War and Outlasted It,289,6,48.17,5.38,10.56,2.11,33.1,1,,no,within-guardrails
s525,1,History,The Old Wagon,48,8,6.0,6.041,8.33,0.0,2.08,0,low-frequency,no,vocabulary-review
s526,2,History,Village Blacksmith,109,11,9.91,5.953,1.89,0.0,0.94,1,,no,within-guardrails
s527,4,History,Traveling Storyteller,180,16,11.25,5.893,1.14,0.0,6.25,1,,no,within-guardrails
s528,4,History,The Winter Market,201,9,22.33,5.449,6.97,0.0,17.91,0,,yes,vocabulary-review
s529,5,History,Apprentice Who Became a Master,209,8,26.12,5.367,12.2,1.46,31.71,1,long-words,no,vocabulary-review
s530,6,History,Plague Doctor's Notebook,268,7,38.29,5.351,9.51,0.38,38.4,2,long-words,yes,vocabulary-review
s531,8,History,The Merchant Fleet That Sailed Without Maps,274,6,45.67,5.098,16.85,4.76,39.93,1,very-low-frequency,yes,vocabulary-review
s532,8,History,Court Painter Who Recorded Dissent,314,7,44.86,5.21,15.76,1.93,40.84,2,,yes,vocabulary-review
s533,9,History,Cartographer Who Refused to Finish His Final Map,298,7,42.57,5.239,12.63,1.37,41.98,2,,no,within-guardrails
s534,10,History,The Diplomat Whose Silence Ended a War,313,7,44.71,5.024,19.74,2.27,48.87,2,,no,within-guardrails
s535,1,Science,Why Fire Is Hot,29,6,4.83,5.718,0.0,0.0,4.35,1,,no,within-guardrails
s536,2,Science,Why Bread Gets Hard,86,8,10.75,5.802,2.33,0.0,0.0,0,,no,within-guardrails
s537,3,Science,How Our Skin Protects Us,128,6,21.33,5.392,6.25,0.78,22.66,0,long-words,yes,vocabulary-review
s538,4,Science,How Airplanes Stay in the Air,151,7,21.57,5.45,10.6,1.32,23.84,0,long-words,no,vocabulary-review
s539,5,Science,Science of Why We Get Goosebumps,170,13,13.08,5.761,4.17,0.0,5.36,1,,no,within-guardrails
s540,6,Science,How Antibiotics Fight Bacteria,163,14,11.64,5.688,7.45,0.0,16.77,1,,no,within-guardrails
s541,7,Science,Physics of Why We Feel Weightless in Free Fall,236,7,33.86,5.373,13.9,1.79,26.46,5,,no,within-guardrails
s542,8,Science,Chemistry Behind Why Certain Foods Taste Better Together,241,5,48.2,5.111,16.18,0.41,44.81,0,long-words,yes,vocabulary-review
s543,9,Science,The Neuroscience of Why Music Gives Us Chills,232,6,38.83,5.041,13.79,1.29,41.81,1,,no,within-guardrails
s544,10,Science,Quantum Mechanics of Why Certain Materials Become Superconductors,274,6,46.33,4.895,20.3,5.17,50.55,4,,no,within-guardrails
s545,1,Famous books,Little Red Riding Hood,111,15,7.4,6.078,0.0,0.0,1.87,3,,no,within-guardrails
s546,2,Famous books,The Emperor's New Clothes,142,18,7.89,6.001,2.14,0.0,4.29,1,,no,within-guardrails
s547,3,Famous books,Pinocchio Runs Away from Home,158,18,8.78,6.024,1.36,0.0,6.8,2,,no,within-guardrails
s548,4,Famous books,Jim Meets Long John Silver,202,19,10.68,5.848,6.56,0.0,9.84,7,,no,within-guardrails
s549,5,Famous books,Beth and the Quiet Piano,202,19,10.63,5.926,3.78,0.54,10.81,5,,no,within-guardrails
s550,6,Famous books,Escape from the Château d'If,201,20,10.45,5.785,6.25,1.56,8.85,8,,no,within-guardrails
s551,7,Famous books,The Portrait Begins to Change,194,18,10.78,5.757,7.57,0.54,15.14,4,,no,within-guardrails
s552,8,Famous books,The Count Learns to Show Mercy,199,17,11.82,5.799,4.21,0.53,13.16,4,,no,within-guardrails
s553,9,Famous books,Pip Reconsiders What Makes a Gentleman,207,15,13.93,5.489,11.98,0.52,20.83,8,,no,within-guardrails
s554,10,Famous books,"Les Misérables: Law, Mercy, and Moral Change",253,18,14.22,5.549,6.56,0.82,21.31,6,,no,within-guardrails
s555,1,Fantasy/stories,The Fox With Two Tails,35,6,5.83,5.747,14.29,0.0,0.0,0,low-frequency,no,vocabulary-review
s556,1,Fantasy/stories,Talking Rock,45,11,4.09,5.935,2.22,0.0,2.22,0,,no,within-guardrails
s557,2,Fantasy/stories,Shoemaker's Extra Pair,128,6,21.33,5.68,4.84,0.81,9.68,1,long-words,yes,vocabulary-review
s558,2,Fantasy/stories,The Cloud Shepherd,105,9,11.67,5.926,1.94,0.0,1.94,1,,no,within-guardrails
s559,3,Fantasy/stories,Wishing Bench,92,9,10.22,5.884,1.11,0.0,3.33,1,,no,within-guardrails
s560,3,Fantasy/stories,Painter's Missing Color,138,5,27.6,5.313,7.35,0.0,22.06,1,long-words,yes,vocabulary-review
s561,4,Fantasy/stories,The Locksmith's Final Key,169,6,28.67,5.4,10.71,1.79,22.62,1,long-words,yes,vocabulary-review
s562,4,Fantasy/stories,Weathervane That Remembered,170,14,12.14,5.895,4.79,0.0,5.39,2,,no,within-guardrails
s563,5,Fantasy/stories,Cobbler Who Mended Time,177,5,35.4,5.323,7.51,1.16,28.32,1,long-words,yes,vocabulary-review
s564,5,Fantasy/stories,The Baker Who Kneaded Memories,176,14,12.57,5.797,2.92,0.58,5.85,1,,no,within-guardrails
s565,6,Fantasy/stories,Cartwright Who Built Roads to Nowhere,167,17,9.82,5.692,3.68,0.0,9.2,2,,no,within-guardrails
s566,6,Fantasy/stories,Weaver's Loom of Quiet Places,169,6,28.17,5.208,11.52,1.21,29.7,2,,no,within-guardrails
s567,7,Fantasy/stories,The Apothecary Who Bottled Courage,199,6,33.33,5.269,9.69,1.02,34.69,2,,no,within-guardrails
s568,7,Fantasy/stories,Chandler Who Sold Borrowed Light,179,5,36.2,4.986,22.6,1.13,32.77,2,low-frequency,yes,vocabulary-review
s569,8,Fantasy/stories,Instrument Maker Who Tuned Grief,219,7,31.43,5.319,9.3,0.93,33.49,1,,no,within-guardrails
s570,8,Fantasy/stories,The Mapmaker Who Charted Regret,226,6,37.67,5.248,9.42,1.35,39.01,1,,no,within-guardrails
s571,9,Fantasy/stories,Glazier Who Trapped Sunsets,245,6,40.83,5.408,10.0,2.5,27.08,2,,no,within-guardrails
s572,9,Fantasy/stories,Silversmith Who Forged Second Voices,223,5,44.6,5.195,14.55,2.73,30.0,1,,no,within-guardrails
s573,10,Fantasy/stories,The Bell Founder Who Cast Forgiveness,272,6,46.17,5.139,16.61,2.17,39.35,0,,no,within-guardrails
s574,10,Fantasy/stories,Archivist Who Catalogued Unspoken Apologies,255,5,51.4,5.163,15.02,5.14,39.92,1,,no,within-guardrails
s575,1,Nature and animals,A Rabbit in the Grass,31,7,4.43,5.789,9.68,0.0,0.0,0,low-frequency,no,vocabulary-review
s576,1,Nature and animals,The Little Ant,33,7,4.71,5.916,12.12,0.0,0.0,0,low-frequency,no,vocabulary-review
s577,2,Nature and animals,Woodpecker's Loud Knock,92,10,9.2,5.791,2.27,2.27,3.41,2,very-low-frequency,no,vocabulary-review
s578,2,Nature and animals,Turtle's Slow Journey,93,9,10.33,5.766,4.3,0.0,0.0,0,,no,within-guardrails
s579,3,Nature and animals,The Clever Crow's Trick,88,8,11.0,5.949,4.55,0.0,1.14,0,,no,within-guardrails
s580,3,Nature and animals,Bat's Nighttime Feast,78,7,11.14,5.771,7.69,0.0,3.85,0,,no,within-guardrails
s581,4,Nature and animals,How Salmon Find Their Way Home,167,14,11.93,5.842,1.81,0.0,2.41,1,,no,within-guardrails
s582,4,Nature and animals,The Chameleon's Sticky Tongue,158,13,12.23,5.762,7.55,0.63,3.14,0,,no,within-guardrails
s583,5,Nature and animals,Remarkable Homing Ability of Pigeons,173,6,29.5,5.281,7.39,1.14,34.66,1,long-words,yes,vocabulary-review
s584,5,Nature and animals,Praying Mantis's Patient Hunting Strategy,164,13,12.62,5.701,10.37,0.61,7.32,0,,no,within-guardrails
s585,6,Nature and animals,The Symbiotic Relationship Between Clownfish and Sea Anemones,179,7,25.71,5.189,15.0,3.33,29.44,0,very-low-frequency,no,vocabulary-review
s586,6,Nature and animals,Complex Communication System of Prairie Dogs,164,12,13.67,5.803,4.94,0.62,8.02,2,,no,within-guardrails
s587,7,Nature and animals,Remarkable Regenerative Abilities of Starfish,212,5,42.6,5.099,12.92,1.91,41.15,1,long-words,yes,vocabulary-review
s588,7,Nature and animals,The Unusual Hunting Technique of Archer Fish,209,7,29.86,5.163,14.83,2.87,27.27,0,,no,within-guardrails
s589,8,Nature and animals,Extraordinary Migration of Arctic Terns,227,6,37.83,5.158,15.6,2.75,37.61,3,,no,within-guardrails
s590,8,Nature and animals,Complex Social Structure of Orca Pods,209,5,42.0,5.075,14.56,1.46,36.89,1,,no,within-guardrails
s591,9,Nature and animals,The Fungal Networks That Connect Forest Ecosystems,204,5,41.2,5.088,14.08,2.43,40.29,0,,no,within-guardrails
s592,9,Nature and animals,Sophisticated Tool Use of New Caledonian Crows,220,5,44.8,5.057,17.49,0.45,38.57,1,,no,within-guardrails
s593,10,Nature and animals,Extremophile Organisms Redefining the Boundaries of Life,269,5,54.2,4.995,16.73,2.23,46.1,2,,no,within-guardrails
s594,10,Nature and animals,The Epigenetic Inheritance of Environmental Memory,278,6,46.33,5.011,17.09,2.91,52.0,2,,no,within-guardrails
s595,1,World affairs,A New Bridge,43,8,5.38,6.042,2.33,0.0,0.0,0,,no,within-guardrails
s596,1,World affairs,Sharing Food,43,8,5.38,5.982,0.0,0.0,9.3,0,long-words,no,vocabulary-review
s597,2,World affairs,The Community Clean-Up Day,134,8,16.75,5.588,3.73,0.0,20.15,0,long-words,yes,vocabulary-review
s598,3,World affairs,School Supply Drive,138,6,23.0,5.422,5.07,0.0,34.78,0,long-words,yes,vocabulary-review
s599,3,World affairs,Town's First Community Center,95,8,11.88,5.753,2.11,0.0,7.37,0,,no,within-guardrails
s600,3,World affairs,The Volunteer Tutoring Program,173,8,21.62,5.477,7.56,0.0,29.07,1,long-words,yes,vocabulary-review
s601,4,World affairs,City's Bike Lane Expansion,199,7,28.43,5.352,7.54,0.0,32.66,0,long-words,yes,vocabulary-review
s602,6,World affairs,Rural Internet Access Initiative,189,6,31.5,5.102,11.11,0.53,46.56,0,long-words,no,vocabulary-review
s603,6,World affairs,The Cooperative Housing Model,229,6,38.17,5.171,11.79,0.87,43.67,0,long-words,yes,vocabulary-review
s604,8,World affairs,Municipal Composting Program,216,6,36.0,5.213,10.19,3.24,42.59,0,long-words,no,vocabulary-review
s605,8,World affairs,Cross-Border Water Management Agreement,239,6,39.83,5.164,13.81,0.42,43.51,0,long-words,no,vocabulary-review
s606,6,World affairs,The Regional Renewable Energy Cooperative,211,6,35.17,5.126,14.22,0.95,44.55,0,long-words,yes,vocabulary-review
s607,8,World affairs,National Apprenticeship Modernization Program,216,6,36.0,4.907,15.74,1.85,55.56,0,long-words,no,vocabulary-review
s608,7,World affairs,Multi-Municipal Emergency Medical Service,220,6,36.67,5.072,15.0,1.82,46.82,0,long-words,yes,vocabulary-review
s609,8,World affairs,The National Community Land Trust Initiative,265,8,33.12,5.142,9.43,0.75,40.38,0,,no,within-guardrails
s610,8,World affairs,Regional Circular Economy Partnership,233,7,33.29,5.169,9.44,0.86,47.21,0,long-words,no,vocabulary-review
s611,9,World affairs,International Knowledge-Sharing Network for Sustainable Agriculture,266,6,44.33,5.041,13.16,0.75,52.63,0,long-words,no,vocabulary-review
s612,9,World affairs,The Federated Approach to Regional Refugee Resettlement,249,7,35.57,5.021,19.28,3.61,53.41,0,long-words,no,vocabulary-review
s613,10,World affairs,Polycentric Governance Model for Transboundary Environmental Management,328,6,55.33,4.908,16.57,4.82,54.52,0,long-words,yes,vocabulary-review
s614,10,World affairs,Deliberative Mini-Public Model for Contested Infrastructure Decisions,299,6,50.83,4.961,12.79,5.9,52.46,0,long-words,no,vocabulary-review
s615,1,Everyday life,A Cup of Coffee,28,6,4.67,5.888,0.0,0.0,0.0,0,,no,within-guardrails
s616,1,Everyday life,Cleaning My Room,30,6,5.0,5.997,3.33,0.0,0.0,0,,no,within-guardrails
s617,2,Everyday life,Forgotten Birthday Card,83,8,10.38,6.004,0.0,0.0,2.5,2,,no,within-guardrails
s618,2,Everyday life,The New Kitchen Gadget,86,9,9.56,6.079,0.0,0.0,1.19,1,,no,within-guardrails
s619,3,Everyday life,Surprise Visit,133,6,22.17,5.598,5.43,0.78,19.38,2,long-words,yes,vocabulary-review
s620,3,Everyday life,Community Garden Plot,82,8,10.25,5.756,5.06,0.0,7.59,1,,no,within-guardrails
s621,4,Everyday life,The Unexpected Career Change,176,5,36.0,5.43,9.09,0.57,27.27,2,long-words,yes,vocabulary-review
s622,4,Everyday life,Long-Distance Friendship,164,5,33.0,5.478,4.29,0.0,28.22,2,long-words,yes,vocabulary-review
s623,5,Everyday life,Inherited Responsibility,194,5,38.8,5.398,8.95,1.58,32.11,1,long-words,yes,vocabulary-review
s624,5,Everyday life,The Roommate Situation,168,14,12.0,5.824,2.44,0.0,10.98,2,,no,within-guardrails
s625,6,Everyday life,Family Business Succession,210,7,30.29,5.538,4.85,0.0,28.64,2,,no,within-guardrails
s626,6,Everyday life,Blended Family Adjustment,185,5,37.0,5.428,11.05,1.1,30.39,2,long-words,yes,vocabulary-review
s627,7,Everyday life,The Caregiver's Difficult Balance,199,5,39.8,5.264,10.82,2.58,36.08,2,long-words,yes,vocabulary-review
s628,7,Everyday life,Empty Nest Transition,209,16,13.12,5.753,7.69,0.48,17.31,1,,no,within-guardrails
s629,8,Everyday life,Reconciliation After Decades of Silence,234,6,39.17,5.272,12.84,2.29,34.4,3,,no,within-guardrails
s630,8,Everyday life,The Late-Life Career Reinvention,239,6,40.0,5.358,10.21,0.85,37.87,1,,no,within-guardrails
s631,9,Everyday life,Multigenerational Household Experiment,266,6,44.33,5.374,8.46,1.92,37.31,1,,no,within-guardrails
s632,9,Everyday life,Friendship Tested by Financial Success,249,6,41.5,5.274,10.04,2.09,40.59,3,,no,within-guardrails
s633,10,Everyday life,The Inheritance That Revealed a Hidden Family History,300,6,50.0,5.438,8.19,0.68,33.79,2,,no,within-guardrails
s634,10,Everyday life,Decades-Long Correspondence With a Childhood Pen Pal,280,6,48.0,5.332,11.19,1.05,31.12,1,,no,within-guardrails
s635,1,History,Old Tower,46,8,5.75,5.864,2.17,0.0,4.35,0,,no,within-guardrails
s636,1,History,The First Trade,45,8,5.62,5.939,0.0,0.0,4.44,0,,no,within-guardrails
s637,2,History,Town Crier,114,12,9.5,5.97,1.79,0.89,0.89,1,,no,within-guardrails
s638,4,History,Traveling Peddler,177,8,22.12,5.451,8.62,1.72,24.71,1,long-words,yes,vocabulary-review
s639,3,History,The Lighthouse Keeper's Daughter,195,7,27.86,5.374,7.85,1.05,30.37,2,long-words,yes,vocabulary-review
s640,5,History,Orphan Clockmaker,204,15,13.6,5.922,2.49,0.5,6.97,1,,no,within-guardrails
s641,4,History,Printer Who Risked Everything,181,16,11.31,5.795,1.12,0.0,8.99,1,,no,within-guardrails
s642,5,History,The Midwife's Secret Knowledge,249,7,35.57,5.348,9.35,0.41,36.18,2,long-words,yes,vocabulary-review
s643,5,History,Interpreter Who Prevented a War,198,17,11.65,5.774,6.63,1.02,13.27,1,,no,within-guardrails
s644,8,History,Astronomer Who Corrected an Ancient Error,247,6,41.17,5.282,15.77,0.41,41.49,2,,no,within-guardrails
s645,8,History,The Diplomat's Unconventional Peace Proposal,257,7,36.71,5.238,14.23,0.79,43.87,2,long-words,no,vocabulary-review
s646,6,History,Merchant Who Funded a Library,252,6,42.0,5.399,8.06,0.0,36.69,2,long-words,yes,vocabulary-review
s647,7,History,Regent Who Governed by Committee,270,7,38.57,5.237,14.07,0.74,38.15,0,long-words,yes,vocabulary-review
s648,7,History,The Cartographer's Deliberate Error,203,15,13.53,5.761,5.47,1.49,8.96,1,,no,within-guardrails
s649,8,History,Translator Who Preserved a Dying Language,255,7,36.43,5.252,15.73,2.82,36.69,3,,no,within-guardrails
s650,8,History,Engineer Who Refused to Certify an Unsafe Bridge,272,8,34.0,5.315,11.99,1.87,40.82,2,,no,within-guardrails
s651,9,History,The Archivist Who Smuggled a Nation's Memory,307,8,38.38,5.273,14.1,2.95,41.97,1,,no,within-guardrails
s652,9,History,Economist Whose Warnings Went Unheeded,299,7,42.71,5.237,14.63,1.36,43.2,2,,no,within-guardrails
s653,10,History,Historian Who Documented Her Own Erasure,372,8,46.5,5.186,17.12,2.17,47.83,2,,no,within-guardrails
s654,10,History,The Cryptographer Whose Code Remained Unbroken for a Century,288,19,15.16,5.692,4.51,0.0,18.4,0,,no,within-guardrails
s655,1,Science,Why We Sneeze,31,6,5.17,5.463,12.9,0.0,3.23,0,low-frequency,no,vocabulary-review
s656,1,Science,Magnets Stick Together,45,5,9.0,5.921,4.44,0.0,2.22,0,,no,within-guardrails
s657,2,Science,Why Ice Cream Melts,84,7,12.0,5.956,1.19,1.19,0.0,0,very-low-frequency,no,vocabulary-review
s658,2,Science,How Plants Drink Water,92,9,10.22,5.939,2.17,0.0,0.0,0,,no,within-guardrails
s659,3,Science,Why Some Objects Float and Others Sink,162,13,12.46,5.677,8.64,1.85,5.56,0,very-low-frequency,no,vocabulary-review
s660,3,Science,The Science of Static Electricity,85,8,10.62,5.872,4.71,0.0,2.35,0,,no,within-guardrails
s661,4,Science,How Vaccines Prevent Disease Outbreaks,169,13,13.0,5.711,8.88,0.0,14.2,0,,no,within-guardrails
s662,4,Science,Physics of Why Sound Travels Differently Through Different Materials,195,6,32.5,5.404,10.26,0.51,28.72,0,long-words,yes,vocabulary-review
s663,5,Science,Why Yawning May Be Contagious,170,15,11.47,5.595,11.05,1.16,16.28,0,,no,within-guardrails
s664,5,Science,How Our Bodies Convert Food Into Usable Energy,174,15,11.6,5.66,6.4,0.0,12.79,1,,no,within-guardrails
s665,6,Science,Neuroscience of Habit Formation,184,15,12.27,5.83,4.89,0.54,8.15,0,,no,within-guardrails
s666,6,Science,How Coral Bleaching Threatens Ocean Ecosystems,230,7,33.29,4.971,24.89,2.15,27.47,0,low-frequency,yes,vocabulary-review
s667,7,Science,Chemistry of Why Certain Metals Corrode Faster Than Others,168,14,12.0,5.563,9.52,0.0,11.31,0,,no,within-guardrails
s668,7,Science,Physiology of Altitude Sickness,197,6,32.83,5.161,16.75,1.52,35.03,0,,no,within-guardrails
s669,8,Science,The Genetics of Why Identical Twins Aren't Perfectly Identical,227,6,37.83,5.079,11.01,1.76,41.85,0,,no,within-guardrails
s670,8,Science,Physics of Why GPS Requires Correcting for Relativity,257,7,36.86,5.222,17.6,2.0,37.2,3,,no,within-guardrails
s671,9,Science,Microbiome's Influence on Human Health and Behavior,264,6,44.17,5.092,15.09,3.77,42.64,0,,no,within-guardrails
s672,9,Science,The Astrophysics of Gravitational Waves,276,6,46.0,5.201,17.88,3.28,36.5,2,,no,within-guardrails
s673,10,Science,Theoretical Physics of Quantum Entanglement and Its Implications,309,6,52.67,5.109,14.01,4.46,43.95,2,,no,within-guardrails
s674,10,Science,Molecular Biology of CRISPR Gene Editing Technology,323,6,54.0,5.061,12.19,1.88,46.88,2,,no,within-guardrails
s675,1,Famous books,The Ugly Duckling,104,14,7.43,5.988,2.88,0.96,4.81,0,very-low-frequency,no,vocabulary-review
s676,1,Famous books,The Princess and the Pea,104,15,6.93,5.965,3.88,0.0,3.88,1,,no,within-guardrails
s677,2,Famous books,The Bremen Town Musicians,143,16,8.94,5.957,6.38,0.0,2.84,2,,no,within-guardrails
s678,2,Famous books,Pinocchio Meets the Talking Cricket,131,18,7.28,5.902,1.68,0.84,3.36,4,,no,within-guardrails
s679,3,Famous books,Pinocchio Meets the Fox and the Cat,165,15,11.0,5.946,1.89,0.0,6.92,1,,no,within-guardrails
s680,3,Famous books,Thumbelina Leaves Her Home,164,17,9.65,5.907,7.59,0.0,2.53,1,,no,within-guardrails
s681,4,Famous books,Marley's Ghost Visits Scrooge,197,20,9.85,5.922,1.68,0.56,6.15,7,,no,within-guardrails
s682,6,Famous books,The Treasure of Monte Cristo,202,18,11.5,5.759,5.03,0.0,15.58,4,,no,within-guardrails
s683,5,Famous books,Robinson Crusoe Is Shipwrecked,202,19,10.63,5.817,3.02,0.5,7.54,1,,no,within-guardrails
s684,5,Famous books,The Footprint in the Sand,204,22,9.27,5.761,7.07,0.0,12.63,3,,no,within-guardrails
s685,6,Famous books,D'Artagnan Arrives in Paris,161,14,11.5,5.71,8.11,6.08,20.27,8,very-low-frequency,no,vocabulary-review
s686,6,Famous books,The Queen's Diamonds,192,18,10.67,5.845,3.41,0.57,13.64,8,,no,within-guardrails
s687,7,Famous books,Dorian's Double Life,193,20,9.65,5.531,9.09,0.0,22.46,2,,no,within-guardrails
s688,7,Famous books,Dorian Faces the Portrait,197,20,9.85,5.778,3.66,0.52,18.32,2,,no,within-guardrails
s689,8,Famous books,Captain Nemo's Hidden World,201,19,10.58,5.706,7.65,1.09,20.22,7,,no,within-guardrails
s690,8,Famous books,The Attack of the Giant Squid,201,18,11.17,5.722,6.67,0.51,13.33,5,,no,within-guardrails
s691,9,Famous books,Revolution and Justice in Paris,202,16,12.62,5.421,16.41,1.54,24.1,6,,no,within-guardrails
s692,9,Famous books,Dorian Gray and the Cost of Beauty,209,17,12.35,5.584,7.11,0.51,22.34,5,,no,within-guardrails
s693,10,Famous books,A Tale of Two Cities: Sacrifice and Political Violence,243,20,12.15,5.585,7.49,2.2,23.79,12,,no,within-guardrails
s694,10,Famous books,"The Scarlet Letter: Guilt, Identity, and Public Morality",256,22,11.64,5.437,10.92,0.0,24.37,9,,no,within-guardrails
s695,1,Fantasy/stories,The Blue Kite,83,11,7.55,6.04,7.59,0.0,0.0,2,low-frequency,no,vocabulary-review
s696,1,Fantasy/stories,The Little Red Boat,93,12,7.75,6.05,1.12,0.0,1.12,2,,no,within-guardrails
s697,1,Nature and animals,A Bird at My Window,93,12,7.75,5.943,1.12,0.0,1.12,2,,no,within-guardrails
s698,1,Nature and animals,The Busy Ant Trail,91,12,7.58,5.835,6.9,0.0,4.6,1,low-frequency,no,vocabulary-review
s699,1,World affairs,A New Well for the Village,90,9,10.0,6.104,0.0,0.0,2.22,0,,no,within-guardrails
s700,1,World affairs,The Market Gets a Roof,89,9,9.89,5.933,1.14,0.0,2.27,1,,no,within-guardrails
s701,1,Everyday life,The Key Under the Chair,91,13,7.0,6.03,1.15,0.0,0.0,2,,no,within-guardrails
s702,1,Everyday life,My Quiet Morning,80,12,6.67,5.995,1.25,0.0,3.75,0,,no,within-guardrails
s703,1,History,Bread in Ancient Egypt,95,12,7.92,5.76,5.88,0.0,2.35,4,low-frequency,no,vocabulary-review
s704,1,History,A Roman Road,90,10,9.0,5.687,1.15,0.0,4.6,2,,no,within-guardrails
s705,1,Science,Why Ice Melts,90,10,9.0,5.852,3.33,0.0,0.0,0,,no,within-guardrails
s706,1,Science,A Shadow Moves,82,10,8.2,5.852,2.6,0.0,3.9,3,,no,within-guardrails
s707,1,Famous books,The Dog and His Reflection,83,12,6.92,5.921,1.2,0.0,3.61,0,,no,within-guardrails
s708,1,Famous books,The Golden Goose,94,11,8.55,5.881,4.26,0.0,6.38,0,long-words,no,vocabulary-review
s709,2,Fantasy/stories,The Door in the Tree,118,12,9.83,5.993,0.88,0.0,0.88,2,,no,within-guardrails
s710,2,Fantasy/stories,Mina and the Moon Bell,110,13,8.46,5.834,6.67,0.0,5.71,2,,no,within-guardrails
s711,2,Nature and animals,The Frog in the Garden,113,12,9.42,5.823,6.42,0.0,3.67,1,,no,within-guardrails
s712,2,Nature and animals,Why Cats Move Their Ears,103,12,8.58,5.848,2.04,0.0,6.12,1,,no,within-guardrails
s713,2,World affairs,A Town Shares Its Water,109,12,9.08,5.756,3.67,0.0,5.5,0,,no,within-guardrails
s714,2,World affairs,When the Market Moved Indoors,113,13,8.69,5.856,4.42,0.0,11.5,0,long-words,no,vocabulary-review
s715,2,Everyday life,The Wrong Bus Home,115,13,8.85,5.975,1.79,0.0,0.89,1,,no,within-guardrails
s716,2,Everyday life,Cooking Rice for Two,108,15,7.2,5.869,1.0,0.0,3.0,2,,no,within-guardrails
s717,2,History,A Day in Ancient Pompeii,105,9,11.56,5.781,3.0,0.0,5.0,3,,no,within-guardrails
s718,2,History,How Vikings Used Longships,115,10,11.5,5.72,4.46,0.89,4.46,2,,no,within-guardrails
s719,2,Science,How Soap Cleans Your Hands,102,12,8.5,5.72,5.38,0.0,6.45,2,,no,within-guardrails
s720,2,Science,Why We See the Moon,107,10,10.7,5.956,3.06,0.0,6.12,3,,no,within-guardrails
s721,2,Famous books,The Fisherman and His Wife,118,14,8.43,5.954,5.08,0.85,5.93,0,,no,within-guardrails
s722,2,Famous books,The Little Match Girl,119,12,9.92,5.926,1.68,0.0,3.36,0,,no,within-guardrails
s723,3,Fantasy/stories,The House That Moved at Night,152,19,8.0,5.939,0.68,0.0,6.8,1,,no,within-guardrails
s724,3,Fantasy/stories,The Boy Who Borrowed a Cloud,158,19,8.32,5.916,1.32,0.0,1.97,1,,no,within-guardrails
s725,3,Nature and animals,The Night of the Fireflies,76,7,10.86,5.593,6.76,2.7,10.81,1,very-low-frequency,no,vocabulary-review
s726,3,Nature and animals,How a Young Seal Learns to Swim,147,14,10.5,5.729,5.44,0.68,10.88,0,,no,within-guardrails
s727,3,World affairs,Why Cities Plant More Trees,151,15,10.13,5.744,4.83,0.0,6.9,2,,no,within-guardrails
s728,3,World affairs,A Small Island Builds Higher Roads,147,16,9.19,5.778,3.4,0.0,10.2,0,,no,within-guardrails
s729,3,Everyday life,A Phone Call from an Old Friend,144,15,9.6,5.822,2.16,0.0,10.79,2,,no,within-guardrails
s730,3,Everyday life,The Umbrella Left at the Cafe,147,17,8.65,5.988,4.96,0.0,7.09,3,,no,within-guardrails
s731,3,History,A Messenger on the Inca Roads,142,13,11.0,5.516,7.97,1.45,13.77,3,,no,within-guardrails
s732,3,History,Printing Changes Europe,143,12,11.92,5.665,5.19,0.0,9.63,4,,no,within-guardrails
s733,3,Science,What Makes Thunder,144,14,10.29,5.824,3.6,0.72,12.23,1,,no,within-guardrails
s734,3,Science,How Seeds Know Which Way to Grow,139,14,9.93,5.684,2.88,0.0,11.51,0,,no,within-guardrails
s735,3,Famous books,Dorothy Meets the Scarecrow,142,14,10.14,5.96,3.79,0.0,14.39,5,long-words,no,vocabulary-review
s736,3,Famous books,Tom Sawyer Paints the Fence,158,16,9.88,5.965,2.68,0.0,10.07,3,,no,within-guardrails
s737,4,Fantasy/stories,The Clockmaker's Secret Room,205,21,9.71,5.789,3.02,0.0,5.53,1,,no,within-guardrails
s738,4,Fantasy/stories,The Village Under the Lake,193,19,10.16,5.914,2.78,0.0,6.67,6,,no,within-guardrails
s739,4,Nature and animals,The Trees That Share Water,179,15,12.0,5.792,3.89,0.0,10.0,0,,no,within-guardrails
s740,4,Nature and animals,The Bee That Finds the Flowers,160,14,11.43,5.784,7.55,1.26,12.58,1,,no,within-guardrails
s741,4,World affairs,How Food Aid Reaches a Community,181,15,12.07,5.652,2.23,0.0,13.97,1,,no,within-guardrails
s742,4,World affairs,The Town That Changed Its Waste Rules,167,15,11.13,5.693,7.19,0.6,17.37,0,,no,within-guardrails
s743,4,Everyday life,The Flat Above the Bakery,178,18,9.89,5.769,3.43,0.0,5.14,1,,no,within-guardrails
s744,4,Everyday life,A Saturday Without a Phone,181,16,11.31,5.948,0.57,0.0,4.57,3,,no,within-guardrails
s745,4,History,How the Compass Changed Sea Travel,173,13,13.38,5.553,10.06,1.78,17.75,3,,no,within-guardrails
s746,4,History,The First Public Clocks,165,15,11.0,5.675,6.17,0.0,17.28,3,,no,within-guardrails
s747,4,Science,Why Metal Feels Colder Than Wood,165,15,11.0,5.722,5.62,0.62,8.75,1,,no,within-guardrails
s748,4,Science,How Vaccines Train the Immune System,165,14,11.86,5.692,7.83,1.2,13.86,0,,no,within-guardrails
s749,4,Famous books,Dorothy Meets the Cowardly Lion,182,18,10.11,5.896,4.19,0.0,10.18,9,,no,within-guardrails
s750,4,Famous books,Tom and Huck in the Graveyard,164,19,8.63,5.751,5.16,0.0,14.84,5,,no,within-guardrails
s751,5,Fantasy/stories,The Library at the End of the Road,209,25,8.36,5.723,3.31,0.0,8.84,2,,no,within-guardrails
s752,5,Fantasy/stories,The Girl Who Could Hear Old Walls,221,21,10.52,5.885,3.81,0.0,7.62,3,,no,within-guardrails
s753,5,Nature and animals,When Wolves Return to a Valley,186,15,12.47,5.558,9.68,0.54,11.29,1,,no,within-guardrails
s754,5,Nature and animals,The Secret Life of Tide Pools,196,17,11.53,5.61,6.19,1.03,8.76,2,,no,within-guardrails
s755,5,World affairs,Why Some Cities Limit Short-Term Rentals,181,13,14.08,5.58,6.01,0.0,16.94,0,,no,within-guardrails
s756,5,World affairs,A Region Rebuilds After a Major Flood,190,15,12.67,5.627,7.37,0.0,21.05,0,,no,within-guardrails
s757,5,Everyday life,Learning to Say No Politely,187,20,9.35,5.796,5.2,0.58,9.83,6,,no,within-guardrails
s758,5,Everyday life,The Neighbor Who Watered the Plants,195,21,9.33,5.878,4.86,0.0,10.27,4,,no,within-guardrails
s759,5,History,The Opening of the Suez Canal,183,14,13.0,5.807,4.43,1.9,19.62,13,,no,within-guardrails
s760,5,History,The First Railway Between Tokyo and Yokohama,172,13,13.15,5.825,3.66,0.0,21.34,6,,no,within-guardrails
s761,5,Science,Why Sleep Helps Memory,172,14,12.29,5.729,0.58,0.0,20.35,0,,no,within-guardrails
s762,5,Science,How GPS Finds Your Position,170,14,12.21,5.607,8.12,0.62,23.75,7,,no,within-guardrails
s763,5,Famous books,David Copperfield Leaves the Factory,183,15,12.2,5.944,2.29,0.0,9.71,5,,no,within-guardrails
s764,5,Famous books,Jane Eyre at Lowood,172,15,11.47,5.686,7.1,0.65,16.13,7,,no,within-guardrails
s765,6,Fantasy/stories,The City That Forgot the Sun,203,22,9.23,5.549,6.93,0.0,15.35,1,,no,within-guardrails
s766,6,Fantasy/stories,The Messenger from the Empty Kingdom,216,21,10.29,5.897,3.81,0.0,13.33,3,,no,within-guardrails
s767,6,Nature and animals,How Elephants Remember Dry Seasons,195,15,13.0,5.623,4.76,1.59,16.93,2,,no,within-guardrails
s768,6,Nature and animals,The Long Journey of a Monarch Butterfly,188,17,11.12,5.503,10.93,2.19,24.04,5,,no,within-guardrails
s769,6,World affairs,The Debate Over a New Dam,188,16,11.81,5.513,5.82,0.0,24.34,0,,no,within-guardrails
s770,6,World affairs,How Communities Share a River,189,17,11.12,5.614,7.41,0.53,20.63,0,,no,within-guardrails
s771,6,Everyday life,Why We Put Off Small Tasks,187,17,11.0,5.76,6.01,1.09,14.75,2,,no,within-guardrails
s772,6,Everyday life,The Dinner Where Nobody Checked a Phone,179,17,10.53,5.789,2.79,0.56,11.73,0,,no,within-guardrails
s773,6,History,The Haitian Revolution and the End of Slavery,187,13,14.38,5.516,10.24,0.6,26.51,14,,no,within-guardrails
s774,6,History,How Cholera Changed City Sanitation,189,14,13.5,5.552,10.38,0.55,20.22,6,,no,within-guardrails
s775,6,Science,What Happens Inside a Battery,167,14,11.93,5.54,8.38,1.8,27.54,0,,no,within-guardrails
s776,6,Science,Why Antibiotic Resistance Evolves,181,16,11.31,5.615,8.84,0.55,26.52,0,,no,within-guardrails
s777,6,Famous books,Jane Eyre Meets Mr Rochester,192,17,11.35,5.738,7.47,0.57,12.07,8,,no,within-guardrails
s778,6,Famous books,David Copperfield Meets Mr Micawber,195,16,12.19,5.723,10.61,1.12,18.44,7,,no,within-guardrails
s779,7,Fantasy/stories,The Painter of Tomorrow's Sky,218,30,7.27,5.733,4.74,0.0,10.43,2,,no,within-guardrails
s780,7,Fantasy/stories,The Forest That Remembered Names,229,23,10.0,5.793,5.75,0.0,12.39,2,,no,within-guardrails
s781,7,Nature and animals,The Coral Reef After the Heat,202,17,11.94,5.442,13.43,1.49,17.91,1,,no,within-guardrails
s782,7,Nature and animals,How Crows Learn from Each Other,197,17,11.59,5.595,9.64,0.0,22.84,0,,no,within-guardrails
s783,7,World affairs,When a Country Changes Its Energy Mix,203,15,13.67,5.535,2.96,0.49,21.18,1,,no,within-guardrails
s784,7,World affairs,The Difficult Work of Resettling Refugees,195,15,13.0,5.753,5.7,1.04,18.13,1,,no,within-guardrails
s785,7,Everyday life,The Invisible Work of Keeping a Home,201,16,12.56,5.689,9.14,0.0,17.77,2,,no,within-guardrails
s786,7,Everyday life,What We Learn from Repeated Routines,195,16,12.19,5.739,5.26,0.0,17.89,3,,no,within-guardrails
s787,7,History,The Berlin Airlift,192,16,11.94,5.704,5.52,0.0,25.77,15,,no,within-guardrails
s788,7,History,The Green Revolution and Its Mixed Legacy,198,13,15.31,5.528,10.0,0.53,24.74,6,,no,within-guardrails
s789,7,Science,How CRISPR Edits DNA,201,15,13.47,5.635,4.12,0.52,19.59,4,,no,within-guardrails
s790,7,Science,Why Quantum Computers Are Different,187,13,14.38,5.579,7.39,1.14,28.41,2,,no,within-guardrails
s791,7,Famous books,Silas Marner and the Stolen Gold,190,16,11.88,5.742,5.43,0.54,11.96,3,,no,within-guardrails
s792,7,Famous books,Quasimodo and the Bells of Notre-Dame,183,15,12.33,5.718,7.83,0.6,13.25,10,,no,within-guardrails
s793,8,Fantasy/stories,The Museum of Unfinished Lives,237,24,9.88,5.728,4.0,0.44,16.44,4,,no,within-guardrails
s794,8,Fantasy/stories,The Island That Appeared Once a Century,225,22,10.23,5.66,5.33,0.0,16.0,0,,no,within-guardrails
s795,8,Nature and animals,The Hidden Network Beneath a Forest,213,13,16.46,5.524,12.15,0.93,21.96,0,,no,within-guardrails
s796,8,Nature and animals,Why Whales Change Their Songs,204,16,12.81,5.467,9.76,0.49,20.0,0,,no,within-guardrails
s797,8,World affairs,Why Global Supply Chains Break,192,16,12.06,5.418,9.84,0.52,31.09,0,,no,within-guardrails
s798,8,World affairs,How Cities Adapt to Extreme Heat,196,16,12.31,5.332,11.64,0.0,24.87,1,,no,within-guardrails
s799,8,Everyday life,The Cost of Always Being Available,207,17,12.18,5.676,4.83,0.97,20.29,0,,no,within-guardrails
s800,8,Everyday life,How Small Habits Change a Week,208,18,11.61,5.662,4.41,0.0,15.69,3,,no,within-guardrails
s801,8,History,The Partition of India,192,12,16.08,5.627,6.18,0.0,28.09,11,,no,within-guardrails
s802,8,History,The Oil Crisis of 1973,198,16,12.44,5.493,7.69,0.0,28.72,3,,no,within-guardrails
s803,8,Science,How Gravitational Waves Are Detected,190,15,12.53,5.522,12.37,2.15,19.35,2,,no,within-guardrails
s804,8,Science,The Physics of a Greenhouse Planet,199,15,13.27,5.468,17.53,0.0,19.59,4,,no,within-guardrails
s805,8,Famous books,Wuthering Heights: Catherine and Heathcliff,199,15,13.27,5.735,6.59,0.0,17.03,10,,no,within-guardrails
s806,8,Famous books,Raskolnikov's Terrible Idea,193,15,12.87,5.76,5.43,1.09,16.85,6,,no,within-guardrails
s807,9,Fantasy/stories,The Memory Merchant,259,21,12.33,5.84,3.53,0.0,15.69,2,,no,within-guardrails
s808,9,Fantasy/stories,The Last Interpreter of Dreams,230,22,10.45,5.592,8.11,0.0,22.07,2,,no,within-guardrails
s809,9,Nature and animals,The Ecology of a Vanishing Wetland,220,20,11.0,5.36,16.36,0.0,25.91,0,,no,within-guardrails
s810,9,Nature and animals,The Evolution of Cooperation in Animals,209,22,9.5,5.416,11.22,0.0,26.83,3,,no,within-guardrails
s811,9,World affairs,The Politics of Water Across Borders,223,19,11.74,5.441,10.36,0.45,29.73,1,,no,within-guardrails
s812,9,World affairs,Why International Agreements Need Trust,214,18,11.89,5.509,6.07,0.0,29.91,0,,no,within-guardrails
s813,9,Everyday life,The Social Rules of Shared Spaces,211,19,11.11,5.571,9.05,0.48,23.33,1,,no,within-guardrails
s814,9,Everyday life,Why Modern Convenience Can Create New Stress,205,15,13.73,5.587,5.91,0.99,16.75,1,,no,within-guardrails
s815,9,History,The Congress of Vienna and the Balance of Power,215,16,13.44,5.555,9.85,1.97,29.56,9,,no,within-guardrails
s816,9,History,Decolonization After the Second World War,207,16,13.0,5.348,10.22,0.0,37.63,16,,no,within-guardrails
s817,9,Science,Why Complex Systems Become Unpredictable,216,19,11.37,5.492,10.75,0.47,25.23,1,,no,within-guardrails
s818,9,Science,How Scientists Estimate the Age of the Universe,217,15,14.4,5.653,6.48,2.31,25.0,0,,no,within-guardrails
s819,9,Famous books,Middlemarch: Dorothea's Idealism,209,16,13.06,5.573,10.61,1.01,23.23,5,,no,within-guardrails
s820,9,Famous books,The Brothers Karamazov: A Family in Conflict,208,18,11.56,5.583,8.63,0.0,22.84,8,,no,within-guardrails
s821,10,Fantasy/stories,The Republic of Forgotten Things,273,25,10.92,5.488,10.57,1.13,26.04,3,,no,within-guardrails
s822,10,Fantasy/stories,The Astronomer Who Mapped Impossible Stars,242,24,10.12,5.479,11.74,0.87,26.96,6,,no,within-guardrails
s823,10,Nature and animals,When Ecosystems Cross a Tipping Point,229,17,13.59,5.338,16.88,3.03,29.0,0,,no,within-guardrails
s824,10,Nature and animals,What Animal Intelligence Means for Us,230,17,13.59,5.334,12.99,0.43,28.14,0,,no,within-guardrails
s825,10,World affairs,The Limits of Economic Sanctions,215,16,13.56,5.371,13.55,0.47,35.05,1,,no,within-guardrails
s826,10,World affairs,How Demographic Change Reshapes Public Policy,213,17,12.59,5.247,10.33,0.0,32.39,1,,no,within-guardrails
s827,10,Everyday life,The Architecture of Attention in Daily Life,217,19,11.42,5.63,7.83,0.0,24.42,0,,no,within-guardrails
s828,10,Everyday life,What Ordinary Rituals Do for Identity,213,19,11.21,5.555,8.06,0.0,26.54,2,,no,within-guardrails
s829,10,History,How Industrialization Reorganized Time,206,20,10.3,5.354,15.35,3.47,30.69,3,,no,within-guardrails
s830,10,History,Why Empires Collapse in Different Ways,225,21,10.71,5.428,11.47,0.92,33.49,5,,no,within-guardrails
s831,10,Science,What Entropy Really Means,217,15,14.53,5.539,14.76,1.43,29.52,1,,no,within-guardrails
s832,10,Science,The Measurement Problem in Quantum Mechanics,226,17,13.35,5.402,12.89,1.78,31.11,1,,no,within-guardrails
s833,10,Famous books,Crime and Punishment: Guilt and Moral Freedom,220,16,13.81,5.537,12.15,0.47,23.83,4,,no,within-guardrails
s834,10,Famous books,Madame Bovary: Desire and Disillusionment,224,17,13.24,5.426,12.5,0.93,27.31,4,,no,within-guardrails
s835,1,Fantasy/stories,The Blue Door,61,8,7.62,5.856,1.69,0.0,0.0,1,,no,within-guardrails
s836,1,Fantasy/stories,A Star in a Cup,60,8,7.5,5.917,3.45,0.0,0.0,1,,no,within-guardrails
s837,1,Fantasy/stories,The Talking Hat,60,9,6.67,5.945,3.64,0.0,3.64,2,,no,within-guardrails
s838,1,Fantasy/stories,Ben and the Cloud,64,8,8.0,5.917,1.67,0.0,0.0,1,,no,within-guardrails
s839,1,Famous books,Heidi Finds a Home,64,7,9.14,5.918,3.23,0.0,4.84,1,,no,within-guardrails
s840,1,Famous books,The Secret Garden Wakes,60,7,8.57,5.804,3.51,0.0,3.51,1,,no,within-guardrails
s841,1,Famous books,Pinocchio Tells the Truth,61,8,7.62,5.966,1.79,0.0,1.79,2,,no,within-guardrails
s842,1,Famous books,Dorothy Follows the Road,62,6,10.33,6.025,3.39,0.0,3.39,2,,no,within-guardrails
s843,1,Famous books,Black Beauty Finds Rest,63,6,10.5,5.922,3.23,0.0,0.0,1,,no,within-guardrails
s844,1,Nature and animals,A Duck in the Rain,61,6,10.17,5.77,3.28,0.0,0.0,0,,no,within-guardrails
s845,1,Nature and animals,The Fox at Dawn,60,6,10.0,5.93,3.33,0.0,0.0,0,,no,within-guardrails
s846,1,Nature and animals,Turtle on the Road,58,7,8.29,5.83,6.9,0.0,0.0,0,low-frequency,no,vocabulary-review
s847,1,Nature and animals,The Bee's Map,59,7,8.43,5.806,6.78,0.0,0.0,0,low-frequency,no,vocabulary-review
s848,1,World affairs,Two Schools Share a Field,59,7,8.43,6.069,1.72,0.0,6.9,1,long-words,no,vocabulary-review
s849,1,World affairs,Water for Three Streets,61,7,8.71,5.908,0.0,0.0,4.92,0,,no,within-guardrails
s850,1,World affairs,The New Bus Route,62,7,8.86,6.107,1.61,0.0,4.84,0,,no,within-guardrails
s851,1,World affairs,A Market on Both Sides,62,7,8.86,5.824,1.61,0.0,1.61,0,,no,within-guardrails
s852,1,Everyday life,The Extra Lunch,68,7,9.71,6.057,0.0,0.0,0.0,1,,no,within-guardrails
s853,1,Everyday life,Morning at the Bakery,60,7,8.57,5.836,3.39,0.0,5.08,1,long-words,no,vocabulary-review
s854,1,Everyday life,The Lost Glove,59,7,8.43,5.901,7.02,0.0,1.75,1,low-frequency,no,vocabulary-review
s855,1,Everyday life,A Quiet Birthday,60,6,10.0,5.868,1.72,0.0,3.45,1,,no,within-guardrails
s856,1,History,A Message on Clay,58,6,9.67,5.894,0.0,0.0,0.0,0,,no,within-guardrails
s857,1,History,The Road to the Old Market,59,5,11.8,5.861,3.39,0.0,0.0,0,,no,within-guardrails
s858,1,History,A Sailor Reads the Stars,59,6,9.83,5.981,3.39,0.0,1.69,0,,no,within-guardrails
s859,1,Science,Why Ice Floats,57,6,9.5,5.939,3.51,0.0,0.0,0,,no,within-guardrails
s860,1,Science,The Moving Tree Shadow,59,6,9.83,6.107,1.69,1.69,1.69,0,very-low-frequency,no,vocabulary-review
s861,1,Science,Seeds Need Air,59,6,9.83,5.929,6.78,0.0,0.0,0,low-frequency,no,vocabulary-review
s862,2,Fantasy/stories,The Moon Boat,106,11,9.64,5.998,1.96,0.0,0.98,1,,no,within-guardrails
s863,2,Fantasy/stories,The Sleepy Dragon,106,13,8.15,5.86,2.94,0.0,0.98,1,,no,within-guardrails
s864,2,Fantasy/stories,The Pocket Forest,99,11,9.0,5.818,0.0,0.0,0.0,1,,no,within-guardrails
s865,2,Famous books,Peter Pan's Invitation,103,11,9.36,5.928,4.26,0.0,4.26,4,,no,within-guardrails
s866,2,Famous books,The Prince and the Pauper Trade Places,102,10,10.2,5.838,4.26,0.0,3.19,3,,no,within-guardrails
s867,2,Famous books,Anne's First Friend,98,9,10.89,5.932,0.0,0.0,4.49,4,,no,within-guardrails
s868,2,Famous books,Pollyanna's Window,97,10,9.7,5.798,4.44,1.11,4.44,2,very-low-frequency,no,vocabulary-review
s869,2,Nature and animals,Otters at Play,87,9,9.67,5.553,11.49,0.0,1.15,0,low-frequency,no,vocabulary-review
s870,2,Nature and animals,Seeds on the Wind,94,10,9.4,5.779,2.13,1.06,2.13,0,very-low-frequency,no,vocabulary-review
s871,2,Nature and animals,The Patient Heron,89,10,8.9,5.829,1.12,0.0,0.0,0,,no,within-guardrails
s872,2,World affairs,The Library in Two Languages,96,11,8.73,5.855,4.26,0.0,12.77,2,long-words,no,vocabulary-review
s873,2,World affairs,Rice After the Flood,89,10,8.9,5.735,0.0,0.0,5.62,0,,no,within-guardrails
s874,2,World affairs,The Island's Power Cable,93,8,11.62,5.846,3.23,0.0,6.45,0,,no,within-guardrails
s875,2,World affairs,A Vote from Far Away,95,9,10.56,5.95,1.08,0.0,8.6,1,,no,within-guardrails
s876,2,Everyday life,The Wrong Umbrella,90,12,7.5,5.867,4.88,0.0,4.88,4,,no,within-guardrails
s877,2,Everyday life,Saturday Repair,95,12,7.92,5.672,10.64,0.0,8.51,1,low-frequency,no,vocabulary-review
s878,2,Everyday life,A Seat Near the Window,91,8,11.38,5.837,3.41,0.0,3.41,1,,no,within-guardrails
s879,2,Everyday life,Dinner Without a Recipe,90,10,9.0,5.925,5.68,0.0,2.27,1,,no,within-guardrails
s880,2,History,Bread in a Medieval Town,90,8,11.25,5.873,1.11,0.0,2.22,0,,no,within-guardrails
s881,2,History,The Ink Maker's Work,90,8,11.25,5.596,4.44,0.0,3.33,0,,no,within-guardrails
s882,2,History,A Bell for the Harbor,93,9,10.33,5.796,5.38,1.08,2.15,0,very-low-frequency,no,vocabulary-review
s883,2,History,The Village Keeps Its Well,91,9,10.11,5.967,1.11,0.0,3.33,1,,no,within-guardrails
s884,2,Science,Soap and Pepper,92,10,9.2,5.823,3.26,0.0,1.09,0,,no,within-guardrails
s885,2,Science,The Slow Banana,90,9,10.0,5.918,0.0,0.0,0.0,0,,no,within-guardrails
s886,2,Science,Sound Through a String,94,9,10.44,5.835,1.14,0.0,4.55,3,,no,within-guardrails
s887,3,Fantasy/stories,The Clock That Paused,130,13,10.0,5.756,4.03,0.0,3.23,3,,no,within-guardrails
s888,3,Fantasy/stories,The Bridge of Feathers,112,12,9.33,5.685,10.71,0.89,6.25,0,low-frequency,no,vocabulary-review
s889,3,Fantasy/stories,A Map Made of Song,131,12,10.92,5.867,1.55,0.0,6.98,1,,no,within-guardrails
s890,3,Fantasy/stories,The Baker of Dreams,123,12,10.25,5.666,6.72,0.0,2.52,1,,no,within-guardrails
s891,3,Famous books,The Railway Children Wait,117,10,11.7,5.852,3.54,0.0,9.73,3,,no,within-guardrails
s892,3,Famous books,Alice Questions the Court,117,12,9.75,5.837,2.73,0.0,10.0,3,,no,within-guardrails
s893,3,Famous books,Mowgli Chooses His Path,124,10,12.4,5.93,0.83,0.0,2.48,1,,no,within-guardrails
s894,3,Famous books,The Little Prince and the Rose,115,11,10.45,5.969,0.0,0.0,8.11,3,,no,within-guardrails
s895,3,Nature and animals,Elephants at the Dry River,109,11,9.91,5.687,8.26,1.83,10.09,0,very-low-frequency,no,vocabulary-review
s896,3,Nature and animals,The Night Garden,107,9,11.89,5.599,7.48,0.93,8.41,0,,no,within-guardrails
s897,3,Nature and animals,Coral's Quiet Partnership,116,10,11.6,5.666,12.07,0.0,5.17,0,low-frequency,no,vocabulary-review
s898,3,Nature and animals,Wolves Change a Valley,117,11,10.64,5.559,3.48,0.87,9.57,1,,no,within-guardrails
s899,3,World affairs,The Shared Mountain,109,10,10.9,5.608,3.67,0.0,15.6,0,long-words,no,vocabulary-review
s900,3,World affairs,Phones for the Public Clinic,110,10,11.0,5.715,0.0,0.0,11.82,0,,no,within-guardrails
s901,3,World affairs,A City Welcomes New Neighbors,110,9,12.22,5.685,4.63,0.0,13.89,2,,no,within-guardrails
s902,3,World affairs,The Fishing Season Agreement,109,9,12.22,5.71,5.56,0.0,8.33,1,,no,within-guardrails
s903,3,Everyday life,The Ten-Minute Walk,119,10,12.0,5.881,1.71,0.0,0.0,1,,no,within-guardrails
s904,3,Everyday life,Boxes in the Hall,109,11,9.91,5.823,3.81,0.95,11.43,3,,no,within-guardrails
s905,3,Everyday life,The First Community Class,120,10,12.0,5.863,5.17,0.0,5.17,1,,no,within-guardrails
s906,3,History,News by Coffeehouse,108,9,12.11,5.663,6.48,1.85,13.89,1,very-low-frequency,no,vocabulary-review
s907,3,History,A Petition from the Mill,111,9,12.44,5.774,4.46,0.0,9.82,0,,no,within-guardrails
s908,3,History,The First Public Museum Day,111,8,13.88,5.659,3.6,0.0,12.61,0,,no,within-guardrails
s909,3,Science,The Moon's Changing Face,104,9,11.56,5.974,2.15,0.0,3.23,3,,no,within-guardrails
s910,3,Science,A Magnet Under Paper,104,9,11.56,5.747,7.69,0.0,5.77,0,,no,within-guardrails
s911,3,Science,Cooling by Evaporation,108,10,10.8,5.849,5.56,0.93,4.63,0,,no,within-guardrails
s912,4,Fantasy/stories,The River Under the Library,152,11,13.82,5.79,5.33,0.67,7.33,1,,no,within-guardrails
s913,4,Fantasy/stories,The Garden Behind Winter,141,12,11.75,5.714,5.76,0.0,5.04,1,,no,within-guardrails
s914,4,Fantasy/stories,The Last Giant's Bell,146,16,9.12,5.697,7.14,0.0,7.86,3,,no,within-guardrails
s915,4,Famous books,Jane Eyre Keeps Her Voice,138,12,11.5,5.747,5.69,0.0,12.2,9,,no,within-guardrails
s916,4,Famous books,Pip Reconsiders Great Expectations,143,9,15.89,5.818,5.88,0.0,10.29,5,,no,within-guardrails
s917,4,Famous books,Odysseus Hears the Sirens,130,10,13.1,5.794,6.35,0.0,5.56,2,,no,within-guardrails
s918,4,Famous books,Elizabeth Revises Her Judgment,140,13,10.77,5.649,8.73,0.79,12.7,7,,no,within-guardrails
s919,4,Nature and animals,The Long Flight North,127,10,12.7,5.68,5.6,0.8,8.8,2,,no,within-guardrails
s920,4,Nature and animals,Mangroves Before the Storm,134,10,13.4,5.609,6.11,0.0,5.34,2,,no,within-guardrails
s921,4,Nature and animals,The Language of Ravens,133,11,12.09,5.756,6.15,0.77,9.23,1,,no,within-guardrails
s922,4,World affairs,Cooling the Hottest Blocks,125,9,14.0,5.58,7.26,0.0,11.29,2,,no,within-guardrails
s923,4,World affairs,A Passport for Skills,126,9,14.0,5.767,2.42,0.0,12.1,1,,no,within-guardrails
s924,4,World affairs,The Price of an Open Port,131,9,14.56,5.754,1.55,0.0,11.63,2,,no,within-guardrails
s925,4,Everyday life,A Phone-Free Table,120,12,10.0,5.948,3.36,0.0,9.24,1,,no,within-guardrails
s926,4,Everyday life,The Favor That Became a Routine,124,11,11.27,5.831,2.5,0.83,10.83,3,,no,within-guardrails
s927,4,Everyday life,The Apartment Garden Committee,129,10,12.9,5.594,4.72,0.79,16.54,2,,no,within-guardrails
s928,4,History,Women Carry the Mail,132,9,14.67,5.709,5.51,0.0,10.24,4,,no,within-guardrails
s929,4,History,The Ledger of a Port City,120,9,13.44,5.57,9.09,1.65,13.22,0,,no,within-guardrails
s930,4,History,A Constitution Read Aloud,124,10,12.4,5.699,3.23,0.0,16.94,0,,no,within-guardrails
s931,4,Science,The Bacteria in Yogurt,112,10,11.2,5.514,11.61,0.89,14.29,0,low-frequency,no,vocabulary-review
s932,4,Science,Reading Rings in a Tree,123,9,13.67,5.591,5.69,0.0,11.38,0,,no,within-guardrails
s933,4,Science,A Vaccine Trains Memory,116,8,14.5,5.727,4.31,0.0,12.07,0,,no,within-guardrails
s934,4,Science,The Error Bar Matters,121,10,12.1,5.8,2.52,0.0,14.29,2,,no,within-guardrails
s935,9,Fantasy/stories,The City That Borrowed Shadows,278,24,11.58,5.653,8.12,1.11,13.28,4,,no,within-guardrails
s936,9,Fantasy/stories,The Orchard of Possible Lives,261,20,13.05,5.611,8.95,1.17,15.18,1,,no,within-guardrails
s937,9,Fantasy/stories,The Museum of Lost Hours,263,20,13.15,5.635,8.09,1.28,16.6,13,,no,within-guardrails
s938,9,Fantasy/stories,The Translator of Storms,253,20,12.65,5.619,8.94,0.0,17.07,5,,no,within-guardrails
s939,9,Fantasy/stories,The Archive Beneath the Sea,268,22,12.18,5.509,9.2,0.38,24.14,5,,no,within-guardrails
s940,9,Famous books,Victor and the Abandoned Creation,267,18,14.89,5.624,9.77,0.78,22.27,4,,no,within-guardrails
s941,9,Famous books,Ahab's Narrow Horizon,262,19,13.79,5.409,15.64,2.06,21.81,9,,no,within-guardrails
s942,9,Famous books,Hester's Public Meaning,261,18,14.5,5.675,8.76,0.8,17.53,5,,no,within-guardrails
s943,9,Famous books,Raskolnikov Tests an Idea,256,17,15.18,5.61,7.6,0.8,19.6,5,,no,within-guardrails
s944,9,Famous books,Ishmael Watches the Pequod,251,19,13.26,5.567,15.48,0.84,21.76,7,,no,within-guardrails
s945,9,Nature and animals,Fire in the Pine Forest,245,15,16.4,5.371,9.43,0.41,18.44,1,,no,within-guardrails
s946,9,Nature and animals,The Architecture of a Beaver Wetland,245,16,15.31,5.437,11.89,0.82,15.98,1,,no,within-guardrails
s947,9,Nature and animals,When Whales Feed the Surface,239,16,15.0,5.574,12.29,1.27,20.34,1,,no,within-guardrails
s948,9,Nature and animals,The Hidden Economy of Fungi,235,18,13.11,5.292,13.56,2.54,25.42,0,,no,within-guardrails
s949,9,Nature and animals,A Reef After Bleaching,237,19,12.63,5.327,16.74,0.84,19.25,1,,no,within-guardrails
s950,9,World affairs,Drought Across a Federal System,241,16,15.06,5.386,10.83,1.67,25.0,1,,no,within-guardrails
s951,9,World affairs,When Sanctions Reach the Pharmacy,243,17,14.41,5.373,14.29,0.41,33.88,0,,no,within-guardrails
s952,9,World affairs,The Politics of a Digital Identity,236,16,14.75,5.445,9.32,0.0,27.97,0,,no,within-guardrails
s953,9,World affairs,Small States at the Climate Table,247,15,16.47,5.458,9.43,0.0,27.46,1,,no,within-guardrails
s954,9,Everyday life,A Name Corrected Kindly,218,16,13.69,5.686,8.74,0.97,17.96,6,,no,within-guardrails
s955,9,Everyday life,Caring from Another City,227,18,12.61,5.443,9.86,0.0,20.19,4,,no,within-guardrails
s956,9,Everyday life,The Promotion Nobody Discussed,220,16,13.88,5.652,8.22,0.0,22.83,2,,no,within-guardrails
s957,9,Everyday life,When the Group Chat Never Sleeps,235,19,12.42,5.499,9.32,0.85,22.46,0,,no,within-guardrails
s958,9,Everyday life,The Inheritance Conversation,231,18,12.83,5.618,6.7,0.0,20.09,3,,no,within-guardrails
s959,9,History,The Archive and the Missing Workers,225,18,12.5,5.295,13.36,0.92,27.65,5,,no,within-guardrails
s960,9,History,The Quarantine Island Debate,230,16,14.38,5.357,13.48,1.3,29.13,0,,no,within-guardrails
s961,9,History,Printing the Reformation,236,18,13.11,5.468,9.44,0.0,24.03,2,,no,within-guardrails
s962,9,History,The Haitian Revolution in Atlantic History,244,16,15.19,5.462,13.89,3.24,30.56,16,,no,within-guardrails
s963,9,Science,Mapping an Exoplanet's Air,233,16,14.56,5.401,12.02,0.43,26.18,0,,no,within-guardrails
s964,9,Science,The Plastic-Eating Enzyme,237,17,14.24,5.468,8.33,0.0,22.92,2,,no,within-guardrails
s965,9,Science,A Forest Model Meets a Drought,221,16,14.0,5.383,9.38,0.45,21.43,0,,no,within-guardrails
s966,9,Science,The Replication Conversation,228,15,15.33,5.565,10.0,0.43,28.26,0,,no,within-guardrails
s967,9,Science,Gene Drives and Ecological Consent,247,17,14.53,5.419,10.12,0.0,25.51,0,,no,within-guardrails
s968,10,Fantasy/stories,The House That Edited Its Guests,323,25,12.96,5.521,13.96,1.62,19.48,7,,no,within-guardrails
s969,10,Fantasy/stories,A Parliament of Ghosts,305,23,13.3,5.458,15.23,1.32,26.16,2,,no,within-guardrails
s970,10,Fantasy/stories,The Cartographer's Doubt,297,25,11.88,5.374,14.24,2.08,24.65,3,,no,within-guardrails
s971,10,Fantasy/stories,The Library at the End of Probability,300,24,12.5,5.529,12.24,1.36,27.21,3,,no,within-guardrails
s972,10,Famous books,Anna Karenina and the Social Gaze,291,18,16.28,5.472,14.84,1.77,23.32,6,,no,within-guardrails
s973,10,Famous books,Gulliver Among Perfect Planners,274,20,13.8,5.306,18.63,0.76,31.94,7,,no,within-guardrails
s974,10,Famous books,The Count Builds a Second Life,261,19,14.11,5.635,8.63,1.18,20.39,9,,no,within-guardrails
s975,10,Famous books,Don Quixote Reads the World,276,19,14.53,5.379,14.83,1.14,22.43,7,,no,within-guardrails
s976,10,Famous books,Middlemarch and the Web of Consequence,269,21,12.86,5.326,15.44,3.47,28.19,9,,no,within-guardrails
s977,10,Nature and animals,Urban Leopards at the Boundary,271,18,15.11,5.276,13.11,1.87,27.72,3,,no,within-guardrails
s978,10,Nature and animals,The Salmon's Inherited Compass,254,17,14.94,5.342,12.7,2.38,28.17,2,,no,within-guardrails
s979,10,Nature and animals,Grasslands Without a Single Balance,265,18,14.78,5.39,14.45,1.9,22.43,3,,no,within-guardrails
s980,10,Nature and animals,The Moral Distance of Rewilding,265,19,14.0,5.417,12.6,1.15,29.01,3,,no,within-guardrails
s981,10,World affairs,A Currency Crisis in Daily Life,263,20,13.2,5.369,12.12,1.52,28.03,0,,no,within-guardrails
s982,10,World affairs,The Border as an Ecosystem,250,19,13.32,5.24,13.94,0.8,28.29,1,,no,within-guardrails
s983,10,World affairs,Who Governs the Algorithm,273,17,16.18,5.613,9.82,0.0,24.73,0,,no,within-guardrails
s984,10,World affairs,Debt After Disaster,263,17,15.59,5.192,16.03,0.0,32.82,1,,no,within-guardrails
s985,10,World affairs,The Diplomacy of Semiconductor Supply,259,19,13.68,5.251,12.55,2.75,34.51,4,,no,within-guardrails
s986,10,Everyday life,The Commute That Defined the Job,262,19,13.84,5.591,7.75,0.39,20.93,3,,no,within-guardrails
s987,10,Everyday life,A Friendship After Disagreement,248,19,13.05,5.634,8.75,1.25,22.08,3,,no,within-guardrails
s988,10,Everyday life,The Family Archive in a Drawer,248,21,11.71,5.499,11.57,0.83,23.55,2,,no,within-guardrails
s989,10,Everyday life,Rest as a Shared Obligation,267,19,14.05,5.455,9.4,0.75,25.56,1,,no,within-guardrails
s990,10,History,Counting a Colonial Population,262,18,14.56,5.502,10.81,0.39,30.89,3,,no,within-guardrails
s991,10,History,Railways and Standard Time,249,19,13.11,5.427,9.43,0.41,26.64,3,,no,within-guardrails
s992,10,History,The Grain Tax and Political Legitimacy,263,18,14.67,5.379,14.07,1.52,25.48,1,,no,within-guardrails
s993,10,History,Memory After Civil War,263,18,14.61,5.396,11.79,0.76,28.14,0,,no,within-guardrails
s994,10,History,The Non-Aligned Choice,260,16,16.5,5.421,15.57,2.05,31.56,13,,no,within-guardrails
s995,10,History,The History Hidden in Household Accounts,263,19,14.0,5.484,6.39,0.0,24.81,0,,no,within-guardrails
s996,10,Science,Quantum Sensors Outside the Laboratory,273,18,15.22,5.363,10.7,0.74,33.21,1,,no,within-guardrails
s997,10,Science,The Causal Puzzle of Nutrition,266,18,14.89,5.328,13.06,0.0,26.87,0,,no,within-guardrails
s998,10,Science,Artificial Intelligence Finds a Protein Shape,251,19,13.37,5.26,13.78,2.36,37.4,0,,no,within-guardrails
s999,10,Science,The Dark Matter Inference,253,18,14.28,5.461,13.62,0.39,29.57,0,,no,within-guardrails
s1000,10,Science,Editing Embryos and Future Persons,321,19,17.05,5.398,12.15,0.62,26.79,2,,no,within-guardrails
s1001,1,Mystery and adventure,The Quiet Brass Key,84,9,9.33,6.012,2.5,0.0,2.5,2,,no,within-guardrails
s1002,1,Mystery and adventure,The Quiet School Bell,56,7,8.0,5.963,0.0,0.0,0.0,1,,no,within-guardrails
s1003,1,Mystery and adventure,The Quiet Red Violin,56,7,8.14,5.957,5.45,0.0,1.82,1,low-frequency,no,vocabulary-review
s1004,1,Mystery and adventure,The Quiet Recipe Book,61,7,8.71,6.135,0.0,0.0,0.0,1,,no,within-guardrails
s1005,1,Mystery and adventure,The Quiet Silver Ticket,57,7,8.14,5.978,1.75,0.0,5.26,0,long-words,no,vocabulary-review
s1006,1,Mystery and adventure,The Quiet Garden Map,66,6,11.0,5.983,4.69,0.0,3.12,1,,no,within-guardrails
s1007,1,Mystery and adventure,The Quiet Museum Coin,56,7,8.0,5.95,1.85,0.0,1.85,1,,no,within-guardrails
s1008,1,Mystery and adventure,The Quiet Blue Lantern,58,7,8.29,5.987,3.57,0.0,3.57,1,,no,within-guardrails
s1009,1,Mystery and adventure,The Quiet Harbor Flag,56,7,8.0,6.028,1.85,0.0,0.0,1,,no,within-guardrails
s1010,1,Mystery and adventure,The Quiet Library Card,59,7,8.43,6.068,1.72,0.0,3.45,1,,no,within-guardrails
s1011,1,Mystery and adventure,The Quiet Glass Button,77,9,8.67,5.895,2.7,0.0,4.05,2,,no,within-guardrails
s1012,1,Mystery and adventure,The Quiet Clock Hand,57,7,8.14,5.926,0.0,0.0,0.0,1,,no,within-guardrails
s1013,1,Mystery and adventure,The Quiet Painted Shell,56,7,8.0,6.053,0.0,0.0,0.0,1,,no,within-guardrails
s1014,1,Mystery and adventure,The Quiet Paper Crown,59,7,8.43,6.029,0.0,0.0,0.0,1,,no,within-guardrails
s1015,1,Mystery and adventure,The Quiet Green Bicycle,58,7,8.29,5.901,5.17,0.0,3.45,0,low-frequency,no,vocabulary-review
s1016,1,Mystery and adventure,The Quiet Stone Bird,64,6,10.67,5.994,1.59,0.0,1.59,1,,no,within-guardrails
s1017,1,Mystery and adventure,The Quiet Sealed Letter,57,7,8.14,6.015,0.0,0.0,0.0,1,,no,within-guardrails
s1018,1,Mystery and adventure,The Quiet Gold Spoon,55,7,7.86,6.036,5.66,0.0,0.0,1,low-frequency,no,vocabulary-review
s1019,1,Mystery and adventure,The Quiet Empty Frame,56,7,8.14,5.983,0.0,0.0,1.82,1,,no,within-guardrails
s1020,1,Mystery and adventure,The Quiet Roof Footprint,59,7,8.43,6.018,0.0,0.0,3.39,0,,no,within-guardrails
s1021,2,Mystery and adventure,The Quiet River Notebook,77,9,8.56,5.996,2.7,0.0,2.7,1,,no,within-guardrails
s1022,2,Mystery and adventure,The Quiet Market Whistle,77,9,8.56,5.918,4.0,0.0,2.67,1,,no,within-guardrails
s1023,2,Mystery and adventure,The Quiet Black Umbrella,61,6,10.17,5.784,6.9,0.0,10.34,1,long-words,no,vocabulary-review
s1024,2,Mystery and adventure,The Quiet Orchard Box,74,9,8.22,5.957,0.0,0.0,0.0,1,,no,within-guardrails
s1025,2,Mystery and adventure,The Quiet Theater Mask,75,9,8.33,6.057,0.0,0.0,0.0,1,,no,within-guardrails
s1026,2,Mystery and adventure,The Quiet Mountain Radio,76,9,8.44,6.06,0.0,0.0,0.0,1,,no,within-guardrails
s1027,2,Mystery and adventure,The Quiet Bakery Window,79,9,8.78,5.984,0.0,0.0,2.6,1,,no,within-guardrails
s1028,2,Mystery and adventure,The Quiet Farm Gate,79,9,8.78,5.842,4.0,0.0,2.67,2,,no,within-guardrails
s1029,2,Mystery and adventure,The Quiet Music Box,81,9,9.0,5.998,0.0,0.0,0.0,1,,no,within-guardrails
s1030,2,Mystery and adventure,The Quiet Lake Light,74,9,8.22,5.968,2.82,0.0,1.41,1,,no,within-guardrails
s1031,2,Mystery and adventure,The Quiet Wooden Compass,78,9,8.67,5.981,5.33,0.0,0.0,1,,no,within-guardrails
s1032,2,Mystery and adventure,The Hidden Brass Key,81,9,9.0,6.092,0.0,0.0,0.0,1,,no,within-guardrails
s1033,2,Mystery and adventure,The Hidden School Bell,74,9,8.22,5.97,0.0,0.0,0.0,1,,no,within-guardrails
s1034,2,Mystery and adventure,The Hidden Red Violin,77,9,8.56,6.004,4.05,0.0,0.0,1,,no,within-guardrails
s1035,2,Mystery and adventure,The Hidden Recipe Book,80,9,9.0,6.041,0.0,0.0,3.8,1,,no,within-guardrails
s1036,2,Mystery and adventure,The Hidden Silver Ticket,78,9,8.67,5.885,4.05,0.0,4.05,2,,no,within-guardrails
s1037,2,Mystery and adventure,The Hidden Garden Map,73,9,8.11,6.005,2.86,0.0,1.43,1,,no,within-guardrails
s1038,2,Mystery and adventure,The Hidden Museum Coin,74,9,8.22,5.981,1.41,0.0,1.41,1,,no,within-guardrails
s1039,2,Mystery and adventure,The Hidden Blue Lantern,79,9,8.78,5.992,1.32,0.0,2.63,1,,no,within-guardrails
s1040,2,Mystery and adventure,The Hidden Harbor Flag,75,9,8.33,5.958,2.74,0.0,4.11,1,,no,within-guardrails
s1041,3,Mystery and adventure,The Hidden Library Card,122,10,12.2,5.85,5.74,0.0,12.3,0,,no,within-guardrails
s1042,3,Mystery and adventure,The Hidden Glass Button,125,9,13.89,5.793,3.25,0.0,14.63,1,long-words,no,vocabulary-review
s1043,3,Mystery and adventure,The Hidden Clock Hand,115,10,11.5,5.786,6.31,0.9,8.11,2,,no,within-guardrails
s1044,3,Mystery and adventure,The Hidden Painted Shell,117,9,13.0,5.735,7.02,0.88,11.4,1,,no,within-guardrails
s1045,3,Mystery and adventure,The Hidden Paper Crown,111,10,11.1,5.786,6.54,0.0,3.74,1,,no,within-guardrails
s1046,3,Mystery and adventure,The Hidden Green Bicycle,113,9,12.56,5.729,9.01,0.9,11.71,1,low-frequency,no,vocabulary-review
s1047,3,Mystery and adventure,The Hidden Stone Bird,116,9,12.89,5.718,3.54,0.0,15.04,1,long-words,no,vocabulary-review
s1048,3,Mystery and adventure,The Hidden Sealed Letter,124,10,12.4,5.912,4.2,0.0,3.36,2,,no,within-guardrails
s1049,3,Mystery and adventure,The Hidden Gold Spoon,111,9,12.33,5.673,10.19,0.0,11.11,1,low-frequency,no,vocabulary-review
s1050,3,Mystery and adventure,The Hidden Empty Frame,121,11,11.0,5.74,2.56,0.0,4.27,1,,no,within-guardrails
s1051,3,Mystery and adventure,The Hidden Roof Footprint,110,9,12.22,5.63,10.09,0.0,12.84,1,low-frequency,no,vocabulary-review
s1052,3,Mystery and adventure,The Hidden River Notebook,114,11,10.36,5.915,2.7,0.0,4.5,1,,no,within-guardrails
s1053,3,Mystery and adventure,The Hidden Market Whistle,117,9,13.0,5.702,10.53,0.88,7.02,2,low-frequency,no,vocabulary-review
s1054,3,Mystery and adventure,The Hidden Black Umbrella,117,10,11.7,5.67,8.85,0.0,19.47,1,long-words,no,vocabulary-review
s1055,3,Mystery and adventure,The Hidden Orchard Box,110,9,12.22,5.781,2.8,0.0,4.67,1,,no,within-guardrails
s1056,3,Mystery and adventure,The Hidden Theater Mask,118,10,11.8,5.682,3.45,0.0,13.79,1,,no,within-guardrails
s1057,3,Mystery and adventure,The Hidden Mountain Radio,115,9,12.78,5.713,5.31,0.0,17.7,1,long-words,no,vocabulary-review
s1058,3,Mystery and adventure,The Hidden Bakery Window,111,9,12.33,5.886,4.67,0.0,4.67,2,,no,within-guardrails
s1059,3,Mystery and adventure,The Hidden Farm Gate,126,10,12.6,5.671,9.84,0.0,7.38,1,low-frequency,no,vocabulary-review
s1060,3,Mystery and adventure,The Hidden Music Box,124,10,12.4,5.747,2.48,0.0,7.44,1,,no,within-guardrails
s1061,4,Mystery and adventure,The Hidden Lake Light,135,10,13.5,5.684,6.82,0.0,16.67,1,,no,within-guardrails
s1062,4,Mystery and adventure,The Hidden Wooden Compass,132,12,11.0,5.677,7.87,0.0,5.51,1,,no,within-guardrails
s1063,4,Mystery and adventure,The Silver Brass Key,133,10,13.3,5.91,6.15,0.0,6.15,2,,no,within-guardrails
s1064,4,Mystery and adventure,The Silver School Bell,143,12,11.92,5.796,5.07,0.0,10.87,1,,no,within-guardrails
s1065,4,Mystery and adventure,The Silver Red Violin,135,11,12.36,5.772,6.82,0.0,7.58,1,,no,within-guardrails
s1066,4,Mystery and adventure,The Silver Recipe Book,146,12,12.17,5.753,7.64,2.08,12.5,1,very-low-frequency,no,vocabulary-review
s1067,4,Mystery and adventure,The Silver Silver Ticket,131,9,14.56,5.864,3.1,0.0,14.73,1,,no,within-guardrails
s1068,4,Mystery and adventure,The Silver Garden Map,137,11,12.45,5.928,5.26,0.0,6.02,2,,no,within-guardrails
s1069,4,Mystery and adventure,The Silver Museum Coin,137,10,13.7,5.783,7.52,0.0,10.53,1,,no,within-guardrails
s1070,4,Mystery and adventure,The Silver Blue Lantern,139,12,11.58,5.795,8.15,0.74,6.67,1,,no,within-guardrails
s1071,4,Mystery and adventure,The Silver Harbor Flag,143,11,13.0,5.813,5.71,0.0,7.86,1,,no,within-guardrails
s1072,4,Mystery and adventure,The Silver Library Card,139,10,13.9,5.803,2.94,0.0,14.71,1,,no,within-guardrails
s1073,4,Mystery and adventure,The Silver Glass Button,137,11,12.55,5.912,6.02,0.0,6.02,2,,no,within-guardrails
s1074,4,Mystery and adventure,The Silver Clock Hand,132,10,13.2,5.647,6.98,0.78,13.95,1,,no,within-guardrails
s1075,4,Mystery and adventure,The Silver Painted Shell,134,12,11.17,5.787,3.88,0.78,6.2,1,,no,within-guardrails
s1076,4,Mystery and adventure,The Silver Paper Crown,132,10,13.2,5.761,6.06,0.0,10.61,0,,no,within-guardrails
s1077,4,Mystery and adventure,The Silver Green Bicycle,144,11,13.09,5.665,6.43,0.71,16.43,1,,no,within-guardrails
s1078,4,Mystery and adventure,The Silver Stone Bird,142,10,14.2,5.825,7.91,0.0,9.35,2,,no,within-guardrails
s1079,4,Mystery and adventure,The Silver Sealed Letter,139,11,12.64,5.764,2.96,0.0,13.33,1,,no,within-guardrails
s1080,4,Mystery and adventure,The Silver Gold Spoon,141,11,12.82,5.775,9.56,0.0,5.15,1,,no,within-guardrails
s1081,5,Mystery and adventure,The Silver Empty Frame,173,13,13.31,5.797,5.95,0.0,9.52,1,,no,within-guardrails
s1082,5,Mystery and adventure,The Silver Roof Footprint,175,14,12.5,5.704,9.41,0.0,8.24,1,,no,within-guardrails
s1083,5,Mystery and adventure,The Silver River Notebook,176,14,12.57,5.63,11.05,1.16,17.44,1,,no,within-guardrails
s1084,5,Mystery and adventure,The Silver Market Whistle,170,12,14.17,5.644,8.98,0.6,14.37,1,,no,within-guardrails
s1085,5,Mystery and adventure,The Silver Black Umbrella,177,14,12.64,5.851,8.77,0.0,10.53,2,,no,within-guardrails
s1086,5,Mystery and adventure,The Silver Orchard Box,173,12,14.42,5.699,5.88,0.0,11.18,1,,no,within-guardrails
s1087,5,Mystery and adventure,The Silver Theater Mask,184,15,12.27,5.807,1.68,0.0,10.61,1,,no,within-guardrails
s1088,5,Mystery and adventure,The Silver Mountain Radio,182,13,14.0,5.759,5.03,0.0,12.29,1,,no,within-guardrails
s1089,5,Mystery and adventure,The Silver Bakery Window,178,13,13.69,5.742,5.17,0.0,14.94,1,,no,within-guardrails
s1090,5,Mystery and adventure,The Silver Farm Gate,175,12,14.58,5.69,8.82,0.0,4.71,2,,no,within-guardrails
s1091,5,Mystery and adventure,The Silver Music Box,176,13,13.54,5.715,4.07,0.0,13.95,1,,no,within-guardrails
s1092,5,Mystery and adventure,The Silver Lake Light,174,13,13.38,5.86,4.73,0.0,7.69,1,,no,within-guardrails
s1093,5,Mystery and adventure,The Silver Wooden Compass,174,13,13.38,5.668,7.56,0.0,11.05,1,,no,within-guardrails
s1094,5,Mystery and adventure,The Last Brass Key,178,13,13.69,5.861,7.51,0.0,12.14,1,,no,within-guardrails
s1095,5,Mystery and adventure,The Last School Bell,178,14,12.71,5.835,2.31,0.0,6.94,1,,no,within-guardrails
s1096,6,Mystery and adventure,The Last Red Violin,200,15,13.33,5.77,7.18,0.0,10.77,1,,no,within-guardrails
s1097,6,Mystery and adventure,The Last Recipe Book,209,15,13.93,5.708,4.88,1.46,12.68,1,,no,within-guardrails
s1098,6,Mystery and adventure,The Last Silver Ticket,204,15,13.6,5.85,4.0,0.0,10.5,1,,no,within-guardrails
s1099,6,Mystery and adventure,The Last Garden Map,208,15,13.87,5.841,5.91,0.0,12.32,1,,no,within-guardrails
s1100,6,Mystery and adventure,The Last Museum Coin,212,15,14.13,5.832,3.38,0.0,8.21,2,,no,within-guardrails
s1101,6,Mystery and adventure,The Last Blue Lantern,205,16,12.81,5.824,9.05,1.01,9.05,1,,no,within-guardrails
s1102,6,Mystery and adventure,The Last Harbor Flag,196,15,13.07,5.763,4.19,0.0,8.38,1,,no,within-guardrails
s1103,6,Mystery and adventure,The Last Library Card,203,15,13.53,5.942,4.5,0.0,10.0,1,,no,within-guardrails
s1104,6,Mystery and adventure,The Last Glass Button,195,13,15.0,5.841,4.71,0.0,12.04,1,,no,within-guardrails
s1105,6,Mystery and adventure,The Last Clock Hand,199,15,13.27,5.815,5.67,0.52,9.28,2,,no,within-guardrails
s1106,6,Mystery and adventure,The Last Painted Shell,199,15,13.27,5.769,6.74,0.52,10.36,1,,no,within-guardrails
s1107,6,Mystery and adventure,The Last Paper Crown,204,16,12.75,5.79,5.56,0.0,7.07,1,,no,within-guardrails
s1108,6,Mystery and adventure,The Last Green Bicycle,197,15,13.13,5.763,9.33,1.04,10.36,1,,no,within-guardrails
s1109,6,Mystery and adventure,The Last Stone Bird,198,13,15.23,5.779,5.13,0.0,13.85,1,,no,within-guardrails
s1110,6,Mystery and adventure,The Last Sealed Letter,198,15,13.2,5.905,4.17,0.0,5.73,2,,no,within-guardrails
s1111,7,Mystery and adventure,The Last Gold Spoon,235,17,13.82,5.766,9.61,0.0,10.92,1,,no,within-guardrails
s1112,7,Mystery and adventure,The Last Empty Frame,223,16,13.94,5.782,4.59,0.0,8.26,2,,no,within-guardrails
s1113,7,Mystery and adventure,The Last Roof Footprint,223,17,13.12,5.71,11.06,0.0,12.9,1,,no,within-guardrails
s1114,7,Mystery and adventure,The Last River Notebook,226,17,13.29,5.655,6.79,0.45,14.48,1,,no,within-guardrails
s1115,7,Mystery and adventure,The Last Market Whistle,220,17,12.94,5.73,9.68,0.46,11.52,1,,no,within-guardrails
s1116,7,Mystery and adventure,The Last Black Umbrella,225,16,14.06,5.764,7.73,0.0,16.36,1,,no,within-guardrails
s1117,7,Mystery and adventure,The Last Orchard Box,226,17,13.29,5.769,6.82,0.0,8.64,2,,no,within-guardrails
s1118,7,Mystery and adventure,The Last Theater Mask,220,16,13.75,5.812,4.21,0.0,14.02,1,,no,within-guardrails
s1119,7,Mystery and adventure,The Last Mountain Radio,232,18,12.89,5.769,3.98,0.0,11.06,1,,no,within-guardrails
s1120,7,Mystery and adventure,The Last Bakery Window,234,17,13.76,5.801,8.7,0.0,10.0,1,,no,within-guardrails
s1121,7,Mystery and adventure,The Last Farm Gate,231,15,15.4,5.65,7.96,0.0,10.62,1,,no,within-guardrails
s1122,7,Mystery and adventure,The Last Music Box,230,17,13.53,5.902,5.83,0.0,4.93,2,,no,within-guardrails
s1123,7,Mystery and adventure,The Last Lake Light,227,15,15.13,5.782,5.86,0.0,12.61,1,,no,within-guardrails
s1124,7,Mystery and adventure,The Last Wooden Compass,226,18,12.56,5.713,8.18,0.0,8.18,1,,no,within-guardrails
s1125,7,Mystery and adventure,The Unseen Brass Key,231,16,14.44,5.86,4.87,0.0,8.85,2,,no,within-guardrails
s1126,8,Mystery and adventure,The Unseen School Bell,249,17,14.65,5.789,2.45,0.0,14.69,1,,no,within-guardrails
s1127,8,Mystery and adventure,The Unseen Red Violin,241,16,15.06,5.82,7.23,0.0,6.81,2,,no,within-guardrails
s1128,8,Mystery and adventure,The Unseen Recipe Book,246,17,14.47,5.67,6.22,1.66,14.94,1,,no,within-guardrails
s1129,8,Mystery and adventure,The Unseen Silver Ticket,252,17,14.82,5.939,4.05,0.0,7.69,1,,no,within-guardrails
s1130,8,Mystery and adventure,The Unseen Garden Map,252,17,14.82,5.831,6.83,0.0,12.45,1,,no,within-guardrails
s1131,8,Mystery and adventure,The Unseen Museum Coin,257,18,14.28,5.798,3.17,0.0,12.7,1,,no,within-guardrails
s1132,8,Mystery and adventure,The Unseen Blue Lantern,251,17,14.76,5.836,7.76,0.41,9.39,2,,no,within-guardrails
s1133,8,Mystery and adventure,The Unseen Harbor Flag,246,18,13.67,5.775,5.83,0.0,11.67,1,,no,within-guardrails
s1134,8,Mystery and adventure,The Unseen Library Card,246,17,14.47,5.816,3.75,0.0,10.83,1,,no,within-guardrails
s1135,8,Mystery and adventure,The Unseen Glass Button,252,18,14.0,5.833,3.63,0.0,10.48,1,,no,within-guardrails
s1136,9,Mystery and adventure,The Unseen Clock Hand,273,20,13.65,5.79,6.02,0.75,10.53,1,,no,within-guardrails
s1137,9,Mystery and adventure,The Unseen Painted Shell,268,19,14.11,5.755,4.92,0.76,11.74,1,,no,within-guardrails
s1138,9,Mystery and adventure,The Unseen Paper Crown,270,18,15.0,5.788,3.76,0.0,12.41,1,,no,within-guardrails
s1139,9,Mystery and adventure,The Unseen Green Bicycle,262,18,14.56,5.794,7.42,0.39,8.59,2,,no,within-guardrails
s1140,9,Mystery and adventure,The Unseen Stone Bird,267,18,14.83,5.796,5.73,0.0,12.98,1,,no,within-guardrails
s1141,9,Mystery and adventure,The Unseen Sealed Letter,269,19,14.16,5.894,2.66,0.0,7.98,1,,no,within-guardrails
s1142,9,Mystery and adventure,The Unseen Gold Spoon,264,18,14.67,5.734,9.23,0.0,10.77,1,,no,within-guardrails
s1143,9,Mystery and adventure,The Unseen Empty Frame,264,19,13.89,5.768,4.25,0.0,12.74,1,,no,within-guardrails
s1144,9,Mystery and adventure,The Unseen Roof Footprint,266,18,14.78,5.734,9.65,0.0,11.97,2,,no,within-guardrails
s1145,9,Mystery and adventure,The Unseen River Notebook,263,19,13.84,5.639,6.61,0.39,16.34,1,,no,within-guardrails
s1146,10,Mystery and adventure,The Unseen Market Whistle,288,20,14.4,5.751,11.74,0.71,7.83,2,,no,within-guardrails
s1147,10,Mystery and adventure,The Unseen Black Umbrella,294,21,14.0,5.755,8.71,0.0,16.38,1,,no,within-guardrails
s1148,10,Mystery and adventure,The Unseen Orchard Box,289,21,13.76,5.782,6.38,0.0,7.45,1,,no,within-guardrails
s1149,10,Mystery and adventure,The Unseen Theater Mask,302,21,14.38,5.767,4.38,0.0,13.13,1,,no,within-guardrails
s1150,10,Mystery and adventure,The Unseen Mountain Radio,300,20,15.0,5.784,5.08,0.0,15.93,1,,no,within-guardrails
s1151,10,Mystery and adventure,The Unseen Bakery Window,296,20,14.8,5.832,7.61,0.0,8.3,2,,no,within-guardrails
s1152,10,Mystery and adventure,The Unseen Farm Gate,286,19,15.05,5.697,8.93,0.0,10.0,1,,no,within-guardrails
s1153,10,Mystery and adventure,The Unseen Music Box,286,20,14.3,5.846,3.93,0.0,7.86,1,,no,within-guardrails
s1154,10,Mystery and adventure,The Unseen Lake Light,286,19,15.05,5.766,6.05,0.0,12.46,1,,no,within-guardrails
s1155,10,Mystery and adventure,The Unseen Wooden Compass,302,21,14.38,5.688,7.74,0.0,12.79,1,,no,within-guardrails
s1156,1,Travel and culture,An Unexpected Day in Kyoto,69,8,8.62,6.013,0.0,0.0,3.08,2,,no,within-guardrails
s1157,1,Travel and culture,An Unexpected Day in Seoul,65,7,9.29,6.019,0.0,0.0,1.67,3,,no,within-guardrails
s1158,1,Travel and culture,An Unexpected Day in Taipei,64,7,9.14,6.08,0.0,0.0,0.0,3,,no,within-guardrails
s1159,1,Travel and culture,An Unexpected Day in Hanoi,62,7,8.86,6.059,0.0,0.0,0.0,3,,no,within-guardrails
s1160,1,Travel and culture,An Unexpected Day in Chiang Mai,63,7,9.0,6.184,0.0,0.0,0.0,4,,no,within-guardrails
s1161,1,Travel and culture,An Unexpected Day in Singapore,70,8,8.75,6.049,0.0,0.0,3.03,2,,no,within-guardrails
s1162,1,Travel and culture,An Unexpected Day in Delhi,64,7,9.14,6.089,0.0,0.0,3.39,3,,no,within-guardrails
s1163,1,Travel and culture,An Unexpected Day in Istanbul,61,7,8.71,6.106,3.57,0.0,1.79,3,,no,within-guardrails
s1164,1,Travel and culture,An Unexpected Day in Athens,62,7,8.86,6.097,0.0,0.0,0.0,3,,no,within-guardrails
s1165,1,Travel and culture,An Unexpected Day in Rome,62,7,8.86,6.12,1.75,0.0,1.75,3,,no,within-guardrails
s1166,1,Travel and culture,An Unexpected Day in Lisbon,74,8,9.25,6.036,2.86,0.0,2.86,2,,no,within-guardrails
s1167,1,Travel and culture,An Unexpected Day in Reykjavik,65,7,9.29,6.108,1.67,0.0,0.0,3,,no,within-guardrails
s1168,1,Travel and culture,An Unexpected Day in Nairobi,62,7,8.86,6.105,0.0,0.0,1.75,3,,no,within-guardrails
s1169,1,Travel and culture,An Unexpected Day in Cape Town,61,7,8.71,6.029,0.0,0.0,0.0,4,,no,within-guardrails
s1170,1,Travel and culture,An Unexpected Day in Marrakech,67,7,9.57,6.03,0.0,0.0,1.61,3,,no,within-guardrails
s1171,1,Travel and culture,An Unexpected Day in Mexico City,73,8,9.12,6.006,0.0,0.0,2.94,3,,no,within-guardrails
s1172,1,Travel and culture,An Unexpected Day in Lima,65,7,9.29,6.15,0.0,0.0,1.67,3,,no,within-guardrails
s1173,1,Travel and culture,An Unexpected Day in Buenos Aires,62,7,8.86,6.1,1.82,0.0,3.64,4,,no,within-guardrails
s1174,1,Travel and culture,An Unexpected Day in Vancouver,63,7,9.0,5.988,0.0,0.0,0.0,3,,no,within-guardrails
s1175,1,Travel and culture,An Unexpected Day in New Orleans,62,7,8.86,6.111,0.0,0.0,0.0,4,,no,within-guardrails
s1176,2,Travel and culture,An Unexpected Day in Prague,83,9,9.22,6.194,1.28,0.0,0.0,3,,no,within-guardrails
s1177,2,Travel and culture,An Unexpected Day in Vienna,84,9,9.33,6.117,2.56,0.0,1.28,4,,no,within-guardrails
s1178,2,Travel and culture,An Unexpected Day in Budapest,70,8,8.75,6.047,0.0,0.0,3.03,2,,no,within-guardrails
s1179,2,Travel and culture,An Unexpected Day in Helsinki,83,9,9.22,6.136,3.85,0.0,2.56,3,,no,within-guardrails
s1180,2,Travel and culture,An Unexpected Day in Tallinn,86,9,9.56,6.095,2.47,0.0,1.23,3,,no,within-guardrails
s1181,2,Travel and culture,An Unexpected Day in Dubrovnik,84,9,9.33,6.16,2.53,0.0,0.0,3,,no,within-guardrails
s1182,2,Travel and culture,An Unexpected Day in Ulaanbaatar,83,9,9.22,6.157,1.28,0.0,2.56,3,,no,within-guardrails
s1183,2,Travel and culture,An Unexpected Day in Kathmandu,74,8,9.25,5.982,2.86,0.0,2.86,2,,no,within-guardrails
s1184,2,Travel and culture,An Unexpected Day in Sydney,87,9,9.67,6.176,1.22,0.0,0.0,3,,no,within-guardrails
s1185,2,Travel and culture,An Unexpected Day in Auckland,88,9,9.78,6.119,1.2,0.0,0.0,3,,no,within-guardrails
s1186,2,Travel and culture,An Unexpected Day in Cusco,86,9,9.56,6.049,1.23,0.0,1.23,3,,no,within-guardrails
s1187,2,Travel and culture,A Rainy Day in Kyoto,84,9,9.33,6.148,1.27,0.0,0.0,3,,no,within-guardrails
s1188,2,Travel and culture,A Rainy Day in Seoul,87,9,9.67,6.097,1.22,0.0,1.22,3,,no,within-guardrails
s1189,2,Travel and culture,A Rainy Day in Taipei,83,9,9.22,6.097,1.28,0.0,0.0,3,,no,within-guardrails
s1190,2,Travel and culture,A Rainy Day in Hanoi,85,9,9.44,6.117,1.25,0.0,0.0,3,,no,within-guardrails
s1191,2,Travel and culture,A Rainy Day in Chiang Mai,73,8,9.12,6.063,0.0,0.0,2.94,3,,no,within-guardrails
s1192,2,Travel and culture,A Rainy Day in Singapore,86,9,9.56,6.162,1.23,0.0,0.0,3,,no,within-guardrails
s1193,2,Travel and culture,A Rainy Day in Delhi,86,9,9.56,6.149,1.23,0.0,2.47,3,,no,within-guardrails
s1194,2,Travel and culture,A Rainy Day in Istanbul,81,9,9.0,6.131,3.95,0.0,0.0,3,,no,within-guardrails
s1195,2,Travel and culture,A Rainy Day in Athens,85,9,9.44,6.144,1.25,0.0,0.0,3,,no,within-guardrails
s1196,3,Travel and culture,A Rainy Day in Rome,124,10,12.4,5.802,5.13,0.0,14.53,2,long-words,no,vocabulary-review
s1197,3,Travel and culture,A Rainy Day in Lisbon,122,8,15.25,5.871,7.69,0.0,16.24,2,long-words,no,vocabulary-review
s1198,3,Travel and culture,A Rainy Day in Reykjavik,90,7,12.86,5.843,3.45,1.15,12.64,2,,no,within-guardrails
s1199,3,Travel and culture,A Rainy Day in Nairobi,117,9,13.0,5.828,4.55,0.91,17.27,2,long-words,no,vocabulary-review
s1200,3,Travel and culture,A Rainy Day in Cape Town,88,7,12.57,5.792,4.76,0.0,3.57,3,,no,within-guardrails
s1201,3,Travel and culture,A Rainy Day in Marrakech,119,10,11.9,5.784,7.14,0.0,16.07,3,long-words,no,vocabulary-review
s1202,3,Travel and culture,A Rainy Day in Mexico City,116,8,14.5,5.801,5.56,0.0,14.81,3,long-words,no,vocabulary-review
s1203,3,Travel and culture,A Rainy Day in Lima,123,10,12.3,5.796,5.17,0.0,13.79,3,,no,within-guardrails
s1204,3,Travel and culture,A Rainy Day in Buenos Aires,110,9,12.22,5.807,8.91,0.99,16.83,3,long-words,no,vocabulary-review
s1205,3,Travel and culture,A Rainy Day in Vancouver,123,10,12.3,5.792,9.48,0.0,6.9,3,low-frequency,no,vocabulary-review
s1206,3,Travel and culture,A Rainy Day in New Orleans,110,9,12.22,5.848,3.81,0.0,13.33,3,,no,within-guardrails
s1207,3,Travel and culture,A Rainy Day in Prague,119,8,14.88,5.925,5.26,0.88,14.91,3,long-words,no,vocabulary-review
s1208,3,Travel and culture,A Rainy Day in Vienna,117,10,11.7,5.781,6.42,0.0,13.76,4,,no,within-guardrails
s1209,3,Travel and culture,A Rainy Day in Budapest,125,10,12.5,5.808,6.9,0.86,18.97,2,long-words,no,vocabulary-review
s1210,3,Travel and culture,A Rainy Day in Helsinki,128,10,12.8,5.846,5.0,0.0,16.67,3,long-words,no,vocabulary-review
s1211,3,Travel and culture,A Rainy Day in Tallinn,119,9,13.22,5.819,6.14,0.88,16.67,2,long-words,no,vocabulary-review
s1212,3,Travel and culture,A Rainy Day in Dubrovnik,122,8,15.25,5.794,6.84,0.0,14.53,3,long-words,no,vocabulary-review
s1213,3,Travel and culture,A Rainy Day in Ulaanbaatar,113,9,12.56,5.944,2.8,0.0,13.08,3,,no,within-guardrails
s1214,3,Travel and culture,A Rainy Day in Kathmandu,84,6,14.0,5.734,4.94,0.0,11.11,2,,no,within-guardrails
s1215,3,Travel and culture,A Rainy Day in Sydney,118,10,11.8,5.853,4.59,0.0,11.93,3,,no,within-guardrails
s1216,4,Travel and culture,A Rainy Day in Auckland,141,11,12.82,5.688,7.58,2.27,16.67,2,very-low-frequency,no,vocabulary-review
s1217,4,Travel and culture,A Rainy Day in Cusco,145,11,13.18,5.778,6.72,0.0,13.43,4,,no,within-guardrails
s1218,4,Travel and culture,A Long Day in Kyoto,131,10,13.1,5.77,8.06,1.61,11.29,3,,no,within-guardrails
s1219,4,Travel and culture,A Long Day in Seoul,135,10,13.5,5.783,4.72,0.79,16.54,2,,no,within-guardrails
s1220,4,Travel and culture,A Long Day in Taipei,133,11,12.09,5.84,4.03,0.0,12.1,3,,no,within-guardrails
s1221,4,Travel and culture,A Long Day in Hanoi,143,11,13.18,5.846,4.35,0.72,14.49,3,,no,within-guardrails
s1222,4,Travel and culture,A Long Day in Chiang Mai,130,9,14.44,5.917,3.33,0.0,19.17,4,long-words,no,vocabulary-review
s1223,4,Travel and culture,A Long Day in Singapore,140,11,12.73,5.835,5.3,0.0,12.88,3,,no,within-guardrails
s1224,4,Travel and culture,A Long Day in Delhi,132,10,13.2,5.791,4.84,0.81,15.32,2,,no,within-guardrails
s1225,4,Travel and culture,A Long Day in Istanbul,135,11,12.27,5.869,4.69,0.0,6.25,3,,no,within-guardrails
s1226,4,Travel and culture,A Long Day in Athens,139,11,12.82,5.81,4.44,0.74,5.93,2,,no,within-guardrails
s1227,4,Travel and culture,A Long Day in Rome,139,9,15.44,5.942,2.99,0.75,11.19,3,,no,within-guardrails
s1228,4,Travel and culture,A Long Day in Lisbon,147,12,12.25,5.812,6.52,0.72,12.32,3,,no,within-guardrails
s1229,4,Travel and culture,A Long Day in Reykjavik,141,11,12.82,5.698,5.3,1.52,18.94,2,,no,within-guardrails
s1230,4,Travel and culture,A Long Day in Nairobi,140,11,12.73,5.789,6.98,0.0,18.6,4,,no,within-guardrails
s1231,4,Travel and culture,A Long Day in Cape Town,143,11,13.0,5.659,9.7,0.0,15.67,3,,no,within-guardrails
s1232,4,Travel and culture,A Long Day in Marrakech,142,9,15.78,5.842,6.62,0.0,17.65,3,,no,within-guardrails
s1233,4,Travel and culture,A Long Day in Mexico City,136,11,12.36,5.754,3.97,0.0,11.9,4,,no,within-guardrails
s1234,4,Travel and culture,A Long Day in Lima,133,10,13.3,5.799,5.6,0.8,18.4,3,,no,within-guardrails
s1235,4,Travel and culture,A Long Day in Buenos Aires,141,12,11.75,5.795,8.66,0.0,16.54,4,,no,within-guardrails
s1236,5,Travel and culture,A Long Day in Vancouver,175,13,13.46,5.684,8.54,1.22,17.68,2,,no,within-guardrails
s1237,5,Travel and culture,A Long Day in New Orleans,190,14,13.57,5.775,6.94,0.0,20.23,5,,no,within-guardrails
s1238,5,Travel and culture,A Long Day in Prague,187,13,14.38,5.809,6.7,0.0,16.76,2,,no,within-guardrails
s1239,5,Travel and culture,A Long Day in Vienna,182,11,16.55,5.794,8.05,0.0,20.69,4,,no,within-guardrails
s1240,5,Travel and culture,A Long Day in Budapest,184,14,13.14,5.859,5.17,0.0,16.67,3,,no,within-guardrails
s1241,5,Travel and culture,A Long Day in Helsinki,180,13,13.85,5.848,3.55,0.59,18.34,3,,no,within-guardrails
s1242,5,Travel and culture,A Long Day in Tallinn,180,14,12.86,5.806,5.95,0.6,15.48,3,,no,within-guardrails
s1243,5,Travel and culture,A Long Day in Dubrovnik,190,14,13.57,5.755,7.18,0.0,13.81,3,,no,within-guardrails
s1244,5,Travel and culture,A Long Day in Ulaanbaatar,185,12,15.42,5.93,3.95,0.0,15.25,3,,no,within-guardrails
s1245,5,Travel and culture,A Long Day in Kathmandu,184,14,13.14,5.779,6.25,0.57,11.93,3,,no,within-guardrails
s1246,5,Travel and culture,A Long Day in Sydney,180,13,13.85,5.79,5.23,1.74,9.88,2,,no,within-guardrails
s1247,5,Travel and culture,A Long Day in Auckland,171,14,12.21,5.737,8.18,1.89,11.95,4,,no,within-guardrails
s1248,5,Travel and culture,A Long Day in Cusco,188,14,13.43,5.733,5.59,0.56,13.41,2,,no,within-guardrails
s1249,5,Travel and culture,A Shared Day in Kyoto,171,13,13.15,5.728,7.5,2.5,16.25,2,,no,within-guardrails
s1250,5,Travel and culture,A Shared Day in Seoul,188,14,13.43,5.792,5.71,0.0,16.57,4,,no,within-guardrails
s1251,6,Travel and culture,A Shared Day in Taipei,195,14,13.93,5.835,4.89,0.54,12.5,3,,no,within-guardrails
s1252,6,Travel and culture,A Shared Day in Hanoi,196,15,13.2,5.804,6.38,2.13,10.11,3,,no,within-guardrails
s1253,6,Travel and culture,A Shared Day in Chiang Mai,201,16,12.56,5.826,4.21,1.05,14.21,3,,no,within-guardrails
s1254,6,Travel and culture,A Shared Day in Singapore,198,13,15.23,5.864,4.19,0.52,12.57,3,,no,within-guardrails
s1255,6,Travel and culture,A Shared Day in Delhi,202,15,13.47,5.807,5.73,0.52,11.46,3,,no,within-guardrails
s1256,6,Travel and culture,A Shared Day in Istanbul,209,15,13.93,5.719,7.07,1.01,14.14,2,,no,within-guardrails
s1257,6,Travel and culture,A Shared Day in Athens,202,15,13.6,5.75,6.28,0.0,13.61,4,,no,within-guardrails
s1258,6,Travel and culture,A Shared Day in Rome,199,14,14.21,5.805,5.26,0.0,15.79,2,,no,within-guardrails
s1259,6,Travel and culture,A Shared Day in Lisbon,196,12,16.33,5.878,6.38,0.0,16.49,3,,no,within-guardrails
s1260,6,Travel and culture,A Shared Day in Reykjavik,204,15,13.6,5.782,4.66,1.04,18.65,3,,no,within-guardrails
s1261,6,Travel and culture,A Shared Day in Nairobi,196,14,14.0,5.814,4.86,0.54,20.54,3,,no,within-guardrails
s1262,6,Travel and culture,A Shared Day in Cape Town,207,16,12.94,5.73,6.81,0.0,15.18,4,,no,within-guardrails
s1263,6,Travel and culture,A Shared Day in Marrakech,197,15,13.13,5.763,7.49,0.53,14.97,3,,no,within-guardrails
s1264,6,Travel and culture,A Shared Day in Mexico City,196,13,15.08,5.806,4.92,0.0,14.75,4,,no,within-guardrails
s1265,6,Travel and culture,A Shared Day in Lima,200,15,13.33,5.802,5.24,0.52,12.04,3,,no,within-guardrails
s1266,7,Travel and culture,A Shared Day in Buenos Aires,222,14,15.86,5.844,6.73,0.0,20.19,4,,no,within-guardrails
s1267,7,Travel and culture,A Shared Day in Vancouver,229,16,14.31,5.763,7.37,0.0,16.13,3,,no,within-guardrails
s1268,7,Travel and culture,A Shared Day in New Orleans,232,16,14.5,5.792,5.58,0.47,20.93,4,,no,within-guardrails
s1269,7,Travel and culture,A Shared Day in Prague,239,17,14.06,5.897,5.31,0.0,12.83,3,,no,within-guardrails
s1270,7,Travel and culture,A Shared Day in Vienna,233,17,13.71,5.775,7.24,0.0,19.46,4,,no,within-guardrails
s1271,7,Travel and culture,A Shared Day in Budapest,221,15,14.73,5.886,5.21,0.47,16.59,3,,no,within-guardrails
s1272,7,Travel and culture,A Shared Day in Helsinki,232,17,13.65,5.892,3.17,0.45,13.12,3,,no,within-guardrails
s1273,7,Travel and culture,A Shared Day in Tallinn,228,16,14.25,5.803,5.53,1.84,14.75,2,,no,within-guardrails
s1274,7,Travel and culture,A Shared Day in Dubrovnik,229,17,13.47,5.709,8.84,0.47,12.56,4,,no,within-guardrails
s1275,7,Travel and culture,A Shared Day in Ulaanbaatar,232,17,13.65,5.83,4.95,0.45,13.51,2,,no,within-guardrails
s1276,7,Travel and culture,A Shared Day in Kathmandu,234,15,15.6,5.792,7.11,0.44,17.78,3,,no,within-guardrails
s1277,7,Travel and culture,A Shared Day in Sydney,227,16,14.19,5.778,6.02,0.46,12.96,3,,no,within-guardrails
s1278,7,Travel and culture,A Shared Day in Auckland,229,16,14.31,5.731,6.45,1.84,17.51,2,,no,within-guardrails
s1279,7,Travel and culture,A Shared Day in Cusco,222,16,13.88,5.803,5.8,0.0,14.98,4,,no,within-guardrails
s1280,7,Travel and culture,A Second Day in Kyoto,223,16,13.94,5.782,6.64,0.95,15.17,3,,no,within-guardrails
s1281,8,Travel and culture,A Second Day in Seoul,257,17,15.12,5.803,4.88,0.41,15.04,3,,no,within-guardrails
s1282,8,Travel and culture,A Second Day in Taipei,251,18,13.94,5.793,6.25,0.42,10.83,3,,no,within-guardrails
s1283,8,Travel and culture,A Second Day in Hanoi,244,17,14.47,5.778,7.26,2.56,13.68,2,,no,within-guardrails
s1284,8,Travel and culture,A Second Day in Chiang Mai,244,18,13.56,5.816,4.89,0.44,16.89,5,,no,within-guardrails
s1285,8,Travel and culture,A Second Day in Singapore,249,18,13.83,5.758,5.06,0.42,16.88,3,,no,within-guardrails
s1286,8,Travel and culture,A Second Day in Delhi,246,15,16.4,5.855,4.24,0.0,17.37,3,,no,within-guardrails
s1287,8,Travel and culture,A Second Day in Istanbul,255,18,14.17,5.787,5.81,0.0,15.35,3,,no,within-guardrails
s1288,8,Travel and culture,A Second Day in Athens,248,17,14.71,5.771,5.93,0.42,16.53,3,,no,within-guardrails
s1289,8,Travel and culture,A Second Day in Rome,255,18,14.17,5.891,4.13,0.0,12.4,3,,no,within-guardrails
s1290,8,Travel and culture,A Second Day in Lisbon,243,17,14.29,5.924,5.6,0.0,12.5,3,,no,within-guardrails
s1291,9,Travel and culture,A Second Day in Reykjavik,260,19,13.68,5.762,5.31,1.63,16.73,4,,no,within-guardrails
s1292,9,Travel and culture,A Second Day in Nairobi,265,19,13.95,5.775,5.14,0.4,18.18,3,,no,within-guardrails
s1293,9,Travel and culture,A Second Day in Cape Town,272,18,15.11,5.745,7.87,0.39,18.5,4,,no,within-guardrails
s1294,9,Travel and culture,A Second Day in Marrakech,268,19,14.11,5.786,7.11,0.0,17.39,3,,no,within-guardrails
s1295,9,Travel and culture,A Second Day in Mexico City,262,18,14.56,5.733,7.05,0.41,17.43,4,,no,within-guardrails
s1296,9,Travel and culture,A Second Day in Lima,264,19,13.89,5.817,5.6,0.4,16.0,3,,no,within-guardrails
s1297,9,Travel and culture,A Second Day in Buenos Aires,266,19,14.0,5.829,6.75,0.0,15.48,4,,no,within-guardrails
s1298,9,Travel and culture,A Second Day in Vancouver,269,17,15.82,5.83,6.59,0.0,15.89,3,,no,within-guardrails
s1299,9,Travel and culture,A Second Day in New Orleans,270,20,13.5,5.803,5.18,0.4,15.94,4,,no,within-guardrails
s1300,9,Travel and culture,A Second Day in Prague,266,19,14.0,5.842,6.35,0.79,15.08,3,,no,within-guardrails
s1301,10,Travel and culture,A Second Day in Vienna,296,21,14.1,5.751,7.5,0.0,18.93,4,,no,within-guardrails
s1302,10,Travel and culture,A Second Day in Budapest,285,20,14.25,5.814,5.95,0.37,20.07,3,,no,within-guardrails
s1303,10,Travel and culture,A Second Day in Helsinki,291,20,14.55,5.865,4.35,0.0,16.3,3,,no,within-guardrails
s1304,10,Travel and culture,A Second Day in Tallinn,296,20,14.8,5.807,5.99,1.06,15.49,3,,no,within-guardrails
s1305,10,Travel and culture,A Second Day in Dubrovnik,286,18,15.89,5.8,6.91,0.0,15.27,3,,no,within-guardrails
s1306,10,Travel and culture,A Second Day in Ulaanbaatar,288,21,13.71,5.868,4.01,0.36,14.23,3,,no,within-guardrails
s1307,10,Travel and culture,A Second Day in Kathmandu,294,21,14.0,5.758,6.83,0.72,17.63,3,,no,within-guardrails
s1308,10,Travel and culture,A Second Day in Sydney,294,21,14.0,5.799,6.14,0.36,12.64,4,,no,within-guardrails
s1309,10,Travel and culture,A Second Day in Auckland,289,21,13.76,5.72,6.88,1.81,14.13,2,,no,within-guardrails
s1310,10,Travel and culture,A Second Day in Cusco,291,18,16.17,5.832,5.0,0.36,13.21,3,,no,within-guardrails
s1311,1,People and biography,Maya Chen: A Practical Beginning,78,8,9.75,5.909,0.0,0.0,4.05,2,,no,within-guardrails
s1312,1,People and biography,Jon Bell: A Practical Beginning,50,6,8.33,5.909,2.17,0.0,4.35,3,,no,within-guardrails
s1313,1,People and biography,Amina Okafor: A Practical Beginning,53,6,8.83,5.788,0.0,0.0,1.96,2,,no,within-guardrails
s1314,1,People and biography,Luis Ortega: A Practical Beginning,50,6,8.33,5.89,0.0,0.0,4.35,3,,no,within-guardrails
s1315,1,People and biography,Hana Mori: A Practical Beginning,52,6,8.83,5.911,0.0,0.0,2.04,3,,no,within-guardrails
s1316,1,People and biography,Samir Patel: A Practical Beginning,77,8,9.62,5.923,1.37,0.0,5.48,2,long-words,no,vocabulary-review
s1317,1,People and biography,Elena Rossi: A Practical Beginning,52,6,8.67,5.96,0.0,0.0,8.33,3,long-words,no,vocabulary-review
s1318,1,People and biography,David Kim: A Practical Beginning,52,6,8.67,5.795,7.84,0.0,1.96,1,low-frequency,no,vocabulary-review
s1319,1,People and biography,Nora Hassan: A Practical Beginning,54,6,9.0,5.882,0.0,0.0,4.0,3,,no,within-guardrails
s1320,1,People and biography,Peter Walsh: A Practical Beginning,54,6,9.0,5.896,0.0,0.0,2.0,3,,no,within-guardrails
s1321,1,People and biography,Inez Silva: A Practical Beginning,78,8,9.75,5.844,4.05,0.0,4.05,2,,no,within-guardrails
s1322,1,People and biography,Omar Reed: A Practical Beginning,53,6,8.83,5.793,0.0,0.0,4.08,3,,no,within-guardrails
s1323,1,People and biography,Keiko Tan: A Practical Beginning,55,6,9.17,5.959,0.0,0.0,3.77,2,,no,within-guardrails
s1324,1,People and biography,Mateo Cruz: A Practical Beginning,55,6,9.17,5.858,0.0,0.0,1.96,3,,no,within-guardrails
s1325,1,People and biography,Sara Lind: A Practical Beginning,56,6,9.33,5.923,1.92,1.92,0.0,3,very-low-frequency,no,vocabulary-review
s1326,1,People and biography,Theo Martin: A Practical Beginning,81,8,10.12,5.983,1.3,0.0,5.19,2,long-words,no,vocabulary-review
s1327,1,People and biography,Priya Das: A Practical Beginning,51,6,8.5,5.881,0.0,0.0,4.26,3,,no,within-guardrails
s1328,1,People and biography,Marcus Green: A Practical Beginning,51,6,8.5,5.965,0.0,0.0,4.0,1,,no,within-guardrails
s1329,1,People and biography,Yara Nasser: A Practical Beginning,54,6,9.0,5.878,0.0,0.0,2.0,3,,no,within-guardrails
s1330,1,People and biography,Finn Osei: A Practical Beginning,54,6,9.0,6.001,2.0,0.0,2.0,3,,no,within-guardrails
s1331,2,People and biography,Leah Park: A Practical Beginning,76,8,9.5,5.922,0.0,0.0,2.78,3,,no,within-guardrails
s1332,2,People and biography,Ravi Mehta: A Practical Beginning,74,8,9.25,6.007,1.43,0.0,1.43,3,,no,within-guardrails
s1333,2,People and biography,Sofia Almeida: A Practical Beginning,80,8,10.0,5.862,2.63,0.0,5.26,2,,no,within-guardrails
s1334,2,People and biography,Daniel Cho: A Practical Beginning,74,8,9.25,6.063,0.0,0.0,2.86,3,,no,within-guardrails
s1335,2,People and biography,Fatima Noor: A Practical Beginning,77,8,9.62,5.978,2.67,0.0,0.0,2,,no,within-guardrails
s1336,2,People and biography,Henry Cole: A Practical Beginning,73,8,9.12,5.945,1.45,0.0,0.0,3,,no,within-guardrails
s1337,2,People and biography,Anika Bose: A Practical Beginning,76,8,9.5,6.016,0.0,0.0,2.78,3,,no,within-guardrails
s1338,2,People and biography,Gabriel Stone: A Practical Beginning,82,8,10.25,5.879,1.28,0.0,5.13,2,,no,within-guardrails
s1339,2,People and biography,Mina Rahman: A Practical Beginning,77,8,9.62,6.052,0.0,0.0,2.74,3,,no,within-guardrails
s1340,2,People and biography,Arthur Vale: A Practical Beginning,76,8,9.5,5.918,1.33,0.0,0.0,1,,no,within-guardrails
s1341,2,People and biography,Zoe Bennett: A Practical Beginning,75,8,9.38,5.975,0.0,0.0,1.41,3,,no,within-guardrails
s1342,2,People and biography,Maya Chen: The Work Behind the Work,72,8,9.0,5.963,0.0,0.0,2.94,3,,no,within-guardrails
s1343,2,People and biography,Jon Bell: The Work Behind the Work,72,8,9.0,5.994,1.41,0.0,0.0,1,,no,within-guardrails
s1344,2,People and biography,Amina Okafor: The Work Behind the Work,75,8,9.38,5.88,0.0,0.0,1.41,3,,no,within-guardrails
s1345,2,People and biography,Luis Ortega: The Work Behind the Work,72,8,9.0,6.024,0.0,0.0,2.94,3,,no,within-guardrails
s1346,2,People and biography,Hana Mori: The Work Behind the Work,77,8,9.75,5.874,0.0,0.0,5.41,2,,no,within-guardrails
s1347,2,People and biography,Samir Patel: The Work Behind the Work,72,8,9.0,5.951,1.47,0.0,4.41,3,,no,within-guardrails
s1348,2,People and biography,Elena Rossi: The Work Behind the Work,73,8,9.12,6.025,2.78,0.0,4.17,1,,no,within-guardrails
s1349,2,People and biography,David Kim: The Work Behind the Work,74,8,9.25,5.896,5.71,0.0,1.43,3,,no,within-guardrails
s1350,2,People and biography,Nora Hassan: The Work Behind the Work,75,8,9.38,6.031,0.0,0.0,2.82,3,,no,within-guardrails
s1351,3,People and biography,Peter Walsh: The Work Behind the Work,123,8,15.38,5.586,3.54,0.0,11.5,3,,no,within-guardrails
s1352,3,People and biography,Inez Silva: The Work Behind the Work,119,8,14.88,5.6,8.11,0.0,17.12,3,long-words,no,vocabulary-review
s1353,3,People and biography,Omar Reed: The Work Behind the Work,127,9,14.11,5.582,6.96,0.87,21.74,2,long-words,no,vocabulary-review
s1354,3,People and biography,Keiko Tan: The Work Behind the Work,120,8,15.0,5.814,5.45,0.0,19.09,2,long-words,no,vocabulary-review
s1355,3,People and biography,Mateo Cruz: The Work Behind the Work,118,10,11.8,5.717,5.66,0.0,11.32,2,,no,within-guardrails
s1356,3,People and biography,Sara Lind: The Work Behind the Work,146,10,14.6,5.564,5.63,0.0,11.97,3,,no,within-guardrails
s1357,3,People and biography,Theo Martin: The Work Behind the Work,117,8,14.75,5.567,6.36,0.0,26.36,3,long-words,no,vocabulary-review
s1358,3,People and biography,Priya Das: The Work Behind the Work,125,9,14.22,5.642,7.76,0.0,19.83,3,long-words,no,vocabulary-review
s1359,3,People and biography,Marcus Green: The Work Behind the Work,121,8,15.12,5.77,4.42,0.0,18.58,2,long-words,no,vocabulary-review
s1360,3,People and biography,Yara Nasser: The Work Behind the Work,112,9,12.67,5.732,4.81,0.0,10.58,2,,no,within-guardrails
s1361,3,People and biography,Finn Osei: The Work Behind the Work,89,7,12.71,5.742,6.98,0.0,15.12,2,long-words,no,vocabulary-review
s1362,3,People and biography,Leah Park: The Work Behind the Work,86,7,12.29,5.67,4.88,0.0,14.63,2,long-words,no,vocabulary-review
s1363,3,People and biography,Ravi Mehta: The Work Behind the Work,125,9,13.89,5.656,6.19,0.0,20.35,3,long-words,no,vocabulary-review
s1364,3,People and biography,Sofia Almeida: The Work Behind the Work,117,8,14.62,5.716,4.67,0.0,14.95,2,long-words,no,vocabulary-review
s1365,3,People and biography,Daniel Cho: The Work Behind the Work,118,9,13.11,5.738,4.72,0.0,13.21,3,,no,within-guardrails
s1366,3,People and biography,Fatima Noor: The Work Behind the Work,119,8,14.88,5.545,8.26,0.0,21.1,3,long-words,no,vocabulary-review
s1367,3,People and biography,Henry Cole: The Work Behind the Work,117,8,14.62,5.622,5.41,0.0,24.32,3,long-words,no,vocabulary-review
s1368,3,People and biography,Anika Bose: The Work Behind the Work,114,8,14.38,5.664,6.67,0.95,20.0,2,long-words,no,vocabulary-review
s1369,3,People and biography,Gabriel Stone: The Work Behind the Work,114,7,16.57,5.787,4.63,0.93,14.81,2,long-words,no,vocabulary-review
s1370,3,People and biography,Mina Rahman: The Work Behind the Work,84,8,10.5,5.562,10.0,0.0,13.75,2,low-frequency,no,vocabulary-review
s1371,4,People and biography,Arthur Vale: The Work Behind the Work,134,9,14.89,5.516,5.74,0.0,17.21,4,,no,within-guardrails
s1372,4,People and biography,Zoe Bennett: The Work Behind the Work,130,10,13.0,5.561,6.03,0.0,13.79,4,,no,within-guardrails
s1373,4,People and biography,Maya Chen: A Wider Circle,136,10,13.8,5.657,7.94,0.79,14.29,2,,no,within-guardrails
s1374,4,People and biography,Jon Bell: A Wider Circle,133,10,13.3,5.752,6.25,0.0,5.47,3,,no,within-guardrails
s1375,4,People and biography,Amina Okafor: A Wider Circle,141,10,14.1,5.565,5.51,0.0,12.6,4,,no,within-guardrails
s1376,4,People and biography,Luis Ortega: A Wider Circle,131,9,14.67,5.622,5.0,0.83,18.33,2,,no,within-guardrails
s1377,4,People and biography,Hana Mori: A Wider Circle,141,10,14.2,5.615,7.58,0.0,24.24,3,long-words,no,vocabulary-review
s1378,4,People and biography,Samir Patel: A Wider Circle,134,10,13.4,5.632,4.84,0.0,12.1,2,,no,within-guardrails
s1379,4,People and biography,Elena Rossi: A Wider Circle,146,12,12.17,5.74,4.96,0.0,11.35,3,,no,within-guardrails
s1380,4,People and biography,David Kim: A Wider Circle,134,10,13.6,5.584,8.06,0.0,14.52,4,,no,within-guardrails
s1381,4,People and biography,Nora Hassan: A Wider Circle,139,9,15.44,5.586,5.51,0.0,25.2,2,long-words,no,vocabulary-review
s1382,4,People and biography,Peter Walsh: A Wider Circle,130,9,14.44,5.608,5.65,0.0,17.74,3,,no,within-guardrails
s1383,4,People and biography,Inez Silva: A Wider Circle,150,11,13.64,5.689,8.7,0.0,10.87,2,,no,within-guardrails
s1384,4,People and biography,Omar Reed: A Wider Circle,133,9,14.78,5.662,4.96,0.0,14.88,4,,no,within-guardrails
s1385,4,People and biography,Keiko Tan: A Wider Circle,134,10,13.4,5.641,10.0,0.0,18.33,4,,no,within-guardrails
s1386,4,People and biography,Mateo Cruz: A Wider Circle,148,10,14.8,5.592,7.35,0.0,23.53,3,long-words,no,vocabulary-review
s1387,4,People and biography,Sara Lind: A Wider Circle,140,10,14.0,5.53,9.7,0.0,20.9,3,long-words,no,vocabulary-review
s1388,4,People and biography,Theo Martin: A Wider Circle,134,10,13.6,5.778,3.97,0.0,15.87,2,,no,within-guardrails
s1389,4,People and biography,Priya Das: A Wider Circle,150,10,15.3,5.663,7.8,0.0,12.06,4,,no,within-guardrails
s1390,4,People and biography,Marcus Green: A Wider Circle,130,10,13.0,5.654,7.76,0.0,20.69,4,long-words,no,vocabulary-review
s1391,5,People and biography,Yara Nasser: A Wider Circle,172,11,15.82,5.673,5.7,0.0,16.46,3,,no,within-guardrails
s1392,5,People and biography,Finn Osei: A Wider Circle,175,12,14.58,5.648,9.55,0.0,22.93,3,,no,within-guardrails
s1393,5,People and biography,Leah Park: A Wider Circle,173,12,14.42,5.668,8.92,1.91,21.02,4,,no,within-guardrails
s1394,5,People and biography,Ravi Mehta: A Wider Circle,178,12,14.83,5.511,6.55,0.0,17.86,3,,no,within-guardrails
s1395,5,People and biography,Sofia Almeida: A Wider Circle,178,12,14.83,5.631,6.1,0.0,15.24,4,,no,within-guardrails
s1396,5,People and biography,Daniel Cho: A Wider Circle,176,11,16.0,5.719,5.62,0.0,20.0,3,,no,within-guardrails
s1397,5,People and biography,Fatima Noor: A Wider Circle,177,12,14.75,5.651,5.66,0.0,21.38,3,,no,within-guardrails
s1398,5,People and biography,Henry Cole: A Wider Circle,185,13,14.23,5.7,4.79,0.0,17.37,4,,no,within-guardrails
s1399,5,People and biography,Anika Bose: A Wider Circle,171,11,15.64,5.595,6.79,0.62,20.99,4,,no,within-guardrails
s1400,5,People and biography,Gabriel Stone: A Wider Circle,178,12,15.0,5.625,7.32,0.61,14.63,4,,no,within-guardrails
s1401,5,People and biography,Mina Rahman: A Wider Circle,174,11,15.91,5.67,7.55,0.0,23.9,3,,no,within-guardrails
s1402,5,People and biography,Arthur Vale: A Wider Circle,170,12,14.17,5.539,7.79,0.0,24.68,3,long-words,no,vocabulary-review
s1403,5,People and biography,Zoe Bennett: A Wider Circle,184,13,14.15,5.593,4.17,0.0,18.45,3,,no,within-guardrails
s1404,5,People and biography,Maya Chen: Learning to Listen,175,11,16.0,5.628,6.88,0.62,14.38,3,,no,within-guardrails
s1405,5,People and biography,Jon Bell: Learning to Listen,172,12,14.33,5.607,9.09,0.65,24.68,3,long-words,no,vocabulary-review
s1406,6,People and biography,Amina Okafor: Learning to Listen,203,12,16.92,5.662,4.81,0.0,19.25,3,,no,within-guardrails
s1407,6,People and biography,Luis Ortega: Learning to Listen,202,14,14.57,5.746,5.91,0.54,18.28,3,,no,within-guardrails
s1408,6,People and biography,Hana Mori: Learning to Listen,202,14,14.57,5.655,5.32,0.0,16.49,4,,no,within-guardrails
s1409,6,People and biography,Samir Patel: Learning to Listen,212,14,15.14,5.538,7.07,0.0,16.16,4,,no,within-guardrails
s1410,6,People and biography,Elena Rossi: Learning to Listen,158,11,14.36,5.736,4.55,0.65,11.04,2,,no,within-guardrails
s1411,6,People and biography,David Kim: Learning to Listen,205,13,15.92,5.68,6.35,0.0,23.28,3,,no,within-guardrails
s1412,6,People and biography,Nora Hassan: Learning to Listen,199,14,14.21,5.661,6.01,0.0,22.95,3,,no,within-guardrails
s1413,6,People and biography,Peter Walsh: Learning to Listen,200,13,15.38,5.658,3.23,0.0,10.75,3,,no,within-guardrails
s1414,6,People and biography,Inez Silva: Learning to Listen,204,13,15.69,5.627,8.95,0.0,14.74,4,,no,within-guardrails
s1415,6,People and biography,Omar Reed: Learning to Listen,205,14,14.64,5.62,6.49,0.0,17.84,4,,no,within-guardrails
s1416,6,People and biography,Keiko Tan: Learning to Listen,203,13,15.62,5.731,7.49,0.0,25.13,3,,no,within-guardrails
s1417,6,People and biography,Mateo Cruz: Learning to Listen,203,15,13.53,5.645,8.65,0.0,20.0,3,,no,within-guardrails
s1418,6,People and biography,Sara Lind: Learning to Listen,148,12,12.33,5.595,2.78,0.0,11.81,3,,no,within-guardrails
s1419,6,People and biography,Theo Martin: Learning to Listen,195,13,15.08,5.586,6.67,0.0,23.89,4,,no,within-guardrails
s1420,6,People and biography,Priya Das: Learning to Listen,201,14,14.64,5.651,7.57,0.0,18.38,4,,no,within-guardrails
s1421,7,People and biography,Marcus Green: Learning to Listen,236,15,15.73,5.555,9.55,0.0,28.18,3,,no,within-guardrails
s1422,7,People and biography,Yara Nasser: Learning to Listen,237,16,14.94,5.678,6.45,0.0,20.74,3,,no,within-guardrails
s1423,7,People and biography,Finn Osei: Learning to Listen,227,15,15.13,5.661,10.43,0.0,19.43,3,,no,within-guardrails
s1424,7,People and biography,Leah Park: Learning to Listen,227,16,14.19,5.672,9.09,1.91,16.27,4,,no,within-guardrails
s1425,7,People and biography,Ravi Mehta: Learning to Listen,228,15,15.2,5.522,6.31,0.0,18.45,4,,no,within-guardrails
s1426,7,People and biography,Sofia Almeida: Learning to Listen,230,15,15.33,5.595,7.55,0.0,26.89,3,,no,within-guardrails
s1427,7,People and biography,Daniel Cho: Learning to Listen,236,16,14.75,5.695,6.02,0.0,20.83,3,,no,within-guardrails
s1428,7,People and biography,Fatima Noor: Learning to Listen,240,15,16.0,5.621,6.25,0.0,16.96,3,,no,within-guardrails
s1429,7,People and biography,Henry Cole: Learning to Listen,225,16,14.06,5.717,4.35,0.0,12.08,4,,no,within-guardrails
s1430,7,People and biography,Anika Bose: Learning to Listen,236,15,15.8,5.584,6.91,0.46,20.74,4,,no,within-guardrails
s1431,7,People and biography,Gabriel Stone: Learning to Listen,229,15,15.47,5.591,7.87,0.93,24.54,3,,no,within-guardrails
s1432,7,People and biography,Mina Rahman: Learning to Listen,227,16,14.31,5.622,9.09,0.0,23.44,3,,no,within-guardrails
s1433,7,People and biography,Arthur Vale: Learning to Listen,236,16,14.75,5.568,6.42,0.0,18.35,4,,no,within-guardrails
s1434,7,People and biography,Zoe Bennett: Learning to Listen,226,16,14.12,5.59,4.81,0.0,13.46,4,,no,within-guardrails
s1435,7,People and biography,Maya Chen: What Remained,225,15,15.13,5.647,6.76,0.48,17.87,3,,no,within-guardrails
s1436,8,People and biography,Jon Bell: What Remained,250,17,14.71,5.552,9.91,0.86,26.29,3,,no,within-guardrails
s1437,8,People and biography,Amina Okafor: What Remained,255,17,15.0,5.64,5.11,0.0,16.6,3,,no,within-guardrails
s1438,8,People and biography,Luis Ortega: What Remained,243,16,15.31,5.751,5.24,0.44,12.23,4,,no,within-guardrails
s1439,8,People and biography,Hana Mori: What Remained,242,17,14.29,5.695,5.43,0.0,14.93,4,,no,within-guardrails
s1440,8,People and biography,Samir Patel: What Remained,245,16,15.31,5.587,6.79,0.0,19.0,5,,no,within-guardrails
s1441,8,People and biography,Elena Rossi: What Remained,257,17,15.12,5.718,5.39,0.0,21.99,3,,no,within-guardrails
s1442,8,People and biography,David Kim: What Remained,245,17,14.59,5.665,6.52,0.0,20.43,3,,no,within-guardrails
s1443,8,People and biography,Nora Hassan: What Remained,252,16,15.75,5.688,5.17,0.0,16.38,4,,no,within-guardrails
s1444,8,People and biography,Peter Walsh: What Remained,247,16,15.44,5.651,4.02,0.0,12.95,4,,no,within-guardrails
s1445,8,People and biography,Inez Silva: What Remained,249,16,15.56,5.643,8.89,0.0,19.11,4,,no,within-guardrails
s1446,9,People and biography,Omar Reed: What Remained,267,18,14.83,5.601,7.41,0.0,20.16,4,,no,within-guardrails
s1447,9,People and biography,Keiko Tan: What Remained,268,18,14.89,5.679,7.38,0.0,23.77,4,,no,within-guardrails
s1448,9,People and biography,Mateo Cruz: What Remained,261,18,14.5,5.586,9.96,0.0,17.43,4,,no,within-guardrails
s1449,9,People and biography,Sara Lind: What Remained,150,10,15.0,5.607,2.74,0.0,13.01,3,,no,within-guardrails
s1450,9,People and biography,Theo Martin: What Remained,268,17,15.82,5.686,5.31,0.0,22.04,4,,no,within-guardrails
s1451,9,People and biography,Priya Das: What Remained,277,19,14.79,5.619,8.63,0.0,19.61,4,,no,within-guardrails
s1452,9,People and biography,Marcus Green: What Remained,274,18,15.22,5.643,7.6,0.0,24.4,4,,no,within-guardrails
s1453,9,People and biography,Yara Nasser: What Remained,266,18,14.94,5.605,7.94,0.0,18.25,4,,no,within-guardrails
s1454,9,People and biography,Finn Osei: What Remained,269,18,14.94,5.653,9.72,0.0,15.79,4,,no,within-guardrails
s1455,9,People and biography,Leah Park: What Remained,273,17,16.06,5.682,8.03,1.2,20.08,4,,no,within-guardrails
s1456,10,People and biography,Ravi Mehta: What Remained,292,19,15.37,5.629,5.64,0.0,17.67,4,,no,within-guardrails
s1457,10,People and biography,Sofia Almeida: What Remained,296,19,15.58,5.676,6.62,0.0,20.22,3,,no,within-guardrails
s1458,10,People and biography,Daniel Cho: What Remained,293,20,14.65,5.702,6.37,0.0,19.85,3,,no,within-guardrails
s1459,10,People and biography,Fatima Noor: What Remained,290,19,15.26,5.611,7.14,0.0,18.42,5,,no,within-guardrails
s1460,10,People and biography,Henry Cole: What Remained,290,18,16.11,5.65,5.19,0.0,19.63,4,,no,within-guardrails
s1461,10,People and biography,Anika Bose: What Remained,298,19,15.74,5.613,6.96,0.37,21.25,4,,no,within-guardrails
s1462,10,People and biography,Gabriel Stone: What Remained,299,19,15.95,5.7,6.45,0.72,19.35,3,,no,within-guardrails
s1463,10,People and biography,Mina Rahman: What Remained,288,20,14.5,5.607,8.65,0.0,22.93,3,,no,within-guardrails
s1464,10,People and biography,Arthur Vale: What Remained,289,20,14.45,5.537,7.98,0.0,19.77,5,,no,within-guardrails
s1465,10,People and biography,Zoe Bennett: What Remained,299,19,15.74,5.545,5.78,0.0,20.94,4,,no,within-guardrails
s1466,1,Everyday life,The Cup Beside the Sink,63,6,10.5,6.061,3.33,0.0,6.67,1,long-words,no,vocabulary-review
s1467,1,Everyday life,The Two Red Socks,63,6,10.5,5.914,8.2,0.0,1.64,1,low-frequency,no,vocabulary-review
s1468,2,Everyday life,Lunch Under the Stairs,84,8,10.5,6.059,0.0,0.0,4.05,3,,no,within-guardrails
s1469,2,Everyday life,The Note on the Fridge,79,8,9.88,6.013,2.63,0.0,6.58,1,,no,within-guardrails
s1470,3,Everyday life,The Borrowed Blue Pen,101,7,14.43,5.9,2.04,0.0,9.18,2,,no,within-guardrails
s1471,3,Everyday life,The Soup Without Carrots,83,6,13.83,5.793,4.94,0.0,18.52,1,long-words,no,vocabulary-review
s1472,3,Everyday life,The Quiet Seat on the Bus,96,6,16.0,5.78,6.38,0.0,8.51,1,,no,within-guardrails
s1473,4,Everyday life,The Phone in the Freezer,83,6,13.83,5.646,7.41,0.0,12.35,1,,no,within-guardrails
s1474,4,Everyday life,The Sunday Repair Box,96,6,16.0,5.827,1.06,0.0,19.15,1,long-words,no,vocabulary-review
s1475,4,Everyday life,The Last Slice Agreement,97,6,16.17,5.719,2.2,0.0,17.58,2,,no,within-guardrails
s1476,9,Everyday life,The Calendar That Knew Too Much,153,9,17.0,5.756,2.65,0.0,21.85,1,,no,within-guardrails
s1477,10,Everyday life,The Cost of a Convenient Return,159,9,17.67,5.76,1.91,0.0,14.65,1,,no,within-guardrails
s1478,1,Famous books,The Golden Goose and the Kind Son,69,6,11.5,5.806,2.9,0.0,10.14,0,long-words,no,vocabulary-review
s1479,2,Famous books,The Bremen Animals Find a Home,152,14,10.86,5.792,7.33,0.0,5.33,1,low-frequency,no,vocabulary-review
s1480,2,Famous books,The Fisherman and the Talking Fish,93,10,9.3,6.038,3.23,0.0,4.3,0,,no,within-guardrails
s1481,2,Famous books,Sinbad in the Valley of Diamonds,74,8,9.25,5.753,2.86,0.0,4.29,2,,no,within-guardrails
s1482,3,Famous books,Robin Hood and the Poor Farmer,95,6,15.83,5.81,2.25,0.0,10.11,2,,no,within-guardrails
s1483,4,Famous books,The Tempest: Miranda Sees the Ship,93,6,15.83,5.82,10.75,0.0,9.68,1,,no,within-guardrails
s1484,4,Famous books,The Wind in the Willows: Mole Leaves Home,90,6,15.0,5.776,3.45,0.0,16.09,2,,no,within-guardrails
s1485,4,Famous books,A Christmas Carol: Dinner at the Cratchits,97,6,16.17,5.839,4.4,0.0,15.38,4,,no,within-guardrails
s1486,7,Famous books,Antigone and the Unwritten Law,123,8,15.62,5.588,7.56,1.68,15.97,3,,no,within-guardrails
s1487,9,Famous books,The Brothers Karamazov: Ivan's Question,159,9,17.89,5.59,7.24,0.0,17.76,3,,no,within-guardrails
s1488,10,Famous books,The Trial: Josef K. Seeks the Charge,154,12,12.83,5.88,2.01,0.0,10.74,3,,no,within-guardrails
s1489,1,Fantasy/stories,The Pebble That Sang,133,12,11.08,5.834,3.08,0.0,4.62,1,,no,within-guardrails
s1490,1,Fantasy/stories,The Cloud in the Barn,65,6,10.83,5.952,4.76,0.0,4.76,1,,no,within-guardrails
s1491,2,Fantasy/stories,The Door Under the Table,83,8,10.38,5.81,1.28,1.28,5.13,2,very-low-frequency,no,vocabulary-review
s1492,2,Fantasy/stories,The Lantern Fish of Willow Pond,77,8,9.62,5.744,8.11,0.0,8.11,1,low-frequency,no,vocabulary-review
s1493,2,Fantasy/stories,The Tailor of Rain,101,10,10.1,5.865,6.19,0.0,0.0,1,,no,within-guardrails
s1494,3,Fantasy/stories,The Library of Sleeping Maps,98,6,16.33,5.695,4.17,0.0,8.33,1,,no,within-guardrails
s1495,3,Fantasy/stories,The Bridge That Remembered Names,91,8,11.38,5.74,10.11,0.0,10.11,1,low-frequency,no,vocabulary-review
s1496,4,Fantasy/stories,The Orchard Beyond Tuesday,92,6,15.33,5.767,2.25,0.0,17.98,2,,no,within-guardrails
s1497,4,Fantasy/stories,The Clockmaker's Dragon,111,6,18.5,5.87,4.59,0.0,11.01,1,,no,within-guardrails
s1498,4,Fantasy/stories,The House of Borrowed Weather,94,6,15.67,5.646,7.61,0.0,11.96,1,,no,within-guardrails
s1499,10,Fantasy/stories,The Ministry of Forgotten Dreams,175,10,17.5,5.643,10.59,0.0,14.12,1,,no,within-guardrails
s1500,10,Fantasy/stories,The Treaty Written on Water,159,9,17.67,5.548,5.77,1.28,16.67,1,,no,within-guardrails
s1501,1,History,The First Clay Bowl,70,6,11.67,5.683,2.86,0.0,2.86,0,,no,within-guardrails
s1502,1,History,The Stones Across the Stream,56,6,9.33,5.725,0.0,0.0,3.57,0,,no,within-guardrails
s1503,1,History,The Night Fire Watch,59,7,8.43,5.718,0.0,0.0,3.39,0,,no,within-guardrails
s1504,2,History,The Road Marked by Miles,59,7,8.43,5.519,1.69,0.0,11.86,0,long-words,no,vocabulary-review
s1505,2,History,Paper Travels West,66,7,9.43,5.712,4.76,0.0,4.76,1,,no,within-guardrails
s1506,2,History,The Stars Above the Open Sea,99,9,11.0,5.93,5.05,0.0,0.0,0,,no,within-guardrails
s1507,3,History,Drains Beneath an Ancient City,86,6,14.33,5.552,6.98,0.0,4.65,0,,no,within-guardrails
s1508,3,History,The Runner on the Mountain Road,90,6,15.0,5.659,4.44,0.0,16.67,0,long-words,no,vocabulary-review
s1509,3,History,Books in the Desert City,105,10,10.5,5.831,1.9,0.0,5.71,0,,no,within-guardrails
s1510,3,History,The Assembly Beside the Rock,101,6,16.83,5.636,1.98,0.0,21.78,0,long-words,no,vocabulary-review
s1511,3,History,Rules for the Market Bell,90,6,15.0,5.678,4.55,0.0,14.77,1,long-words,no,vocabulary-review
s1512,3,History,Fire Teams of the Castle Town,94,8,11.75,5.599,5.32,0.0,6.38,0,,no,within-guardrails
s1513,3,History,Messages Along the Wire,95,6,16.33,5.611,3.06,0.0,19.39,0,long-words,no,vocabulary-review
s1514,3,History,The First Public Vaccine Line,100,6,16.67,5.707,4.0,0.0,21.0,0,long-words,no,vocabulary-review
s1515,4,History,The Clock at Every Station,87,6,14.5,5.454,6.9,1.15,20.69,0,long-words,no,vocabulary-review
s1516,6,History,Counting a Moving Population,115,7,16.43,5.761,4.35,0.87,16.52,0,,no,within-guardrails
s1517,6,History,Print Shops and Public Argument,114,7,16.29,5.566,8.77,0.0,21.93,0,,no,within-guardrails
s1518,6,History,Petitions Against Bondage,118,7,16.86,5.667,5.17,0.86,24.14,1,,no,within-guardrails
s1519,9,History,The Archive After Independence,171,9,19.0,5.684,8.19,1.17,22.81,0,,no,within-guardrails
s1520,1,Nature and animals,The Snail After Rain,60,6,10.0,5.828,3.33,0.0,0.0,0,,no,within-guardrails
s1521,1,Nature and animals,The Sparrow's Bath,60,5,12.0,5.842,5.0,0.0,1.67,0,,no,within-guardrails
s1522,2,Nature and animals,The Rabbit's Winter Door,104,9,11.56,5.77,3.85,0.96,2.88,0,,no,within-guardrails
s1523,2,Nature and animals,The Ant Road Around the Stone,68,8,8.5,5.811,5.88,0.0,2.94,0,,no,within-guardrails
s1524,2,Nature and animals,The Owl Above the Farm,82,8,10.25,5.644,14.63,0.0,6.1,0,low-frequency,no,vocabulary-review
s1525,3,Nature and animals,The Crab That Changed Shells,82,6,14.0,5.673,9.52,0.0,10.71,0,low-frequency,no,vocabulary-review
s1526,3,Nature and animals,The Frog Pond in Spring,86,7,12.29,5.777,9.3,0.0,1.16,0,low-frequency,no,vocabulary-review
s1527,4,Nature and animals,The Hedge Between Two Fields,94,6,16.0,5.716,6.25,0.0,11.46,0,,no,within-guardrails
s1528,4,Nature and animals,The Salmon's Cold Stream,97,6,16.17,5.64,4.12,0.0,11.34,0,,no,within-guardrails
s1529,4,Nature and animals,Seeds in a Burned Meadow,81,6,13.5,5.613,6.17,0.0,8.64,0,,no,within-guardrails
s1530,4,Nature and animals,The Dolphin's Borrowed Sponge,91,6,15.17,5.6,12.09,0.0,12.09,0,low-frequency,no,vocabulary-review
s1531,9,Nature and animals,The Forest That Moved Uphill,160,9,17.78,5.596,6.25,1.25,23.12,0,,no,within-guardrails
s1532,10,Nature and animals,The Reef After the Heat Wave,172,9,19.11,5.655,11.05,0.0,18.02,0,,no,within-guardrails
s1533,1,Science,Where the Ice Cube Goes,68,6,11.33,5.913,4.41,0.0,7.35,0,long-words,no,vocabulary-review
s1534,1,Science,The Seed Finds Down,75,9,8.33,5.809,6.67,0.0,0.0,0,low-frequency,no,vocabulary-review
s1535,1,Science,The Echo by the Wall,77,8,9.62,5.958,5.41,0.0,0.0,1,low-frequency,no,vocabulary-review
s1536,2,Science,The Push of Two Magnets,92,10,9.2,5.645,5.43,0.0,9.78,0,long-words,no,vocabulary-review
s1537,2,Science,Clouds from a Warm Cup,83,8,10.38,5.855,1.25,0.0,3.75,1,,no,within-guardrails
s1538,2,Science,The Shadow at Three Times,66,8,8.25,5.947,4.69,0.0,1.56,1,,no,within-guardrails
s1539,3,Science,The Egg in Salt Water,78,8,9.75,5.89,6.58,1.32,1.32,1,,no,within-guardrails
s1540,3,Science,The Warm Air Balloon Bag,97,6,16.33,5.701,4.08,0.0,9.18,0,,no,within-guardrails
s1541,3,Science,The Green Leaf Test,98,6,16.33,5.802,4.08,0.0,8.16,0,,no,within-guardrails
s1542,4,Science,The Slow Journey of a Continent,109,6,18.17,5.781,4.59,0.0,15.6,0,,no,within-guardrails
s1543,4,Science,The Memory of an Immune Cell,110,6,18.33,5.654,6.36,0.0,20.91,0,long-words,no,vocabulary-review
s1544,5,Science,The Gene That Worked Differently,131,7,18.71,5.67,4.58,0.0,12.98,0,,no,within-guardrails
s1545,9,Science,The Error Bars Around a Result,169,9,18.78,5.763,3.55,0.0,20.71,0,,no,within-guardrails
s1546,10,Science,The Model That Predicted Too Well,178,9,20.0,5.774,5.56,0.0,22.22,0,,no,within-guardrails
s1547,1,World affairs,One Field for Two Schools,69,6,11.5,5.999,1.47,0.0,8.82,1,long-words,no,vocabulary-review
s1548,1,World affairs,Water Rules for Three Streets,67,6,11.17,5.891,0.0,0.0,5.97,0,long-words,no,vocabulary-review
s1549,2,World affairs,The Library Opens Late,110,9,12.22,5.856,1.85,0.0,8.33,2,,no,within-guardrails
s1550,2,World affairs,The Bus Route Meeting,95,9,10.56,6.011,2.11,0.0,0.0,0,,no,within-guardrails
s1551,2,World affairs,Rules for the River Park,95,8,11.88,5.961,3.16,0.0,0.0,0,,no,within-guardrails
s1552,3,World affairs,Lunch for Every Child,109,6,18.17,5.73,5.5,0.0,20.18,0,long-words,yes,vocabulary-review
s1553,4,World affairs,Words at the Health Desk,96,6,16.17,5.695,5.26,0.0,22.11,1,long-words,no,vocabulary-review
s1554,4,World affairs,The Repair Label,112,6,18.67,5.725,1.79,0.0,15.18,0,,no,within-guardrails
s1555,4,World affairs,The Map of Public Trees,113,6,19.17,5.666,5.22,0.0,20.0,0,long-words,no,vocabulary-review
s1556,4,World affairs,The Empty Shop Tax,105,6,17.5,5.415,9.52,0.0,17.14,0,,no,within-guardrails
s1557,5,World affairs,The Evening Care Cooperative,115,7,16.43,5.64,0.87,0.0,21.74,0,,no,within-guardrails
s1558,5,World affairs,The Flood Notice in Every Language,148,8,19.12,5.723,3.92,0.0,18.95,0,,no,within-guardrails
s1559,5,World affairs,The Market's Shared Cold Room,114,7,16.29,5.582,7.02,0.0,18.42,0,,no,within-guardrails
s1560,5,World affairs,The Night Train Trial,132,7,18.86,5.572,5.3,0.0,22.73,0,,no,within-guardrails
s1561,5,World affairs,The Community Solar Roof,141,7,20.71,5.532,7.59,0.0,17.93,0,,no,within-guardrails
s1562,7,World affairs,The Translation Budget,141,8,17.62,5.433,7.09,1.42,23.4,0,,no,within-guardrails
s1563,9,World affairs,The Public Algorithm Register,188,9,21.22,5.483,6.28,0.0,30.37,0,,no,within-guardrails
s1564,9,World affairs,The Carbon Border Debate,181,9,20.33,5.486,9.29,1.09,28.96,0,,no,within-guardrails
s1565,10,World affairs,The Right to Leave a Platform,188,9,21.11,5.417,7.89,0.0,27.89,0,,no,within-guardrails
s1566,8,Mystery and adventure,The Cipher in the Tide Tables,150,8,18.75,5.617,8.16,0.0,14.97,1,,no,within-guardrails
s1567,8,Mystery and adventure,The Locked Room at Platform Nine,142,8,17.75,5.627,10.07,0.0,11.51,1,,no,within-guardrails
s1568,8,Mystery and adventure,The Collector's Missing Provenance,147,8,18.38,5.652,9.03,2.08,22.92,1,,no,within-guardrails
s1569,8,Mystery and adventure,The Signal Beyond North Ridge,142,8,17.75,5.596,11.43,0.0,22.86,1,,no,within-guardrails
s1570,8,Mystery and adventure,The Archive with Two Catalogues,151,8,18.88,5.752,4.05,0.68,20.95,1,,no,within-guardrails
s1571,9,Mystery and adventure,The Orchard Camera,173,9,19.22,5.667,5.33,0.0,11.24,1,,no,within-guardrails
s1572,9,Mystery and adventure,The Last Ferry Manifest,169,9,18.78,5.699,11.52,0.61,17.58,2,,no,within-guardrails
s1573,9,Mystery and adventure,The Museum's False Shadow,172,9,19.11,5.609,10.78,1.8,20.36,1,,no,within-guardrails
s1574,9,Mystery and adventure,The Map Beneath the Map,176,10,17.8,5.81,3.43,0.0,13.14,1,,no,within-guardrails
s1575,9,Mystery and adventure,The Voice on the Closed Frequency,172,9,19.11,5.718,5.29,0.0,18.24,1,,no,within-guardrails
s1576,10,Mystery and adventure,The Missing Minute in Court,169,10,16.9,5.67,6.1,1.22,14.02,1,,no,within-guardrails
s1577,10,Mystery and adventure,The Expedition's Second Journal,175,9,19.44,5.668,8.09,0.0,20.23,1,,no,within-guardrails
s1578,10,Mystery and adventure,The Vanishing Survey Marker,166,9,18.44,5.771,5.52,0.0,12.27,1,,no,within-guardrails
s1579,10,Mystery and adventure,The Anonymous Peer Review,173,9,19.22,5.687,7.06,0.0,22.35,2,,no,within-guardrails
s1580,10,Mystery and adventure,The Warehouse of Returned Clocks,164,9,18.22,5.629,12.5,1.25,17.5,1,,no,within-guardrails
s1581,8,Travel and culture,Listening Before the Festival,143,8,17.88,5.79,4.29,0.0,20.71,1,,no,within-guardrails
s1582,8,Travel and culture,The Museum Label in Three Voices,131,8,16.38,5.641,5.47,0.0,23.44,1,,no,within-guardrails
s1583,8,Travel and culture,The Meal with No Direct Translation,150,8,19.0,5.827,5.41,1.35,15.54,1,,no,within-guardrails
s1584,8,Travel and culture,The Slow Train Across the Plateau,147,9,16.33,5.754,6.9,0.0,13.79,1,,no,within-guardrails
s1585,8,Travel and culture,The Guide Who Changed the Route,136,8,17.25,5.561,8.89,0.74,25.19,1,,no,within-guardrails
s1586,9,Travel and culture,The Language of the Market Scale,168,9,18.67,5.847,3.01,0.0,13.86,1,,no,within-guardrails
s1587,9,Travel and culture,The Empty Beach Photograph,174,9,19.33,5.727,5.29,0.0,17.06,1,,no,within-guardrails
s1588,9,Travel and culture,The Guest Room and the Water Tank,162,9,18.0,5.589,6.33,1.9,17.72,2,,no,within-guardrails
s1589,9,Travel and culture,The Monument After Sunset,165,9,18.33,5.789,3.68,0.0,19.02,1,,no,within-guardrails
s1590,9,Travel and culture,The Borrowed Bicycle Rule,170,10,17.0,5.659,8.43,0.0,19.28,1,,no,within-guardrails
s1591,10,Travel and culture,The Village Name on Two Maps,155,9,17.22,5.787,4.58,0.0,22.22,1,,no,within-guardrails
s1592,10,Travel and culture,The Souvenir Made Next Door,169,9,18.78,5.71,2.99,0.0,17.37,1,,no,within-guardrails
s1593,10,Travel and culture,The Trail Closed for Ceremony,156,9,17.56,5.711,5.81,0.0,21.29,1,,no,within-guardrails
s1594,10,Travel and culture,The Interpreter's Day Off,155,9,17.22,5.564,8.61,0.0,28.48,1,,no,within-guardrails
s1595,10,Travel and culture,The Airport Beyond the Postcard,171,9,19.0,5.701,6.55,0.0,18.45,1,,no,within-guardrails
s1596,8,People and biography,Mara Ellis: Designing with Floodwater,147,8,18.38,5.571,7.19,0.0,17.99,2,,no,within-guardrails
s1597,8,People and biography,Tomas Adeyemi: The Language of Soil,138,8,17.25,5.636,4.55,0.0,17.42,2,,no,within-guardrails
s1598,8,People and biography,Keira Novak: Repairing the Night Sky,150,8,18.75,5.545,10.42,0.0,17.36,2,,no,within-guardrails
s1599,8,People and biography,Hassan Vale: An Archive of Work Songs,142,8,17.75,5.695,2.17,0.0,21.01,2,,no,within-guardrails
s1600,8,People and biography,Evelyn Park: The Small Hospital Network,138,8,17.25,5.673,2.24,0.0,20.9,2,,no,within-guardrails
s1601,9,People and biography,Rico Santos: Mapping Heat Block by Block,157,9,17.44,5.45,13.42,0.0,20.13,3,,no,within-guardrails
s1602,9,People and biography,Anya Feld: The Orchestra Without a Hall,180,9,20.0,5.772,3.98,0.0,19.32,2,,no,within-guardrails
s1603,9,People and biography,Malik Chen: Making Batteries Repairable,156,9,17.33,5.635,6.08,0.0,12.84,2,,no,within-guardrails
s1604,9,People and biography,Isabel Romero: The Courtroom in Plain Words,167,9,18.56,5.537,9.55,0.0,19.75,4,,no,within-guardrails
s1605,9,People and biography,Noor Ibrahim: Keeping the River Public,146,9,16.56,5.636,6.21,0.0,20.0,2,,no,within-guardrails
s1606,10,People and biography,Akira Bell: The Ethics of a Useful Robot,183,9,20.33,5.753,4.57,0.0,20.0,3,,no,within-guardrails
s1607,10,People and biography,Lina Okoye: Seeds Across a Border,163,9,18.11,5.415,5.16,0.0,29.03,3,,no,within-guardrails
s1608,10,People and biography,Jonas Reed: The Unfinished Memorial,169,9,18.78,5.734,5.59,0.0,21.12,2,,no,within-guardrails
s1609,10,People and biography,Priya Nordin: A Census of the Uncounted,171,9,19.0,5.571,4.91,0.0,23.93,2,,no,within-guardrails
s1610,10,People and biography,Mateo Quinn: Restoring More Than a Building,155,9,17.22,5.513,8.72,0.0,23.49,2,,no,within-guardrails
s1611,1,Fantasy/stories,A Room Inside Mina's Coat,54,8,6.75,5.93,1.96,0.0,0.0,1,,no,within-guardrails
s1612,1,Nature and animals,A Crab Finds Shade,56,8,7.0,6.001,1.79,0.0,0.0,0,,no,within-guardrails
s1613,1,World affairs,Two Streets Share a Bus,49,7,7.0,5.95,0.0,0.0,0.0,0,,no,within-guardrails
s1614,1,Everyday life,Lunch for the New Student,51,6,8.5,5.817,1.96,0.0,0.0,0,,no,within-guardrails
s1615,1,History,Marks in Wet Clay,45,5,9.0,5.912,0.0,0.0,0.0,0,,no,within-guardrails
s1616,1,Science,The Cup That Sweats,42,6,7.0,5.816,2.5,0.0,0.0,1,,no,within-guardrails
s1617,1,Famous books,Peter Comes Home,46,7,6.57,5.679,2.17,0.0,0.0,0,,no,within-guardrails
s1618,1,Mystery and adventure,A Kitten Behind the Wall,50,7,7.14,5.885,4.0,0.0,0.0,0,,no,within-guardrails
s1619,1,Travel and culture,Breakfast at the River Stop,46,7,6.57,5.76,4.55,0.0,2.27,1,,no,within-guardrails
s1620,1,People and biography,Lena Fixes Small Things,50,7,7.14,5.755,4.55,0.0,0.0,4,,no,within-guardrails
s1621,2,Fantasy/stories,The Cloud Baker,61,8,7.62,5.719,1.72,0.0,0.0,1,,no,within-guardrails
s1622,2,Nature and animals,Why Otters Hold Hands,75,8,9.38,5.765,5.33,0.0,2.67,0,,no,within-guardrails
s1623,2,World affairs,The Library After Dark,57,6,9.5,5.898,1.79,0.0,1.79,1,,no,within-guardrails
s1624,2,Everyday life,A Quiet Table for Grandfather,58,6,9.67,5.889,0.0,0.0,5.36,1,,no,within-guardrails
s1625,2,History,A Road Across the Andes,73,7,10.43,5.671,1.43,0.0,4.29,3,,no,within-guardrails
s1626,2,Science,A Spoon Looks Bent,63,7,9.0,6.067,4.76,0.0,3.17,0,,no,within-guardrails
s1627,2,Famous books,The Lion and the Small Helper,65,7,9.29,5.854,3.08,0.0,1.54,0,,no,within-guardrails
s1628,2,Mystery and adventure,Water Marks in the School Hall,62,7,8.86,5.88,1.61,0.0,1.61,0,,no,within-guardrails
s1629,2,Travel and culture,The Red Thread Market,63,6,10.5,5.845,1.67,0.0,3.33,1,,no,within-guardrails
s1630,2,People and biography,Omar and the Talking Map,64,6,10.67,5.918,3.23,0.0,1.61,1,,no,within-guardrails
s1631,3,Fantasy/stories,Moon-Walking Beans,74,8,9.25,5.682,2.82,0.0,8.45,1,,no,within-guardrails
s1632,3,Nature and animals,The Frog's Winter Room,67,5,13.4,5.693,8.96,0.0,0.0,0,,no,within-guardrails
s1633,3,World affairs,The Empty Water Tanks,73,6,12.17,5.764,2.74,0.0,6.85,0,,no,within-guardrails
s1634,3,Everyday life,Niko Learns to Repair,73,7,10.43,5.776,7.25,0.0,8.7,3,,no,within-guardrails
s1635,3,History,Messages on the Silk Roads,67,6,11.17,5.705,3.28,0.0,4.92,5,,no,within-guardrails
s1636,3,Science,How Soap Moves Grease,71,6,11.83,5.729,4.23,0.0,4.23,0,,no,within-guardrails
s1637,3,Famous books,Mary Opens the Hidden Garden,72,6,12.0,5.853,4.17,0.0,4.17,0,,no,within-guardrails
s1638,3,Mystery and adventure,The Map in the Flour,72,7,10.29,5.798,5.71,1.43,1.43,1,,no,within-guardrails
s1639,3,Travel and culture,A Song for the Ferry,74,7,10.57,5.741,5.56,0.0,4.17,1,,no,within-guardrails
s1640,3,People and biography,Mei Builds a Seed Shelf,77,7,11.0,5.627,1.3,0.0,7.79,0,,no,within-guardrails
s1641,4,Fantasy/stories,The Ferryman of Sleeping Words,97,7,13.86,5.907,5.32,0.0,9.57,1,,no,within-guardrails
s1642,4,Nature and animals,A Forest Made by Elephants,82,6,13.67,5.646,8.54,1.22,7.32,0,,no,within-guardrails
s1643,4,World affairs,A Vote for the Old Station,90,7,12.86,5.853,2.22,0.0,5.56,0,,no,within-guardrails
s1644,4,Everyday life,Three Ways to Say Sorry,86,8,10.75,5.825,7.23,1.2,9.64,2,,no,within-guardrails
s1645,4,History,The Coffeehouses of London,76,5,15.2,5.477,8.0,1.33,17.33,1,,no,within-guardrails
s1646,4,Science,Why Bridges Need Room to Move,80,7,11.43,5.638,5.0,0.0,13.75,0,,no,within-guardrails
s1647,4,Famous books,Dorothy and Three Travelers,83,5,16.6,6.073,2.74,0.0,4.11,9,,no,within-guardrails
s1648,4,Mystery and adventure,The Lighthouse Without a Keeper,87,6,14.5,5.689,9.41,0.0,7.06,1,,no,within-guardrails
s1649,4,Travel and culture,The Courtyard Cinema,85,7,12.14,5.54,6.02,1.2,18.07,1,,no,within-guardrails
s1650,4,People and biography,Theo Counts the Night Sky,84,7,12.0,5.605,8.64,0.0,16.05,1,,no,within-guardrails
s1651,5,Fantasy/stories,Mara's Ticket to the Dream Museum,140,11,12.73,5.856,5.84,0.0,5.11,1,,no,within-guardrails
s1652,5,Nature and animals,The Night Work of Moths,131,9,14.56,5.454,12.21,0.0,11.45,0,,no,within-guardrails
s1653,5,World affairs,The Market's Common Refrigerator,119,9,13.22,5.637,3.36,0.0,12.61,0,,no,within-guardrails
s1654,5,Everyday life,Four Colors for Family Care,118,9,13.11,5.613,2.54,0.0,13.56,0,,no,within-guardrails
s1655,5,History,When Maps Put South at the Top,122,9,13.56,5.615,4.17,1.67,14.17,2,,no,within-guardrails
s1656,5,Science,The Memory in a Metal Clip,119,8,14.88,5.583,5.04,0.0,12.61,0,,no,within-guardrails
s1657,5,Famous books,Alice at the Queen's Game,118,8,14.75,5.704,4.5,0.9,12.61,3,,no,within-guardrails
s1658,5,Mystery and adventure,Clocks Corrected the Wrong Way,119,10,11.9,5.669,6.84,0.0,11.97,1,,no,within-guardrails
s1659,5,Travel and culture,A Library on the Night Train,111,8,13.88,5.665,4.63,0.0,13.89,1,,no,within-guardrails
s1660,5,People and biography,Amara Listens Before Building,125,8,15.62,5.613,7.32,0.0,9.76,1,,no,within-guardrails
s1661,6,Fantasy/stories,The Cartographer of Echoes,135,10,13.5,5.725,4.55,0.0,7.58,1,,no,within-guardrails
s1662,6,Nature and animals,How Trees Share a City Block,135,10,13.5,5.409,8.89,0.0,12.59,0,,no,within-guardrails
s1663,6,World affairs,Who Owns the Weather Data?,122,8,15.25,5.597,5.74,0.0,23.77,0,,no,within-guardrails
s1664,6,Everyday life,The Roommate Meeting Without a Winner,123,10,12.3,5.667,4.88,0.0,13.82,0,,no,within-guardrails
s1665,6,History,The Strike of the Match Workers,119,7,16.86,5.667,5.13,0.0,18.8,1,,no,within-guardrails
s1666,6,Science,A Battery Made by Moving Ions,117,8,14.62,5.486,7.69,0.85,23.08,0,,no,within-guardrails
s1667,6,Famous books,Jim Hears the Apple Fall,130,7,18.57,5.796,5.74,0.82,12.3,5,,no,within-guardrails
s1668,6,Mystery and adventure,The Compass in the Archive,127,8,15.88,5.626,13.49,2.38,15.08,1,,no,within-guardrails
s1669,6,Travel and culture,The Mountain Post Office,123,7,17.57,5.671,4.13,0.83,13.22,1,,no,within-guardrails
s1670,6,People and biography,Rosa Makes Numbers Visible,126,9,14.0,5.649,4.03,0.81,14.52,1,,no,within-guardrails
s1671,7,Fantasy/stories,Veyra Spends Its Spring,152,13,11.69,5.585,10.74,0.67,16.78,2,,no,within-guardrails
s1672,7,Nature and animals,How Beavers Reshape a Valley,147,9,16.33,5.398,10.88,0.68,17.01,0,,no,within-guardrails
s1673,7,World affairs,The Price of a Free School Meal,149,11,13.55,5.488,5.37,0.0,23.49,0,,no,within-guardrails
s1674,7,Everyday life,The Family Photograph Nobody Wanted,151,12,12.58,5.645,6.71,0.0,16.78,1,,no,within-guardrails
s1675,7,History,"Paper, Print, and the Korean Metal Type",145,9,16.0,5.572,6.62,1.47,23.53,7,,no,within-guardrails
s1676,7,Science,Why Concrete Can Heal Small Cracks,140,10,14.0,5.379,12.14,0.0,23.57,0,,no,within-guardrails
s1677,7,Famous books,The Traveler from the Distant Future,144,9,16.0,5.686,7.91,0.0,18.71,3,,no,within-guardrails
s1678,7,Mystery and adventure,The Radio Call from Dry Land,153,12,12.75,5.621,7.89,1.32,19.74,1,,no,within-guardrails
s1679,7,Travel and culture,The Language of Shared Gardens,152,10,15.2,5.523,8.0,0.67,24.67,1,,no,within-guardrails
s1680,7,People and biography,Jonas Opens the Workshop Door,146,10,14.6,5.623,8.39,0.0,23.08,1,,no,within-guardrails
s1681,8,Fantasy/stories,The Ministry of Lost Shadows,179,13,13.85,5.405,16.48,1.14,16.48,2,,no,within-guardrails
s1682,8,Nature and animals,The Hidden Routes of Fungal Spores,176,11,16.0,5.377,13.64,0.57,18.75,0,,no,within-guardrails
s1683,8,World affairs,The Algorithm at the Housing Desk,182,11,16.55,5.546,8.24,0.0,24.18,0,,no,within-guardrails
s1684,8,Everyday life,The Inheritance of Thirty Teacups,178,13,13.69,5.575,7.95,0.57,20.45,1,,no,within-guardrails
s1685,8,History,The Port That Quarantined Its Letters,164,10,16.4,5.521,8.59,0.61,26.99,1,,no,within-guardrails
s1686,8,Science,Listening to a Bridge with Sensors,158,12,13.17,5.275,10.76,0.63,29.11,0,,no,within-guardrails
s1687,8,Famous books,Elizabeth Doubts Her First Impression,175,14,12.5,5.366,15.34,1.84,26.99,6,,no,within-guardrails
s1688,8,Mystery and adventure,The Glacier Camera,186,13,14.31,5.616,7.03,1.08,20.0,1,,no,within-guardrails
s1689,8,Travel and culture,An Evening in the House of Wind,172,12,14.33,5.452,8.82,1.18,20.0,1,,no,within-guardrails
s1690,8,People and biography,Lin's Clinic on Wheels,177,12,14.75,5.46,10.92,2.3,22.41,1,,no,within-guardrails
s1691,9,Fantasy/stories,The Republic of Second Names,222,16,13.94,5.605,7.76,1.83,21.92,4,,no,within-guardrails
s1692,9,Nature and animals,What Survives a Marine Heatwave,201,13,15.46,5.221,21.39,1.99,23.38,0,,no,within-guardrails
s1693,9,World affairs,The Border River During Drought,203,12,16.92,5.375,12.32,0.99,26.11,0,,no,within-guardrails
s1694,9,Everyday life,The Cost of Being the Reliable Friend,189,15,12.6,5.586,8.65,1.08,20.0,2,,no,within-guardrails
s1695,9,History,The Census and the Making of Categories,190,12,15.83,5.465,8.95,1.05,28.42,0,,no,within-guardrails
s1696,9,Science,The Uncertainty Inside a Flood Map,207,13,15.92,5.529,5.8,0.0,20.77,0,,no,within-guardrails
s1697,9,Famous books,Ahab and the Meaning of the White Whale,204,12,17.0,5.405,18.37,3.06,18.88,6,,no,within-guardrails
s1698,9,Mystery and adventure,The Archive with Two Midnights,203,12,16.92,5.415,15.31,3.06,27.04,4,,no,within-guardrails
s1699,9,Travel and culture,The Festival After the Tour Buses,194,11,17.64,5.375,9.79,1.55,27.84,0,,no,within-guardrails
s1700,9,People and biography,Nadia Designs for Repair,188,14,13.43,5.358,12.43,1.62,25.41,1,,no,within-guardrails
s1701,10,Fantasy/stories,The Parliament Beneath the Orchard,251,16,15.69,5.466,16.33,1.2,23.11,0,,no,within-guardrails
s1702,10,Nature and animals,Rewilding Without an Imagined Past,228,13,17.54,5.449,10.22,1.33,25.78,2,,no,within-guardrails
s1703,10,World affairs,Debt Relief After the Cyclone,212,10,21.2,5.316,12.26,0.94,26.42,0,,no,within-guardrails
s1704,10,Everyday life,A Marriage Measured in Invisible Work,209,13,16.23,5.489,10.68,1.46,26.7,2,,no,within-guardrails
s1705,10,History,The Archive Left by a Colonial Survey,208,11,18.91,5.32,13.46,2.88,33.65,0,,no,within-guardrails
s1706,10,Science,What a Model Means When It Fails,213,13,16.38,5.467,11.74,0.47,26.76,0,,no,within-guardrails
s1707,10,Famous books,A Creature Asks for Responsibility,221,13,17.0,5.585,13.43,2.31,20.83,2,,no,within-guardrails
s1708,10,Mystery and adventure,The Expedition That Reached Camp Twice,229,15,15.27,5.384,14.04,3.07,26.32,1,,no,within-guardrails
s1709,10,Travel and culture,The Museum Returned to the Neighborhood,214,12,17.83,5.405,8.88,0.47,35.05,0,,no,within-guardrails
s1710,10,People and biography,Elias and the Ethics of a Useful Forecast,224,14,16.0,5.399,12.67,0.45,27.6,1,,no,within-guardrails
s1711,1,Fantasy/stories,A Star in the Bread Tin,50,7,7.14,5.867,0.0,0.0,0.0,1,,no,within-guardrails
s1712,1,Nature and animals,A Bat Lets Go,48,6,8.0,5.855,4.17,0.0,0.0,0,,no,within-guardrails
s1713,1,World affairs,One Ramp for the Hall,53,7,7.57,5.843,1.92,0.0,0.0,1,,no,within-guardrails
s1714,1,Everyday life,Tea for the Early Driver,53,6,8.83,5.91,0.0,0.0,0.0,1,,no,within-guardrails
s1715,1,History,Words Pressed into Clay,46,5,9.2,5.685,2.17,0.0,0.0,0,,no,within-guardrails
s1716,1,Science,The Moon Has No Lamp,47,5,9.4,6.104,0.0,0.0,0.0,3,,no,within-guardrails
s1717,1,Famous books,Heidi Returns to the Mountain,53,6,8.83,6.125,0.0,0.0,4.17,2,,no,within-guardrails
s1718,1,Mystery and adventure,Mud on the Clean Floor,53,7,7.57,5.908,1.96,0.0,0.0,1,,no,within-guardrails
s1719,1,Travel and culture,A Seat by the Small Harbor,52,6,8.67,5.698,2.04,0.0,0.0,1,,no,within-guardrails
s1720,1,People and biography,Pia Paints Safe Paths,49,7,7.0,5.623,4.26,0.0,4.26,1,,no,within-guardrails
s1721,2,Fantasy/stories,The Umbrella Tree,58,6,9.67,5.872,5.56,0.0,5.56,1,,no,within-guardrails
s1722,2,Nature and animals,Water Saved by a Tortoise,67,5,13.4,5.881,5.97,0.0,4.48,0,,no,within-guardrails
s1723,2,World affairs,The Shared Street Light,51,5,10.2,5.957,1.96,0.0,3.92,0,,no,within-guardrails
s1724,2,Everyday life,A Different Birthday Cake,52,7,7.43,5.706,1.92,0.0,0.0,0,,no,within-guardrails
s1725,2,History,Shells and Waves on a Stick Chart,55,6,9.17,5.84,3.92,0.0,5.88,2,,no,within-guardrails
s1726,2,Science,Colors in a Drop of Rain,58,5,11.6,5.957,0.0,0.0,7.02,1,,no,within-guardrails
s1727,2,Famous books,Black Beauty Finds a Gentle Home,55,5,11.0,5.876,0.0,0.0,5.66,1,,no,within-guardrails
s1728,2,Mystery and adventure,The Note in the Empty Jar,52,6,8.67,5.71,1.96,0.0,1.96,1,,no,within-guardrails
s1729,2,Travel and culture,Rain at the Hill Market,48,5,9.6,5.614,6.52,0.0,0.0,1,,no,within-guardrails
s1730,2,People and biography,Dani Opens a Tool Box,50,6,8.33,5.699,0.0,0.0,2.17,2,,no,within-guardrails
s1731,3,Fantasy/stories,The Clock That Needed a Story,60,6,10.0,5.884,1.67,0.0,1.67,0,,no,within-guardrails
s1732,3,Nature and animals,A Meadow Under the Sea,69,6,11.5,5.693,1.45,1.45,4.35,0,,no,within-guardrails
s1733,3,World affairs,The Clinic's Three Languages,62,5,12.4,5.778,1.61,0.0,9.68,0,,no,within-guardrails
s1734,3,Everyday life,The Coat with Two Owners,65,6,10.83,5.945,0.0,0.0,1.54,0,,no,within-guardrails
s1735,3,History,Books Carried Out of Timbuktu,75,6,12.33,5.864,0.0,0.0,11.27,2,,no,within-guardrails
s1736,3,Science,Water Keeps Moving,61,5,12.2,5.724,6.56,0.0,1.64,0,,no,within-guardrails
s1737,3,Famous books,Anne Chooses Green Gables,57,5,11.4,5.721,6.52,0.0,6.52,6,,no,within-guardrails
s1738,3,Mystery and adventure,The Train Ticket with No Town,58,5,11.6,5.932,3.45,0.0,3.45,0,,no,within-guardrails
s1739,3,Travel and culture,Bread from the Shared Oven,60,4,15.0,5.664,8.62,0.0,10.34,1,,no,within-guardrails
s1740,3,People and biography,Arun Records the Quiet Hours,64,7,9.14,5.817,0.0,0.0,9.68,1,,no,within-guardrails
s1741,4,Fantasy/stories,The Door That Opened on Tuesdays,78,7,11.14,5.76,5.41,0.0,8.11,3,,no,within-guardrails
s1742,4,Nature and animals,Pines That Wait for Fire,80,7,11.43,5.656,7.5,1.25,5.0,0,,no,within-guardrails
s1743,4,World affairs,The Bridge Used by Two Towns,77,6,12.83,5.778,3.9,0.0,10.39,0,,no,within-guardrails
s1744,4,Everyday life,The Week without a Washing Machine,80,7,11.43,5.802,0.0,0.0,9.21,3,,no,within-guardrails
s1745,4,History,Counting Grain on Clay,78,6,13.0,5.433,7.79,1.3,14.29,1,,no,within-guardrails
s1746,4,Science,A Lever Lifts the Stone,84,7,12.0,5.937,2.38,1.19,3.57,0,,no,within-guardrails
s1747,4,Famous books,Fogg's Eighty-Day Promise,82,7,11.71,5.752,9.09,1.3,6.49,4,,no,within-guardrails
s1748,4,Mystery and adventure,The Bell beneath the Path,84,8,10.5,5.616,4.76,0.0,4.76,0,,no,within-guardrails
s1749,4,Travel and culture,The Ferry with a Library Shelf,80,7,11.43,5.743,2.6,0.0,7.79,1,,no,within-guardrails
s1750,4,People and biography,Lea Measures the Bus Stops,74,6,12.33,5.669,2.78,0.0,12.5,1,,no,within-guardrails
s1751,5,Fantasy/stories,The Gallery of Abandoned Wishes,98,8,12.25,5.802,5.26,1.05,12.63,2,,no,within-guardrails
s1752,5,Nature and animals,Living Light in the Ocean,96,8,12.0,5.567,12.5,2.08,17.71,0,,no,within-guardrails
s1753,5,World affairs,The Island's Fresh-Water Plan,100,7,14.29,5.377,10.0,0.0,13.0,0,,no,within-guardrails
s1754,5,Everyday life,A Calendar for Caring,89,7,12.71,5.607,5.62,0.0,15.73,0,,no,within-guardrails
s1755,5,History,Steering by Stars and Swells,109,6,18.17,5.72,0.94,0.0,12.26,3,,no,within-guardrails
s1756,5,Science,A Practice Alarm for the Immune System,98,6,16.33,5.733,8.16,0.0,11.22,0,,no,within-guardrails
s1757,5,Famous books,Mowgli Hears the Law of the Jungle,96,7,13.71,5.795,4.55,0.0,4.55,3,,no,within-guardrails
s1758,5,Mystery and adventure,The Photograph Taken after Closing,96,8,12.0,5.647,3.12,0.0,13.54,0,,no,within-guardrails
s1759,5,Travel and culture,The Chorus Shared before Dawn,99,7,14.14,5.833,8.33,1.04,15.62,2,,no,within-guardrails
s1760,5,People and biography,Mateo Builds a Cooler Classroom,94,6,15.67,5.503,8.7,0.0,17.39,1,,no,within-guardrails
s1761,6,Fantasy/stories,The Summer Missing from the Calendar,110,8,13.75,5.683,8.26,0.92,6.42,1,,no,within-guardrails
s1762,6,Nature and animals,Salmon Carry the Sea Inland,106,7,15.14,5.34,9.43,1.89,20.75,0,,no,within-guardrails
s1763,6,World affairs,The Vaccine Freezer at the Border,110,7,15.86,5.65,6.31,0.0,19.82,0,,no,within-guardrails
s1764,6,Everyday life,The Subscription Nobody Used,107,8,13.38,5.593,8.41,0.0,14.95,0,,no,within-guardrails
s1765,6,History,Timbuktu's Libraries of Many Homes,99,6,16.33,5.428,11.58,1.05,29.47,3,,no,within-guardrails
s1766,6,Science,Why the City Stays Hot after Sunset,106,6,17.67,5.284,14.15,0.94,16.98,0,,no,within-guardrails
s1767,6,Famous books,Edmond Dantès Returns under Another Name,100,6,16.83,5.71,6.32,1.05,13.68,4,,no,within-guardrails
s1768,6,Mystery and adventure,The Lighthouse Log with Two Midnights,106,9,11.78,5.637,6.73,0.0,17.31,1,,no,within-guardrails
s1769,6,Travel and culture,The Courtyard behind the Music Shop,109,8,13.62,5.665,7.55,0.94,19.81,1,,no,within-guardrails
s1770,6,People and biography,Sora Maps the Missing Trees,103,7,14.71,5.377,13.86,0.0,21.78,1,,no,within-guardrails
s1771,7,Fantasy/stories,Mara Learns the Storm Language,125,8,15.62,5.522,7.44,0.0,17.36,2,,no,within-guardrails
s1772,7,Nature and animals,A Compass inside an Animal,110,7,15.71,5.409,8.26,0.92,26.61,1,,no,within-guardrails
s1773,7,World affairs,The Border River Council,117,8,14.62,5.391,14.53,0.0,27.35,0,,no,within-guardrails
s1774,7,Everyday life,The Family Archive on Four Phones,122,7,17.43,5.545,11.67,0.0,19.17,1,,no,within-guardrails
s1775,7,History,A Student's Clay Exercise,118,7,16.86,5.533,13.68,2.56,24.79,1,,no,within-guardrails
s1776,7,Science,Continents on Moving Plates,138,7,19.71,5.371,15.22,0.72,18.84,0,,no,within-guardrails
s1777,7,Famous books,Jane Eyre Refuses an Unequal Choice,113,7,16.14,5.696,9.57,1.06,13.83,10,,no,within-guardrails
s1778,7,Mystery and adventure,The Map Drawn in Condensation,115,9,12.78,5.481,10.43,0.87,17.39,0,,no,within-guardrails
s1779,7,Travel and culture,The Guide Who Revised the Tour,114,8,14.25,5.58,12.5,0.89,19.64,1,,no,within-guardrails
s1780,7,People and biography,Noor Designs a Fair Queue,110,7,15.71,5.512,11.11,0.93,13.89,1,,no,within-guardrails
s1781,8,Fantasy/stories,The Cartographer of Possible Roads,135,9,15.0,5.511,5.26,0.75,14.29,1,,no,within-guardrails
s1782,8,Nature and animals,A Community Built on a Fallen Whale,127,7,18.14,5.461,11.81,2.36,22.83,0,,no,within-guardrails
s1783,8,World affairs,The Price of Moving a Coastline,119,7,17.0,5.371,11.76,0.84,26.89,0,,no,within-guardrails
s1784,8,Everyday life,The Meeting That Became an Email,130,9,14.44,5.553,3.88,0.0,20.16,1,,no,within-guardrails
s1785,8,History,Reading the Ocean in Bent Sticks,130,7,18.57,5.427,9.52,1.59,22.22,2,,no,within-guardrails
s1786,8,Science,Editing DNA with a Guided Tool,127,7,18.14,5.466,9.68,0.0,25.81,2,,no,within-guardrails
s1787,8,Famous books,Odysseus Returns to Ithaca,142,8,17.75,5.705,7.41,1.48,11.85,5,,no,within-guardrails
s1788,8,Mystery and adventure,The Dataset with a Perfect Pattern,132,8,16.5,5.517,10.69,0.0,29.01,1,,no,within-guardrails
s1789,8,Travel and culture,A Recipe with No Single Homeland,123,7,17.57,5.578,5.79,0.0,19.01,1,,no,within-guardrails
s1790,8,People and biography,Imani Tests the Flood Warning,125,9,13.89,5.353,13.82,1.63,23.58,1,,no,within-guardrails
s1791,9,Fantasy/stories,The Ministry of Unspoken Consequences,161,13,12.38,5.284,13.21,1.89,26.42,1,,no,within-guardrails
s1792,9,Nature and animals,"Peatlands: Slow Growth, Large Stores",161,9,17.89,5.314,18.12,3.12,24.38,1,,no,within-guardrails
s1793,9,World affairs,Rebuilding While Loans Remain,145,9,16.11,5.309,15.86,2.07,26.9,0,,no,within-guardrails
s1794,9,Everyday life,A Recommendation Engine at Dinner,140,10,14.0,5.404,12.14,1.43,24.29,0,,no,within-guardrails
s1795,9,History,A Tablet without Its Excavation Story,136,6,22.67,5.412,12.69,2.24,23.88,2,,no,within-guardrails
s1796,9,Science,Listening to Space-Time,134,7,19.0,5.268,16.92,1.54,28.46,2,,no,within-guardrails
s1797,9,Famous books,The War of the Worlds without Human Victory,126,11,11.45,5.344,17.21,1.64,28.69,4,,no,within-guardrails
s1798,9,Mystery and adventure,The Anonymous Reviewer's Footnotes,140,9,15.56,5.428,15.71,2.14,27.86,0,,no,within-guardrails
s1799,9,Travel and culture,The Festival after the Cameras Leave,137,9,15.22,5.318,7.41,0.74,24.44,1,,no,within-guardrails
s1800,9,People and biography,Elias Audits the Helpful Algorithm,139,9,15.44,5.338,16.79,1.46,30.66,1,,no,within-guardrails
s1801,10,Fantasy/stories,The Republic of Reversible Decisions,173,12,14.42,5.329,12.87,2.92,29.82,1,,no,within-guardrails
s1802,10,Nature and animals,"Wolves, Elk, and the Limits of a Simple Cascade",148,7,20.86,5.399,17.02,2.84,26.95,4,,no,within-guardrails
s1803,10,World affairs,The Carbon Market and the Forest Village,151,10,15.1,5.489,9.33,2.0,22.0,1,,no,within-guardrails
s1804,10,Everyday life,The Inheritance of Digital Accounts,148,8,18.5,5.271,12.33,2.05,31.51,1,,no,within-guardrails
s1805,10,History,Saving Timbuktu's Manuscripts without Freezing Their Meaning,142,7,20.14,5.309,13.57,2.86,40.71,1,,no,within-guardrails
s1806,10,Science,A Measurement Is More Than a Number,157,8,19.62,5.507,10.83,2.55,32.48,0,,no,within-guardrails
s1807,10,Famous books,The Karamazov Brothers and the Burden of Choice,164,10,16.4,5.417,17.33,2.0,30.0,8,,no,within-guardrails
s1808,10,Mystery and adventure,The Archive That Corrected Itself,155,11,14.27,5.259,16.13,3.23,26.45,1,,no,within-guardrails
s1809,10,Travel and culture,Returning an Ancestor's Recording,152,8,19.0,5.502,11.18,0.66,26.97,0,,no,within-guardrails
s1810,10,People and biography,Ada Writes the Failure Report First,155,10,15.5,5.233,20.26,1.31,29.41,1,,no,within-guardrails
s1811,1,Fantasy/stories,The Pocket Cloud,46,7,6.57,6.003,0.0,0.0,0.0,0,,no,within-guardrails
s1812,1,Nature and animals,A Bee Carries Dust,44,7,6.29,5.621,4.55,0.0,0.0,0,,no,within-guardrails
s1813,1,World affairs,A School Table for All,47,7,6.71,5.971,2.13,0.0,2.13,0,,no,within-guardrails
s1814,1,Everyday life,The Last Clean Spoon,57,6,9.5,6.091,0.0,0.0,0.0,0,,no,within-guardrails
s1815,1,History,The Stone with Three Scripts,47,5,9.2,6.048,2.38,0.0,2.38,3,,no,within-guardrails
s1816,1,Science,Noon beneath the Tree,45,5,9.0,5.943,0.0,0.0,2.33,2,,no,within-guardrails
s1817,1,Famous books,Mary Opens the Secret Garden,46,6,7.67,5.876,0.0,0.0,4.65,3,,no,within-guardrails
s1818,1,Mystery and adventure,The Wet Red Hat,46,6,7.67,5.858,0.0,0.0,0.0,0,,no,within-guardrails
s1819,1,Travel and culture,Soup at Moon Bay,45,6,7.5,5.761,2.22,0.0,2.22,0,,no,within-guardrails
s1820,1,People and biography,A Park Worker Fixes the Gate,49,6,8.17,6.053,2.04,0.0,0.0,0,,no,within-guardrails
s1821,2,Fantasy/stories,The Shoes That Waited,50,5,10.0,5.883,0.0,0.0,0.0,2,,no,within-guardrails
s1822,2,Nature and animals,A Duck Stays Dry,47,5,9.4,5.833,6.38,0.0,6.38,0,,no,within-guardrails
s1823,2,World affairs,Water at the Bus Stop,51,6,8.5,5.873,0.0,0.0,0.0,0,,no,within-guardrails
s1824,2,Everyday life,The Quiet Phone Basket,50,6,8.33,5.795,0.0,0.0,2.0,0,,no,within-guardrails
s1825,2,History,Roads Built in Layers,47,4,11.75,5.459,6.38,0.0,4.26,0,,no,within-guardrails
s1826,2,Science,Sound from a String,47,5,9.4,5.808,4.55,0.0,2.27,2,,no,within-guardrails
s1827,2,Famous books,Dorothy Follows the Yellow Road,50,6,8.33,5.871,4.26,0.0,6.38,2,,no,within-guardrails
s1828,2,Mystery and adventure,Three Bells after Closing,49,7,7.0,5.733,6.12,0.0,0.0,0,,no,within-guardrails
s1829,2,Travel and culture,Painted Doors on the Hill,51,6,8.5,5.677,0.0,0.0,0.0,0,,no,within-guardrails
s1830,2,People and biography,A Shelf for Shared Seeds,53,6,8.83,5.772,0.0,0.0,0.0,0,,no,within-guardrails
s1831,3,Fantasy/stories,The Map beneath the Paint,61,6,10.17,5.803,3.39,0.0,0.0,1,,no,within-guardrails
s1832,3,Nature and animals,Warm Air under Feathers,57,6,9.5,5.662,8.77,0.0,7.02,0,,no,within-guardrails
s1833,3,World affairs,A Clinic on Market Day,56,5,11.2,5.534,5.36,0.0,12.5,0,,no,within-guardrails
s1834,3,Everyday life,The Recipe with No Number,54,5,10.8,5.68,3.85,0.0,9.62,1,,no,within-guardrails
s1835,3,History,Books Hidden in Family Chests,55,5,10.8,5.805,0.0,0.0,3.92,2,,no,within-guardrails
s1836,3,Science,"Ice, Water, and Steam",60,7,8.57,5.725,1.67,0.0,1.67,0,,no,within-guardrails
s1837,3,Famous books,Pinocchio Wants to Be Real,60,7,8.57,5.875,1.82,0.0,0.0,2,,no,within-guardrails
s1838,3,Mystery and adventure,The Key in the Seed Box,63,5,12.6,5.895,1.61,0.0,1.61,1,,no,within-guardrails
s1839,3,Travel and culture,The Long Table in Autumn,54,5,10.8,5.851,5.56,0.0,0.0,0,,no,within-guardrails
s1840,3,People and biography,Mavi Draws the Night Route,55,5,11.0,5.633,7.69,0.0,13.46,1,,no,within-guardrails
s1841,4,Fantasy/stories,A Library for Lost Minutes,83,6,13.83,5.693,7.59,0.0,0.0,1,,no,within-guardrails
s1842,4,Nature and animals,Roots in Salt Water,78,6,13.0,5.429,6.58,0.0,7.89,1,,no,within-guardrails
s1843,4,World affairs,Votes for a Small Park,72,7,10.29,5.958,0.0,0.0,1.39,0,,no,within-guardrails
s1844,4,Everyday life,The Chair beside the Lift,79,6,13.17,5.805,7.79,0.0,5.19,1,,no,within-guardrails
s1845,4,History,"Ink, Metal, and Many Pages",73,5,14.6,5.877,0.0,0.0,1.47,4,,no,within-guardrails
s1846,4,Science,Why a Metal Spoon Feels Cold,76,7,10.86,5.827,6.58,0.0,3.95,0,,no,within-guardrails
s1847,4,Famous books,Jim and the Island Map,78,6,13.0,5.721,8.7,1.45,15.94,5,,no,within-guardrails
s1848,4,Mystery and adventure,The Window That Lit at Noon,73,7,10.43,5.583,6.85,0.0,5.48,0,,no,within-guardrails
s1849,4,Travel and culture,Paper Boats in Alder City,76,6,12.67,5.638,4.05,1.35,10.81,2,,no,within-guardrails
s1850,4,People and biography,A Better Street Signal,70,7,10.0,5.935,2.86,0.0,1.43,0,,no,within-guardrails
s1851,5,Fantasy/stories,The Tailor of Borrowed Courage,87,8,10.88,5.879,4.6,0.0,2.3,0,,no,within-guardrails
s1852,5,Nature and animals,A Butterfly across Generations,86,7,12.29,5.68,9.76,1.22,8.54,3,,no,within-guardrails
s1853,5,World affairs,The Warning before the Flood,91,7,13.0,5.376,12.09,1.1,17.58,0,,no,within-guardrails
s1854,5,Everyday life,The Box Marked Someday,97,8,12.12,5.652,11.7,2.13,9.57,2,,no,within-guardrails
s1855,5,History,Messages That Became Dots and Lines,94,6,15.67,5.64,6.98,0.0,20.93,8,,no,within-guardrails
s1856,5,Science,Continents on Restless Plates,95,7,13.57,5.325,11.83,1.08,15.05,1,,no,within-guardrails
s1857,5,Famous books,Toad Learns Too Slowly,91,7,13.0,5.793,4.65,0.0,2.33,3,,no,within-guardrails
s1858,5,Mystery and adventure,The Museum's Missing Dust,96,7,13.71,5.654,8.51,0.0,9.57,1,,no,within-guardrails
s1859,5,Travel and culture,The Guest Who Asked First,92,7,13.14,5.794,5.62,0.0,14.61,2,,no,within-guardrails
s1860,5,People and biography,Nadia Counts the Empty Seats,100,8,12.5,5.647,6.12,0.0,15.31,1,,no,within-guardrails
s1861,6,Fantasy/stories,The Archive of Unsaid Apologies,116,9,12.89,5.664,10.62,1.77,14.16,1,,no,within-guardrails
s1862,6,Nature and animals,Gifts from Returning Salmon,106,7,15.14,5.545,11.32,0.94,12.26,0,,no,within-guardrails
s1863,6,World affairs,Lessons in the Temporary Hall,85,7,12.14,5.69,2.35,0.0,12.94,0,,no,within-guardrails
s1864,6,Everyday life,The Meeting with an Empty Chair,114,9,12.67,5.622,6.25,0.89,16.07,1,,no,within-guardrails
s1865,6,History,A Map around a Water Pump,97,6,16.0,5.475,13.79,1.15,26.44,8,,no,within-guardrails
s1866,6,Science,How DNA Keeps a Copy,92,8,11.5,5.797,0.0,0.0,7.78,1,,no,within-guardrails
s1867,6,Famous books,The Traveler Sees Two Futures,110,7,15.71,5.774,8.65,0.96,12.5,6,,no,within-guardrails
s1868,6,Mystery and adventure,The Ledger That Lost a Line,111,7,15.86,5.353,12.84,0.92,14.68,1,,no,within-guardrails
s1869,6,Travel and culture,The Word Missing from the Menu,111,7,15.86,5.586,13.08,0.0,15.89,2,,no,within-guardrails
s1870,6,People and biography,Tomas Keeps the Failed Repairs,115,7,16.43,5.524,10.62,0.0,14.16,1,,no,within-guardrails
s1871,7,Fantasy/stories,The Bridge That Remembered Weight,122,10,12.2,5.469,5.83,0.0,17.5,2,,no,within-guardrails
s1872,7,Nature and animals,Elephants beyond Human Hearing,120,7,17.14,5.372,13.33,0.83,25.83,0,,no,within-guardrails
s1873,7,World affairs,A Budget Written in Plain Language,117,7,16.71,5.457,13.68,0.85,28.21,0,,no,within-guardrails
s1874,7,Everyday life,The Favor That Became a Schedule,113,8,14.12,5.521,9.91,0.9,9.91,2,,no,within-guardrails
s1875,7,History,Rails Meeting at Promontory,119,6,19.67,5.518,13.33,1.9,27.62,12,,no,within-guardrails
s1876,7,Science,What Immune Memory Remembers,115,7,16.43,5.377,10.62,0.0,28.32,2,,no,within-guardrails
s1877,7,Famous books,Hester Refuses to Disappear,99,8,12.38,5.972,1.2,0.0,3.61,8,,no,within-guardrails
s1878,7,Mystery and adventure,The Tunnel Drawn after the Fire,113,8,14.12,5.451,9.82,1.79,21.43,1,,no,within-guardrails
s1879,7,Travel and culture,A Quiet Morning in Orsa,111,6,18.5,5.439,11.01,2.75,21.1,1,,no,within-guardrails
s1880,7,People and biography,Imani Redesigns the Form,118,8,14.75,5.411,13.04,0.87,26.09,1,,no,within-guardrails
s1881,8,Fantasy/stories,The City That Taxed Prophecies,130,8,16.25,5.378,14.73,1.55,24.81,1,,no,within-guardrails
s1882,8,Nature and animals,When Coral Loses Its Color,114,7,16.29,5.242,19.3,0.0,26.32,0,,no,within-guardrails
s1883,8,World affairs,The Food Report That Included Waste,111,6,18.5,5.222,15.32,1.8,24.32,0,,no,within-guardrails
s1884,8,Everyday life,A Promotion with Two Prices,117,7,16.71,5.729,9.65,0.88,16.67,1,,no,within-guardrails
s1885,8,History,Petitions before the Nineteenth Amendment,103,6,17.0,5.365,16.3,1.09,38.04,8,,no,within-guardrails
s1886,8,Science,The Atmosphere's Useful Blanket,108,8,13.5,5.582,10.28,0.93,7.48,1,,no,within-guardrails
s1887,8,Famous books,Dorian Bargains with His Portrait,103,7,14.71,5.639,9.78,0.0,20.65,7,,no,within-guardrails
s1888,8,Mystery and adventure,The Election Box with Extra Weight,112,8,14.0,5.349,17.27,0.0,28.18,1,,no,within-guardrails
s1889,8,Travel and culture,Winter Rooms of Talven,114,7,16.29,5.387,11.61,0.89,21.43,1,,no,within-guardrails
s1890,8,People and biography,Elias Publishes the Null Result,120,8,15.0,5.619,13.68,0.0,27.35,1,,no,within-guardrails
s1891,9,Fantasy/stories,The Court of Reversible Decisions,134,9,14.89,5.438,16.54,1.5,23.31,1,,no,within-guardrails
s1892,9,Nature and animals,Peat Built by Incomplete Decay,110,9,12.22,5.36,10.09,1.83,7.34,1,,no,within-guardrails
s1893,9,World affairs,The Heat Map with Missing Homes,118,7,16.86,5.249,16.1,0.85,27.97,0,,no,within-guardrails
s1894,9,Everyday life,Inheritance in Twelve Boxes,116,7,16.57,5.375,9.48,0.86,22.41,0,,no,within-guardrails
s1895,9,History,Earthrise from Apollo 8,112,5,22.0,5.776,11.58,1.05,14.74,12,,no,within-guardrails
s1896,9,Science,A Result Needs Its Uncertainty,112,7,16.0,5.467,11.61,0.0,30.36,0,,no,within-guardrails
s1897,9,Famous books,Dorothea Revises Her Idea of a Great Life,113,7,16.14,5.411,16.0,2.0,24.0,10,,no,within-guardrails
s1898,9,Mystery and adventure,The Voice in the Flood Archive,120,8,15.0,5.355,16.81,2.52,26.89,1,,no,within-guardrails
s1899,9,Travel and culture,Three Voices beside Each Object,121,8,15.12,5.521,10.17,0.0,24.58,3,,no,within-guardrails
s1900,9,People and biography,Juno Audits the Helpful Algorithm,123,8,15.38,5.256,18.18,0.0,30.58,1,,no,within-guardrails
s1901,10,Fantasy/stories,The Ministry of Almost Certain Things,141,9,15.67,5.356,16.06,1.46,30.66,2,,no,within-guardrails
s1902,10,Nature and animals,"Wolves, Elk, and the Limits of a Cascade",126,7,18.0,5.341,17.74,5.65,21.77,1,,no,within-guardrails
s1903,10,World affairs,A Debt Test for the Sea Wall,124,7,17.71,5.175,20.97,1.61,30.65,0,,no,within-guardrails
s1904,10,Everyday life,The Friendship Maintenance Window,125,9,13.89,5.374,11.57,1.65,24.79,2,,no,within-guardrails
s1905,10,History,A Continent Reserved for Peace and Science,124,6,20.33,5.393,15.65,0.87,34.78,5,,no,within-guardrails
s1906,10,Science,CRISPR as a Guided Molecular Tool,130,7,18.57,5.304,14.52,0.81,25.81,4,,no,within-guardrails
s1907,10,Famous books,The Karamazov Brothers Face a Father's Death,116,6,19.33,5.317,18.63,3.92,31.37,9,,no,within-guardrails
s1908,10,Mystery and adventure,The Observatory's Impossible Transit,125,8,15.62,5.356,16.13,0.81,28.23,1,,no,within-guardrails
s1909,10,Travel and culture,The Return Ticket to Varos,125,7,17.86,5.366,13.93,2.46,29.51,1,,no,within-guardrails
s1910,10,People and biography,Mei Designs the Exit before the Pilot,128,8,16.0,5.399,11.11,1.59,23.02,1,,no,within-guardrails
