id,level,topic,title,metric_status,lexical_flags,editorial_result,action,evidence_terms,editorial_note
s001,5,Fantasy/stories,Lantern Keeper,within-guardrails,,pass,no-further-change,,Level別の語彙・構文ガードレール内。
s002,5,Nature and animals,Octopus Who Changed Color,within-guardrails,,pass,no-further-change,,Level別の語彙・構文ガードレール内。
s003,5,World affairs,A City Without Cars,within-guardrails,,pass,no-further-change,,事実確認後に語彙・文長を再計測。難語は題材理解に必要な語か、明示的な創作表示に限って確認済み。
s004,5,Everyday life,Last Seat on the Train,within-guardrails,,pass,no-further-change,,Level別の語彙・構文ガードレール内。
s005,5,History,Girl Who Delivered Letters,within-guardrails,,pass,no-further-change,,事実確認後に語彙・文長を再計測。難語は題材理解に必要な語か、明示的な創作表示に限って確認済み。
s006,5,Science,Why Bread Rises,within-guardrails,,pass,no-further-change,,Level別の語彙・構文ガードレール内。
s007,6,Fantasy/stories,Cartographer's Mistake,within-guardrails,,pass,no-further-change,,Level別の語彙・構文ガードレール内。
s008,6,Nature and animals,How Birds Can Change Their Migration Routes,within-guardrails,,pass,no-further-change,,事実確認後に語彙・文長を再計測。難語は題材理解に必要な語か、明示的な創作表示に限って確認済み。
s009,6,World affairs,The Fishing Village That Said No,within-guardrails,,pass,no-further-change,,事実確認後に語彙・文長を再計測。難語は題材理解に必要な語か、明示的な創作表示に限って確認済み。
s010,6,Everyday life,Learning to Cook From Scratch,within-guardrails,,pass,no-further-change,,Level別の語彙・構文ガードレール内。
s011,6,History,Bridge Built in a Single Winter,within-guardrails,,pass,no-further-change,,事実確認後に語彙・文長を再計測。難語は題材理解に必要な語か、明示的な創作表示に限って確認済み。
s012,6,Science,What the Brain Does During Sleep,within-guardrails,,pass,no-further-change,,事実確認後に語彙・文長を再計測。難語は題材理解に必要な語か、明示的な創作表示に限って確認済み。
s013,7,Fantasy/stories,Clockmaker's Apprentice,within-guardrails,,pass,no-further-change,,Level別の語彙・構文ガードレール内。
s014,7,Nature and animals,Leafcutter Ants and Their Fungus Garden,within-guardrails,,pass,no-further-change,,事実確認後に語彙・文長を再計測。難語は題材理解に必要な語か、明示的な創作表示に限って確認済み。
s015,7,World affairs,When a River Crosses a Border,vocabulary-review,long-words,approved-after-review,retain-common-or-topic-words,downstream; frameworks; upstream; international; agricultural; challenges; countries; development; diplomatic; patterns,単一の長語率指標のみ超過。低頻度語率と極低頻度語率は基準内で、日常語または題材の理解に必要な語を文脈付きで維持。
s016,7,Everyday life,Apartment Above the Bakery,within-guardrails,,pass,no-further-change,,Level別の語彙・構文ガードレール内。
s017,7,History,Telegraph Operator Who Changed a War,within-guardrails,,pass,no-further-change,,事実確認後に語彙・文長を再計測。難語は題材理解に必要な語か、明示的な創作表示に限って確認済み。
s018,7,Science,Spirals in Seashell Growth,within-guardrails,,pass,no-further-change,,事実確認後に語彙・文長を再計測。難語は題材理解に必要な語か、明示的な創作表示に限って確認済み。
s019,8,Fantasy/stories,Archivist's Debt,within-guardrails,,pass,no-further-change,,Level別の語彙・構文ガードレール内。
s020,8,Nature and animals,Life Around Deep-Sea Hydrothermal Vents,within-guardrails,,pass,no-further-change,,事実確認後に語彙・文長を再計測。難語は題材理解に必要な語か、明示的な創作表示に限って確認済み。
s021,8,World affairs,The Currency No Government Controls,vocabulary-review,long-words,approved-after-review,retain-common-or-topic-words,currencies; decentralized; currency; centralized; economic; concerns; economists; financial; governments; traditional,単一の長語率指標のみ超過。低頻度語率と極低頻度語率は基準内で、日常語または題材の理解に必要な語を文脈付きで維持。
s022,8,Everyday life,Neighbor Who Kept Score,within-guardrails,,pass,no-further-change,,Level別の語彙・構文ガードレール内。
s023,8,History,Committee That Erased Itself,within-guardrails,,pass,no-further-change,,事実確認後に語彙・文長を再計測。難語は題材理解に必要な語か、明示的な創作表示に限って確認済み。
s024,8,Science,The Memory That Isn't Where You Think It Is,within-guardrails,,pass,no-further-change,,Level別の語彙・構文ガードレール内。
s025,5,Fantasy/stories,Baker Who Whispered to Bread,within-guardrails,,pass,no-further-change,,Level別の語彙・構文ガードレール内。
s026,5,Fantasy/stories,Door That Only Opened at Noon,within-guardrails,,pass,no-further-change,,Level別の語彙・構文ガードレール内。
s027,6,Fantasy/stories,The Tailor's Invisible Thread,within-guardrails,,pass,no-further-change,,Level別の語彙・構文ガードレール内。
s028,6,Fantasy/stories,River That Remembered Names,within-guardrails,,pass,no-further-change,,Level別の語彙・構文ガードレール内。
s029,7,Fantasy/stories,Clockmaker's Second Apprentice,within-guardrails,,pass,no-further-change,,Level別の語彙・構文ガードレール内。
s030,7,Fantasy/stories,The Garden Grown From Borrowed Time,within-guardrails,,pass,no-further-change,,Level別の語彙・構文ガードレール内。
s031,8,Fantasy/stories,Cartographer Who Sold Directions,within-guardrails,,pass,no-further-change,,Level別の語彙・構文ガードレール内。
s032,8,Fantasy/stories,Innkeeper's Ledger of Debts,within-guardrails,,pass,no-further-change,,Level別の語彙・構文ガードレール内。
s033,5,Nature and animals,The Crow Who Remembered Faces,within-guardrails,,pass,no-further-change,,Level別の語彙・構文ガードレール内。
s034,5,Nature and animals,How Trees and Fungi Exchange Resources Underground,within-guardrails,,pass,no-further-change,,事実確認後に語彙・文長を再計測。難語は題材理解に必要な語か、明示的な創作表示に限って確認済み。
s035,6,Nature and animals,Fish That Climbs Waterfalls,within-guardrails,,pass,no-further-change,,Level別の語彙・構文ガードレール内。
s036,6,Nature and animals,The Bees That Vote With Their Bodies,within-guardrails,,pass,no-further-change,,Level別の語彙・構文ガードレール内。
s037,7,Nature and animals,Elephant's Long Memory for Grief,vocabulary-review,long-words,approved-after-review,retain-common-or-topic-words,elephants; behavior; behaviors; researchers; emotional; remaining; scientific; community; documented; especially,単一の長語率指標のみ超過。低頻度語率と極低頻度語率は基準内で、日常語または題材の理解に必要な語を文脈付きで維持。
s038,7,Nature and animals,Bird That Fakes a Broken Wing,within-guardrails,,pass,no-further-change,,Level別の語彙・構文ガードレール内。
s039,8,Nature and animals,The Fungus That Controls an Ant's Mind,vocabulary-review,low-frequency,approved-after-review,retain-topic-vocabulary,ant; fungus; fungal; ant's; behavioral; foraging; manipulation; spores; ants; evolutionary,単一の頻度指標のみ超過。固有の動植物名・科学語・文化語など、題材の核となる語を反復または説明のある文脈で維持。
s040,8,Nature and animals,How Humpback Whale Songs Spread,within-guardrails,,pass,no-further-change,,事実確認後に語彙・文長を再計測。難語は題材理解に必要な語か、明示的な創作表示に限って確認済み。
s041,5,World affairs,Town That Shared One Library Book,within-guardrails,,pass,no-further-change,,事実確認後に語彙・文長を再計測。難語は題材理解に必要な語か、明示的な創作表示に限って確認済み。
s042,8,World affairs,A School With No Walls,within-guardrails,,pass,no-further-change,,事実確認後に語彙・文長を再計測。難語は題材理解に必要な語か、明示的な創作表示に限って確認済み。
s043,8,World affairs,Island Nation Selling Its Weather,vocabulary-review,long-words,approved-after-review,retain-common-or-topic-words,,事実確認後に語彙・文長を再計測。難語は題材理解に必要な語か、明示的な創作表示に限って確認済み。
s044,8,World affairs,City That Rented Out Its Rooftops,within-guardrails,,pass,no-further-change,,事実確認後に語彙・文長を再計測。難語は題材理解に必要な語か、明示的な創作表示に限って確認済み。
s045,8,World affairs,The Border That Moves Every Spring,within-guardrails,,pass,no-further-change,,事実確認後に語彙・文長を再計測。難語は題材理解に必要な語か、明示的な創作表示に限って確認済み。
s046,7,World affairs,Country Without an Official Language,vocabulary-review,long-words,approved-after-review,retain-common-or-topic-words,,事実確認後に語彙・文長を再計測。難語は題材理解に必要な語か、明示的な創作表示に限って確認済み。
s047,8,World affairs,Treaty No One Remembers Signing,within-guardrails,,pass,no-further-change,,事実確認後に語彙・文長を再計測。難語は題材理解に必要な語か、明示的な創作表示に限って確認済み。
s048,8,World affairs,The River Two Countries Refuse to Stop Sharing,vocabulary-review,long-words,approved-after-review,retain-common-or-topic-words,,事実確認後に語彙・文長を再計測。難語は題材理解に必要な語か、明示的な創作表示に限って確認済み。
s049,5,Everyday life,Umbrella That Belonged to Everyone,within-guardrails,,pass,no-further-change,,Level別の語彙・構文ガードレール内。
s050,5,Everyday life,Learning to Ride a Bike at Forty,within-guardrails,,pass,no-further-change,,Level別の語彙・構文ガードレール内。
s051,6,Everyday life,The Neighbor's Garden Wall,within-guardrails,,pass,no-further-change,,Level別の語彙・構文ガードレール内。
s052,6,Everyday life,Waiting for the Repairman,within-guardrails,,pass,no-further-change,,Level別の語彙・構文ガードレール内。
s053,7,Everyday life,Silence After the Renovation,within-guardrails,,pass,no-further-change,,Level別の語彙・構文ガードレール内。
s054,7,Everyday life,The Habit of Sunday Phone Calls,within-guardrails,,pass,no-further-change,,Level別の語彙・構文ガードレール内。
s055,8,Everyday life,Inheritance of an Empty House,within-guardrails,,pass,no-further-change,,Level別の語彙・構文ガードレール内。
s056,8,Everyday life,Ritual of the Late Train,within-guardrails,,pass,no-further-change,,Level別の語彙・構文ガードレール内。
s057,5,History,The Boy Who Rang the Wrong Bell,within-guardrails,,pass,no-further-change,,事実確認後に語彙・文長を再計測。難語は題材理解に必要な語か、明示的な創作表示に限って確認済み。
s058,8,History,Map Made of Sticks,within-guardrails,,pass,no-further-change,,事実確認後に語彙・文長を再計測。難語は題材理解に必要な語か、明示的な創作表示に限って確認済み。
s059,8,History,Winter the River Became a Road,within-guardrails,,pass,no-further-change,,事実確認後に語彙・文長を再計測。難語は題材理解に必要な語か、明示的な創作表示に限って確認済み。
s060,8,History,The Queen Who Never Left Her Room,within-guardrails,,pass,no-further-change,,事実確認後に語彙・文長を再計測。難語は題材理解に必要な語か、明示的な創作表示に限って確認済み。
s061,7,History,Clerk Who Saved a City's Records,within-guardrails,,pass,no-further-change,,事実確認後に語彙・文長を再計測。難語は題材理解に必要な語か、明示的な創作表示に限って確認済み。
s062,8,History,Expedition That Got the Math Wrong,within-guardrails,,pass,no-further-change,,事実確認後に語彙・文長を再計測。難語は題材理解に必要な語か、明示的な創作表示に限って確認済み。
s063,8,History,The Diplomat Who Negotiated in Silence,vocabulary-review,long-words,approved-after-review,retain-common-or-topic-words,,事実確認後に語彙・文長を再計測。難語は題材理解に必要な語か、明示的な創作表示に限って確認済み。
s064,8,History,Census That Counted the Wrong Century,vocabulary-review,long-words,approved-after-review,retain-common-or-topic-words,,事実確認後に語彙・文長を再計測。難語は題材理解に必要な語か、明示的な創作表示に限って確認済み。
s065,8,Science,Why Onions Make You Cry,within-guardrails,,pass,no-further-change,,Level別の語彙・構文ガードレール内。
s066,8,Science,How Spiders Build Without a Plan,within-guardrails,,pass,no-further-change,,Level別の語彙・構文ガードレール内。
s067,6,Science,Ice That Doesn't Melt Evenly,vocabulary-review,low-frequency,approved-after-review,retain-topic-vocabulary,melting; cube; warmer; cubes; currents; melt; melts; meltwater; uneven; absorbs,単一の頻度指標のみ超過。固有の動植物名・科学語・文化語など、題材の核となる語を反復または説明のある文脈で維持。
s068,6,Science,Why Some Metals Remember Their Shape,within-guardrails,,pass,no-further-change,,Level別の語彙・構文ガードレール内。
s069,7,Science,The Bacteria That Eat Plastic,vocabulary-review,long-words,approved-after-review,retain-common-or-topic-words,bacteria; recycling; conventional; naturally; bacterial; biological; discovery; environmental; industrial; researchers,単一の長語率指標のみ超過。低頻度語率と極低頻度語率は基準内で、日常語または題材の理解に必要な語を文脈付きで維持。
s070,8,Science,Do Plants Feel Pain?,within-guardrails,,pass,no-further-change,,事実確認後に語彙・文長を再計測。難語は題材理解に必要な語か、明示的な創作表示に限って確認済み。
s071,8,Science,Particle That Barely Exists,vocabulary-review,long-words,approved-after-review,retain-common-or-topic-words,neutrinos; detection; physicists; theoretical; directly; equipment; extraordinarily; including; interaction; otherwise,単一の長語率指標のみ超過。低頻度語率と極低頻度語率は基準内で、日常語または題材の理解に必要な語を文脈付きで維持。
s072,8,Science,The Clock That Runs Faster on a Mountain,vocabulary-review,low-frequency,approved-after-review,retain-common-or-topic-words,,事実確認後に語彙・文長を再計測。難語は題材理解に必要な語か、明示的な創作表示に限って確認済み。
s073,5,Famous books,Scrooge Sees His Past,within-guardrails,,pass,no-further-change,,Level別の語彙・構文ガードレール内。
s074,5,Famous books,Scrooge Meets the Second Spirit,within-guardrails,,pass,no-further-change,,Level別の語彙・構文ガードレール内。
s075,6,Famous books,Elizabeth Meets Mr Darcy,within-guardrails,,pass,no-further-change,,Level別の語彙・構文ガードレール内。
s076,6,Famous books,Darcy's First Proposal,within-guardrails,,pass,no-further-change,,Level別の語彙・構文ガードレール内。
s077,7,Famous books,Pip Meets the Convict,within-guardrails,,pass,no-further-change,,Level別の語彙・構文ガードレール内。
s078,7,Famous books,Pip Visits Miss Havisham,within-guardrails,,pass,no-further-change,,Level別の語彙・構文ガードレール内。
s079,8,Famous books,A Tale of Two Cities Begins,within-guardrails,,pass,no-further-change,,Level別の語彙・構文ガードレール内。
s080,8,Famous books,Doctor Manette Returns to Life,within-guardrails,,pass,no-further-change,,Level別の語彙・構文ガードレール内。
s081,5,Fantasy/stories,The Lantern That Only Lights for Honest People,within-guardrails,,pass,no-further-change,,Level別の語彙・構文ガードレール内。
s082,6,Fantasy/stories,Weaver Who Sold Dreams by the Yard,within-guardrails,,pass,no-further-change,,Level別の語彙・構文ガードレール内。
s083,7,Fantasy/stories,Apprentice Who Inherited a Debt of Silence,within-guardrails,,pass,no-further-change,,Level別の語彙・構文ガードレール内。
s084,8,Fantasy/stories,The Bridge That Charges a Different Toll to Everyone,within-guardrails,,pass,no-further-change,,Level別の語彙・構文ガードレール内。
s085,5,Nature and animals,What Octopus Color Changes Can Signal,vocabulary-review,very-low-frequency|long-words,approved-after-review,retain-common-or-topic-words,,事実確認後に語彙・文長を再計測。難語は題材理解に必要な語か、明示的な創作表示に限って確認済み。
s086,6,Nature and animals,Ants That Build Living Bridges,within-guardrails,,pass,no-further-change,,Level別の語彙・構文ガードレール内。
s087,8,Nature and animals,The Bat That Navigates by Borrowed Echoes,vocabulary-review,very-low-frequency,approved-after-review,retain-topic-vocabulary,echolocation; eavesdropping; bat's; navigational; disadvantageous; eavesdrop; provocatively; source's,単一の頻度指標のみ超過。固有の動植物名・科学語・文化語など、題材の核となる語を反復または説明のある文脈で維持。
s088,8,Nature and animals,How Corals Record Past Ocean Conditions,within-guardrails,,pass,no-further-change,,事実確認後に語彙・文長を再計測。難語は題材理解に必要な語か、明示的な創作表示に限って確認済み。
s089,6,World affairs,Village That Grows Its Own Electricity,within-guardrails,,pass,no-further-change,,事実確認後に語彙・文長を再計測。難語は題材理解に必要な語か、明示的な創作表示に限って確認済み。
s090,6,World affairs,The City That Banned Cars for a Day,vocabulary-review,long-words,approved-after-review,retain-common-or-topic-words,,事実確認後に語彙・文長を再計測。難語は題材理解に必要な語か、明示的な創作表示に限って確認済み。
s091,7,World affairs,Nation That Measures Progress by Happiness,vocabulary-review,long-words,approved-after-review,retain-common-or-topic-words,national; economic; indicators; wellbeing; development; framework; happiness; measured; measurement; alongside,単一の長語率指標のみ超過。低頻度語率と極低頻度語率は基準内で、日常語または題材の理解に必要な語を文脈付きで維持。
s092,8,World affairs,Two Cities Sharing One Airport,within-guardrails,,pass,no-further-change,,事実確認後に語彙・文長を再計測。難語は題材理解に必要な語か、明示的な創作表示に限って確認済み。
s093,5,Everyday life,The Recipe Card With No Measurements,within-guardrails,,pass,no-further-change,,Level別の語彙・構文ガードレール内。
s094,6,Everyday life,Commute That Became a Friendship,within-guardrails,,pass,no-further-change,,Level別の語彙・構文ガードレール内。
s095,7,Everyday life,Year Without a Microwave,within-guardrails,,pass,no-further-change,,Level別の語彙・構文ガードレール内。
s096,8,Everyday life,The Father's Silence and the Son's Questions,within-guardrails,,pass,no-further-change,,Level別の語彙・構文ガードレール内。
s097,5,History,Drummer Who Warned a Village,within-guardrails,,pass,no-further-change,,事実確認後に語彙・文長を再計測。難語は題材理解に必要な語か、明示的な創作表示に限って確認済み。
s098,7,History,Coin With Two Different Faces,vocabulary-review,long-words,approved-after-review,retain-common-or-topic-words,,事実確認後に語彙・文長を再計測。難語は題材理解に必要な語か、明示的な創作表示に限って確認済み。
s099,7,History,The Interpreter Who Refused to Translate,vocabulary-review,long-words,approved-after-review,retain-common-or-topic-words,,事実確認後に語彙・文長を再計測。難語は題材理解に必要な語か、明示的な創作表示に限って確認済み。
s100,8,History,Governor Who Ruled by Letter Only,vocabulary-review,long-words,approved-after-review,retain-common-or-topic-words,,事実確認後に語彙・文長を再計測。難語は題材理解に必要な語か、明示的な創作表示に限って確認済み。
s101,5,Science,Why Cats Always Land on Their Feet,within-guardrails,,pass,no-further-change,,Level別の語彙・構文ガードレール内。
s102,6,Science,The Salt That Preserves Without Cold,within-guardrails,,pass,no-further-change,,Level別の語彙・構文ガードレール内。
s103,7,Science,Fungus That Glows in the Dark,within-guardrails,,pass,no-further-change,,Level別の語彙・構文ガードレール内。
s104,8,Science,Star That Refuses to Die Quietly,within-guardrails,,pass,no-further-change,,Level別の語彙・構文ガードレール内。
s105,5,Famous books,Scrooge Wakes on Christmas Morning,within-guardrails,,pass,no-further-change,,Level別の語彙・構文ガードレール内。
s106,6,Famous books,The Crisis Caused by Lydia,within-guardrails,,pass,no-further-change,,Level別の語彙・構文ガードレール内。
s107,7,Famous books,Pip Learns Who Helped Him,within-guardrails,,pass,no-further-change,,Level別の語彙・構文ガードレール内。
s108,8,Famous books,Carton and Darnay Look Alike,within-guardrails,,pass,no-further-change,,Level別の語彙・構文ガードレール内。
s109,9,Fantasy/stories,Cartomancer's Final Reading,within-guardrails,,pass,no-further-change,,Level別の語彙・構文ガードレール内。
s110,9,Fantasy/stories,Puppeteer Who Lost the Strings,within-guardrails,,pass,no-further-change,,Level別の語彙・構文ガードレール内。
s111,10,Fantasy/stories,The Alchemist's Unfinished Equation,within-guardrails,,pass,no-further-change,,Level別の語彙・構文ガードレール内。
s112,10,Fantasy/stories,Keeper of Names No One Speaks,within-guardrails,,pass,no-further-change,,Level別の語彙・構文ガードレール内。
s113,9,Nature and animals,How Instinct and Experience Guide Bird Migration,within-guardrails,,pass,no-further-change,,事実確認後に語彙・文長を再計測。難語は題材理解に必要な語か、明示的な創作表示に限って確認済み。
s114,9,Nature and animals,How Cleaner Fish Trade a Service,within-guardrails,,pass,no-further-change,,事実確認後に語彙・文長を再計測。難語は題材理解に必要な語か、明示的な創作表示に限って確認済み。
s115,10,Nature and animals,Ecosystem Hidden Beneath the Ice,within-guardrails,,pass,no-further-change,,Level別の語彙・構文ガードレール内。
s116,10,Nature and animals,What Scientists Mean by Self-Domestication,within-guardrails,,pass,no-further-change,,事実確認後に語彙・文長を再計測。難語は題材理解に必要な語か、明示的な創作表示に限って確認済み。
s117,9,World affairs,The Currency Backed by Trust Alone,within-guardrails,,pass,no-further-change,,事実確認後に語彙・文長を再計測。難語は題材理解に必要な語か、明示的な創作表示に限って確認済み。
s118,9,World affairs,Parliament That Meets Underwater,within-guardrails,,pass,no-further-change,,Level別の語彙・構文ガードレール内。
s119,10,World affairs,Diplomatic Immunity That Outlived Its Purpose,within-guardrails,,pass,no-further-change,,Level別の語彙・構文ガードレール内。
s120,10,World affairs,The Federation That Never Formally Existed,within-guardrails,,pass,no-further-change,,事実確認後に語彙・文長を再計測。難語は題材理解に必要な語か、明示的な創作表示に限って確認済み。
s121,9,Everyday life,Grief That Arrived Years Late,within-guardrails,,pass,no-further-change,,Level別の語彙・構文ガードレール内。
s122,9,Everyday life,Language Two Siblings Invented,within-guardrails,,pass,no-further-change,,Level別の語彙・構文ガードレール内。
s123,10,Everyday life,The Inheritance of an Unfinished Argument,within-guardrails,,pass,no-further-change,,Level別の語彙・構文ガードレール内。
s124,10,Everyday life,Correspondence That Outlasted the Marriage,within-guardrails,,pass,no-further-change,,Level別の語彙・構文ガードレール内。
s125,9,History,Cartographer Who Erased a Kingdom,within-guardrails,,pass,no-further-change,,事実確認後に語彙・文長を再計測。難語は題材理解に必要な語か、明示的な創作表示に限って確認済み。
s126,9,History,The Famine That Rewrote a Legal Code,within-guardrails,,pass,no-further-change,,事実確認後に語彙・文長を再計測。難語は題材理解に必要な語か、明示的な創作表示に限って確認済み。
s127,10,History,Empire That Governed by Rumor,within-guardrails,,pass,no-further-change,,事実確認後に語彙・文長を再計測。難語は題材理解に必要な語か、明示的な創作表示に限って確認済み。
s128,10,History,Scribe Who Forged His Own Death,within-guardrails,,pass,no-further-change,,事実確認後に語彙・文長を再計測。難語は題材理解に必要な語か、明示的な創作表示に限って確認済み。
s129,9,Science,How a Small Biological Change Can Affect a Food Web,within-guardrails,,pass,no-further-change,,事実確認後に語彙・文長を再計測。難語は題材理解に必要な語か、明示的な創作表示に限って確認済み。
s130,9,Science,Memory That Exists Outside the Brain,within-guardrails,,pass,no-further-change,,Level別の語彙・構文ガードレール内。
s131,10,Science,Symmetry That Physics Cannot Explain,within-guardrails,,pass,no-further-change,,Level別の語彙・構文ガードレール内。
s132,10,Science,The Jellyfish That Can Reverse Its Life Cycle,within-guardrails,,pass,no-further-change,,事実確認後に語彙・文長を再計測。難語は題材理解に必要な語か、明示的な創作表示に限って確認済み。
s133,9,Famous books,Elizabeth Reconsiders Mr Darcy,within-guardrails,,pass,no-further-change,,Level別の語彙・構文ガードレール内。
s134,9,Famous books,The Creature Argues for Justice,within-guardrails,,pass,no-further-change,,Level別の語彙・構文ガードレール内。
s135,10,Famous books,Gulliver's Travels as Political Satire,within-guardrails,,pass,no-further-change,,Level別の語彙・構文ガードレール内。
s136,10,Famous books,Frankenstein and the Creator's Responsibility,within-guardrails,,pass,no-further-change,,Level別の語彙・構文ガードレール内。
s137,5,Fantasy/stories,Chair That Remembers Who Sat In It,within-guardrails,,pass,no-further-change,,Level別の語彙・構文ガードレール内。
s138,6,Fantasy/stories,The Miller Who Ground Silence Into Flour,within-guardrails,,pass,no-further-change,,Level別の語彙・構文ガードレール内。
s139,7,Fantasy/stories,Locksmith Who Sold Second Chances,within-guardrails,,pass,no-further-change,,Level別の語彙・構文ガードレール内。
s140,8,Fantasy/stories,Shepherd Who Herded Forgotten Wishes,within-guardrails,,pass,no-further-change,,Level別の語彙・構文ガードレール内。
s141,9,Fantasy/stories,The Glassblower Who Trapped a Single Regret,within-guardrails,,pass,no-further-change,,Level別の語彙・構文ガードレール内。
s142,10,Fantasy/stories,Astronomer Who Charted a Sky That Wasn't There,within-guardrails,,pass,no-further-change,,Level別の語彙・構文ガードレール内。
s143,5,Nature and animals,Squirrel That Plants a Forest by Accident,vocabulary-review,very-low-frequency,approved-after-review,retain-topic-vocabulary,acorns,単一の頻度指標のみ超過。固有の動植物名・科学語・文化語など、題材の核となる語を反復または説明のある文脈で維持。
s144,6,Nature and animals,The Frog That Freezes Solid and Survives,vocabulary-review,very-low-frequency,approved-after-review,retain-topic-vocabulary,frog's; antifreeze; thaws,単一の頻度指標のみ超過。固有の動植物名・科学語・文化語など、題材の核となる語を反復または説明のある文脈で維持。
s145,7,Nature and animals,Spider That Fishes on the Water,within-guardrails,,pass,no-further-change,,Level別の語彙・構文ガードレール内。
s146,8,Nature and animals,"Black Walnut, Juglone, and Plant Competition",within-guardrails,,pass,no-further-change,,事実確認後に語彙・文長を再計測。難語は題材理解に必要な語か、明示的な創作表示に限って確認済み。
s147,9,Nature and animals,The Fish That Changes Sex to Save the Group,within-guardrails,,pass,no-further-change,,Level別の語彙・構文ガードレール内。
s148,10,Nature and animals,Genome That Contains an Ancient Virus's Instructions,within-guardrails,,pass,no-further-change,,Level別の語彙・構文ガードレール内。
s149,5,World affairs,Town That Pays Its Bus Fares in Books,within-guardrails,,pass,no-further-change,,事実確認後に語彙・文長を再計測。難語は題材理解に必要な語か、明示的な創作表示に限って確認済み。
s150,8,World affairs,The Country That Sends Its Trash to Make Electricity,within-guardrails,,pass,no-further-change,,事実確認後に語彙・文長を再計測。難語は題材理解に必要な語か、明示的な創作表示に限って確認済み。
s151,7,World affairs,City That Elected a Committee of Children,vocabulary-review,long-words,approved-after-review,retain-common-or-topic-words,,事実確認後に語彙・文長を再計測。難語は題材理解に必要な語か、明示的な創作表示に限って確認済み。
s152,8,World affairs,Nation That Rents Its Army to the United Nations,vocabulary-review,long-words,approved-after-review,retain-common-or-topic-words,,事実確認後に語彙・文長を再計測。難語は題材理解に必要な語か、明示的な創作表示に限って確認済み。
s153,9,World affairs,The Region That Prints Its Own Local Currency Alongside the National One,within-guardrails,,pass,no-further-change,,事実確認後に語彙・文長を再計測。難語は題材理解に必要な語か、明示的な創作表示に限って確認済み。
s154,10,World affairs,Court That Has No Country to Enforce Its Rulings,within-guardrails,,pass,no-further-change,,Level別の語彙・構文ガードレール内。
s155,5,Everyday life,Jar of Coins Saved for Nothing in Particular,within-guardrails,,pass,no-further-change,,Level別の語彙・構文ガードレール内。
s156,6,Everyday life,The Neighbor Who Waters Plants While You're Away,within-guardrails,,pass,no-further-change,,Level別の語彙・構文ガードレール内。
s157,7,Everyday life,Apartment That Echoes Differently at Night,within-guardrails,,pass,no-further-change,,Level別の語彙・構文ガードレール内。
s158,8,Everyday life,Promise Kept Long After It Was Forgotten,within-guardrails,,pass,no-further-change,,Level別の語彙・構文ガードレール内。
s159,9,Everyday life,The Silence That Followed a Retirement,within-guardrails,,pass,no-further-change,,Level別の語彙・構文ガードレール内。
s160,10,Everyday life,House That Two Siblings Could Not Agree to Sell,within-guardrails,,pass,no-further-change,,Level別の語彙・構文ガードレール内。
s161,6,History,Well That Never Ran Dry,within-guardrails,,pass,no-further-change,,事実確認後に語彙・文長を再計測。難語は題材理解に必要な語か、明示的な創作表示に限って確認済み。
s162,8,History,The Merchant Who Paid His Taxes in Salt,within-guardrails,,pass,no-further-change,,事実確認後に語彙・文長を再計測。難語は題材理解に必要な語か、明示的な創作表示に限って確認済み。
s163,7,History,Bridge Built to Be Destroyed,vocabulary-review,long-words,approved-after-review,retain-common-or-topic-words,,事実確認後に語彙・文長を再計測。難語は題材理解に必要な語か、明示的な創作表示に限って確認済み。
s164,8,History,Treaty Signed by Two Men Who Never Met,vocabulary-review,long-words,approved-after-review,retain-common-or-topic-words,,事実確認後に語彙・文長を再計測。難語は題材理解に必要な語か、明示的な創作表示に限って確認済み。
s165,9,History,The Regent Who Ruled for a Single Afternoon,within-guardrails,,pass,no-further-change,,事実確認後に語彙・文長を再計測。難語は題材理解に必要な語か、明示的な創作表示に限って確認済み。
s166,10,History,Archive That Survived by Being Ignored,within-guardrails,,pass,no-further-change,,事実確認後に語彙・文長を再計測。難語は題材理解に必要な語か、明示的な創作表示に限って確認済み。
s167,5,Science,Why Bananas Turn Brown So Quickly,vocabulary-review,very-low-frequency,approved-after-review,retain-topic-vocabulary,ripening; ethylene; banana's; ripen; fruit's; overripe; peel's; refrigerating; ripened; unripe,単一の頻度指標のみ超過。固有の動植物名・科学語・文化語など、題材の核となる語を反復または説明のある文脈で維持。
s168,6,Science,How Bread Mold Grows Even in the Fridge,within-guardrails,,pass,no-further-change,,Level別の語彙・構文ガードレール内。
s169,7,Science,Reason Metal Feels Colder Than Wood,within-guardrails,,pass,no-further-change,,Level別の語彙・構文ガードレール内。
s170,8,Science,Gas That Makes Deep Divers Talk Strangely,vocabulary-review,low-frequency,approved-after-review,retain-topic-vocabulary,divers; nitrogen; helium; depths; mixtures; narcosis; clearer; narcotic; helium's; intoxication,単一の頻度指標のみ超過。固有の動植物名・科学語・文化語など、題材の核となる語を反復または説明のある文脈で維持。
s171,9,Science,How Proteins Find a Working Shape,within-guardrails,,pass,no-further-change,,事実確認後に語彙・文長を再計測。難語は題材理解に必要な語か、明示的な創作表示に限って確認済み。
s172,10,Science,Vacuum That Isn't Actually Empty,within-guardrails,,pass,no-further-change,,Level別の語彙・構文ガードレール内。
s173,5,Famous books,The Mutiny Begins,within-guardrails,,pass,no-further-change,,Level別の語彙・構文ガードレール内。
s174,6,Famous books,Victor Brings the Creature to Life,within-guardrails,,pass,no-further-change,,Level別の語彙・構文ガードレール内。
s175,7,Famous books,The Bishop and the Candlesticks,within-guardrails,,pass,no-further-change,,Level別の語彙・構文ガードレール内。
s176,8,Famous books,Sydney Carton's Final Choice,within-guardrails,,pass,no-further-change,,Level別の語彙・構文ガードレール内。
s177,9,Famous books,Valjean Faces an Impossible Choice,within-guardrails,,pass,no-further-change,,Level別の語彙・構文ガードレール内。
s178,10,Famous books,"Moby-Dick: Fate, Freedom, and Obsession",within-guardrails,,pass,no-further-change,,Level別の語彙・構文ガードレール内。
s179,5,Fantasy/stories,Baker's Daughter Who Could Taste Lies,within-guardrails,,pass,no-further-change,,Level別の語彙・構文ガードレール内。
s180,5,Fantasy/stories,The Scarecrow That Learned to Whistle,vocabulary-review,low-frequency,approved-after-review,retain-topic-vocabulary,scarecrow; whistling; farmhands; tunes; afternoons; cheerful; faint; scarecrow's; straw; chatting,単一の頻度指標のみ超過。固有の動植物名・科学語・文化語など、題材の核となる語を反復または説明のある文脈で維持。
s181,6,Fantasy/stories,Cobbler Who Mended Broken Promises,within-guardrails,,pass,no-further-change,,Level別の語彙・構文ガードレール内。
s182,6,Fantasy/stories,Ferryman Who Only Crossed at Midnight,within-guardrails,,pass,no-further-change,,Level別の語彙・構文ガードレール内。
s183,7,Fantasy/stories,The Beekeeper Who Traded Honey for Memories,within-guardrails,,pass,no-further-change,,Level別の語彙・構文ガードレール内。
s184,7,Fantasy/stories,Mapmaker's Daughter Who Drew What Wasn't There Yet,within-guardrails,,pass,no-further-change,,Level別の語彙・構文ガードレール内。
s185,8,Fantasy/stories,Potter Who Shaped Silence Into Bowls,within-guardrails,,pass,no-further-change,,Level別の語彙・構文ガードレール内。
s186,8,Fantasy/stories,The Watchmaker Who Sold Borrowed Mornings,within-guardrails,,pass,no-further-change,,Level別の語彙・構文ガードレール内。
s187,5,Nature and animals,How Woodpeckers Withstand Repeated Pecking,vocabulary-review,very-low-frequency,approved-after-review,retain-common-or-topic-words,,事実確認後に語彙・文長を再計測。難語は題材理解に必要な語か、明示的な創作表示に限って確認済み。
s188,5,Nature and animals,Owl That Hunts by Sound Alone,vocabulary-review,low-frequency,approved-after-review,retain-topic-vocabulary,owl; barn; eyesight; owls; positioned; prey; nighttime; owl's; asymmetrically; calculate,単一の頻度指標のみ超過。固有の動植物名・科学語・文化語など、題材の核となる語を反復または説明のある文脈で維持。
s189,6,Nature and animals,The Turtle That Breathes Through Its Skin,within-guardrails,,pass,no-further-change,,Level別の語彙・構文ガードレール内。
s190,6,Nature and animals,Plant That Traps Insects for Dinner,within-guardrails,,pass,no-further-change,,Level別の語彙・構文ガードレール内。
s191,7,Nature and animals,The Bird That Builds a Bower to Attract Mates,vocabulary-review,low-frequency|very-low-frequency,approved-after-review,retain-common-or-topic-words,,事実確認後に語彙・文長を再計測。難語は題材理解に必要な語か、明示的な創作表示に限って確認済み。
s192,7,Nature and animals,The Shrimp That Sees Colors Humans Cannot,within-guardrails,,pass,no-further-change,,Level別の語彙・構文ガードレール内。
s193,8,Nature and animals,Tardigrade That Survives the Vacuum of Space,vocabulary-review,long-words,approved-after-review,retain-common-or-topic-words,biological; exposure; tardigrades; including; protective; remarkable; conditions; mechanisms; radiation; researchers,単一の長語率指標のみ超過。低頻度語率と極低頻度語率は基準内で、日常語または題材の理解に必要な語を文脈付きで維持。
s194,8,Nature and animals,A Giant Fungus Beneath the Forest,within-guardrails,,pass,no-further-change,,事実確認後に語彙・文長を再計測。難語は題材理解に必要な語か、明示的な創作表示に限って確認済み。
s195,5,World affairs,The Town Where Everyone Owns a Piece of the Bakery,vocabulary-review,long-words,approved-after-review,retain-common-or-topic-words,,事実確認後に語彙・文長を再計測。難語は題材理解に必要な語か、明示的な創作表示に限って確認済み。
s196,6,World affairs,School Bus That Doubles as a Mobile Library,within-guardrails,,pass,no-further-change,,事実確認後に語彙・文長を再計測。難語は題材理解に必要な語か、明示的な創作表示に限って確認済み。
s197,6,World affairs,City That Turned Its Empty Lots Into Gardens,vocabulary-review,long-words,approved-after-review,retain-common-or-topic-words,,事実確認後に語彙・文長を再計測。難語は題材理解に必要な語か、明示的な創作表示に限って確認済み。
s198,7,World affairs,The Country That Requires Every Law to Expire,within-guardrails,,pass,no-further-change,,事実確認後に語彙・文長を再計測。難語は題材理解に必要な語か、明示的な創作表示に限って確認済み。
s199,7,World affairs,Village That Votes by Placing Stones in Jars,vocabulary-review,long-words,approved-after-review,retain-common-or-topic-words,,事実確認後に語彙・文長を再計測。難語は題材理解に必要な語か、明示的な創作表示に限って確認済み。
s200,8,World affairs,Nation That Shares Its Border Guards With a Neighbor,within-guardrails,,pass,no-further-change,,事実確認後に語彙・文長を再計測。難語は題材理解に必要な語か、明示的な創作表示に限って確認済み。
s201,8,World affairs,The City-State That Outsources Its Own Foreign Policy,vocabulary-review,long-words,approved-after-review,retain-common-or-topic-words,,事実確認後に語彙・文長を再計測。難語は題材理解に必要な語か、明示的な創作表示に限って確認済み。
s202,8,World affairs,Country Whose Constitution Fits on a Single Page,vocabulary-review,long-words,approved-after-review,retain-common-or-topic-words,,事実確認後に語彙・文長を再計測。難語は題材理解に必要な語か、明示的な創作表示に限って確認済み。
s203,5,Everyday life,Sweater That Outlived Three Winters,vocabulary-review,low-frequency,approved-after-review,retain-topic-vocabulary,sweater; garment; patched; warmth; wool; attachment; correction; discarding; evenings; flaw,単一の頻度指標のみ超過。固有の動植物名・科学語・文化語など、題材の核となる語を反復または説明のある文脈で維持。
s204,5,Everyday life,The Morning Walk That Became a Habit,within-guardrails,,pass,no-further-change,,Level別の語彙・構文ガードレール内。
s205,6,Everyday life,Potluck Dinner That Started By Accident,within-guardrails,,pass,no-further-change,,Level別の語彙・構文ガードレール内。
s206,6,Everyday life,Spare Key Under the Wrong Mat,within-guardrails,,pass,no-further-change,,Level別の語彙・構文ガードレール内。
s207,7,Everyday life,The Garden Plot Shared by Strangers,within-guardrails,,pass,no-further-change,,Level別の語彙・構文ガードレール内。
s208,7,Everyday life,Voicemail Never Deleted,vocabulary-review,very-low-frequency,approved-after-review,retain-topic-vocabulary,unremarkable; unpredictably; voicemails; forgetfulness; malfunctions; replaying; voicemail's,単一の頻度指標のみ超過。固有の動植物名・科学語・文化語など、題材の核となる語を反復または説明のある文脈で維持。
s209,8,Everyday life,Chair at the Table No One Sits In,within-guardrails,,pass,no-further-change,,Level別の語彙・構文ガードレール内。
s210,8,Everyday life,The Photographs Nobody Could Agree to Divide,within-guardrails,,pass,no-further-change,,Level別の語彙・構文ガードレール内。
s211,5,History,Baker Who Fed a Whole Army by Accident,vocabulary-review,long-words,approved-after-review,retain-common-or-topic-words,,事実確認後に語彙・文長を再計測。難語は題材理解に必要な語か、明示的な創作表示に限って確認済み。
s212,5,History,Lighthouse Keeper Who Refused to Leave,within-guardrails,,pass,no-further-change,,事実確認後に語彙・文長を再計測。難語は題材理解に必要な語か、明示的な創作表示に限って確認済み。
s213,6,History,The Village That Traded Places With Its Neighbor,vocabulary-review,long-words,approved-after-review,retain-common-or-topic-words,,事実確認後に語彙・文長を再計測。難語は題材理解に必要な語か、明示的な創作表示に限って確認済み。
s214,6,History,Soldier Who Delivered Peace Instead of War,vocabulary-review,long-words,approved-after-review,retain-common-or-topic-words,,事実確認後に語彙・文長を再計測。難語は題材理解に必要な語か、明示的な創作表示に限って確認済み。
s215,7,History,Judge Who Ruled Against His Own King,within-guardrails,,pass,no-further-change,,事実確認後に語彙・文長を再計測。難語は題材理解に必要な語か、明示的な創作表示に限って確認済み。
s216,7,History,The Harbor Built by Mistake,vocabulary-review,long-words,approved-after-review,retain-common-or-topic-words,,事実確認後に語彙・文長を再計測。難語は題材理解に必要な語か、明示的な創作表示に限って確認済み。
s217,8,History,Minister Who Governed From Exile,within-guardrails,,pass,no-further-change,,事実確認後に語彙・文長を再計測。難語は題材理解に必要な語か、明示的な創作表示に限って確認済み。
s218,8,History,Law That Was Never Actually Repealed,vocabulary-review,,approved-after-review,retain-common-or-topic-words,,事実確認後に語彙・文長を再計測。難語は題材理解に必要な語か、明示的な創作表示に限って確認済み。
s219,5,Science,Why Popcorn Pops,within-guardrails,,pass,no-further-change,,Level別の語彙・構文ガードレール内。
s220,5,Science,How Soap Actually Cleans Your Hands,within-guardrails,,pass,no-further-change,,Level別の語彙・構文ガードレール内。
s221,6,Science,Why the Sky Turns Red at Sunset,within-guardrails,,pass,no-further-change,,Level別の語彙・構文ガードレール内。
s222,6,Science,How Bicycles Balance Themselves While Moving,vocabulary-review,low-frequency,approved-after-review,retain-topic-vocabulary,bicycle; bicycle's; gyroscopic; steering; upright; geometric; spinning; bicycles; correction; leaning,単一の頻度指標のみ超過。固有の動植物名・科学語・文化語など、題材の核となる語を反復または説明のある文脈で維持。
s223,7,Science,Reason Glass Is Technically a Liquid Myth,within-guardrails,,pass,no-further-change,,Level別の語彙・構文ガードレール内。
s224,7,Science,Why Some Painkillers Take Longer to Work Than Others,within-guardrails,,pass,no-further-change,,Level別の語彙・構文ガードレール内。
s225,8,Science,The Chemistry Behind Why Chili Peppers Burn,within-guardrails,,pass,no-further-change,,Level別の語彙・構文ガードレール内。
s226,8,Science,Physics of Why Rainbows Are Always Curved,within-guardrails,,pass,no-further-change,,Level別の語彙・構文ガードレール内。
s227,5,Famous books,Jim Meets Ben Gunn,within-guardrails,,pass,no-further-change,,Level別の語彙・構文ガードレール内。
s228,5,Famous books,Phileas Fogg Makes a Strange Bet,within-guardrails,,pass,no-further-change,,Level別の語彙・構文ガードレール内。
s229,6,Famous books,The Creature Watches a Family,within-guardrails,,pass,no-further-change,,Level別の語彙・構文ガードレール内。
s230,6,Famous books,The Creature Demands an Answer,within-guardrails,,pass,no-further-change,,Level別の語彙・構文ガードレール内。
s231,7,Famous books,Fantine and Jean Valjean,within-guardrails,,pass,no-further-change,,Level別の語彙・構文ガードレール内。
s232,7,Famous books,The Barricade in Paris,within-guardrails,,pass,no-further-change,,Level別の語彙・構文ガードレール内。
s233,8,Famous books,Gulliver in Lilliput,within-guardrails,,pass,no-further-change,,Level別の語彙・構文ガードレール内。
s234,8,Famous books,Gulliver Among the Giants,within-guardrails,,pass,no-further-change,,Level別の語彙・構文ガードレール内。
s235,5,Science,Why Your Stomach Growls When You're Hungry,vocabulary-review,very-low-frequency,approved-after-review,retain-topic-vocabulary,growling; borborygmi; muffle; peristalsis; rumbling,単一の頻度指標のみ超過。固有の動植物名・科学語・文化語など、題材の核となる語を反復または説明のある文脈で維持。
s236,5,History,Town Clock That Ran Backward for a Week,vocabulary-review,very-low-frequency,approved-after-review,retain-common-or-topic-words,,事実確認後に語彙・文長を再計測。難語は題材理解に必要な語か、明示的な創作表示に限って確認済み。
s237,6,Fantasy/stories,The Innkeeper Who Never Forgot a Face,within-guardrails,,pass,no-further-change,,Level別の語彙・構文ガードレール内。
s238,6,Everyday life,Borrowed Ladder That Started a Friendship,within-guardrails,,pass,no-further-change,,Level別の語彙・構文ガードレール内。
s239,7,Nature and animals,Ant That Farms Its Own Food,within-guardrails,,pass,no-further-change,,Level別の語彙・構文ガードレール内。
s240,7,World affairs,The Town That Shares One Ambulance With Three Villages,vocabulary-review,long-words,approved-after-review,retain-common-or-topic-words,,事実確認後に語彙・文長を再計測。難語は題材理解に必要な語か、明示的な創作表示に限って確認済み。
s241,8,Famous books,Gulliver and the Houyhnhnms,within-guardrails,,pass,no-further-change,,Level別の語彙・構文ガードレール内。
s242,8,Science,Reason Your Voice Sounds Different on Recordings,within-guardrails,,pass,no-further-change,,Level別の語彙・構文ガードレール内。
s243,9,Fantasy/stories,The Cartographer Who Mapped Only What He'd Lost,within-guardrails,,pass,no-further-change,,Level別の語彙・構文ガードレール内。
s244,9,History,Envoy Who Negotiated With an Empire That No Longer Existed,within-guardrails,,pass,no-further-change,,事実確認後に語彙・文長を再計測。難語は題材理解に必要な語か、明示的な創作表示に限って確認済み。
s245,10,Nature and animals,How Nearby Bacteria Coordinate Their Behavior,within-guardrails,,pass,no-further-change,,事実確認後に語彙・文長を再計測。難語は題材理解に必要な語か、明示的な創作表示に限って確認済み。
s246,10,Everyday life,The Diary Two Strangers Kept Without Knowing Each Other,within-guardrails,,pass,no-further-change,,Level別の語彙・構文ガードレール内。
s247,5,Fantasy/stories,Kite That Carried Wishes to the Wind,vocabulary-review,very-low-frequency,approved-after-review,retain-topic-vocabulary,kites; kite's; skyward; village's; wisher's,単一の頻度指標のみ超過。固有の動植物名・科学語・文化語など、題材の核となる語を反復または説明のある文脈で維持。
s248,5,Fantasy/stories,Blacksmith Who Forged Second Chances,within-guardrails,,pass,no-further-change,,Level別の語彙・構文ガードレール内。
s249,5,Fantasy/stories,The Girl Who Collected Fallen Stars,within-guardrails,,pass,no-further-change,,Level別の語彙・構文ガードレール内。
s250,6,Fantasy/stories,Librarian Who Lent Books to Ghosts,within-guardrails,,pass,no-further-change,,Level別の語彙・構文ガードレール内。
s251,6,Fantasy/stories,Tinker Who Repaired Broken Hearts,within-guardrails,,pass,no-further-change,,Level別の語彙・構文ガードレール内。
s252,6,Fantasy/stories,The Gardener Who Grew Silence Into Roses,within-guardrails,,pass,no-further-change,,Level別の語彙・構文ガードレール内。
s253,7,Fantasy/stories,Weaver Who Stitched Together Torn Fates,within-guardrails,,pass,no-further-change,,Level別の語彙・構文ガードレール内。
s254,7,Fantasy/stories,Innkeeper's Wife Who Dreamed Other People's Dreams,within-guardrails,,pass,no-further-change,,Level別の語彙・構文ガードレール内。
s255,7,Fantasy/stories,The Cooper Who Barreled Up Bad Luck,within-guardrails,,pass,no-further-change,,Level別の語彙・構文ガードレール内。
s256,8,Fantasy/stories,Silversmith Who Melted Down Old Grudges,within-guardrails,,pass,no-further-change,,Level別の語彙・構文ガードレール内。
s257,8,Fantasy/stories,Midwife Who Delivered More Than Babies,within-guardrails,,pass,no-further-change,,Level別の語彙・構文ガードレール内。
s258,8,Fantasy/stories,The Ropemaker Who Braided Fortune and Misfortune Together,within-guardrails,,pass,no-further-change,,Level別の語彙・構文ガードレール内。
s259,5,Nature and animals,How Giraffes Control Blood Pressure,within-guardrails,,pass,no-further-change,,事実確認後に語彙・文長を再計測。難語は題材理解に必要な語か、明示的な創作表示に限って確認済み。
s260,5,Nature and animals,Beetle That Rolls Its Dinner Uphill,vocabulary-review,low-frequency,approved-after-review,retain-topic-vocabulary,beetles; dung; beetle; bury; celestial; ecological; amusing; backward; burial; distances,単一の頻度指標のみ超過。固有の動植物名・科学語・文化語など、題材の核となる語を反復または説明のある文脈で維持。
s261,5,Nature and animals,How Chameleons Really Change Color,within-guardrails,,pass,no-further-change,,Level別の語彙・構文ガードレール内。
s262,6,Nature and animals,Fish That Lives Out of Water for Days,within-guardrails,,pass,no-further-change,,Level別の語彙・構文ガードレール内。
s263,6,Nature and animals,Bird That Steals Nests Instead of Building Them,vocabulary-review,low-frequency,approved-after-review,retain-topic-vocabulary,cuckoo; chicks; host's; deception; evolutionary; nests; offspring; absent; begging; brood,単一の頻度指標のみ超過。固有の動植物名・科学語・文化語など、題材の核となる語を反復または説明のある文脈で維持。
s264,6,Nature and animals,The Ant That Explodes to Protect Its Colony,vocabulary-review,long-words,approved-after-review,retain-common-or-topic-words,defensive; survival; individual; dramatic; behavior; substance; colonies; documented; evolutionary; releasing,単一の長語率指標のみ超過。低頻度語率と極低頻度語率は基準内で、日常語または題材の理解に必要な語を文脈付きで維持。
s265,7,Nature and animals,Mammal That Lays Eggs Instead of Giving Birth,within-guardrails,,pass,no-further-change,,Level別の語彙・構文ガードレール内。
s266,7,Nature and animals,Fish That Uses Tools to Crack Shells,within-guardrails,,pass,no-further-change,,Level別の語彙・構文ガードレール内。
s267,7,Nature and animals,The Bird That Remembers Thousands of Hiding Spots,vocabulary-review,very-low-frequency,approved-after-review,retain-topic-vocabulary,cache's; caching; caches; nutcracker; accumulates; corvid; hippocampus; nutcrackers; triangulate,単一の頻度指標のみ超過。固有の動植物名・科学語・文化語など、題材の核となる語を反復または説明のある文脈で維持。
s268,8,Nature and animals,Deep-Sea Creature That Makes Its Own Light,within-guardrails,,pass,no-further-change,,Level別の語彙・構文ガードレール内。
s269,8,Nature and animals,Insect That Mimics a Leaf to Survive,vocabulary-review,low-frequency,approved-after-review,retain-topic-vocabulary,camouflage; coloration; predators; convincing; convincingly; evolutionary; insect; resembling; adaptations; behavioral,単一の頻度指標のみ超過。固有の動植物名・科学語・文化語など、題材の核となる語を反復または説明のある文脈で維持。
s270,8,Nature and animals,How Newborn Mice Can Repair Heart Tissue,within-guardrails,,pass,no-further-change,,事実確認後に語彙・文長を再計測。難語は題材理解に必要な語か、明示的な創作表示に限って確認済み。
s271,5,World affairs,Town That Built a Playground Out of Old Boats,vocabulary-review,long-words,approved-after-review,retain-common-or-topic-words,,事実確認後に語彙・文長を再計測。難語は題材理解に必要な語か、明示的な創作表示に限って確認済み。
s272,5,World affairs,Village That Shares a Single Tractor,vocabulary-review,long-words,approved-after-review,retain-common-or-topic-words,,事実確認後に語彙・文長を再計測。難語は題材理解に必要な語か、明示的な創作表示に限って確認済み。
s273,6,World affairs,The City That Paints Its Crosswalks Like Rainbows,within-guardrails,,pass,no-further-change,,事実確認後に語彙・文長を再計測。難語は題材理解に必要な語か、明示的な創作表示に限って確認済み。
s274,6,World affairs,Country That Grows Its Own National Forest,within-guardrails,,pass,no-further-change,,事実確認後に語彙・文長を再計測。難語は題材理解に必要な語か、明示的な創作表示に限って確認済み。
s275,6,World affairs,Town That Turned Its Water Tower Into a Museum,vocabulary-review,long-words,approved-after-review,retain-common-or-topic-words,,事実確認後に語彙・文長を再計測。難語は題材理解に必要な語か、明示的な創作表示に限って確認済み。
s276,6,World affairs,The City That Lets Citizens Design Their Own Parks,vocabulary-review,long-words,approved-after-review,retain-common-or-topic-words,,事実確認後に語彙・文長を再計測。難語は題材理解に必要な語か、明示的な創作表示に限って確認済み。
s277,7,World affairs,Nation That Trains Farmers to Become Diplomats,vocabulary-review,long-words,approved-after-review,retain-common-or-topic-words,,事実確認後に語彙・文長を再計測。難語は題材理解に必要な語か、明示的な創作表示に限って確認済み。
s278,8,World affairs,Region That Shares a Single Power Grid Across Three Countries,vocabulary-review,long-words,approved-after-review,retain-common-or-topic-words,,事実確認後に語彙・文長を再計測。難語は題材理解に必要な語か、明示的な創作表示に限って確認済み。
s279,8,World affairs,The Nation That Negotiates Its Fishing Rights Every Season,vocabulary-review,long-words,approved-after-review,retain-common-or-topic-words,,事実確認後に語彙・文長を再計測。難語は題材理解に必要な語か、明示的な創作表示に限って確認済み。
s280,8,World affairs,Union of Towns That Shares One Fire Department,within-guardrails,,pass,no-further-change,,事実確認後に語彙・文長を再計測。難語は題材理解に必要な語か、明示的な創作表示に限って確認済み。
s281,8,World affairs,Nation That Publishes Its Government Budget as a Children's Book,vocabulary-review,long-words,approved-after-review,retain-common-or-topic-words,,事実確認後に語彙・文長を再計測。難語は題材理解に必要な語か、明示的な創作表示に限って確認済み。
s282,5,Everyday life,The Umbrella Stand That Became a Neighborhood Tradition,vocabulary-review,long-words,approved-after-review,retain-common-or-topic-words,umbrella; building; community; tradition; different; happened; resident; residents; unexpected; whenever,単一の長語率指標のみ超過。低頻度語率と極低頻度語率は基準内で、日常語または題材の理解に必要な語を文脈付きで維持。
s283,5,Everyday life,Recipe Passed Down Through a Single Photograph,vocabulary-review,long-words,approved-after-review,retain-common-or-topic-words,photograph; childhood; grandmother; grandmother's; memories; treasured; alongside; cherished; determined; instructions,単一の長語率指標のみ超過。低頻度語率と極低頻度語率は基準内で、日常語または題材の理解に必要な語を文脈付きで維持。
s284,5,Everyday life,Bench Where Strangers Became Regulars,within-guardrails,,pass,no-further-change,,Level別の語彙・構文ガードレール内。
s285,6,Everyday life,The Shared Toolbox in the Apartment Basement,vocabulary-review,long-words,approved-after-review,retain-common-or-topic-words,building; residents; apartment; purchase; resident; resource; building's; collection; community; contribute,単一の長語率指標のみ超過。低頻度語率と極低頻度語率は基準内で、日常語または題材の理解に必要な語を文脈付きで維持。
s286,6,Everyday life,Coat Left at a Party for Years,within-guardrails,,pass,no-further-change,,Level別の語彙・構文ガードレール内。
s287,7,Everyday life,Piano No One in the Family Could Play,within-guardrails,,pass,no-further-change,,Level別の語彙・構文ガードレール内。
s288,7,Everyday life,The Attic Box Neither Sibling Wanted to Open,within-guardrails,,pass,no-further-change,,Level別の語彙・構文ガードレール内。
s289,7,Everyday life,Sunday Ritual That Survived a Divorce,within-guardrails,,pass,no-further-change,,Level別の語彙・構文ガードレール内。
s290,8,Everyday life,Handwriting That Outlived the Letter Writer,within-guardrails,,pass,no-further-change,,Level別の語彙・構文ガードレール内。
s291,8,Everyday life,The Garden Left Exactly as the Owner Had Planted It,within-guardrails,,pass,no-further-change,,Level別の語彙・構文ガードレール内。
s292,8,Everyday life,Silence Between Two Old Friends Who Never Apologized,within-guardrails,,pass,no-further-change,,Level別の語彙・構文ガードレール内。
s293,5,History,Fisherman Who Warned of a Coming Storm,vocabulary-review,long-words,approved-after-review,retain-common-or-topic-words,,事実確認後に語彙・文長を再計測。難語は題材理解に必要な語か、明示的な創作表示に限って確認済み。
s294,5,History,The Child Who Carried a Kingdom's Only Seed,vocabulary-review,long-words,approved-after-review,retain-common-or-topic-words,,事実確認後に語彙・文長を再計測。難語は題材理解に必要な語か、明示的な創作表示に限って確認済み。
s295,5,History,Innkeeper Who Hid a Fugitive Prince,within-guardrails,,pass,no-further-change,,事実確認後に語彙・文長を再計測。難語は題材理解に必要な語か、明示的な創作表示に限って確認済み。
s296,6,History,Toll Collector Who Refused a King's Coin,vocabulary-review,long-words,approved-after-review,retain-common-or-topic-words,,事実確認後に語彙・文長を再計測。難語は題材理解に必要な語か、明示的な創作表示に限って確認済み。
s297,6,History,The Widow Who Ran a Trading Post Alone,vocabulary-review,long-words,approved-after-review,retain-common-or-topic-words,,事実確認後に語彙・文長を再計測。難語は題材理解に必要な語か、明示的な創作表示に限って確認済み。
s298,6,History,Carpenter Who Built a Bridge in a Single Night,vocabulary-review,long-words,approved-after-review,retain-common-or-topic-words,,事実確認後に語彙・文長を再計測。難語は題材理解に必要な語か、明示的な創作表示に限って確認済み。
s299,7,History,Scholar Who Hid a Library in Plain Sight,vocabulary-review,long-words,approved-after-review,retain-common-or-topic-words,,事実確認後に語彙・文長を再計測。難語は題材理解に必要な語か、明示的な創作表示に限って確認済み。
s300,7,History,The Messenger Who Delivered News a Century Late,vocabulary-review,long-words,approved-after-review,retain-common-or-topic-words,,事実確認後に語彙・文長を再計測。難語は題材理解に必要な語か、明示的な創作表示に限って確認済み。
s301,7,History,Farmer Who Fed Both Sides of a War,vocabulary-review,long-words,approved-after-review,retain-common-or-topic-words,,事実確認後に語彙・文長を再計測。難語は題材理解に必要な語か、明示的な創作表示に限って確認済み。
s302,8,History,Ambassador Who Negotiated Peace With No Authority to Do So,within-guardrails,,pass,no-further-change,,事実確認後に語彙・文長を再計測。難語は題材理解に必要な語か、明示的な創作表示に限って確認済み。
s303,8,History,The Cartographer Who Mapped a Border That Kept Moving,vocabulary-review,long-words,approved-after-review,retain-common-or-topic-words,,事実確認後に語彙・文長を再計測。難語は題材理解に必要な語か、明示的な創作表示に限って確認済み。
s304,8,History,Scribe Who Recorded a History No One Wanted Told,within-guardrails,,pass,no-further-change,,事実確認後に語彙・文長を再計測。難語は題材理解に必要な語か、明示的な創作表示に限って確認済み。
s305,6,Everyday life,Umbrella Rack That Never Stayed the Same,within-guardrails,,pass,no-further-change,,Level別の語彙・構文ガードレール内。
s306,7,World affairs,The District That Elects Representatives by Random Selection,vocabulary-review,long-words,approved-after-review,retain-common-or-topic-words,,事実確認後に語彙・文長を再計測。難語は題材理解に必要な語か、明示的な創作表示に限って確認済み。
s307,5,Science,Why Ice Floats Instead of Sinking,within-guardrails,,pass,no-further-change,,Level別の語彙・構文ガードレール内。
s308,5,Science,How Your Body Knows When to Sleep,within-guardrails,,pass,no-further-change,,Level別の語彙・構文ガードレール内。
s309,6,Science,Why Some Fruits Have Seeds and Others Don't,vocabulary-review,long-words,approved-after-review,retain-common-or-topic-words,varieties; identical; reproduce; seedless; agricultural; commonly; genetically; naturally; affecting; consumers,単一の長語率指標のみ超過。低頻度語率と極低頻度語率は基準内で、日常語または題材の理解に必要な語を文脈付きで維持。
s310,6,Science,How Vaccines Teach the Body to Fight Back,within-guardrails,,pass,no-further-change,,Level別の語彙・構文ガードレール内。
s311,6,Science,Why Deserts Get So Cold at Night,within-guardrails,,pass,no-further-change,,Level別の語彙・構文ガードレール内。
s312,6,Science,How Fireflies Make Light Without Heat,within-guardrails,,pass,no-further-change,,事実確認後に語彙・文長を再計測。難語は題材理解に必要な語か、明示的な創作表示に限って確認済み。
s313,7,Science,Reason Muscles Get Sore After Exercise,within-guardrails,,pass,no-further-change,,Level別の語彙・構文ガードレール内。
s314,7,Science,Why a New Language Can Feel More Difficult,within-guardrails,,pass,no-further-change,,事実確認後に語彙・文長を再計測。難語は題材理解に必要な語か、明示的な創作表示に限って確認済み。
s315,7,Science,Why Yawning Can Be Contagious,within-guardrails,,pass,no-further-change,,事実確認後に語彙・文長を再計測。難語は題材理解に必要な語か、明示的な創作表示に限って確認済み。
s316,8,Science,Why Old Books Have a Distinctive Smell,within-guardrails,,pass,no-further-change,,事実確認後に語彙・文長を再計測。難語は題材理解に必要な語か、明示的な創作表示に限って確認済み。
s317,8,Science,Physics Behind Why Mirrors Reverse Left and Right But Not Up and Down,within-guardrails,,pass,no-further-change,,Level別の語彙・構文ガードレール内。
s318,8,Science,Why Some People Are Exceptional at Recognizing Faces,within-guardrails,,pass,no-further-change,,事実確認後に語彙・文長を再計測。難語は題材理解に必要な語か、明示的な創作表示に限って確認済み。
s319,5,Famous books,A Rescue During the Journey,within-guardrails,,pass,no-further-change,,Level別の語彙・構文ガードレール内。
s320,5,Famous books,The Journey Down the Volcano,within-guardrails,,pass,no-further-change,,Level別の語彙・構文ガードレール内。
s321,5,Famous books,The Underground Sea,within-guardrails,,pass,no-further-change,,Level別の語彙・構文ガードレール内。
s322,6,Famous books,Oliver Asks for More,within-guardrails,,pass,no-further-change,,Level別の語彙・構文ガードレール内。
s323,6,Famous books,Oliver Enters Fagin's London,within-guardrails,,pass,no-further-change,,Level別の語彙・構文ガードレール内。
s324,6,Famous books,Nancy Makes Her Choice,within-guardrails,,pass,no-further-change,,Level別の語彙・構文ガードレール内。
s325,7,Famous books,Ishmael Meets Queequeg,within-guardrails,,pass,no-further-change,,Level別の語彙・構文ガードレール内。
s326,8,Famous books,Hester Stands on the Scaffold,within-guardrails,,pass,no-further-change,,Level別の語彙・構文ガードレール内。
s327,7,Famous books,Captain Ahab and the White Whale,within-guardrails,,pass,no-further-change,,Level別の語彙・構文ガードレール内。
s328,8,Famous books,Dimmesdale Keeps His Secret,within-guardrails,,pass,no-further-change,,Level別の語彙・構文ガードレール内。
s329,8,Famous books,The Final Confession,within-guardrails,,pass,no-further-change,,Level別の語彙・構文ガードレール内。
s330,8,Famous books,The Count Returns to Paris,within-guardrails,,pass,no-further-change,,Level別の語彙・構文ガードレール内。
s331,1,Fantasy/stories,A Small Dog and a Big Star,within-guardrails,,pass,no-further-change,,Level別の語彙・構文ガードレール内。
s332,1,Fantasy/stories,Little Boat,within-guardrails,,pass,no-further-change,,Level別の語彙・構文ガードレール内。
s333,1,Fantasy/stories,A Girl and Her Cat,within-guardrails,,pass,no-further-change,,Level別の語彙・構文ガードレール内。
s334,2,Fantasy/stories,Magic Hat,within-guardrails,,pass,no-further-change,,Level別の語彙・構文ガードレール内。
s335,2,Fantasy/stories,A Friend in the Tree,within-guardrails,,pass,no-further-change,,Level別の語彙・構文ガードレール内。
s336,2,Fantasy/stories,The Little King,within-guardrails,,pass,no-further-change,,Level別の語彙・構文ガードレール内。
s337,3,Fantasy/stories,Boy and the Talking Fish,within-guardrails,,pass,no-further-change,,Level別の語彙・構文ガードレール内。
s338,3,Fantasy/stories,A New Friend at the Lake,within-guardrails,,pass,no-further-change,,Level別の語彙・構文ガードレール内。
s339,3,Fantasy/stories,The Small Dragon,vocabulary-review,very-low-frequency,approved-after-review,retain-topic-vocabulary,encouragingly; flapped; nuzzled,単一の頻度指標のみ超過。固有の動植物名・科学語・文化語など、題材の核となる語を反復または説明のある文脈で維持。
s340,4,Fantasy/stories,Girl Who Found a Map,within-guardrails,,pass,no-further-change,,Level別の語彙・構文ガードレール内。
s341,4,Fantasy/stories,Old Wizard's Garden,within-guardrails,,pass,no-further-change,,Level別の語彙・構文ガードレール内。
s342,4,Fantasy/stories,A Night in the Forest,within-guardrails,,pass,no-further-change,,Level別の語彙・構文ガードレール内。
s343,1,Nature and animals,Cat Sleeps,vocabulary-review,low-frequency,approved-after-review,retain-topic-vocabulary,sleeps; eats; meow; wakes,単一の頻度指標のみ超過。固有の動植物名・科学語・文化語など、題材の核となる語を反復または説明のある文脈で維持。
s344,1,Nature and animals,A Big Fish,vocabulary-review,low-frequency,approved-after-review,retain-topic-vocabulary,swims,単一の頻度指標のみ超過。固有の動植物名・科学語・文化語など、題材の核となる語を反復または説明のある文脈で維持。
s345,1,Nature and animals,Birds in the Sky,within-guardrails,,pass,no-further-change,,Level別の語彙・構文ガードレール内。
s346,2,Nature and animals,Dog and the Ball,within-guardrails,,pass,no-further-change,,Level別の語彙・構文ガードレール内。
s347,2,Nature and animals,Ants Work Together,within-guardrails,,pass,no-further-change,,Level別の語彙・構文ガードレール内。
s348,2,Nature and animals,A Bee and a Flower,within-guardrails,,pass,no-further-change,,Level別の語彙・構文ガードレール内。
s349,3,Nature and animals,How Birds Build Nests,within-guardrails,,pass,no-further-change,,Level別の語彙・構文ガードレール内。
s350,3,Nature and animals,Fast Rabbit,vocabulary-review,very-low-frequency,approved-after-review,retain-topic-vocabulary,darted; lunged; zigzag,単一の頻度指標のみ超過。固有の動植物名・科学語・文化語など、題材の核となる語を反復または説明のある文脈で維持。
s351,3,Nature and animals,A Day at the Farm,within-guardrails,,pass,no-further-change,,Level別の語彙・構文ガードレール内。
s352,4,Nature and animals,Why Owls Hunt at Night,within-guardrails,,pass,no-further-change,,Level別の語彙・構文ガードレール内。
s353,4,Nature and animals,Bear and the River,vocabulary-review,very-low-frequency,approved-after-review,retain-topic-vocabulary,grumbling; intently; lunged; lunging; riverbank; water's,単一の頻度指標のみ超過。固有の動植物名・科学語・文化語など、題材の核となる語を反復または説明のある文脈で維持。
s354,4,Nature and animals,How Fish Breathe,within-guardrails,,pass,no-further-change,,Level別の語彙・構文ガードレール内。
s355,1,World affairs,A New School,within-guardrails,,pass,no-further-change,,事実確認後に語彙・文長を再計測。難語は題材理解に必要な語か、明示的な創作表示に限って確認済み。
s356,1,World affairs,Big City,within-guardrails,,pass,no-further-change,,事実確認後に語彙・文長を再計測。難語は題材理解に必要な語か、明示的な創作表示に限って確認済み。
s357,1,World affairs,People Help Each Other,within-guardrails,,pass,no-further-change,,事実確認後に語彙・文長を再計測。難語は題材理解に必要な語か、明示的な創作表示に限って確認済み。
s358,2,World affairs,A Town by the Sea,within-guardrails,,pass,no-further-change,,事実確認後に語彙・文長を再計測。難語は題材理解に必要な語か、明示的な創作表示に限って確認済み。
s359,2,World affairs,Market Day,within-guardrails,,pass,no-further-change,,事実確認後に語彙・文長を再計測。難語は題材理解に必要な語か、明示的な創作表示に限って確認済み。
s360,2,World affairs,New Neighbors,vocabulary-review,long-words,approved-after-review,retain-common-or-topic-words,,事実確認後に語彙・文長を再計測。難語は題材理解に必要な語か、明示的な創作表示に限って確認済み。
s361,3,World affairs,A School for Everyone,vocabulary-review,long-words,approved-after-review,retain-common-or-topic-words,,事実確認後に語彙・文長を再計測。難語は題材理解に必要な語か、明示的な創作表示に限って確認済み。
s362,3,World affairs,Clean River Project,vocabulary-review,long-words,approved-after-review,retain-common-or-topic-words,,事実確認後に語彙・文長を再計測。難語は題材理解に必要な語か、明示的な創作表示に限って確認済み。
s363,3,World affairs,A Small Farm Grows Big,vocabulary-review,long-words,approved-after-review,retain-common-or-topic-words,,事実確認後に語彙・文長を再計測。難語は題材理解に必要な語か、明示的な創作表示に限って確認済み。
s364,4,World affairs,How a Town Built a Park,vocabulary-review,long-words,approved-after-review,retain-common-or-topic-words,,事実確認後に語彙・文長を再計測。難語は題材理解に必要な語か、明示的な創作表示に限って確認済み。
s365,4,World affairs,Bridge Between Two Villages,vocabulary-review,long-words,approved-after-review,retain-common-or-topic-words,,事実確認後に語彙・文長を再計測。難語は題材理解に必要な語か、明示的な創作表示に限って確認済み。
s366,4,World affairs,A Country Learns to Share,vocabulary-review,long-words,approved-after-review,retain-common-or-topic-words,,事実確認後に語彙・文長を再計測。難語は題材理解に必要な語か、明示的な創作表示に限って確認済み。
s367,1,Everyday life,My Day,vocabulary-review,long-words,approved-after-review,retain-common-or-topic-words,breakfast; tomorrow,単一の長語率指標のみ超過。低頻度語率と極低頻度語率は基準内で、日常語または題材の理解に必要な語を文脈付きで維持。
s368,1,Everyday life,A Cup of Tea,within-guardrails,,pass,no-further-change,,Level別の語彙・構文ガードレール内。
s369,1,Everyday life,The Red Umbrella,within-guardrails,,pass,no-further-change,,Level別の語彙・構文ガードレール内。
s370,2,Everyday life,A Walk in the Park,within-guardrails,,pass,no-further-change,,Level別の語彙・構文ガードレール内。
s371,2,Everyday life,Making Dinner,vocabulary-review,low-frequency,approved-after-review,retain-topic-vocabulary,carrots; bowls; chopped; eagerly; handing; herbs; onions; poured; proudly; smiled,単一の頻度指標のみ超過。固有の動植物名・科学語・文化語など、題材の核となる語を反復または説明のある文脈で維持。
s372,2,Everyday life,The Lost Key,within-guardrails,,pass,no-further-change,,Level別の語彙・構文ガードレール内。
s373,3,Everyday life,A Trip to the Store,within-guardrails,,pass,no-further-change,,Level別の語彙・構文ガードレール内。
s374,3,Everyday life,New Neighbor,within-guardrails,,pass,no-further-change,,Level別の語彙・構文ガードレール内。
s375,3,Everyday life,A Rainy Day at Home,vocabulary-review,low-frequency,approved-after-review,retain-topic-vocabulary,cozy; arranging; blankets; climbed; explorers; fierce; flashlights; hideout; homemade; indoors,単一の頻度指標のみ超過。固有の動植物名・科学語・文化語など、題材の核となる語を反復または説明のある文脈で維持。
s376,4,Everyday life,Old Photo Album,vocabulary-review,long-words,approved-after-review,retain-common-or-topic-words,grandfather; grandfather's; photograph; photographs; adventures; afternoon; appreciating; appreciation; automobile; belonging,単一の長語率指標のみ超過。低頻度語率と極低頻度語率は基準内で、日常語または題材の理解に必要な語を文脈付きで維持。
s377,4,Everyday life,A Birthday Surprise,within-guardrails,,pass,no-further-change,,Level別の語彙・構文ガードレール内。
s378,4,Everyday life,Learning to Cook,within-guardrails,,pass,no-further-change,,Level別の語彙・構文ガードレール内。
s379,1,History,An Old House,within-guardrails,,pass,no-further-change,,事実確認後に語彙・文長を再計測。難語は題材理解に必要な語か、明示的な創作表示に限って確認済み。
s380,1,History,First King,within-guardrails,,pass,no-further-change,,事実確認後に語彙・文長を再計測。難語は題材理解に必要な語か、明示的な創作表示に限って確認済み。
s381,1,History,A Long Trip,within-guardrails,,pass,no-further-change,,事実確認後に語彙・文長を再計測。難語は題材理解に必要な語か、明示的な創作表示に限って確認済み。
s382,2,History,Old Bridge,vocabulary-review,long-words,approved-after-review,retain-common-or-topic-words,,事実確認後に語彙・文長を再計測。難語は題材理解に必要な語か、明示的な創作表示に限って確認済み。
s383,2,History,A Small Village Long Ago,vocabulary-review,long-words,approved-after-review,retain-common-or-topic-words,,事実確認後に語彙・文長を再計測。難語は題材理解に必要な語か、明示的な創作表示に限って確認済み。
s384,2,History,The First Train,within-guardrails,,pass,no-further-change,,事実確認後に語彙・文長を再計測。難語は題材理解に必要な語か、明示的な創作表示に限って確認済み。
s385,4,History,Girl Who Built a Boat,vocabulary-review,long-words,approved-after-review,retain-common-or-topic-words,,事実確認後に語彙・文長を再計測。難語は題材理解に必要な語か、明示的な創作表示に限って確認済み。
s386,3,History,A King and His People,vocabulary-review,long-words,approved-after-review,retain-common-or-topic-words,,事実確認後に語彙・文長を再計測。難語は題材理解に必要な語か、明示的な創作表示に限って確認済み。
s387,4,History,The Old Market Town,vocabulary-review,long-words,approved-after-review,retain-common-or-topic-words,,事実確認後に語彙・文長を再計測。難語は題材理解に必要な語か、明示的な創作表示に限って確認済み。
s388,5,History,Village by the River,within-guardrails,,pass,no-further-change,,事実確認後に語彙・文長を再計測。難語は題材理解に必要な語か、明示的な創作表示に限って確認済み。
s389,4,History,How the Town Got Its Name,within-guardrails,,pass,no-further-change,,事実確認後に語彙・文長を再計測。難語は題材理解に必要な語か、明示的な創作表示に限って確認済み。
s390,5,History,A Letter From Long Ago,within-guardrails,,pass,no-further-change,,事実確認後に語彙・文長を再計測。難語は題材理解に必要な語か、明示的な創作表示に限って確認済み。
s391,1,Science,Water and Ice,within-guardrails,,pass,no-further-change,,Level別の語彙・構文ガードレール内。
s392,1,Science,Sun Is Hot,within-guardrails,,pass,no-further-change,,Level別の語彙・構文ガードレール内。
s393,1,Science,Plants Need Water,within-guardrails,,pass,no-further-change,,Level別の語彙・構文ガードレール内。
s394,2,Science,Why We Sleep,vocabulary-review,very-low-frequency,approved-after-review,retain-topic-vocabulary,busily; schoolwork,単一の頻度指標のみ超過。固有の動植物名・科学語・文化語など、題材の核となる語を反復または説明のある文脈で維持。
s395,2,Science,How Rain Falls,within-guardrails,,pass,no-further-change,,Level別の語彙・構文ガードレール内。
s396,2,Science,Why Leaves Fall,within-guardrails,,pass,no-further-change,,Level別の語彙・構文ガードレール内。
s397,3,Science,How Plants Grow,within-guardrails,,pass,no-further-change,,Level別の語彙・構文ガードレール内。
s398,3,Science,Why the Moon Changes,within-guardrails,,pass,no-further-change,,Level別の語彙・構文ガードレール内。
s399,3,Science,How We Hear Sounds,within-guardrails,,pass,no-further-change,,Level別の語彙・構文ガードレール内。
s400,4,Science,Why the Sky Is Blue,vocabulary-review,long-words,approved-after-review,retain-common-or-topic-words,atmosphere; sunlight; different; wavelength; beautiful; familiar; scatters; actually; although; collides,単一の長語率指標のみ超過。低頻度語率と極低頻度語率は基準内で、日常語または題材の理解に必要な語を文脈付きで維持。
s401,4,Science,How Bees Make Honey,within-guardrails,,pass,no-further-change,,Level別の語彙・構文ガードレール内。
s402,4,Science,Why We Need to Eat,vocabulary-review,long-words,approved-after-review,retain-common-or-topic-words,activities; different; essential; including; intestine; necessary; properly; proteins; absorbed; actually,単一の長語率指標のみ超過。低頻度語率と極低頻度語率は基準内で、日常語または題材の理解に必要な語を文脈付きで維持。
s403,1,Famous books,The Lion and the Mouse,within-guardrails,,pass,no-further-change,,Level別の語彙・構文ガードレール内。
s404,1,Famous books,The Tortoise and the Hare,within-guardrails,,pass,no-further-change,,Level別の語彙・構文ガードレール内。
s405,1,Famous books,The Boy Who Cried Wolf,within-guardrails,,pass,no-further-change,,Level別の語彙・構文ガードレール内。
s406,2,Famous books,The Ant and the Grasshopper,vocabulary-review,low-frequency,approved-after-review,retain-topic-vocabulary,ant; grasshopper; thanked,単一の頻度指標のみ超過。固有の動植物名・科学語・文化語など、題材の核となる語を反復または説明のある文脈で維持。
s407,3,Famous books,Cinderella Goes to the Ball,within-guardrails,,pass,no-further-change,,Level別の語彙・構文ガードレール内。
s408,2,Famous books,The Town Mouse and the Country Mouse,within-guardrails,,pass,no-further-change,,Level別の語彙・構文ガードレール内。
s409,3,Famous books,Rapunzel in the Tower,within-guardrails,,pass,no-further-change,,Level別の語彙・構文ガードレール内。
s410,3,Famous books,Snow White Finds a Small House,within-guardrails,,pass,no-further-change,,Level別の語彙・構文ガードレール内。
s411,3,Famous books,Alice Follows the White Rabbit,within-guardrails,,pass,no-further-change,,Level別の語彙・構文ガードレール内。
s412,4,Famous books,Alice at the Mad Tea Party,within-guardrails,,pass,no-further-change,,Level別の語彙・構文ガードレール内。
s413,4,Famous books,Alice Plays Croquet with the Queen,within-guardrails,,pass,no-further-change,,Level別の語彙・構文ガードレール内。
s414,4,Famous books,Alice Meets the Cheshire Cat,within-guardrails,,pass,no-further-change,,Level別の語彙・構文ガードレール内。
s415,1,Fantasy/stories,A Small Light in the Dark,vocabulary-review,very-low-frequency,approved-after-review,retain-topic-vocabulary,blinks,単一の頻度指標のみ超過。固有の動植物名・科学語・文化語など、題材の核となる語を反復または説明のある文脈で維持。
s416,2,Fantasy/stories,Singing Well,within-guardrails,,pass,no-further-change,,Level別の語彙・構文ガードレール内。
s417,3,Fantasy/stories,A Cloud That Followed a Boy,within-guardrails,,pass,no-further-change,,Level別の語彙・構文ガードレール内。
s418,4,Fantasy/stories,Painter Who Used Real Colors,within-guardrails,,pass,no-further-change,,Level別の語彙・構文ガードレール内。
s419,5,Fantasy/stories,Clockwork Sparrow,within-guardrails,,pass,no-further-change,,Level別の語彙・構文ガードレール内。
s420,6,Fantasy/stories,The Baker's Invisible Cat,within-guardrails,,pass,no-further-change,,Level別の語彙・構文ガードレール内。
s421,7,Fantasy/stories,Violinist Who Played for Trees,within-guardrails,,pass,no-further-change,,Level別の語彙・構文ガードレール内。
s422,8,Fantasy/stories,Cartographer's Missing Street,within-guardrails,,pass,no-further-change,,Level別の語彙・構文ガードレール内。
s423,9,Fantasy/stories,The Alchemist's Borrowed Shadow,within-guardrails,,pass,no-further-change,,Level別の語彙・構文ガードレール内。
s424,10,Fantasy/stories,Loom That Wove Forgotten Names,within-guardrails,,pass,no-further-change,,Level別の語彙・構文ガードレール内。
s425,1,Nature and animals,A Frog in the Pond,vocabulary-review,low-frequency,approved-after-review,retain-topic-vocabulary,frog; pond; catches; eats; frogs; jumps; rests; sings; splash; swims,単一の頻度指標のみ超過。固有の動植物名・科学語・文化語など、題材の核となる語を反復または説明のある文脈で維持。
s426,2,Nature and animals,The Busy Squirrel,vocabulary-review,very-low-frequency,approved-after-review,retain-topic-vocabulary,acorns,単一の頻度指標のみ超過。固有の動植物名・科学語・文化語など、題材の核となる語を反復または説明のある文脈で維持。
s427,3,Nature and animals,How Snails Move,vocabulary-review,low-frequency,approved-after-review,retain-topic-vocabulary,snails; slime; crawl; friction; glide; muscular; reduces; slippery; snail,単一の頻度指標のみ超過。固有の動植物名・科学語・文化語など、題材の核となる語を反復または説明のある文脈で維持。
s428,4,Nature and animals,Why Peacocks Show Their Feathers,within-guardrails,,pass,no-further-change,,Level別の語彙・構文ガードレール内。
s429,5,Nature and animals,The Octopus That Hides in a Shell,within-guardrails,,pass,no-further-change,,Level別の語彙・構文ガードレール内。
s430,6,Nature and animals,Bird That Flies Without Landing,within-guardrails,,pass,no-further-change,,Level別の語彙・構文ガードレール内。
s431,7,Nature and animals,Fish That Changes Color at Night,vocabulary-review,low-frequency,approved-after-review,retain-topic-vocabulary,coloration; daylight; nighttime; reef; attracting; blotchy; brightly; camouflage; chromatophores; coral,単一の頻度指標のみ超過。固有の動植物名・科学語・文化語など、題材の核となる語を反復または説明のある文脈で維持。
s432,8,Nature and animals,The Insect That Looks Like a Twig,vocabulary-review,low-frequency,approved-after-review,retain-topic-vocabulary,camouflage; convincing; predators; twigs; adaptations; camouflaged; disguise; distinguish; disturbed; evolutionary,単一の頻度指標のみ超過。固有の動植物名・科学語・文化語など、題材の核となる語を反復または説明のある文脈で維持。
s433,9,Nature and animals,Coral That Builds an Entire Reef,vocabulary-review,low-frequency,approved-after-review,retain-topic-vocabulary,reefs; coral; polyps; accumulated; biodiversity; bodied; calcium; carbonate; centimeters; collectively,単一の頻度指標のみ超過。固有の動植物名・科学語・文化語など、題材の核となる語を反復または説明のある文脈で維持。
s434,10,Nature and animals,Microbe That Lives in Boiling Water,within-guardrails,,pass,no-further-change,,Level別の語彙・構文ガードレール内。
s435,1,World affairs,A New Road,within-guardrails,,pass,no-further-change,,事実確認後に語彙・文長を再計測。難語は題材理解に必要な語か、明示的な創作表示に限って確認済み。
s436,2,World affairs,Town Meeting,vocabulary-review,long-words,approved-after-review,retain-common-or-topic-words,,事実確認後に語彙・文長を再計測。難語は題材理解に必要な語か、明示的な創作表示に限って確認済み。
s437,3,World affairs,A Well for the Village,vocabulary-review,long-words,approved-after-review,retain-common-or-topic-words,,事実確認後に語彙・文長を再計測。難語は題材理解に必要な語か、明示的な創作表示に限って確認済み。
s438,4,World affairs,The Shared Garden,vocabulary-review,long-words,approved-after-review,retain-common-or-topic-words,,事実確認後に語彙・文長を再計測。難語は題材理解に必要な語か、明示的な創作表示に限って確認済み。
s439,5,World affairs,City That Recycles Everything,vocabulary-review,long-words,approved-after-review,retain-common-or-topic-words,,事実確認後に語彙・文長を再計測。難語は題材理解に必要な語か、明示的な創作表示に限って確認済み。
s440,6,World affairs,Village That Trades Skills Instead of Money,vocabulary-review,long-words,approved-after-review,retain-common-or-topic-words,,事実確認後に語彙・文長を再計測。難語は題材理解に必要な語か、明示的な創作表示に限って確認済み。
s441,7,World affairs,The Town With Free Bicycles,within-guardrails,,pass,no-further-change,,事実確認後に語彙・文長を再計測。難語は題材理解に必要な語か、明示的な創作表示に限って確認済み。
s442,8,World affairs,Region That Shares a Language School,within-guardrails,,pass,no-further-change,,事実確認後に語彙・文長を再計測。難語は題材理解に必要な語か、明示的な創作表示に限って確認済み。
s443,9,World affairs,Nation That Funds Small Inventions,within-guardrails,,pass,no-further-change,,事実確認後に語彙・文長を再計測。難語は題材理解に必要な語か、明示的な創作表示に限って確認済み。
s444,10,World affairs,The Council That Meets in Every Village Once a Year,within-guardrails,,pass,no-further-change,,事実確認後に語彙・文長を再計測。難語は題材理解に必要な語か、明示的な創作表示に限って確認済み。
s445,1,Everyday life,A Quiet Morning,within-guardrails,,pass,no-further-change,,Level別の語彙・構文ガードレール内。
s446,2,Everyday life,Missing Sock,within-guardrails,,pass,no-further-change,,Level別の語彙・構文ガードレール内。
s447,3,Everyday life,A Trip to Grandma's,within-guardrails,,pass,no-further-change,,Level別の語彙・構文ガードレール内。
s448,4,Everyday life,Broken Umbrella,within-guardrails,,pass,no-further-change,,Level別の語彙・構文ガードレール内。
s449,5,Everyday life,Note on the Fridge,within-guardrails,,pass,no-further-change,,Level別の語彙・構文ガードレール内。
s450,6,Everyday life,The Borrowed Book,within-guardrails,,pass,no-further-change,,Level別の語彙・構文ガードレール内。
s451,7,Everyday life,Empty Chair at Dinner,within-guardrails,,pass,no-further-change,,Level別の語彙・構文ガードレール内。
s452,8,Everyday life,Recipe Written in the Margins,within-guardrails,,pass,no-further-change,,Level別の語彙・構文ガードレール内。
s453,9,Everyday life,The Silence After the Kids Left Home,within-guardrails,,pass,no-further-change,,Level別の語彙・構文ガードレール内。
s454,10,Everyday life,Letter Kept in a Drawer for Years,within-guardrails,,pass,no-further-change,,Level別の語彙・構文ガードレール内。
s455,1,History,Old Well,within-guardrails,,pass,no-further-change,,事実確認後に語彙・文長を再計測。難語は題材理解に必要な語か、明示的な創作表示に限って確認済み。
s456,2,History,A Village Fire,vocabulary-review,long-words,approved-after-review,retain-common-or-topic-words,,事実確認後に語彙・文長を再計測。難語は題材理解に必要な語か、明示的な創作表示に限って確認済み。
s457,4,History,First Map,within-guardrails,,pass,no-further-change,,事実確認後に語彙・文長を再計測。難語は題材理解に必要な語か、明示的な創作表示に限って確認済み。
s458,4,History,Long Winter,vocabulary-review,long-words,approved-after-review,retain-common-or-topic-words,,事実確認後に語彙・文長を再計測。難語は題材理解に必要な語か、明示的な創作表示に限って確認済み。
s459,5,History,The Messenger's Horse,vocabulary-review,long-words,approved-after-review,retain-common-or-topic-words,,事実確認後に語彙・文長を再計測。難語は題材理解に必要な語か、明示的な創作表示に限って確認済み。
s460,6,History,Coin From a Lost Kingdom,within-guardrails,,pass,no-further-change,,事実確認後に語彙・文長を再計測。難語は題材理解に必要な語か、明示的な創作表示に限って確認済み。
s461,7,History,Scholar's Hidden Notes,vocabulary-review,long-words,approved-after-review,retain-common-or-topic-words,,事実確認後に語彙・文長を再計測。難語は題材理解に必要な語か、明示的な創作表示に限って確認済み。
s462,8,History,The Treaty Signed in the Rain,within-guardrails,,pass,no-further-change,,事実確認後に語彙・文長を再計測。難語は題材理解に必要な語か、明示的な創作表示に限って確認済み。
s463,9,History,General Who Refused to Fight,within-guardrails,,pass,no-further-change,,事実確認後に語彙・文長を再計測。難語は題材理解に必要な語か、明示的な創作表示に限って確認済み。
s464,10,History,City Buried Under Sand,within-guardrails,,pass,no-further-change,,事実確認後に語彙・文長を再計測。難語は題材理解に必要な語か、明示的な創作表示に限って確認済み。
s465,1,Science,Why We Blink,within-guardrails,,pass,no-further-change,,Level別の語彙・構文ガードレール内。
s466,2,Science,How Soap Bubbles Form,vocabulary-review,very-low-frequency,approved-after-review,retain-topic-vocabulary,soapy,単一の頻度指標のみ超過。固有の動植物名・科学語・文化語など、題材の核となる語を反復または説明のある文脈で維持。
s467,3,Science,Why Metal Feels Cold,vocabulary-review,low-frequency,approved-after-review,retain-topic-vocabulary,colder; spoon; conducts; disappearing; efficiently; hand's; sensations; touches; warmth,単一の頻度指標のみ超過。固有の動植物名・科学語・文化語など、題材の核となる語を反復または説明のある文脈で維持。
s468,4,Science,How Volcanoes Erupt,within-guardrails,,pass,no-further-change,,Level別の語彙・構文ガードレール内。
s469,5,Science,Why the Ocean Is Salty,vocabulary-review,low-frequency,approved-after-review,retain-topic-vocabulary,dissolved; freshwater; accumulating; comparatively; continuously; countless; dissolves; distinctly; evaporate; evaporates,単一の頻度指標のみ超過。固有の動植物名・科学語・文化語など、題材の核となる語を反復または説明のある文脈で維持。
s470,6,Science,How Bats See in the Dark,within-guardrails,,pass,no-further-change,,Level別の語彙・構文ガードレール内。
s471,7,Science,The Chemistry of Rust,vocabulary-review,low-frequency,approved-after-review,retain-topic-vocabulary,rust; molecules; accelerate; atoms; brittle; chemically; coating; coatings; damaging; deterioration,単一の頻度指標のみ超過。固有の動植物名・科学語・文化語など、題材の核となる語を反復または説明のある文脈で維持。
s472,8,Science,Why Some Stars Twinkle,within-guardrails,,pass,no-further-change,,Level別の語彙・構文ガードレール内。
s473,9,Science,Physics of a Soap Bubble's Colors,within-guardrails,,pass,no-further-change,,Level別の語彙・構文ガードレール内。
s474,10,Science,The Biology of Why Wounds Heal,within-guardrails,,pass,no-further-change,,Level別の語彙・構文ガードレール内。
s475,1,Famous books,The Fox and the Grapes,within-guardrails,,pass,no-further-change,,Level別の語彙・構文ガードレール内。
s476,2,Famous books,Hansel and Gretel,within-guardrails,,pass,no-further-change,,Level別の語彙・構文ガードレール内。
s477,3,Famous books,Alice Drinks from the Little Bottle,within-guardrails,,pass,no-further-change,,Level別の語彙・構文ガードレール内。
s478,4,Famous books,Jim Finds the Treasure Map,within-guardrails,,pass,no-further-change,,Level別の語彙・構文ガードレール内。
s479,5,Famous books,Jo Sells Her First Stories,within-guardrails,,pass,no-further-change,,Level別の語彙・構文ガードレール内。
s480,6,Famous books,Edmond Dantès Is Betrayed,within-guardrails,,pass,no-further-change,,Level別の語彙・構文ガードレール内。
s481,7,Famous books,The Final Chase,within-guardrails,,pass,no-further-change,,Level別の語彙・構文ガードレール内。
s482,8,Famous books,The Count Begins His Revenge,within-guardrails,,pass,no-further-change,,Level別の語彙・構文ガードレール内。
s483,9,Famous books,Ahab's Obsession Takes Command,within-guardrails,,pass,no-further-change,,Level別の語彙・構文ガードレール内。
s484,10,Famous books,"Pride and Prejudice: Judgment, Marriage, and Class",within-guardrails,,pass,no-further-change,,Level別の語彙・構文ガードレール内。
s485,1,Fantasy/stories,Sleepy Moon,vocabulary-review,low-frequency,approved-after-review,retain-topic-vocabulary,sings; sleepy; smiles,単一の頻度指標のみ超過。固有の動植物名・科学語・文化語など、題材の核となる語を反復または説明のある文脈で維持。
s486,2,Fantasy/stories,The Garden That Grew at Night,within-guardrails,,pass,no-further-change,,Level別の語彙・構文ガードレール内。
s487,3,Fantasy/stories,Door With No Handle,within-guardrails,,pass,no-further-change,,Level別の語彙・構文ガードレール内。
s488,4,Fantasy/stories,Umbrella That Changed the Weather,within-guardrails,,pass,no-further-change,,Level別の語彙・構文ガードレール内。
s489,5,Fantasy/stories,The Tailor's Thread of Patience,vocabulary-review,low-frequency,approved-after-review,retain-topic-vocabulary,admitting; calmed; calmer; commissioned; drawer; garments; judged; mentor; seams; sparingly,単一の頻度指標のみ超過。固有の動植物名・科学語・文化語など、題材の核となる語を反復または説明のある文脈で維持。
s490,6,Fantasy/stories,Postman Who Delivered Dreams,within-guardrails,,pass,no-further-change,,Level別の語彙・構文ガードレール内。
s491,7,Fantasy/stories,Cartographer Who Drew Feelings Instead of Land,vocabulary-review,long-words,approved-after-review,retain-common-or-topic-words,emotional; representing; difficult; landscape; overwhelming; abandoned; articulate; carefully; cartography; commissioned,単一の長語率指標のみ超過。低頻度語率と極低頻度語率は基準内で、日常語または題材の理解に必要な語を文脈付きで維持。
s492,8,Fantasy/stories,The Glassblower's Frozen Moments,within-guardrails,,pass,no-further-change,,Level別の語彙・構文ガードレール内。
s493,9,Fantasy/stories,Bookbinder Who Sewed Together Broken Time,within-guardrails,,pass,no-further-change,,Level別の語彙・構文ガードレール内。
s494,10,Fantasy/stories,Cartomancer Who Read the Future in Reverse,within-guardrails,,pass,no-further-change,,Level別の語彙・構文ガードレール内。
s495,1,Nature and animals,A Duck on the Pond,vocabulary-review,low-frequency,approved-after-review,retain-topic-vocabulary,pond; ducks; eats; swims,単一の頻度指標のみ超過。固有の動植物名・科学語・文化語など、題材の核となる語を反復または説明のある文脈で維持。
s496,2,Nature and animals,Spider's Web,within-guardrails,,pass,no-further-change,,Level別の語彙・構文ガードレール内。
s497,3,Nature and animals,Why Cats Purr,vocabulary-review,very-low-frequency,approved-after-review,retain-topic-vocabulary,purr,単一の頻度指標のみ超過。固有の動植物名・科学語・文化語など、題材の核となる語を反復または説明のある文脈で維持。
s498,6,Nature and animals,The Migration of Monarch Butterflies,vocabulary-review,long-words,approved-after-review,retain-common-or-topic-words,butterflies; remarkable; monarchs; navigate; wintering; actually; combination; completing; continue; covering,単一の長語率指標のみ超過。低頻度語率と極低頻度語率は基準内で、日常語または題材の理解に必要な語を文脈付きで維持。
s499,5,Nature and animals,Hedgehog's Winter Sleep,within-guardrails,,pass,no-further-change,,Level別の語彙・構文ガードレール内。
s500,6,Nature and animals,Elephant's Remarkable Trunk,within-guardrails,,pass,no-further-change,,Level別の語彙・構文ガードレール内。
s501,7,Nature and animals,The Termite Mound's Natural Air Conditioning,within-guardrails,,pass,no-further-change,,Level別の語彙・構文ガードレール内。
s502,8,Nature and animals,Cuttlefish's Remarkable Camouflage,vocabulary-review,very-low-frequency,approved-after-review,retain-topic-vocabulary,textural; camouflaging; chromatophores; colorblind; creature's; ocean's; papillae; replicating; sacs; skin's,単一の頻度指標のみ超過。固有の動植物名・科学語・文化語など、題材の核となる語を反復または説明のある文脈で維持。
s503,9,Nature and animals,Naked Mole Rat's Unusual Biology,within-guardrails,,pass,no-further-change,,Level別の語彙・構文ガードレール内。
s504,10,Nature and animals,The Deep-Sea Anglerfish's Unusual Reproduction,within-guardrails,,pass,no-further-change,,Level別の語彙・構文ガードレール内。
s505,1,World affairs,A Free Meal,within-guardrails,,pass,no-further-change,,事実確認後に語彙・文長を再計測。難語は題材理解に必要な語か、明示的な創作表示に限って確認済み。
s506,2,World affairs,Free Bus Ride,vocabulary-review,long-words,approved-after-review,retain-common-or-topic-words,,事実確認後に語彙・文長を再計測。難語は題材理解に必要な語か、明示的な創作表示に限って確認済み。
s507,3,World affairs,The Neighborhood Watch,vocabulary-review,long-words,approved-after-review,retain-common-or-topic-words,,事実確認後に語彙・文長を再計測。難語は題材理解に必要な語か、明示的な創作表示に限って確認済み。
s508,4,World affairs,City's Free Repair Café,vocabulary-review,long-words,approved-after-review,retain-common-or-topic-words,,事実確認後に語彙・文長を再計測。難語は題材理解に必要な語か、明示的な創作表示に限って確認済み。
s509,5,World affairs,Village That Adopted a River,within-guardrails,,pass,no-further-change,,事実確認後に語彙・文長を再計測。難語は題材理解に必要な語か、明示的な創作表示に限って確認済み。
s510,6,World affairs,The Town That Banned Single-Use Plastic,vocabulary-review,long-words,approved-after-review,retain-common-or-topic-words,,事実確認後に語彙・文長を再計測。難語は題材理解に必要な語か、明示的な創作表示に限って確認済み。
s511,7,World affairs,Region That Built Affordable Housing Together,vocabulary-review,long-words,approved-after-review,retain-common-or-topic-words,,事実確認後に語彙・文長を再計測。難語は題材理解に必要な語か、明示的な創作表示に限って確認済み。
s512,8,World affairs,Nation That Requires Environmental Impact Voting,vocabulary-review,long-words,approved-after-review,retain-common-or-topic-words,,事実確認後に語彙・文長を再計測。難語は題材理解に必要な語か、明示的な創作表示に限って確認済み。
s513,9,World affairs,The Federation That Shares Disaster Response Equipment,vocabulary-review,long-words,approved-after-review,retain-common-or-topic-words,,事実確認後に語彙・文長を再計測。難語は題材理解に必要な語か、明示的な創作表示に限って確認済み。
s514,10,World affairs,Confederation That Rotates Its Capital City,within-guardrails,,pass,no-further-change,,事実確認後に語彙・文長を再計測。難語は題材理解に必要な語か、明示的な創作表示に限って確認済み。
s515,1,Everyday life,Breakfast Together,within-guardrails,,pass,no-further-change,,Level別の語彙・構文ガードレール内。
s516,2,Everyday life,The Family Recipe Box,vocabulary-review,long-words,approved-after-review,retain-common-or-topic-words,generations; alongside; celebration; choosing; collected; continuing; daughter; gathering; inherited; meaningful,単一の長語率指標のみ超過。低頻度語率と極低頻度語率は基準内で、日常語または題材の理解に必要な語を文脈付きで維持。
s517,3,Everyday life,Overgrown Backyard,within-guardrails,,pass,no-further-change,,Level別の語彙・構文ガードレール内。
s518,4,Everyday life,Neighborhood Book Exchange,within-guardrails,,pass,no-further-change,,Level別の語彙・構文ガードレール内。
s519,5,Everyday life,The Stranger Who Returned a Wallet,within-guardrails,,pass,no-further-change,,Level別の語彙・構文ガードレール内。
s520,6,Everyday life,Retirement Party That Almost Didn't Happen,vocabulary-review,long-words,approved-after-review,retain-common-or-topic-words,colleagues; attention; celebration; elaborate; gathering; preferences; recognition; uncomfortable; acknowledgment; admitted,単一の長語率指標のみ超過。低頻度語率と極低頻度語率は基準内で、日常語または題材の理解に必要な語を文脈付きで維持。
s521,7,Everyday life,Apartment Building's Unofficial Historian,vocabulary-review,long-words,approved-after-review,retain-common-or-topic-words,resident; building's; accumulated; building; detailed; document; fascinated; knowledge; learning; properly,単一の長語率指標のみ超過。低頻度語率と極低頻度語率は基準内で、日常語または題材の理解に必要な語を文脈付きで維持。
s522,8,Everyday life,The Widower's New Sunday Ritual,within-guardrails,,pass,no-further-change,,Level別の語彙・構文ガードレール内。
s523,9,Everyday life,House That Held Three Generations of Arguments,within-guardrails,,pass,no-further-change,,Level別の語彙・構文ガードレール内。
s524,10,Everyday life,Correspondence That Spanned a War and Outlasted It,within-guardrails,,pass,no-further-change,,Level別の語彙・構文ガードレール内。
s525,1,History,The Old Wagon,vocabulary-review,low-frequency,approved-after-review,retain-common-or-topic-words,,事実確認後に語彙・文長を再計測。難語は題材理解に必要な語か、明示的な創作表示に限って確認済み。
s526,2,History,Village Blacksmith,within-guardrails,,pass,no-further-change,,事実確認後に語彙・文長を再計測。難語は題材理解に必要な語か、明示的な創作表示に限って確認済み。
s527,4,History,Traveling Storyteller,within-guardrails,,pass,no-further-change,,事実確認後に語彙・文長を再計測。難語は題材理解に必要な語か、明示的な創作表示に限って確認済み。
s528,4,History,The Winter Market,vocabulary-review,,approved-after-review,retain-common-or-topic-words,,事実確認後に語彙・文長を再計測。難語は題材理解に必要な語か、明示的な創作表示に限って確認済み。
s529,5,History,Apprentice Who Became a Master,vocabulary-review,long-words,approved-after-review,retain-common-or-topic-words,,事実確認後に語彙・文長を再計測。難語は題材理解に必要な語か、明示的な創作表示に限って確認済み。
s530,6,History,Plague Doctor's Notebook,vocabulary-review,long-words,approved-after-review,retain-common-or-topic-words,,事実確認後に語彙・文長を再計測。難語は題材理解に必要な語か、明示的な創作表示に限って確認済み。
s531,8,History,The Merchant Fleet That Sailed Without Maps,vocabulary-review,very-low-frequency,approved-after-review,retain-common-or-topic-words,,事実確認後に語彙・文長を再計測。難語は題材理解に必要な語か、明示的な創作表示に限って確認済み。
s532,8,History,Court Painter Who Recorded Dissent,vocabulary-review,,approved-after-review,retain-common-or-topic-words,,事実確認後に語彙・文長を再計測。難語は題材理解に必要な語か、明示的な創作表示に限って確認済み。
s533,9,History,Cartographer Who Refused to Finish His Final Map,within-guardrails,,pass,no-further-change,,事実確認後に語彙・文長を再計測。難語は題材理解に必要な語か、明示的な創作表示に限って確認済み。
s534,10,History,The Diplomat Whose Silence Ended a War,within-guardrails,,pass,no-further-change,,事実確認後に語彙・文長を再計測。難語は題材理解に必要な語か、明示的な創作表示に限って確認済み。
s535,1,Science,Why Fire Is Hot,within-guardrails,,pass,no-further-change,,Level別の語彙・構文ガードレール内。
s536,2,Science,Why Bread Gets Hard,within-guardrails,,pass,no-further-change,,Level別の語彙・構文ガードレール内。
s537,3,Science,How Our Skin Protects Us,vocabulary-review,long-words,approved-after-review,retain-common-or-topic-words,functions; temperature; actually; additionally; appreciate; appropriately; bacteria; contains; entering; environment,単一の長語率指標のみ超過。低頻度語率と極低頻度語率は基準内で、日常語または題材の理解に必要な語を文脈付きで維持。
s538,4,Science,How Airplanes Stay in the Air,vocabulary-review,long-words,approved-after-review,retain-common-or-topic-words,airplane; compared; difference; powerful; pressure; achievement; airborne; airplane's; airplanes; carefully,単一の長語率指標のみ超過。低頻度語率と極低頻度語率は基準内で、日常語または題材の理解に必要な語を文脈付きで維持。
s539,5,Science,Science of Why We Get Goosebumps,within-guardrails,,pass,no-further-change,,Level別の語彙・構文ガードレール内。
s540,6,Science,How Antibiotics Fight Bacteria,within-guardrails,,pass,no-further-change,,Level別の語彙・構文ガードレール内。
s541,7,Science,Physics of Why We Feel Weightless in Free Fall,within-guardrails,,pass,no-further-change,,Level別の語彙・構文ガードレール内。
s542,8,Science,Chemistry Behind Why Certain Foods Taste Better Together,vocabulary-review,long-words,approved-after-review,retain-common-or-topic-words,chemical; combinations; culinary; analysis; compound; cultural; experience; scientists; traditional; appealing,単一の長語率指標のみ超過。低頻度語率と極低頻度語率は基準内で、日常語または題材の理解に必要な語を文脈付きで維持。
s543,9,Science,The Neuroscience of Why Music Gives Us Chills,within-guardrails,,pass,no-further-change,,Level別の語彙・構文ガードレール内。
s544,10,Science,Quantum Mechanics of Why Certain Materials Become Superconductors,within-guardrails,,pass,no-further-change,,Level別の語彙・構文ガードレール内。
s545,1,Famous books,Little Red Riding Hood,within-guardrails,,pass,no-further-change,,Level別の語彙・構文ガードレール内。
s546,2,Famous books,The Emperor's New Clothes,within-guardrails,,pass,no-further-change,,Level別の語彙・構文ガードレール内。
s547,3,Famous books,Pinocchio Runs Away from Home,within-guardrails,,pass,no-further-change,,Level別の語彙・構文ガードレール内。
s548,4,Famous books,Jim Meets Long John Silver,within-guardrails,,pass,no-further-change,,Level別の語彙・構文ガードレール内。
s549,5,Famous books,Beth and the Quiet Piano,within-guardrails,,pass,no-further-change,,Level別の語彙・構文ガードレール内。
s550,6,Famous books,Escape from the Château d'If,within-guardrails,,pass,no-further-change,,Level別の語彙・構文ガードレール内。
s551,7,Famous books,The Portrait Begins to Change,within-guardrails,,pass,no-further-change,,Level別の語彙・構文ガードレール内。
s552,8,Famous books,The Count Learns to Show Mercy,within-guardrails,,pass,no-further-change,,Level別の語彙・構文ガードレール内。
s553,9,Famous books,Pip Reconsiders What Makes a Gentleman,within-guardrails,,pass,no-further-change,,Level別の語彙・構文ガードレール内。
s554,10,Famous books,"Les Misérables: Law, Mercy, and Moral Change",within-guardrails,,pass,no-further-change,,Level別の語彙・構文ガードレール内。
s555,1,Fantasy/stories,The Fox With Two Tails,vocabulary-review,low-frequency,approved-after-review,retain-topic-vocabulary,tails; foxes,単一の頻度指標のみ超過。固有の動植物名・科学語・文化語など、題材の核となる語を反復または説明のある文脈で維持。
s556,1,Fantasy/stories,Talking Rock,within-guardrails,,pass,no-further-change,,Level別の語彙・構文ガードレール内。
s557,2,Fantasy/stories,Shoemaker's Extra Pair,vocabulary-review,long-words,approved-after-review,retain-common-or-topic-words,believing; continued; explained; kindness; neighbors; remainder; shoemaker; throughout; traveling; wondering,単一の長語率指標のみ超過。低頻度語率と極低頻度語率は基準内で、日常語または題材の理解に必要な語を文脈付きで維持。
s558,2,Fantasy/stories,The Cloud Shepherd,within-guardrails,,pass,no-further-change,,Level別の語彙・構文ガードレール内。
s559,3,Fantasy/stories,Wishing Bench,within-guardrails,,pass,no-further-change,,Level別の語彙・構文ガードレール内。
s560,3,Fantasy/stories,Painter's Missing Color,vocabulary-review,long-words,approved-after-review,retain-common-or-topic-words,paintings; searching; traveling; actually; beautiful; carefully; complete; considered; containing; continuing,単一の長語率指標のみ超過。低頻度語率と極低頻度語率は基準内で、日常語または題材の理解に必要な語を文脈付きで維持。
s561,4,Fantasy/stories,The Locksmith's Final Key,vocabulary-review,long-words,approved-after-review,retain-common-or-topic-words,professional; accomplishment; accumulated; achievement; admitting; carefully; carrying; cherished; considerable; considered,単一の長語率指標のみ超過。低頻度語率と極低頻度語率は基準内で、日常語または題材の理解に必要な語を文脈付きで維持。
s562,4,Fantasy/stories,Weathervane That Remembered,within-guardrails,,pass,no-further-change,,Level別の語彙・構文ガードレール内。
s563,5,Fantasy/stories,Cobbler Who Mended Time,vocabulary-review,long-words,approved-after-review,retain-common-or-topic-words,continued; customers; mechanism; repaired; something; throughout; attached; believing; businesses; carefully,単一の長語率指標のみ超過。低頻度語率と極低頻度語率は基準内で、日常語または題材の理解に必要な語を文脈付きで維持。
s564,5,Fantasy/stories,The Baker Who Kneaded Memories,within-guardrails,,pass,no-further-change,,Level別の語彙・構文ガードレール内。
s565,6,Fantasy/stories,Cartwright Who Built Roads to Nowhere,within-guardrails,,pass,no-further-change,,Level別の語彙・構文ガードレール内。
s566,6,Fantasy/stories,Weaver's Loom of Quiet Places,within-guardrails,,pass,no-further-change,,Level別の語彙・構文ガードレール内。
s567,7,Fantasy/stories,The Apothecary Who Bottled Courage,within-guardrails,,pass,no-further-change,,Level別の語彙・構文ガードレール内。
s568,7,Fantasy/stories,Chandler Who Sold Borrowed Light,vocabulary-review,low-frequency,approved-after-review,retain-topic-vocabulary,candles; candle; crafted; daylight; frightening; mentioning; sailors; voyages; afternoons; borrowed,単一の頻度指標のみ超過。固有の動植物名・科学語・文化語など、題材の核となる語を反復または説明のある文脈で維持。
s569,8,Fantasy/stories,Instrument Maker Who Tuned Grief,within-guardrails,,pass,no-further-change,,Level別の語彙・構文ガードレール内。
s570,8,Fantasy/stories,The Mapmaker Who Charted Regret,within-guardrails,,pass,no-further-change,,Level別の語彙・構文ガードレール内。
s571,9,Fantasy/stories,Glazier Who Trapped Sunsets,within-guardrails,,pass,no-further-change,,Level別の語彙・構文ガードレール内。
s572,9,Fantasy/stories,Silversmith Who Forged Second Voices,within-guardrails,,pass,no-further-change,,Level別の語彙・構文ガードレール内。
s573,10,Fantasy/stories,The Bell Founder Who Cast Forgiveness,within-guardrails,,pass,no-further-change,,Level別の語彙・構文ガードレール内。
s574,10,Fantasy/stories,Archivist Who Catalogued Unspoken Apologies,within-guardrails,,pass,no-further-change,,Level別の語彙・構文ガードレール内。
s575,1,Nature and animals,A Rabbit in the Grass,vocabulary-review,low-frequency,approved-after-review,retain-topic-vocabulary,hears; hides; jumps,単一の頻度指標のみ超過。固有の動植物名・科学語・文化語など、題材の核となる語を反復または説明のある文脈で維持。
s576,1,Nature and animals,The Little Ant,vocabulary-review,low-frequency,approved-after-review,retain-topic-vocabulary,ant; ants,単一の頻度指標のみ超過。固有の動植物名・科学語・文化語など、題材の核となる語を反復または説明のある文脈で維持。
s577,2,Nature and animals,Woodpecker's Loud Knock,vocabulary-review,very-low-frequency,approved-after-review,retain-topic-vocabulary,tree's; woodpecker,単一の頻度指標のみ超過。固有の動植物名・科学語・文化語など、題材の核となる語を反復または説明のある文脈で維持。
s578,2,Nature and animals,Turtle's Slow Journey,within-guardrails,,pass,no-further-change,,Level別の語彙・構文ガードレール内。
s579,3,Nature and animals,The Clever Crow's Trick,within-guardrails,,pass,no-further-change,,Level別の語彙・構文ガードレール内。
s580,3,Nature and animals,Bat's Nighttime Feast,within-guardrails,,pass,no-further-change,,Level別の語彙・構文ガードレール内。
s581,4,Nature and animals,How Salmon Find Their Way Home,within-guardrails,,pass,no-further-change,,Level別の語彙・構文ガードレール内。
s582,4,Nature and animals,The Chameleon's Sticky Tongue,within-guardrails,,pass,no-further-change,,Level別の語彙・構文ガードレール内。
s583,5,Nature and animals,Remarkable Homing Ability of Pigeons,vocabulary-review,long-words,approved-after-review,retain-common-or-topic-words,direction; distances; environmental; navigation; reliable; remarkable; research; researchers; attempting; capability,単一の長語率指標のみ超過。低頻度語率と極低頻度語率は基準内で、日常語または題材の理解に必要な語を文脈付きで維持。
s584,5,Nature and animals,Praying Mantis's Patient Hunting Strategy,within-guardrails,,pass,no-further-change,,Level別の語彙・構文ガードレール内。
s585,6,Nature and animals,The Symbiotic Relationship Between Clownfish and Sea Anemones,vocabulary-review,very-low-frequency,approved-after-review,retain-topic-vocabulary,anemones; anemone; anemone's; clownfish; symbiotic,単一の頻度指標のみ超過。固有の動植物名・科学語・文化語など、題材の核となる語を反復または説明のある文脈で維持。
s586,6,Nature and animals,Complex Communication System of Prairie Dogs,within-guardrails,,pass,no-further-change,,Level別の語彙・構文ガードレール内。
s587,7,Nature and animals,Remarkable Regenerative Abilities of Starfish,vocabulary-review,long-words,approved-after-review,retain-common-or-topic-words,regenerative; regeneration; remarkable; biological; starfish's; studying; capability; continues; mechanisms; regenerate,単一の長語率指標のみ超過。低頻度語率と極低頻度語率は基準内で、日常語または題材の理解に必要な語を文脈付きで維持。
s588,7,Nature and animals,The Unusual Hunting Technique of Archer Fish,within-guardrails,,pass,no-further-change,,Level別の語彙・構文ガードレール内。
s589,8,Nature and animals,Extraordinary Migration of Arctic Terns,within-guardrails,,pass,no-further-change,,Level別の語彙・構文ガードレール内。
s590,8,Nature and animals,Complex Social Structure of Orca Pods,within-guardrails,,pass,no-further-change,,Level別の語彙・構文ガードレール内。
s591,9,Nature and animals,The Fungal Networks That Connect Forest Ecosystems,within-guardrails,,pass,no-further-change,,Level別の語彙・構文ガードレール内。
s592,9,Nature and animals,Sophisticated Tool Use of New Caledonian Crows,within-guardrails,,pass,no-further-change,,Level別の語彙・構文ガードレール内。
s593,10,Nature and animals,Extremophile Organisms Redefining the Boundaries of Life,within-guardrails,,pass,no-further-change,,Level別の語彙・構文ガードレール内。
s594,10,Nature and animals,The Epigenetic Inheritance of Environmental Memory,within-guardrails,,pass,no-further-change,,Level別の語彙・構文ガードレール内。
s595,1,World affairs,A New Bridge,within-guardrails,,pass,no-further-change,,事実確認後に語彙・文長を再計測。難語は題材理解に必要な語か、明示的な創作表示に限って確認済み。
s596,1,World affairs,Sharing Food,vocabulary-review,long-words,approved-after-review,retain-common-or-topic-words,,事実確認後に語彙・文長を再計測。難語は題材理解に必要な語か、明示的な創作表示に限って確認済み。
s597,2,World affairs,The Community Clean-Up Day,vocabulary-review,long-words,approved-after-review,retain-common-or-topic-words,,事実確認後に語彙・文長を再計測。難語は題材理解に必要な語か、明示的な創作表示に限って確認済み。
s598,3,World affairs,School Supply Drive,vocabulary-review,long-words,approved-after-review,retain-common-or-topic-words,,事実確認後に語彙・文長を再計測。難語は題材理解に必要な語か、明示的な創作表示に限って確認済み。
s599,3,World affairs,Town's First Community Center,within-guardrails,,pass,no-further-change,,事実確認後に語彙・文長を再計測。難語は題材理解に必要な語か、明示的な創作表示に限って確認済み。
s600,3,World affairs,The Volunteer Tutoring Program,vocabulary-review,long-words,approved-after-review,retain-common-or-topic-words,,事実確認後に語彙・文長を再計測。難語は題材理解に必要な語か、明示的な創作表示に限って確認済み。
s601,4,World affairs,City's Bike Lane Expansion,vocabulary-review,long-words,approved-after-review,retain-common-or-topic-words,,事実確認後に語彙・文長を再計測。難語は題材理解に必要な語か、明示的な創作表示に限って確認済み。
s602,6,World affairs,Rural Internet Access Initiative,vocabulary-review,long-words,approved-after-review,retain-common-or-topic-words,,事実確認後に語彙・文長を再計測。難語は題材理解に必要な語か、明示的な創作表示に限って確認済み。
s603,6,World affairs,The Cooperative Housing Model,vocabulary-review,long-words,approved-after-review,retain-common-or-topic-words,,事実確認後に語彙・文長を再計測。難語は題材理解に必要な語か、明示的な創作表示に限って確認済み。
s604,8,World affairs,Municipal Composting Program,vocabulary-review,long-words,approved-after-review,retain-common-or-topic-words,,事実確認後に語彙・文長を再計測。難語は題材理解に必要な語か、明示的な創作表示に限って確認済み。
s605,8,World affairs,Cross-Border Water Management Agreement,vocabulary-review,long-words,approved-after-review,retain-common-or-topic-words,,事実確認後に語彙・文長を再計測。難語は題材理解に必要な語か、明示的な創作表示に限って確認済み。
s606,6,World affairs,The Regional Renewable Energy Cooperative,vocabulary-review,long-words,approved-after-review,retain-common-or-topic-words,,事実確認後に語彙・文長を再計測。難語は題材理解に必要な語か、明示的な創作表示に限って確認済み。
s607,8,World affairs,National Apprenticeship Modernization Program,vocabulary-review,long-words,approved-after-review,retain-common-or-topic-words,,事実確認後に語彙・文長を再計測。難語は題材理解に必要な語か、明示的な創作表示に限って確認済み。
s608,7,World affairs,Multi-Municipal Emergency Medical Service,vocabulary-review,long-words,approved-after-review,retain-common-or-topic-words,,事実確認後に語彙・文長を再計測。難語は題材理解に必要な語か、明示的な創作表示に限って確認済み。
s609,8,World affairs,The National Community Land Trust Initiative,within-guardrails,,pass,no-further-change,,事実確認後に語彙・文長を再計測。難語は題材理解に必要な語か、明示的な創作表示に限って確認済み。
s610,8,World affairs,Regional Circular Economy Partnership,vocabulary-review,long-words,approved-after-review,retain-common-or-topic-words,,事実確認後に語彙・文長を再計測。難語は題材理解に必要な語か、明示的な創作表示に限って確認済み。
s611,9,World affairs,International Knowledge-Sharing Network for Sustainable Agriculture,vocabulary-review,long-words,approved-after-review,retain-common-or-topic-words,,事実確認後に語彙・文長を再計測。難語は題材理解に必要な語か、明示的な創作表示に限って確認済み。
s612,9,World affairs,The Federated Approach to Regional Refugee Resettlement,vocabulary-review,long-words,approved-after-review,retain-common-or-topic-words,,事実確認後に語彙・文長を再計測。難語は題材理解に必要な語か、明示的な創作表示に限って確認済み。
s613,10,World affairs,Polycentric Governance Model for Transboundary Environmental Management,vocabulary-review,long-words,approved-after-review,retain-common-or-topic-words,environmental; governance; management; transboundary; addressing; arrangement; centralized; multiple; polycentric; researchers,単一の長語率指標のみ超過。低頻度語率と極低頻度語率は基準内で、日常語または題材の理解に必要な語を文脈付きで維持。
s614,10,World affairs,Deliberative Mini-Public Model for Contested Infrastructure Decisions,vocabulary-review,long-words,approved-after-review,retain-common-or-topic-words,conventional; decisions; processes; deliberative; democratic; infrastructure; selected; adversarial; citizens; contested,単一の長語率指標のみ超過。低頻度語率と極低頻度語率は基準内で、日常語または題材の理解に必要な語を文脈付きで維持。
s615,1,Everyday life,A Cup of Coffee,within-guardrails,,pass,no-further-change,,Level別の語彙・構文ガードレール内。
s616,1,Everyday life,Cleaning My Room,within-guardrails,,pass,no-further-change,,Level別の語彙・構文ガードレール内。
s617,2,Everyday life,Forgotten Birthday Card,within-guardrails,,pass,no-further-change,,Level別の語彙・構文ガードレール内。
s618,2,Everyday life,The New Kitchen Gadget,within-guardrails,,pass,no-further-change,,Level別の語彙・構文ガードレール内。
s619,3,Everyday life,Surprise Visit,vocabulary-review,long-words,approved-after-review,retain-common-or-topic-words,surprise; absolutely; apartment; catching; connected; considerable; embraced; excitedly; explained; happened,単一の長語率指標のみ超過。低頻度語率と極低頻度語率は基準内で、日常語または題材の理解に必要な語を文脈付きで維持。
s620,3,Everyday life,Community Garden Plot,within-guardrails,,pass,no-further-change,,Level別の語彙・構文ガードレール内。
s621,4,Everyday life,The Unexpected Career Change,vocabulary-review,long-words,approved-after-review,retain-common-or-topic-words,decision; business; challenges; abandoning; accountant; accounting; appreciated; building; carefully; challenging,単一の長語率指標のみ超過。低頻度語率と極低頻度語率は基準内で、日常語または題材の理解に必要な語を文脈付きで維持。
s622,4,Everyday life,Long-Distance Friendship,vocabulary-review,long-words,approved-after-review,retain-common-or-topic-words,different; distance; friendship; connection; consistent; maintain; physical; admittedly; carefully; challenges,単一の長語率指標のみ超過。低頻度語率と極低頻度語率は基準内で、日常語または題材の理解に必要な語を文脈付きで維持。
s623,5,Everyday life,Inherited Responsibility,vocabulary-review,long-words,approved-after-review,retain-common-or-topic-words,business; throughout; unfamiliar; customer; apparently; attempting; background; community; competently; considered,単一の長語率指標のみ超過。低頻度語率と極低頻度語率は基準内で、日常語または題材の理解に必要な語を文脈付きで維持。
s624,5,Everyday life,The Roommate Situation,within-guardrails,,pass,no-further-change,,Level別の語彙・構文ガードレール内。
s625,6,Everyday life,Family Business Succession,within-guardrails,,pass,no-further-change,,Level別の語彙・構文ガードレール内。
s626,6,Everyday life,Blended Family Adjustment,vocabulary-review,long-words,approved-after-review,retain-common-or-topic-words,children; adjustment; blending; daughter; difficult; stepfather; admitting; appreciate; arrangements; artificial,単一の長語率指標のみ超過。低頻度語率と極低頻度語率は基準内で、日常語または題材の理解に必要な語を文脈付きで維持。
s627,7,Everyday life,The Caregiver's Difficult Balance,vocabulary-review,long-words,approved-after-review,retain-common-or-topic-words,caregiving; difficult; responsibilities; competing; conversations; experiencing; managing; similarly; adequately; arrangement,単一の長語率指標のみ超過。低頻度語率と極低頻度語率は基準内で、日常語または題材の理解に必要な語を文脈付きで維持。
s628,7,Everyday life,Empty Nest Transition,within-guardrails,,pass,no-further-change,,Level別の語彙・構文ガードレール内。
s629,8,Everyday life,Reconciliation After Decades of Silence,within-guardrails,,pass,no-further-change,,Level別の語彙・構文ガードレール内。
s630,8,Everyday life,The Late-Life Career Reinvention,within-guardrails,,pass,no-further-change,,Level別の語彙・構文ガードレール内。
s631,9,Everyday life,Multigenerational Household Experiment,within-guardrails,,pass,no-further-change,,Level別の語彙・構文ガードレール内。
s632,9,Everyday life,Friendship Tested by Financial Success,within-guardrails,,pass,no-further-change,,Level別の語彙・構文ガードレール内。
s633,10,Everyday life,The Inheritance That Revealed a Hidden Family History,within-guardrails,,pass,no-further-change,,Level別の語彙・構文ガードレール内。
s634,10,Everyday life,Decades-Long Correspondence With a Childhood Pen Pal,within-guardrails,,pass,no-further-change,,Level別の語彙・構文ガードレール内。
s635,1,History,Old Tower,within-guardrails,,pass,no-further-change,,事実確認後に語彙・文長を再計測。難語は題材理解に必要な語か、明示的な創作表示に限って確認済み。
s636,1,History,The First Trade,within-guardrails,,pass,no-further-change,,事実確認後に語彙・文長を再計測。難語は題材理解に必要な語か、明示的な創作表示に限って確認済み。
s637,2,History,Town Crier,within-guardrails,,pass,no-further-change,,事実確認後に語彙・文長を再計測。難語は題材理解に必要な語か、明示的な創作表示に限って確認済み。
s638,4,History,Traveling Peddler,vocabulary-review,long-words,approved-after-review,retain-common-or-topic-words,,事実確認後に語彙・文長を再計測。難語は題材理解に必要な語か、明示的な創作表示に限って確認済み。
s639,3,History,The Lighthouse Keeper's Daughter,vocabulary-review,long-words,approved-after-review,retain-common-or-topic-words,,事実確認後に語彙・文長を再計測。難語は題材理解に必要な語か、明示的な創作表示に限って確認済み。
s640,5,History,Orphan Clockmaker,within-guardrails,,pass,no-further-change,,事実確認後に語彙・文長を再計測。難語は題材理解に必要な語か、明示的な創作表示に限って確認済み。
s641,4,History,Printer Who Risked Everything,within-guardrails,,pass,no-further-change,,事実確認後に語彙・文長を再計測。難語は題材理解に必要な語か、明示的な創作表示に限って確認済み。
s642,5,History,The Midwife's Secret Knowledge,vocabulary-review,long-words,approved-after-review,retain-common-or-topic-words,,事実確認後に語彙・文長を再計測。難語は題材理解に必要な語か、明示的な創作表示に限って確認済み。
s643,5,History,Interpreter Who Prevented a War,within-guardrails,,pass,no-further-change,,事実確認後に語彙・文長を再計測。難語は題材理解に必要な語か、明示的な創作表示に限って確認済み。
s644,8,History,Astronomer Who Corrected an Ancient Error,within-guardrails,,pass,no-further-change,,事実確認後に語彙・文長を再計測。難語は題材理解に必要な語か、明示的な創作表示に限って確認済み。
s645,8,History,The Diplomat's Unconventional Peace Proposal,vocabulary-review,long-words,approved-after-review,retain-common-or-topic-words,,事実確認後に語彙・文長を再計測。難語は題材理解に必要な語か、明示的な創作表示に限って確認済み。
s646,6,History,Merchant Who Funded a Library,vocabulary-review,long-words,approved-after-review,retain-common-or-topic-words,,事実確認後に語彙・文長を再計測。難語は題材理解に必要な語か、明示的な創作表示に限って確認済み。
s647,7,History,Regent Who Governed by Committee,vocabulary-review,long-words,approved-after-review,retain-common-or-topic-words,,事実確認後に語彙・文長を再計測。難語は題材理解に必要な語か、明示的な創作表示に限って確認済み。
s648,7,History,The Cartographer's Deliberate Error,within-guardrails,,pass,no-further-change,,事実確認後に語彙・文長を再計測。難語は題材理解に必要な語か、明示的な創作表示に限って確認済み。
s649,8,History,Translator Who Preserved a Dying Language,within-guardrails,,pass,no-further-change,,事実確認後に語彙・文長を再計測。難語は題材理解に必要な語か、明示的な創作表示に限って確認済み。
s650,8,History,Engineer Who Refused to Certify an Unsafe Bridge,within-guardrails,,pass,no-further-change,,事実確認後に語彙・文長を再計測。難語は題材理解に必要な語か、明示的な創作表示に限って確認済み。
s651,9,History,The Archivist Who Smuggled a Nation's Memory,within-guardrails,,pass,no-further-change,,事実確認後に語彙・文長を再計測。難語は題材理解に必要な語か、明示的な創作表示に限って確認済み。
s652,9,History,Economist Whose Warnings Went Unheeded,within-guardrails,,pass,no-further-change,,事実確認後に語彙・文長を再計測。難語は題材理解に必要な語か、明示的な創作表示に限って確認済み。
s653,10,History,Historian Who Documented Her Own Erasure,within-guardrails,,pass,no-further-change,,事実確認後に語彙・文長を再計測。難語は題材理解に必要な語か、明示的な創作表示に限って確認済み。
s654,10,History,The Cryptographer Whose Code Remained Unbroken for a Century,within-guardrails,,pass,no-further-change,,事実確認後に語彙・文長を再計測。難語は題材理解に必要な語か、明示的な創作表示に限って確認済み。
s655,1,Science,Why We Sneeze,vocabulary-review,low-frequency,approved-after-review,retain-topic-vocabulary,sneeze; pushes; tickled,単一の頻度指標のみ超過。固有の動植物名・科学語・文化語など、題材の核となる語を反復または説明のある文脈で維持。
s656,1,Science,Magnets Stick Together,within-guardrails,,pass,no-further-change,,Level別の語彙・構文ガードレール内。
s657,2,Science,Why Ice Cream Melts,vocabulary-review,very-low-frequency,approved-after-review,retain-topic-vocabulary,drips,単一の頻度指標のみ超過。固有の動植物名・科学語・文化語など、題材の核となる語を反復または説明のある文脈で維持。
s658,2,Science,How Plants Drink Water,within-guardrails,,pass,no-further-change,,Level別の語彙・構文ガードレール内。
s659,3,Science,Why Some Objects Float and Others Sink,vocabulary-review,very-low-frequency,approved-after-review,retain-topic-vocabulary,buoyancy; denser; displaces,単一の頻度指標のみ超過。固有の動植物名・科学語・文化語など、題材の核となる語を反復または説明のある文脈で維持。
s660,3,Science,The Science of Static Electricity,within-guardrails,,pass,no-further-change,,Level別の語彙・構文ガードレール内。
s661,4,Science,How Vaccines Prevent Disease Outbreaks,within-guardrails,,pass,no-further-change,,Level別の語彙・構文ガードレール内。
s662,4,Science,Physics of Why Sound Travels Differently Through Different Materials,vocabulary-review,long-words,approved-after-review,retain-common-or-topic-words,compared; materials; molecules; vibrations; applications; directly; practical; together; transmission; understanding,単一の長語率指標のみ超過。低頻度語率と極低頻度語率は基準内で、日常語または題材の理解に必要な語を文脈付きで維持。
s663,5,Science,Why Yawning May Be Contagious,within-guardrails,,pass,no-further-change,,事実確認後に語彙・文長を再計測。難語は題材理解に必要な語か、明示的な創作表示に限って確認済み。
s664,5,Science,How Our Bodies Convert Food Into Usable Energy,within-guardrails,,pass,no-further-change,,Level別の語彙・構文ガードレール内。
s665,6,Science,Neuroscience of Habit Formation,within-guardrails,,pass,no-further-change,,Level別の語彙・構文ガードレール内。
s666,6,Science,How Coral Bleaching Threatens Ocean Ecosystems,vocabulary-review,low-frequency,approved-after-review,retain-topic-vocabulary,coral; reef; bleaching; reefs; algae; habitat; organisms; symbiotic; biodiverse; characteristic,単一の頻度指標のみ超過。固有の動植物名・科学語・文化語など、題材の核となる語を反復または説明のある文脈で維持。
s667,7,Science,Chemistry of Why Certain Metals Corrode Faster Than Others,within-guardrails,,pass,no-further-change,,Level別の語彙・構文ガードレール内。
s668,7,Science,Physiology of Altitude Sickness,within-guardrails,,pass,no-further-change,,Level別の語彙・構文ガードレール内。
s669,8,Science,The Genetics of Why Identical Twins Aren't Perfectly Identical,within-guardrails,,pass,no-further-change,,Level別の語彙・構文ガードレール内。
s670,8,Science,Physics of Why GPS Requires Correcting for Relativity,within-guardrails,,pass,no-further-change,,Level別の語彙・構文ガードレール内。
s671,9,Science,Microbiome's Influence on Human Health and Behavior,within-guardrails,,pass,no-further-change,,Level別の語彙・構文ガードレール内。
s672,9,Science,The Astrophysics of Gravitational Waves,within-guardrails,,pass,no-further-change,,Level別の語彙・構文ガードレール内。
s673,10,Science,Theoretical Physics of Quantum Entanglement and Its Implications,within-guardrails,,pass,no-further-change,,Level別の語彙・構文ガードレール内。
s674,10,Science,Molecular Biology of CRISPR Gene Editing Technology,within-guardrails,,pass,no-further-change,,Level別の語彙・構文ガードレール内。
s675,1,Famous books,The Ugly Duckling,vocabulary-review,very-low-frequency,approved-after-review,retain-topic-vocabulary,duckling,単一の頻度指標のみ超過。固有の動植物名・科学語・文化語など、題材の核となる語を反復または説明のある文脈で維持。
s676,1,Famous books,The Princess and the Pea,within-guardrails,,pass,no-further-change,,Level別の語彙・構文ガードレール内。
s677,2,Famous books,The Bremen Town Musicians,within-guardrails,,pass,no-further-change,,Level別の語彙・構文ガードレール内。
s678,2,Famous books,Pinocchio Meets the Talking Cricket,within-guardrails,,pass,no-further-change,,Level別の語彙・構文ガードレール内。
s679,3,Famous books,Pinocchio Meets the Fox and the Cat,within-guardrails,,pass,no-further-change,,Level別の語彙・構文ガードレール内。
s680,3,Famous books,Thumbelina Leaves Her Home,within-guardrails,,pass,no-further-change,,Level別の語彙・構文ガードレール内。
s681,4,Famous books,Marley's Ghost Visits Scrooge,within-guardrails,,pass,no-further-change,,Level別の語彙・構文ガードレール内。
s682,6,Famous books,The Treasure of Monte Cristo,within-guardrails,,pass,no-further-change,,Level別の語彙・構文ガードレール内。
s683,5,Famous books,Robinson Crusoe Is Shipwrecked,within-guardrails,,pass,no-further-change,,Level別の語彙・構文ガードレール内。
s684,5,Famous books,The Footprint in the Sand,within-guardrails,,pass,no-further-change,,Level別の語彙・構文ガードレール内。
s685,6,Famous books,D'Artagnan Arrives in Paris,vocabulary-review,very-low-frequency,approved-after-review,retain-topic-vocabulary,d'artagnan; musketeers; duels,単一の頻度指標のみ超過。固有の動植物名・科学語・文化語など、題材の核となる語を反復または説明のある文脈で維持。
s686,6,Famous books,The Queen's Diamonds,within-guardrails,,pass,no-further-change,,Level別の語彙・構文ガードレール内。
s687,7,Famous books,Dorian's Double Life,within-guardrails,,pass,no-further-change,,Level別の語彙・構文ガードレール内。
s688,7,Famous books,Dorian Faces the Portrait,within-guardrails,,pass,no-further-change,,Level別の語彙・構文ガードレール内。
s689,8,Famous books,Captain Nemo's Hidden World,within-guardrails,,pass,no-further-change,,Level別の語彙・構文ガードレール内。
s690,8,Famous books,The Attack of the Giant Squid,within-guardrails,,pass,no-further-change,,Level別の語彙・構文ガードレール内。
s691,9,Famous books,Revolution and Justice in Paris,within-guardrails,,pass,no-further-change,,Level別の語彙・構文ガードレール内。
s692,9,Famous books,Dorian Gray and the Cost of Beauty,within-guardrails,,pass,no-further-change,,Level別の語彙・構文ガードレール内。
s693,10,Famous books,A Tale of Two Cities: Sacrifice and Political Violence,within-guardrails,,pass,no-further-change,,Level別の語彙・構文ガードレール内。
s694,10,Famous books,"The Scarlet Letter: Guilt, Identity, and Public Morality",within-guardrails,,pass,no-further-change,,Level別の語彙・構文ガードレール内。
s695,1,Fantasy/stories,The Blue Kite,vocabulary-review,low-frequency,approved-after-review,retain-topic-vocabulary,kite; smiled,単一の頻度指標のみ超過。固有の動植物名・科学語・文化語など、題材の核となる語を反復または説明のある文脈で維持。
s696,1,Fantasy/stories,The Little Red Boat,within-guardrails,,pass,no-further-change,,Level別の語彙・構文ガードレール内。
s697,1,Nature and animals,A Bird at My Window,within-guardrails,,pass,no-further-change,,Level別の語彙・構文ガードレール内。
s698,1,Nature and animals,The Busy Ant Trail,vocabulary-review,low-frequency,approved-after-review,retain-topic-vocabulary,ant; ants,単一の頻度指標のみ超過。固有の動植物名・科学語・文化語など、題材の核となる語を反復または説明のある文脈で維持。
s699,1,World affairs,A New Well for the Village,within-guardrails,,pass,no-further-change,,Level別の語彙・構文ガードレール内。
s700,1,World affairs,The Market Gets a Roof,within-guardrails,,pass,no-further-change,,Level別の語彙・構文ガードレール内。
s701,1,Everyday life,The Key Under the Chair,within-guardrails,,pass,no-further-change,,Level別の語彙・構文ガードレール内。
s702,1,Everyday life,My Quiet Morning,within-guardrails,,pass,no-further-change,,Level別の語彙・構文ガードレール内。
s703,1,History,Bread in Ancient Egypt,vocabulary-review,low-frequency,approved-after-review,retain-topic-vocabulary,baked; dough; loaf; ovens; shapes,単一の頻度指標のみ超過。固有の動植物名・科学語・文化語など、題材の核となる語を反復または説明のある文脈で維持。
s704,1,History,A Roman Road,within-guardrails,,pass,no-further-change,,Level別の語彙・構文ガードレール内。
s705,1,Science,Why Ice Melts,within-guardrails,,pass,no-further-change,,Level別の語彙・構文ガードレール内。
s706,1,Science,A Shadow Moves,within-guardrails,,pass,no-further-change,,Level別の語彙・構文ガードレール内。
s707,1,Famous books,The Dog and His Reflection,within-guardrails,,pass,no-further-change,,Level別の語彙・構文ガードレール内。
s708,1,Famous books,The Golden Goose,vocabulary-review,long-words,approved-after-review,retain-common-or-topic-words,stranger; feathers; followed; kindness; princess,単一の長語率指標のみ超過。低頻度語率と極低頻度語率は基準内で、日常語または題材の理解に必要な語を文脈付きで維持。
s709,2,Fantasy/stories,The Door in the Tree,within-guardrails,,pass,no-further-change,,Level別の語彙・構文ガードレール内。
s710,2,Fantasy/stories,Mina and the Moon Bell,within-guardrails,,pass,no-further-change,,Level別の語彙・構文ガードレール内。
s711,2,Nature and animals,The Frog in the Garden,within-guardrails,,pass,no-further-change,,Level別の語彙・構文ガードレール内。
s712,2,Nature and animals,Why Cats Move Their Ears,within-guardrails,,pass,no-further-change,,Level別の語彙・構文ガードレール内。
s713,2,World affairs,A Town Shares Its Water,within-guardrails,,pass,no-further-change,,Level別の語彙・構文ガードレール内。
s714,2,World affairs,When the Market Moved Indoors,vocabulary-review,long-words,approved-after-review,retain-common-or-topic-words,building; customers; accepted; changing; experience; hundreds; meetings; officials; problems; returned,単一の長語率指標のみ超過。低頻度語率と極低頻度語率は基準内で、日常語または題材の理解に必要な語を文脈付きで維持。
s715,2,Everyday life,The Wrong Bus Home,within-guardrails,,pass,no-further-change,,Level別の語彙・構文ガードレール内。
s716,2,Everyday life,Cooking Rice for Two,within-guardrails,,pass,no-further-change,,Level別の語彙・構文ガードレール内。
s717,2,History,A Day in Ancient Pompeii,within-guardrails,,pass,no-further-change,,Level別の語彙・構文ガードレール内。
s718,2,History,How Vikings Used Longships,within-guardrails,,pass,no-further-change,,Level別の語彙・構文ガードレール内。
s719,2,Science,How Soap Cleans Your Hands,within-guardrails,,pass,no-further-change,,Level別の語彙・構文ガードレール内。
s720,2,Science,Why We See the Moon,within-guardrails,,pass,no-further-change,,Level別の語彙・構文ガードレール内。
s721,2,Famous books,The Fisherman and His Wife,within-guardrails,,pass,no-further-change,,Level別の語彙・構文ガードレール内。
s722,2,Famous books,The Little Match Girl,within-guardrails,,pass,no-further-change,,Level別の語彙・構文ガードレール内。
s723,3,Fantasy/stories,The House That Moved at Night,within-guardrails,,pass,no-further-change,,Level別の語彙・構文ガードレール内。
s724,3,Fantasy/stories,The Boy Who Borrowed a Cloud,within-guardrails,,pass,no-further-change,,Level別の語彙・構文ガードレール内。
s725,3,Nature and animals,The Night of the Fireflies,vocabulary-review,very-low-frequency,approved-after-review,retain-topic-vocabulary,fireflies; riverbank,単一の頻度指標のみ超過。固有の動植物名・科学語・文化語など、題材の核となる語を反復または説明のある文脈で維持。
s726,3,Nature and animals,How a Young Seal Learns to Swim,within-guardrails,,pass,no-further-change,,Level別の語彙・構文ガードレール内。
s727,3,World affairs,Why Cities Plant More Trees,within-guardrails,,pass,no-further-change,,Level別の語彙・構文ガードレール内。
s728,3,World affairs,A Small Island Builds Higher Roads,within-guardrails,,pass,no-further-change,,Level別の語彙・構文ガードレール内。
s729,3,Everyday life,A Phone Call from an Old Friend,within-guardrails,,pass,no-further-change,,Level別の語彙・構文ガードレール内。
s730,3,Everyday life,The Umbrella Left at the Cafe,within-guardrails,,pass,no-further-change,,Level別の語彙・構文ガードレール内。
s731,3,History,A Messenger on the Inca Roads,within-guardrails,,pass,no-further-change,,Level別の語彙・構文ガードレール内。
s732,3,History,Printing Changes Europe,within-guardrails,,pass,no-further-change,,Level別の語彙・構文ガードレール内。
s733,3,Science,What Makes Thunder,within-guardrails,,pass,no-further-change,,Level別の語彙・構文ガードレール内。
s734,3,Science,How Seeds Know Which Way to Grow,within-guardrails,,pass,no-further-change,,Level別の語彙・構文ガードレール内。
s735,3,Famous books,Dorothy Meets the Scarecrow,vocabulary-review,long-words,approved-after-review,retain-common-or-topic-words,scarecrow; believed; continued; different; explained; following; noticing; problems; questions; recently,単一の長語率指標のみ超過。低頻度語率と極低頻度語率は基準内で、日常語または題材の理解に必要な語を文脈付きで維持。
s736,3,Famous books,Tom Sawyer Paints the Fence,within-guardrails,,pass,no-further-change,,Level別の語彙・構文ガードレール内。
s737,4,Fantasy/stories,The Clockmaker's Secret Room,within-guardrails,,pass,no-further-change,,Level別の語彙・構文ガードレール内。
s738,4,Fantasy/stories,The Village Under the Lake,within-guardrails,,pass,no-further-change,,Level別の語彙・構文ガードレール内。
s739,4,Nature and animals,The Trees That Share Water,within-guardrails,,pass,no-further-change,,Level別の語彙・構文ガードレール内。
s740,4,Nature and animals,The Bee That Finds the Flowers,within-guardrails,,pass,no-further-change,,Level別の語彙・構文ガードレール内。
s741,4,World affairs,How Food Aid Reaches a Community,within-guardrails,,pass,no-further-change,,Level別の語彙・構文ガードレール内。
s742,4,World affairs,The Town That Changed Its Waste Rules,within-guardrails,,pass,no-further-change,,Level別の語彙・構文ガードレール内。
s743,4,Everyday life,The Flat Above the Bakery,within-guardrails,,pass,no-further-change,,Level別の語彙・構文ガードレール内。
s744,4,Everyday life,A Saturday Without a Phone,within-guardrails,,pass,no-further-change,,Level別の語彙・構文ガードレール内。
s745,4,History,How the Compass Changed Sea Travel,within-guardrails,,pass,no-further-change,,Level別の語彙・構文ガードレール内。
s746,4,History,The First Public Clocks,within-guardrails,,pass,no-further-change,,Level別の語彙・構文ガードレール内。
s747,4,Science,Why Metal Feels Colder Than Wood,within-guardrails,,pass,no-further-change,,Level別の語彙・構文ガードレール内。
s748,4,Science,How Vaccines Train the Immune System,within-guardrails,,pass,no-further-change,,Level別の語彙・構文ガードレール内。
s749,4,Famous books,Dorothy Meets the Cowardly Lion,within-guardrails,,pass,no-further-change,,Level別の語彙・構文ガードレール内。
s750,4,Famous books,Tom and Huck in the Graveyard,within-guardrails,,pass,no-further-change,,Level別の語彙・構文ガードレール内。
s751,5,Fantasy/stories,The Library at the End of the Road,within-guardrails,,pass,no-further-change,,Level別の語彙・構文ガードレール内。
s752,5,Fantasy/stories,The Girl Who Could Hear Old Walls,within-guardrails,,pass,no-further-change,,Level別の語彙・構文ガードレール内。
s753,5,Nature and animals,When Wolves Return to a Valley,within-guardrails,,pass,no-further-change,,Level別の語彙・構文ガードレール内。
s754,5,Nature and animals,The Secret Life of Tide Pools,within-guardrails,,pass,no-further-change,,Level別の語彙・構文ガードレール内。
s755,5,World affairs,Why Some Cities Limit Short-Term Rentals,within-guardrails,,pass,no-further-change,,Level別の語彙・構文ガードレール内。
s756,5,World affairs,A Region Rebuilds After a Major Flood,within-guardrails,,pass,no-further-change,,Level別の語彙・構文ガードレール内。
s757,5,Everyday life,Learning to Say No Politely,within-guardrails,,pass,no-further-change,,Level別の語彙・構文ガードレール内。
s758,5,Everyday life,The Neighbor Who Watered the Plants,within-guardrails,,pass,no-further-change,,Level別の語彙・構文ガードレール内。
s759,5,History,The Opening of the Suez Canal,within-guardrails,,pass,no-further-change,,Level別の語彙・構文ガードレール内。
s760,5,History,The First Railway Between Tokyo and Yokohama,within-guardrails,,pass,no-further-change,,Level別の語彙・構文ガードレール内。
s761,5,Science,Why Sleep Helps Memory,within-guardrails,,pass,no-further-change,,Level別の語彙・構文ガードレール内。
s762,5,Science,How GPS Finds Your Position,within-guardrails,,pass,no-further-change,,Level別の語彙・構文ガードレール内。
s763,5,Famous books,David Copperfield Leaves the Factory,within-guardrails,,pass,no-further-change,,Level別の語彙・構文ガードレール内。
s764,5,Famous books,Jane Eyre at Lowood,within-guardrails,,pass,no-further-change,,Level別の語彙・構文ガードレール内。
s765,6,Fantasy/stories,The City That Forgot the Sun,within-guardrails,,pass,no-further-change,,Level別の語彙・構文ガードレール内。
s766,6,Fantasy/stories,The Messenger from the Empty Kingdom,within-guardrails,,pass,no-further-change,,Level別の語彙・構文ガードレール内。
s767,6,Nature and animals,How Elephants Remember Dry Seasons,within-guardrails,,pass,no-further-change,,Level別の語彙・構文ガードレール内。
s768,6,Nature and animals,The Long Journey of a Monarch Butterfly,within-guardrails,,pass,no-further-change,,Level別の語彙・構文ガードレール内。
s769,6,World affairs,The Debate Over a New Dam,within-guardrails,,pass,no-further-change,,Level別の語彙・構文ガードレール内。
s770,6,World affairs,How Communities Share a River,within-guardrails,,pass,no-further-change,,Level別の語彙・構文ガードレール内。
s771,6,Everyday life,Why We Put Off Small Tasks,within-guardrails,,pass,no-further-change,,Level別の語彙・構文ガードレール内。
s772,6,Everyday life,The Dinner Where Nobody Checked a Phone,within-guardrails,,pass,no-further-change,,Level別の語彙・構文ガードレール内。
s773,6,History,The Haitian Revolution and the End of Slavery,within-guardrails,,pass,no-further-change,,Level別の語彙・構文ガードレール内。
s774,6,History,How Cholera Changed City Sanitation,within-guardrails,,pass,no-further-change,,Level別の語彙・構文ガードレール内。
s775,6,Science,What Happens Inside a Battery,within-guardrails,,pass,no-further-change,,Level別の語彙・構文ガードレール内。
s776,6,Science,Why Antibiotic Resistance Evolves,within-guardrails,,pass,no-further-change,,Level別の語彙・構文ガードレール内。
s777,6,Famous books,Jane Eyre Meets Mr Rochester,within-guardrails,,pass,no-further-change,,Level別の語彙・構文ガードレール内。
s778,6,Famous books,David Copperfield Meets Mr Micawber,within-guardrails,,pass,no-further-change,,Level別の語彙・構文ガードレール内。
s779,7,Fantasy/stories,The Painter of Tomorrow's Sky,within-guardrails,,pass,no-further-change,,Level別の語彙・構文ガードレール内。
s780,7,Fantasy/stories,The Forest That Remembered Names,within-guardrails,,pass,no-further-change,,Level別の語彙・構文ガードレール内。
s781,7,Nature and animals,The Coral Reef After the Heat,within-guardrails,,pass,no-further-change,,Level別の語彙・構文ガードレール内。
s782,7,Nature and animals,How Crows Learn from Each Other,within-guardrails,,pass,no-further-change,,Level別の語彙・構文ガードレール内。
s783,7,World affairs,When a Country Changes Its Energy Mix,within-guardrails,,pass,no-further-change,,Level別の語彙・構文ガードレール内。
s784,7,World affairs,The Difficult Work of Resettling Refugees,within-guardrails,,pass,no-further-change,,Level別の語彙・構文ガードレール内。
s785,7,Everyday life,The Invisible Work of Keeping a Home,within-guardrails,,pass,no-further-change,,Level別の語彙・構文ガードレール内。
s786,7,Everyday life,What We Learn from Repeated Routines,within-guardrails,,pass,no-further-change,,Level別の語彙・構文ガードレール内。
s787,7,History,The Berlin Airlift,within-guardrails,,pass,no-further-change,,Level別の語彙・構文ガードレール内。
s788,7,History,The Green Revolution and Its Mixed Legacy,within-guardrails,,pass,no-further-change,,Level別の語彙・構文ガードレール内。
s789,7,Science,How CRISPR Edits DNA,within-guardrails,,pass,no-further-change,,Level別の語彙・構文ガードレール内。
s790,7,Science,Why Quantum Computers Are Different,within-guardrails,,pass,no-further-change,,Level別の語彙・構文ガードレール内。
s791,7,Famous books,Silas Marner and the Stolen Gold,within-guardrails,,pass,no-further-change,,Level別の語彙・構文ガードレール内。
s792,7,Famous books,Quasimodo and the Bells of Notre-Dame,within-guardrails,,pass,no-further-change,,Level別の語彙・構文ガードレール内。
s793,8,Fantasy/stories,The Museum of Unfinished Lives,within-guardrails,,pass,no-further-change,,Level別の語彙・構文ガードレール内。
s794,8,Fantasy/stories,The Island That Appeared Once a Century,within-guardrails,,pass,no-further-change,,Level別の語彙・構文ガードレール内。
s795,8,Nature and animals,The Hidden Network Beneath a Forest,within-guardrails,,pass,no-further-change,,Level別の語彙・構文ガードレール内。
s796,8,Nature and animals,Why Whales Change Their Songs,within-guardrails,,pass,no-further-change,,Level別の語彙・構文ガードレール内。
s797,8,World affairs,Why Global Supply Chains Break,within-guardrails,,pass,no-further-change,,Level別の語彙・構文ガードレール内。
s798,8,World affairs,How Cities Adapt to Extreme Heat,within-guardrails,,pass,no-further-change,,Level別の語彙・構文ガードレール内。
s799,8,Everyday life,The Cost of Always Being Available,within-guardrails,,pass,no-further-change,,Level別の語彙・構文ガードレール内。
s800,8,Everyday life,How Small Habits Change a Week,within-guardrails,,pass,no-further-change,,Level別の語彙・構文ガードレール内。
s801,8,History,The Partition of India,within-guardrails,,pass,no-further-change,,Level別の語彙・構文ガードレール内。
s802,8,History,The Oil Crisis of 1973,within-guardrails,,pass,no-further-change,,Level別の語彙・構文ガードレール内。
s803,8,Science,How Gravitational Waves Are Detected,within-guardrails,,pass,no-further-change,,Level別の語彙・構文ガードレール内。
s804,8,Science,The Physics of a Greenhouse Planet,within-guardrails,,pass,no-further-change,,Level別の語彙・構文ガードレール内。
s805,8,Famous books,Wuthering Heights: Catherine and Heathcliff,within-guardrails,,pass,no-further-change,,Level別の語彙・構文ガードレール内。
s806,8,Famous books,Raskolnikov's Terrible Idea,within-guardrails,,pass,no-further-change,,Level別の語彙・構文ガードレール内。
s807,9,Fantasy/stories,The Memory Merchant,within-guardrails,,pass,no-further-change,,Level別の語彙・構文ガードレール内。
s808,9,Fantasy/stories,The Last Interpreter of Dreams,within-guardrails,,pass,no-further-change,,Level別の語彙・構文ガードレール内。
s809,9,Nature and animals,The Ecology of a Vanishing Wetland,within-guardrails,,pass,no-further-change,,Level別の語彙・構文ガードレール内。
s810,9,Nature and animals,The Evolution of Cooperation in Animals,within-guardrails,,pass,no-further-change,,Level別の語彙・構文ガードレール内。
s811,9,World affairs,The Politics of Water Across Borders,within-guardrails,,pass,no-further-change,,Level別の語彙・構文ガードレール内。
s812,9,World affairs,Why International Agreements Need Trust,within-guardrails,,pass,no-further-change,,Level別の語彙・構文ガードレール内。
s813,9,Everyday life,The Social Rules of Shared Spaces,within-guardrails,,pass,no-further-change,,Level別の語彙・構文ガードレール内。
s814,9,Everyday life,Why Modern Convenience Can Create New Stress,within-guardrails,,pass,no-further-change,,Level別の語彙・構文ガードレール内。
s815,9,History,The Congress of Vienna and the Balance of Power,within-guardrails,,pass,no-further-change,,Level別の語彙・構文ガードレール内。
s816,9,History,Decolonization After the Second World War,within-guardrails,,pass,no-further-change,,Level別の語彙・構文ガードレール内。
s817,9,Science,Why Complex Systems Become Unpredictable,within-guardrails,,pass,no-further-change,,Level別の語彙・構文ガードレール内。
s818,9,Science,How Scientists Estimate the Age of the Universe,within-guardrails,,pass,no-further-change,,Level別の語彙・構文ガードレール内。
s819,9,Famous books,Middlemarch: Dorothea's Idealism,within-guardrails,,pass,no-further-change,,Level別の語彙・構文ガードレール内。
s820,9,Famous books,The Brothers Karamazov: A Family in Conflict,within-guardrails,,pass,no-further-change,,Level別の語彙・構文ガードレール内。
s821,10,Fantasy/stories,The Republic of Forgotten Things,within-guardrails,,pass,no-further-change,,Level別の語彙・構文ガードレール内。
s822,10,Fantasy/stories,The Astronomer Who Mapped Impossible Stars,within-guardrails,,pass,no-further-change,,Level別の語彙・構文ガードレール内。
s823,10,Nature and animals,When Ecosystems Cross a Tipping Point,within-guardrails,,pass,no-further-change,,Level別の語彙・構文ガードレール内。
s824,10,Nature and animals,What Animal Intelligence Means for Us,within-guardrails,,pass,no-further-change,,Level別の語彙・構文ガードレール内。
s825,10,World affairs,The Limits of Economic Sanctions,within-guardrails,,pass,no-further-change,,Level別の語彙・構文ガードレール内。
s826,10,World affairs,How Demographic Change Reshapes Public Policy,within-guardrails,,pass,no-further-change,,Level別の語彙・構文ガードレール内。
s827,10,Everyday life,The Architecture of Attention in Daily Life,within-guardrails,,pass,no-further-change,,Level別の語彙・構文ガードレール内。
s828,10,Everyday life,What Ordinary Rituals Do for Identity,within-guardrails,,pass,no-further-change,,Level別の語彙・構文ガードレール内。
s829,10,History,How Industrialization Reorganized Time,within-guardrails,,pass,no-further-change,,Level別の語彙・構文ガードレール内。
s830,10,History,Why Empires Collapse in Different Ways,within-guardrails,,pass,no-further-change,,Level別の語彙・構文ガードレール内。
s831,10,Science,What Entropy Really Means,within-guardrails,,pass,no-further-change,,Level別の語彙・構文ガードレール内。
s832,10,Science,The Measurement Problem in Quantum Mechanics,within-guardrails,,pass,no-further-change,,Level別の語彙・構文ガードレール内。
s833,10,Famous books,Crime and Punishment: Guilt and Moral Freedom,within-guardrails,,pass,no-further-change,,Level別の語彙・構文ガードレール内。
s834,10,Famous books,Madame Bovary: Desire and Disillusionment,within-guardrails,,pass,no-further-change,,Level別の語彙・構文ガードレール内。
s835,1,Fantasy/stories,The Blue Door,within-guardrails,,pass,no-further-change,,Level別の語彙・構文ガードレール内。
s836,1,Fantasy/stories,A Star in a Cup,within-guardrails,,pass,no-further-change,,Level別の語彙・構文ガードレール内。
s837,1,Fantasy/stories,The Talking Hat,within-guardrails,,pass,no-further-change,,Level別の語彙・構文ガードレール内。
s838,1,Fantasy/stories,Ben and the Cloud,within-guardrails,,pass,no-further-change,,Level別の語彙・構文ガードレール内。
s839,1,Famous books,Heidi Finds a Home,within-guardrails,,pass,no-further-change,,Level別の語彙・構文ガードレール内。
s840,1,Famous books,The Secret Garden Wakes,within-guardrails,,pass,no-further-change,,Level別の語彙・構文ガードレール内。
s841,1,Famous books,Pinocchio Tells the Truth,within-guardrails,,pass,no-further-change,,Level別の語彙・構文ガードレール内。
s842,1,Famous books,Dorothy Follows the Road,within-guardrails,,pass,no-further-change,,Level別の語彙・構文ガードレール内。
s843,1,Famous books,Black Beauty Finds Rest,within-guardrails,,pass,no-further-change,,Level別の語彙・構文ガードレール内。
s844,1,Nature and animals,A Duck in the Rain,within-guardrails,,pass,no-further-change,,Level別の語彙・構文ガードレール内。
s845,1,Nature and animals,The Fox at Dawn,within-guardrails,,pass,no-further-change,,Level別の語彙・構文ガードレール内。
s846,1,Nature and animals,Turtle on the Road,vocabulary-review,low-frequency,approved-after-review,retain-topic-vocabulary,turtle; pond,単一の頻度指標のみ超過。固有の動植物名・科学語・文化語など、題材の核となる語を反復または説明のある文脈で維持。
s847,1,Nature and animals,The Bee's Map,vocabulary-review,low-frequency,approved-after-review,retain-topic-vocabulary,bees; drank; hive,単一の頻度指標のみ超過。固有の動植物名・科学語・文化語など、題材の核となる語を反復または説明のある文脈で維持。
s848,1,World affairs,Two Schools Share a Field,vocabulary-review,long-words,approved-after-review,retain-common-or-topic-words,different; football; teachers; together,単一の長語率指標のみ超過。低頻度語率と極低頻度語率は基準内で、日常語または題材の理解に必要な語を文脈付きで維持。
s849,1,World affairs,Water for Three Streets,within-guardrails,,pass,no-further-change,,Level別の語彙・構文ガードレール内。
s850,1,World affairs,The New Bus Route,within-guardrails,,pass,no-further-change,,Level別の語彙・構文ガードレール内。
s851,1,World affairs,A Market on Both Sides,within-guardrails,,pass,no-further-change,,Level別の語彙・構文ガードレール内。
s852,1,Everyday life,The Extra Lunch,within-guardrails,,pass,no-further-change,,Level別の語彙・構文ガードレール内。
s853,1,Everyday life,Morning at the Bakery,vocabulary-review,long-words,approved-after-review,retain-common-or-topic-words,breakfast; customer; daughter,単一の長語率指標のみ超過。低頻度語率と極低頻度語率は基準内で、日常語または題材の理解に必要な語を文脈付きで維持。
s854,1,Everyday life,The Lost Glove,vocabulary-review,low-frequency,approved-after-review,retain-topic-vocabulary,glove; brother's; smiled,単一の頻度指標のみ超過。固有の動植物名・科学語・文化語など、題材の核となる語を反復または説明のある文脈で維持。
s855,1,Everyday life,A Quiet Birthday,within-guardrails,,pass,no-further-change,,Level別の語彙・構文ガードレール内。
s856,1,History,A Message on Clay,within-guardrails,,pass,no-further-change,,Level別の語彙・構文ガードレール内。
s857,1,History,The Road to the Old Market,within-guardrails,,pass,no-further-change,,Level別の語彙・構文ガードレール内。
s858,1,History,A Sailor Reads the Stars,within-guardrails,,pass,no-further-change,,Level別の語彙・構文ガードレール内。
s859,1,Science,Why Ice Floats,within-guardrails,,pass,no-further-change,,Level別の語彙・構文ガードレール内。
s860,1,Science,The Moving Tree Shadow,vocabulary-review,very-low-frequency,approved-after-review,retain-topic-vocabulary,tree's,単一の頻度指標のみ超過。固有の動植物名・科学語・文化語など、題材の核となる語を反復または説明のある文脈で維持。
s861,1,Science,Seeds Need Air,vocabulary-review,low-frequency,approved-after-review,retain-topic-vocabulary,bean; jar; jars; warmth,単一の頻度指標のみ超過。固有の動植物名・科学語・文化語など、題材の核となる語を反復または説明のある文脈で維持。
s862,2,Fantasy/stories,The Moon Boat,within-guardrails,,pass,no-further-change,,Level別の語彙・構文ガードレール内。
s863,2,Fantasy/stories,The Sleepy Dragon,within-guardrails,,pass,no-further-change,,Level別の語彙・構文ガードレール内。
s864,2,Fantasy/stories,The Pocket Forest,within-guardrails,,pass,no-further-change,,Level別の語彙・構文ガードレール内。
s865,2,Famous books,Peter Pan's Invitation,within-guardrails,,pass,no-further-change,,Level別の語彙・構文ガードレール内。
s866,2,Famous books,The Prince and the Pauper Trade Places,within-guardrails,,pass,no-further-change,,Level別の語彙・構文ガードレール内。
s867,2,Famous books,Anne's First Friend,within-guardrails,,pass,no-further-change,,Level別の語彙・構文ガードレール内。
s868,2,Famous books,Pollyanna's Window,vocabulary-review,very-low-frequency,approved-after-review,retain-topic-vocabulary,aunt's,単一の頻度指標のみ超過。固有の動植物名・科学語・文化語など、題材の核となる語を反復または説明のある文脈で維持。
s869,2,Nature and animals,Otters at Play,vocabulary-review,low-frequency,approved-after-review,retain-topic-vocabulary,otters; chased; hid; paws; playful; rested; shells; stomachs,単一の頻度指標のみ超過。固有の動植物名・科学語・文化語など、題材の核となる語を反復または説明のある文脈で維持。
s870,2,Nature and animals,Seeds on the Wind,vocabulary-review,very-low-frequency,approved-after-review,retain-topic-vocabulary,dandelion,単一の頻度指標のみ超過。固有の動植物名・科学語・文化語など、題材の核となる語を反復または説明のある文脈で維持。
s871,2,Nature and animals,The Patient Heron,within-guardrails,,pass,no-further-change,,Level別の語彙・構文ガードレール内。
s872,2,World affairs,The Library in Two Languages,vocabulary-review,long-words,approved-after-review,retain-common-or-topic-words,grandparents; languages; borrowing; families; finished; language; librarian; recorded; teenagers; visiting,単一の長語率指標のみ超過。低頻度語率と極低頻度語率は基準内で、日常語または題材の理解に必要な語を文脈付きで維持。
s873,2,World affairs,Rice After the Flood,within-guardrails,,pass,no-further-change,,Level別の語彙・構文ガードレール内。
s874,2,World affairs,The Island's Power Cable,within-guardrails,,pass,no-further-change,,Level別の語彙・構文ガードレール内。
s875,2,World affairs,A Vote from Far Away,within-guardrails,,pass,no-further-change,,Level別の語彙・構文ガードレール内。
s876,2,Everyday life,The Wrong Umbrella,within-guardrails,,pass,no-further-change,,Level別の語彙・構文ガードレール内。
s877,2,Everyday life,Saturday Repair,vocabulary-review,low-frequency,approved-after-review,retain-topic-vocabulary,bicycle; brakes; chen; lamps; omar; radios; repaired; sew; tick; wires,単一の頻度指標のみ超過。固有の動植物名・科学語・文化語など、題材の核となる語を反復または説明のある文脈で維持。
s878,2,Everyday life,A Seat Near the Window,within-guardrails,,pass,no-further-change,,Level別の語彙・構文ガードレール内。
s879,2,Everyday life,Dinner Without a Recipe,within-guardrails,,pass,no-further-change,,Level別の語彙・構文ガードレール内。
s880,2,History,Bread in a Medieval Town,within-guardrails,,pass,no-further-change,,Level別の語彙・構文ガードレール内。
s881,2,History,The Ink Maker's Work,within-guardrails,,pass,no-further-change,,Level別の語彙・構文ガードレール内。
s882,2,History,A Bell for the Harbor,vocabulary-review,very-low-frequency,approved-after-review,retain-topic-vocabulary,keeper's,単一の頻度指標のみ超過。固有の動植物名・科学語・文化語など、題材の核となる語を反復または説明のある文脈で維持。
s883,2,History,The Village Keeps Its Well,within-guardrails,,pass,no-further-change,,Level別の語彙・構文ガードレール内。
s884,2,Science,Soap and Pepper,within-guardrails,,pass,no-further-change,,Level別の語彙・構文ガードレール内。
s885,2,Science,The Slow Banana,within-guardrails,,pass,no-further-change,,Level別の語彙・構文ガードレール内。
s886,2,Science,Sound Through a String,within-guardrails,,pass,no-further-change,,Level別の語彙・構文ガードレール内。
s887,3,Fantasy/stories,The Clock That Paused,within-guardrails,,pass,no-further-change,,Level別の語彙・構文ガードレール内。
s888,3,Fantasy/stories,The Bridge of Feathers,vocabulary-review,low-frequency,approved-after-review,retain-topic-vocabulary,feathers; builders; circled; feather; fishers; floated; mara; rested; ropes; sorted,単一の頻度指標のみ超過。固有の動植物名・科学語・文化語など、題材の核となる語を反復または説明のある文脈で維持。
s889,3,Fantasy/stories,A Map Made of Song,within-guardrails,,pass,no-further-change,,Level別の語彙・構文ガードレール内。
s890,3,Fantasy/stories,The Baker of Dreams,within-guardrails,,pass,no-further-change,,Level別の語彙・構文ガードレール内。
s891,3,Famous books,The Railway Children Wait,within-guardrails,,pass,no-further-change,,Level別の語彙・構文ガードレール内。
s892,3,Famous books,Alice Questions the Court,within-guardrails,,pass,no-further-change,,Level別の語彙・構文ガードレール内。
s893,3,Famous books,Mowgli Chooses His Path,within-guardrails,,pass,no-further-change,,Level別の語彙・構文ガードレール内。
s894,3,Famous books,The Little Prince and the Rose,within-guardrails,,pass,no-further-change,,Level別の語彙・構文ガードレール内。
s895,3,Nature and animals,Elephants at the Dry River,vocabulary-review,very-low-frequency,approved-after-review,retain-topic-vocabulary,elephant's; riverbed,単一の頻度指標のみ超過。固有の動植物名・科学語・文化語など、題材の核となる語を反復または説明のある文脈で維持。
s896,3,Nature and animals,The Night Garden,within-guardrails,,pass,no-further-change,,Level別の語彙・構文ガードレール内。
s897,3,Nature and animals,Coral's Quiet Partnership,vocabulary-review,low-frequency,approved-after-review,retain-topic-vocabulary,coral; algae; crabs; lasts; reef; reefs; starve; sunlight,単一の頻度指標のみ超過。固有の動植物名・科学語・文化語など、題材の核となる語を反復または説明のある文脈で維持。
s898,3,Nature and animals,Wolves Change a Valley,within-guardrails,,pass,no-further-change,,Level別の語彙・構文ガードレール内。
s899,3,World affairs,The Shared Mountain,vocabulary-review,long-words,approved-after-review,retain-common-or-topic-words,countries; mountain; approach; communities; depended; differently; disappear; landscape; neighbors; officials,単一の長語率指標のみ超過。低頻度語率と極低頻度語率は基準内で、日常語または題材の理解に必要な語を文脈付きで維持。
s900,3,World affairs,Phones for the Public Clinic,within-guardrails,,pass,no-further-change,,Level別の語彙・構文ガードレール内。
s901,3,World affairs,A City Welcomes New Neighbors,within-guardrails,,pass,no-further-change,,Level別の語彙・構文ガードレール内。
s902,3,World affairs,The Fishing Season Agreement,within-guardrails,,pass,no-further-change,,Level別の語彙・構文ガードレール内。
s903,3,Everyday life,The Ten-Minute Walk,within-guardrails,,pass,no-further-change,,Level別の語彙・構文ガードレール内。
s904,3,Everyday life,Boxes in the Hall,within-guardrails,,pass,no-further-change,,Level別の語彙・構文ガードレール内。
s905,3,Everyday life,The First Community Class,within-guardrails,,pass,no-further-change,,Level別の語彙・構文ガードレール内。
s906,3,History,News by Coffeehouse,vocabulary-review,very-low-frequency,approved-after-review,retain-topic-vocabulary,coffeehouses,単一の頻度指標のみ超過。固有の動植物名・科学語・文化語など、題材の核となる語を反復または説明のある文脈で維持。
s907,3,History,A Petition from the Mill,within-guardrails,,pass,no-further-change,,Level別の語彙・構文ガードレール内。
s908,3,History,The First Public Museum Day,within-guardrails,,pass,no-further-change,,Level別の語彙・構文ガードレール内。
s909,3,Science,The Moon's Changing Face,within-guardrails,,pass,no-further-change,,Level別の語彙・構文ガードレール内。
s910,3,Science,A Magnet Under Paper,within-guardrails,,pass,no-further-change,,Level別の語彙・構文ガードレール内。
s911,3,Science,Cooling by Evaporation,within-guardrails,,pass,no-further-change,,Level別の語彙・構文ガードレール内。
s912,4,Fantasy/stories,The River Under the Library,within-guardrails,,pass,no-further-change,,Level別の語彙・構文ガードレール内。
s913,4,Fantasy/stories,The Garden Behind Winter,within-guardrails,,pass,no-further-change,,Level別の語彙・構文ガードレール内。
s914,4,Fantasy/stories,The Last Giant's Bell,within-guardrails,,pass,no-further-change,,Level別の語彙・構文ガードレール内。
s915,4,Famous books,Jane Eyre Keeps Her Voice,within-guardrails,,pass,no-further-change,,Level別の語彙・構文ガードレール内。
s916,4,Famous books,Pip Reconsiders Great Expectations,within-guardrails,,pass,no-further-change,,Level別の語彙・構文ガードレール内。
s917,4,Famous books,Odysseus Hears the Sirens,within-guardrails,,pass,no-further-change,,Level別の語彙・構文ガードレール内。
s918,4,Famous books,Elizabeth Revises Her Judgment,within-guardrails,,pass,no-further-change,,Level別の語彙・構文ガードレール内。
s919,4,Nature and animals,The Long Flight North,within-guardrails,,pass,no-further-change,,Level別の語彙・構文ガードレール内。
s920,4,Nature and animals,Mangroves Before the Storm,within-guardrails,,pass,no-further-change,,Level別の語彙・構文ガードレール内。
s921,4,Nature and animals,The Language of Ravens,within-guardrails,,pass,no-further-change,,Level別の語彙・構文ガードレール内。
s922,4,World affairs,Cooling the Hottest Blocks,within-guardrails,,pass,no-further-change,,Level別の語彙・構文ガードレール内。
s923,4,World affairs,A Passport for Skills,within-guardrails,,pass,no-further-change,,Level別の語彙・構文ガードレール内。
s924,4,World affairs,The Price of an Open Port,within-guardrails,,pass,no-further-change,,Level別の語彙・構文ガードレール内。
s925,4,Everyday life,A Phone-Free Table,within-guardrails,,pass,no-further-change,,Level別の語彙・構文ガードレール内。
s926,4,Everyday life,The Favor That Became a Routine,within-guardrails,,pass,no-further-change,,Level別の語彙・構文ガードレール内。
s927,4,Everyday life,The Apartment Garden Committee,within-guardrails,,pass,no-further-change,,Level別の語彙・構文ガードレール内。
s928,4,History,Women Carry the Mail,within-guardrails,,pass,no-further-change,,Level別の語彙・構文ガードレール内。
s929,4,History,The Ledger of a Port City,within-guardrails,,pass,no-further-change,,Level別の語彙・構文ガードレール内。
s930,4,History,A Constitution Read Aloud,within-guardrails,,pass,no-further-change,,Level別の語彙・構文ガードレール内。
s931,4,Science,The Bacteria in Yogurt,vocabulary-review,low-frequency,approved-after-review,retain-topic-vocabulary,yogurt; bacterial; develops; microbes; slows; spoiled; texture; thicker; unwanted; yogurt's,単一の頻度指標のみ超過。固有の動植物名・科学語・文化語など、題材の核となる語を反復または説明のある文脈で維持。
s932,4,Science,Reading Rings in a Tree,within-guardrails,,pass,no-further-change,,Level別の語彙・構文ガードレール内。
s933,4,Science,A Vaccine Trains Memory,within-guardrails,,pass,no-further-change,,Level別の語彙・構文ガードレール内。
s934,4,Science,The Error Bar Matters,within-guardrails,,pass,no-further-change,,Level別の語彙・構文ガードレール内。
s935,9,Fantasy/stories,The City That Borrowed Shadows,within-guardrails,,pass,no-further-change,,Level別の語彙・構文ガードレール内。
s936,9,Fantasy/stories,The Orchard of Possible Lives,within-guardrails,,pass,no-further-change,,Level別の語彙・構文ガードレール内。
s937,9,Fantasy/stories,The Museum of Lost Hours,within-guardrails,,pass,no-further-change,,Level別の語彙・構文ガードレール内。
s938,9,Fantasy/stories,The Translator of Storms,within-guardrails,,pass,no-further-change,,Level別の語彙・構文ガードレール内。
s939,9,Fantasy/stories,The Archive Beneath the Sea,within-guardrails,,pass,no-further-change,,Level別の語彙・構文ガードレール内。
s940,9,Famous books,Victor and the Abandoned Creation,within-guardrails,,pass,no-further-change,,Level別の語彙・構文ガードレール内。
s941,9,Famous books,Ahab's Narrow Horizon,within-guardrails,,pass,no-further-change,,Level別の語彙・構文ガードレール内。
s942,9,Famous books,Hester's Public Meaning,within-guardrails,,pass,no-further-change,,Level別の語彙・構文ガードレール内。
s943,9,Famous books,Raskolnikov Tests an Idea,within-guardrails,,pass,no-further-change,,Level別の語彙・構文ガードレール内。
s944,9,Famous books,Ishmael Watches the Pequod,within-guardrails,,pass,no-further-change,,Level別の語彙・構文ガードレール内。
s945,9,Nature and animals,Fire in the Pine Forest,within-guardrails,,pass,no-further-change,,Level別の語彙・構文ガードレール内。
s946,9,Nature and animals,The Architecture of a Beaver Wetland,within-guardrails,,pass,no-further-change,,Level別の語彙・構文ガードレール内。
s947,9,Nature and animals,When Whales Feed the Surface,within-guardrails,,pass,no-further-change,,Level別の語彙・構文ガードレール内。
s948,9,Nature and animals,The Hidden Economy of Fungi,within-guardrails,,pass,no-further-change,,Level別の語彙・構文ガードレール内。
s949,9,Nature and animals,A Reef After Bleaching,within-guardrails,,pass,no-further-change,,Level別の語彙・構文ガードレール内。
s950,9,World affairs,Drought Across a Federal System,within-guardrails,,pass,no-further-change,,Level別の語彙・構文ガードレール内。
s951,9,World affairs,When Sanctions Reach the Pharmacy,within-guardrails,,pass,no-further-change,,Level別の語彙・構文ガードレール内。
s952,9,World affairs,The Politics of a Digital Identity,within-guardrails,,pass,no-further-change,,Level別の語彙・構文ガードレール内。
s953,9,World affairs,Small States at the Climate Table,within-guardrails,,pass,no-further-change,,Level別の語彙・構文ガードレール内。
s954,9,Everyday life,A Name Corrected Kindly,within-guardrails,,pass,no-further-change,,Level別の語彙・構文ガードレール内。
s955,9,Everyday life,Caring from Another City,within-guardrails,,pass,no-further-change,,Level別の語彙・構文ガードレール内。
s956,9,Everyday life,The Promotion Nobody Discussed,within-guardrails,,pass,no-further-change,,Level別の語彙・構文ガードレール内。
s957,9,Everyday life,When the Group Chat Never Sleeps,within-guardrails,,pass,no-further-change,,Level別の語彙・構文ガードレール内。
s958,9,Everyday life,The Inheritance Conversation,within-guardrails,,pass,no-further-change,,Level別の語彙・構文ガードレール内。
s959,9,History,The Archive and the Missing Workers,within-guardrails,,pass,no-further-change,,Level別の語彙・構文ガードレール内。
s960,9,History,The Quarantine Island Debate,within-guardrails,,pass,no-further-change,,Level別の語彙・構文ガードレール内。
s961,9,History,Printing the Reformation,within-guardrails,,pass,no-further-change,,Level別の語彙・構文ガードレール内。
s962,9,History,The Haitian Revolution in Atlantic History,within-guardrails,,pass,no-further-change,,Level別の語彙・構文ガードレール内。
s963,9,Science,Mapping an Exoplanet's Air,within-guardrails,,pass,no-further-change,,Level別の語彙・構文ガードレール内。
s964,9,Science,The Plastic-Eating Enzyme,within-guardrails,,pass,no-further-change,,Level別の語彙・構文ガードレール内。
s965,9,Science,A Forest Model Meets a Drought,within-guardrails,,pass,no-further-change,,Level別の語彙・構文ガードレール内。
s966,9,Science,The Replication Conversation,within-guardrails,,pass,no-further-change,,Level別の語彙・構文ガードレール内。
s967,9,Science,Gene Drives and Ecological Consent,within-guardrails,,pass,no-further-change,,Level別の語彙・構文ガードレール内。
s968,10,Fantasy/stories,The House That Edited Its Guests,within-guardrails,,pass,no-further-change,,Level別の語彙・構文ガードレール内。
s969,10,Fantasy/stories,A Parliament of Ghosts,within-guardrails,,pass,no-further-change,,Level別の語彙・構文ガードレール内。
s970,10,Fantasy/stories,The Cartographer's Doubt,within-guardrails,,pass,no-further-change,,Level別の語彙・構文ガードレール内。
s971,10,Fantasy/stories,The Library at the End of Probability,within-guardrails,,pass,no-further-change,,Level別の語彙・構文ガードレール内。
s972,10,Famous books,Anna Karenina and the Social Gaze,within-guardrails,,pass,no-further-change,,Level別の語彙・構文ガードレール内。
s973,10,Famous books,Gulliver Among Perfect Planners,within-guardrails,,pass,no-further-change,,Level別の語彙・構文ガードレール内。
s974,10,Famous books,The Count Builds a Second Life,within-guardrails,,pass,no-further-change,,Level別の語彙・構文ガードレール内。
s975,10,Famous books,Don Quixote Reads the World,within-guardrails,,pass,no-further-change,,Level別の語彙・構文ガードレール内。
s976,10,Famous books,Middlemarch and the Web of Consequence,within-guardrails,,pass,no-further-change,,Level別の語彙・構文ガードレール内。
s977,10,Nature and animals,Urban Leopards at the Boundary,within-guardrails,,pass,no-further-change,,Level別の語彙・構文ガードレール内。
s978,10,Nature and animals,The Salmon's Inherited Compass,within-guardrails,,pass,no-further-change,,Level別の語彙・構文ガードレール内。
s979,10,Nature and animals,Grasslands Without a Single Balance,within-guardrails,,pass,no-further-change,,Level別の語彙・構文ガードレール内。
s980,10,Nature and animals,The Moral Distance of Rewilding,within-guardrails,,pass,no-further-change,,Level別の語彙・構文ガードレール内。
s981,10,World affairs,A Currency Crisis in Daily Life,within-guardrails,,pass,no-further-change,,Level別の語彙・構文ガードレール内。
s982,10,World affairs,The Border as an Ecosystem,within-guardrails,,pass,no-further-change,,Level別の語彙・構文ガードレール内。
s983,10,World affairs,Who Governs the Algorithm,within-guardrails,,pass,no-further-change,,Level別の語彙・構文ガードレール内。
s984,10,World affairs,Debt After Disaster,within-guardrails,,pass,no-further-change,,Level別の語彙・構文ガードレール内。
s985,10,World affairs,The Diplomacy of Semiconductor Supply,within-guardrails,,pass,no-further-change,,Level別の語彙・構文ガードレール内。
s986,10,Everyday life,The Commute That Defined the Job,within-guardrails,,pass,no-further-change,,Level別の語彙・構文ガードレール内。
s987,10,Everyday life,A Friendship After Disagreement,within-guardrails,,pass,no-further-change,,Level別の語彙・構文ガードレール内。
s988,10,Everyday life,The Family Archive in a Drawer,within-guardrails,,pass,no-further-change,,Level別の語彙・構文ガードレール内。
s989,10,Everyday life,Rest as a Shared Obligation,within-guardrails,,pass,no-further-change,,Level別の語彙・構文ガードレール内。
s990,10,History,Counting a Colonial Population,within-guardrails,,pass,no-further-change,,Level別の語彙・構文ガードレール内。
s991,10,History,Railways and Standard Time,within-guardrails,,pass,no-further-change,,Level別の語彙・構文ガードレール内。
s992,10,History,The Grain Tax and Political Legitimacy,within-guardrails,,pass,no-further-change,,Level別の語彙・構文ガードレール内。
s993,10,History,Memory After Civil War,within-guardrails,,pass,no-further-change,,Level別の語彙・構文ガードレール内。
s994,10,History,The Non-Aligned Choice,within-guardrails,,pass,no-further-change,,Level別の語彙・構文ガードレール内。
s995,10,History,The History Hidden in Household Accounts,within-guardrails,,pass,no-further-change,,Level別の語彙・構文ガードレール内。
s996,10,Science,Quantum Sensors Outside the Laboratory,within-guardrails,,pass,no-further-change,,Level別の語彙・構文ガードレール内。
s997,10,Science,The Causal Puzzle of Nutrition,within-guardrails,,pass,no-further-change,,Level別の語彙・構文ガードレール内。
s998,10,Science,Artificial Intelligence Finds a Protein Shape,within-guardrails,,pass,no-further-change,,Level別の語彙・構文ガードレール内。
s999,10,Science,The Dark Matter Inference,within-guardrails,,pass,no-further-change,,Level別の語彙・構文ガードレール内。
s1000,10,Science,Editing Embryos and Future Persons,within-guardrails,,pass,no-further-change,,Level別の語彙・構文ガードレール内。
s1001,1,Mystery and adventure,The Quiet Brass Key,within-guardrails,,pass,no-further-change,,Level別の語彙・構文ガードレール内。
s1002,1,Mystery and adventure,The Quiet School Bell,within-guardrails,,pass,no-further-change,,Level別の語彙・構文ガードレール内。
s1003,1,Mystery and adventure,The Quiet Red Violin,vocabulary-review,low-frequency,approved-after-review,retain-topic-vocabulary,violin,単一の頻度指標のみ超過。固有の動植物名・科学語・文化語など、題材の核となる語を反復または説明のある文脈で維持。
s1004,1,Mystery and adventure,The Quiet Recipe Book,within-guardrails,,pass,no-further-change,,Level別の語彙・構文ガードレール内。
s1005,1,Mystery and adventure,The Quiet Silver Ticket,vocabulary-review,long-words,approved-after-review,retain-common-or-topic-words,calendar; happened; something,単一の長語率指標のみ超過。低頻度語率と極低頻度語率は基準内で、日常語または題材の理解に必要な語を文脈付きで維持。
s1006,1,Mystery and adventure,The Quiet Garden Map,within-guardrails,,pass,no-further-change,,Level別の語彙・構文ガードレール内。
s1007,1,Mystery and adventure,The Quiet Museum Coin,within-guardrails,,pass,no-further-change,,Level別の語彙・構文ガードレール内。
s1008,1,Mystery and adventure,The Quiet Blue Lantern,within-guardrails,,pass,no-further-change,,Level別の語彙・構文ガードレール内。
s1009,1,Mystery and adventure,The Quiet Harbor Flag,within-guardrails,,pass,no-further-change,,Level別の語彙・構文ガードレール内。
s1010,1,Mystery and adventure,The Quiet Library Card,within-guardrails,,pass,no-further-change,,Level別の語彙・構文ガードレール内。
s1011,1,Mystery and adventure,The Quiet Glass Button,within-guardrails,,pass,no-further-change,,Level別の語彙・構文ガードレール内。
s1012,1,Mystery and adventure,The Quiet Clock Hand,within-guardrails,,pass,no-further-change,,Level別の語彙・構文ガードレール内。
s1013,1,Mystery and adventure,The Quiet Painted Shell,within-guardrails,,pass,no-further-change,,Level別の語彙・構文ガードレール内。
s1014,1,Mystery and adventure,The Quiet Paper Crown,within-guardrails,,pass,no-further-change,,Level別の語彙・構文ガードレール内。
s1015,1,Mystery and adventure,The Quiet Green Bicycle,vocabulary-review,low-frequency,approved-after-review,retain-topic-vocabulary,glove; sara; snowy,単一の頻度指標のみ超過。固有の動植物名・科学語・文化語など、題材の核となる語を反復または説明のある文脈で維持。
s1016,1,Mystery and adventure,The Quiet Stone Bird,within-guardrails,,pass,no-further-change,,Level別の語彙・構文ガードレール内。
s1017,1,Mystery and adventure,The Quiet Sealed Letter,within-guardrails,,pass,no-further-change,,Level別の語彙・構文ガードレール内。
s1018,1,Mystery and adventure,The Quiet Gold Spoon,vocabulary-review,low-frequency,approved-after-review,retain-topic-vocabulary,spoon,単一の頻度指標のみ超過。固有の動植物名・科学語・文化語など、題材の核となる語を反復または説明のある文脈で維持。
s1019,1,Mystery and adventure,The Quiet Empty Frame,within-guardrails,,pass,no-further-change,,Level別の語彙・構文ガードレール内。
s1020,1,Mystery and adventure,The Quiet Roof Footprint,within-guardrails,,pass,no-further-change,,Level別の語彙・構文ガードレール内。
s1021,2,Mystery and adventure,The Quiet River Notebook,within-guardrails,,pass,no-further-change,,Level別の語彙・構文ガードレール内。
s1022,2,Mystery and adventure,The Quiet Market Whistle,within-guardrails,,pass,no-further-change,,Level別の語彙・構文ガードレール内。
s1023,2,Mystery and adventure,The Quiet Black Umbrella,vocabulary-review,long-words,approved-after-review,retain-common-or-topic-words,umbrella; remembered; returned; umbrellas,単一の長語率指標のみ超過。低頻度語率と極低頻度語率は基準内で、日常語または題材の理解に必要な語を文脈付きで維持。
s1024,2,Mystery and adventure,The Quiet Orchard Box,within-guardrails,,pass,no-further-change,,Level別の語彙・構文ガードレール内。
s1025,2,Mystery and adventure,The Quiet Theater Mask,within-guardrails,,pass,no-further-change,,Level別の語彙・構文ガードレール内。
s1026,2,Mystery and adventure,The Quiet Mountain Radio,within-guardrails,,pass,no-further-change,,Level別の語彙・構文ガードレール内。
s1027,2,Mystery and adventure,The Quiet Bakery Window,within-guardrails,,pass,no-further-change,,Level別の語彙・構文ガードレール内。
s1028,2,Mystery and adventure,The Quiet Farm Gate,within-guardrails,,pass,no-further-change,,Level別の語彙・構文ガードレール内。
s1029,2,Mystery and adventure,The Quiet Music Box,within-guardrails,,pass,no-further-change,,Level別の語彙・構文ガードレール内。
s1030,2,Mystery and adventure,The Quiet Lake Light,within-guardrails,,pass,no-further-change,,Level別の語彙・構文ガードレール内。
s1031,2,Mystery and adventure,The Quiet Wooden Compass,within-guardrails,,pass,no-further-change,,Level別の語彙・構文ガードレール内。
s1032,2,Mystery and adventure,The Hidden Brass Key,within-guardrails,,pass,no-further-change,,Level別の語彙・構文ガードレール内。
s1033,2,Mystery and adventure,The Hidden School Bell,within-guardrails,,pass,no-further-change,,Level別の語彙・構文ガードレール内。
s1034,2,Mystery and adventure,The Hidden Red Violin,within-guardrails,,pass,no-further-change,,Level別の語彙・構文ガードレール内。
s1035,2,Mystery and adventure,The Hidden Recipe Book,within-guardrails,,pass,no-further-change,,Level別の語彙・構文ガードレール内。
s1036,2,Mystery and adventure,The Hidden Silver Ticket,within-guardrails,,pass,no-further-change,,Level別の語彙・構文ガードレール内。
s1037,2,Mystery and adventure,The Hidden Garden Map,within-guardrails,,pass,no-further-change,,Level別の語彙・構文ガードレール内。
s1038,2,Mystery and adventure,The Hidden Museum Coin,within-guardrails,,pass,no-further-change,,Level別の語彙・構文ガードレール内。
s1039,2,Mystery and adventure,The Hidden Blue Lantern,within-guardrails,,pass,no-further-change,,Level別の語彙・構文ガードレール内。
s1040,2,Mystery and adventure,The Hidden Harbor Flag,within-guardrails,,pass,no-further-change,,Level別の語彙・構文ガードレール内。
s1041,3,Mystery and adventure,The Hidden Library Card,within-guardrails,,pass,no-further-change,,Level別の語彙・構文ガードレール内。
s1042,3,Mystery and adventure,The Hidden Glass Button,vocabulary-review,long-words,approved-after-review,retain-common-or-topic-words,accounts; actually; comparison; confidence; confusion; connected; differently; established; evidence; explanation,単一の長語率指標のみ超過。低頻度語率と極低頻度語率は基準内で、日常語または題材の理解に必要な語を文脈付きで維持。
s1043,3,Mystery and adventure,The Hidden Clock Hand,within-guardrails,,pass,no-further-change,,Level別の語彙・構文ガードレール内。
s1044,3,Mystery and adventure,The Hidden Painted Shell,within-guardrails,,pass,no-further-change,,Level別の語彙・構文ガードレール内。
s1045,3,Mystery and adventure,The Hidden Paper Crown,within-guardrails,,pass,no-further-change,,Level別の語彙・構文ガードレール内。
s1046,3,Mystery and adventure,The Hidden Green Bicycle,vocabulary-review,low-frequency,approved-after-review,retain-topic-vocabulary,bicycle; accusation; glove; mattered; puzzle; restoring; rumor; solving; train's,単一の頻度指標のみ超過。固有の動植物名・科学語・文化語など、題材の核となる語を反復または説明のある文脈で維持。
s1047,3,Mystery and adventure,The Hidden Stone Bird,vocabulary-review,long-words,approved-after-review,retain-common-or-topic-words,accounts; actually; comparison; condition; confidence; differently; established; explanation; measured; mentioned,単一の長語率指標のみ超過。低頻度語率と極低頻度語率は基準内で、日常語または題材の理解に必要な語を文脈付きで維持。
s1048,3,Mystery and adventure,The Hidden Sealed Letter,within-guardrails,,pass,no-further-change,,Level別の語彙・構文ガードレール内。
s1049,3,Mystery and adventure,The Hidden Gold Spoon,vocabulary-review,low-frequency,approved-after-review,retain-topic-vocabulary,spoon; vase; blaming; convincing; correcting; recreated; wrongly,単一の頻度指標のみ超過。固有の動植物名・科学語・文化語など、題材の核となる語を反復または説明のある文脈で維持。
s1050,3,Mystery and adventure,The Hidden Empty Frame,within-guardrails,,pass,no-further-change,,Level別の語彙・構文ガードレール内。
s1051,3,Mystery and adventure,The Hidden Roof Footprint,vocabulary-review,low-frequency,approved-after-review,retain-topic-vocabulary,chimney; accusation; climbed; footprint; mattered; motive; pigeon; snowy; thanked,単一の頻度指標のみ超過。固有の動植物名・科学語・文化語など、題材の核となる語を反復または説明のある文脈で維持。
s1052,3,Mystery and adventure,The Hidden River Notebook,within-guardrails,,pass,no-further-change,,Level別の語彙・構文ガードレール内。
s1053,3,Mystery and adventure,The Hidden Market Whistle,vocabulary-review,low-frequency,approved-after-review,retain-topic-vocabulary,bent; snowy; stall; whistle; harmless; market's; motive; puzzle,単一の頻度指標のみ超過。固有の動植物名・科学語・文化語など、題材の核となる語を反復または説明のある文脈で維持。
s1054,3,Mystery and adventure,The Hidden Black Umbrella,vocabulary-review,long-words,approved-after-review,retain-common-or-topic-words,umbrella; assumption; convincing; correcting; everyone; evidence; explanation; involving; matching; ordinary,単一の長語率指標のみ超過。低頻度語率と極低頻度語率は基準内で、日常語または題材の理解に必要な語を文脈付きで維持。
s1055,3,Mystery and adventure,The Hidden Orchard Box,within-guardrails,,pass,no-further-change,,Level別の語彙・構文ガードレール内。
s1056,3,Mystery and adventure,The Hidden Theater Mask,within-guardrails,,pass,no-further-change,,Level別の語彙・構文ガードレール内。
s1057,3,Mystery and adventure,The Hidden Mountain Radio,vocabulary-review,long-words,approved-after-review,retain-common-or-topic-words,emergency; accounts; actually; compared; comparison; confidence; connected; differently; established; explanation,単一の長語率指標のみ超過。低頻度語率と極低頻度語率は基準内で、日常語または題材の理解に必要な語を文脈付きで維持。
s1058,3,Mystery and adventure,The Hidden Bakery Window,within-guardrails,,pass,no-further-change,,Level別の語彙・構文ガードレール内。
s1059,3,Mystery and adventure,The Hidden Farm Gate,vocabulary-review,low-frequency,approved-after-review,retain-topic-vocabulary,donkey; latch; hairs; accounted; blaming; convincing; correcting,単一の頻度指標のみ超過。固有の動植物名・科学語・文化語など、題材の核となる語を反復または説明のある文脈で維持。
s1060,3,Mystery and adventure,The Hidden Music Box,within-guardrails,,pass,no-further-change,,Level別の語彙・構文ガードレール内。
s1061,4,Mystery and adventure,The Hidden Lake Light,within-guardrails,,pass,no-further-change,,Level別の語彙・構文ガードレール内。
s1062,4,Mystery and adventure,The Hidden Wooden Compass,within-guardrails,,pass,no-further-change,,Level別の語彙・構文ガードレール内。
s1063,4,Mystery and adventure,The Silver Brass Key,within-guardrails,,pass,no-further-change,,Level別の語彙・構文ガードレール内。
s1064,4,Mystery and adventure,The Silver School Bell,within-guardrails,,pass,no-further-change,,Level別の語彙・構文ガードレール内。
s1065,4,Mystery and adventure,The Silver Red Violin,within-guardrails,,pass,no-further-change,,Level別の語彙・構文ガードレール内。
s1066,4,Mystery and adventure,The Silver Recipe Book,vocabulary-review,very-low-frequency,approved-after-review,retain-topic-vocabulary,handprint,単一の頻度指標のみ超過。固有の動植物名・科学語・文化語など、題材の核となる語を反復または説明のある文脈で維持。
s1067,4,Mystery and adventure,The Silver Silver Ticket,within-guardrails,,pass,no-further-change,,Level別の語彙・構文ガードレール内。
s1068,4,Mystery and adventure,The Silver Garden Map,within-guardrails,,pass,no-further-change,,Level別の語彙・構文ガードレール内。
s1069,4,Mystery and adventure,The Silver Museum Coin,within-guardrails,,pass,no-further-change,,Level別の語彙・構文ガードレール内。
s1070,4,Mystery and adventure,The Silver Blue Lantern,within-guardrails,,pass,no-further-change,,Level別の語彙・構文ガードレール内。
s1071,4,Mystery and adventure,The Silver Harbor Flag,within-guardrails,,pass,no-further-change,,Level別の語彙・構文ガードレール内。
s1072,4,Mystery and adventure,The Silver Library Card,within-guardrails,,pass,no-further-change,,Level別の語彙・構文ガードレール内。
s1073,4,Mystery and adventure,The Silver Glass Button,within-guardrails,,pass,no-further-change,,Level別の語彙・構文ガードレール内。
s1074,4,Mystery and adventure,The Silver Clock Hand,within-guardrails,,pass,no-further-change,,Level別の語彙・構文ガードレール内。
s1075,4,Mystery and adventure,The Silver Painted Shell,within-guardrails,,pass,no-further-change,,Level別の語彙・構文ガードレール内。
s1076,4,Mystery and adventure,The Silver Paper Crown,within-guardrails,,pass,no-further-change,,Level別の語彙・構文ガードレール内。
s1077,4,Mystery and adventure,The Silver Green Bicycle,within-guardrails,,pass,no-further-change,,Level別の語彙・構文ガードレール内。
s1078,4,Mystery and adventure,The Silver Stone Bird,within-guardrails,,pass,no-further-change,,Level別の語彙・構文ガードレール内。
s1079,4,Mystery and adventure,The Silver Sealed Letter,within-guardrails,,pass,no-further-change,,Level別の語彙・構文ガードレール内。
s1080,4,Mystery and adventure,The Silver Gold Spoon,within-guardrails,,pass,no-further-change,,Level別の語彙・構文ガードレール内。
s1081,5,Mystery and adventure,The Silver Empty Frame,within-guardrails,,pass,no-further-change,,Level別の語彙・構文ガードレール内。
s1082,5,Mystery and adventure,The Silver Roof Footprint,within-guardrails,,pass,no-further-change,,Level別の語彙・構文ガードレール内。
s1083,5,Mystery and adventure,The Silver River Notebook,within-guardrails,,pass,no-further-change,,Level別の語彙・構文ガードレール内。
s1084,5,Mystery and adventure,The Silver Market Whistle,within-guardrails,,pass,no-further-change,,Level別の語彙・構文ガードレール内。
s1085,5,Mystery and adventure,The Silver Black Umbrella,within-guardrails,,pass,no-further-change,,Level別の語彙・構文ガードレール内。
s1086,5,Mystery and adventure,The Silver Orchard Box,within-guardrails,,pass,no-further-change,,Level別の語彙・構文ガードレール内。
s1087,5,Mystery and adventure,The Silver Theater Mask,within-guardrails,,pass,no-further-change,,Level別の語彙・構文ガードレール内。
s1088,5,Mystery and adventure,The Silver Mountain Radio,within-guardrails,,pass,no-further-change,,Level別の語彙・構文ガードレール内。
s1089,5,Mystery and adventure,The Silver Bakery Window,within-guardrails,,pass,no-further-change,,Level別の語彙・構文ガードレール内。
s1090,5,Mystery and adventure,The Silver Farm Gate,within-guardrails,,pass,no-further-change,,Level別の語彙・構文ガードレール内。
s1091,5,Mystery and adventure,The Silver Music Box,within-guardrails,,pass,no-further-change,,Level別の語彙・構文ガードレール内。
s1092,5,Mystery and adventure,The Silver Lake Light,within-guardrails,,pass,no-further-change,,Level別の語彙・構文ガードレール内。
s1093,5,Mystery and adventure,The Silver Wooden Compass,within-guardrails,,pass,no-further-change,,Level別の語彙・構文ガードレール内。
s1094,5,Mystery and adventure,The Last Brass Key,within-guardrails,,pass,no-further-change,,Level別の語彙・構文ガードレール内。
s1095,5,Mystery and adventure,The Last School Bell,within-guardrails,,pass,no-further-change,,Level別の語彙・構文ガードレール内。
s1096,6,Mystery and adventure,The Last Red Violin,within-guardrails,,pass,no-further-change,,Level別の語彙・構文ガードレール内。
s1097,6,Mystery and adventure,The Last Recipe Book,within-guardrails,,pass,no-further-change,,Level別の語彙・構文ガードレール内。
s1098,6,Mystery and adventure,The Last Silver Ticket,within-guardrails,,pass,no-further-change,,Level別の語彙・構文ガードレール内。
s1099,6,Mystery and adventure,The Last Garden Map,within-guardrails,,pass,no-further-change,,Level別の語彙・構文ガードレール内。
s1100,6,Mystery and adventure,The Last Museum Coin,within-guardrails,,pass,no-further-change,,Level別の語彙・構文ガードレール内。
s1101,6,Mystery and adventure,The Last Blue Lantern,within-guardrails,,pass,no-further-change,,Level別の語彙・構文ガードレール内。
s1102,6,Mystery and adventure,The Last Harbor Flag,within-guardrails,,pass,no-further-change,,Level別の語彙・構文ガードレール内。
s1103,6,Mystery and adventure,The Last Library Card,within-guardrails,,pass,no-further-change,,Level別の語彙・構文ガードレール内。
s1104,6,Mystery and adventure,The Last Glass Button,within-guardrails,,pass,no-further-change,,Level別の語彙・構文ガードレール内。
s1105,6,Mystery and adventure,The Last Clock Hand,within-guardrails,,pass,no-further-change,,Level別の語彙・構文ガードレール内。
s1106,6,Mystery and adventure,The Last Painted Shell,within-guardrails,,pass,no-further-change,,Level別の語彙・構文ガードレール内。
s1107,6,Mystery and adventure,The Last Paper Crown,within-guardrails,,pass,no-further-change,,Level別の語彙・構文ガードレール内。
s1108,6,Mystery and adventure,The Last Green Bicycle,within-guardrails,,pass,no-further-change,,Level別の語彙・構文ガードレール内。
s1109,6,Mystery and adventure,The Last Stone Bird,within-guardrails,,pass,no-further-change,,Level別の語彙・構文ガードレール内。
s1110,6,Mystery and adventure,The Last Sealed Letter,within-guardrails,,pass,no-further-change,,Level別の語彙・構文ガードレール内。
s1111,7,Mystery and adventure,The Last Gold Spoon,within-guardrails,,pass,no-further-change,,Level別の語彙・構文ガードレール内。
s1112,7,Mystery and adventure,The Last Empty Frame,within-guardrails,,pass,no-further-change,,Level別の語彙・構文ガードレール内。
s1113,7,Mystery and adventure,The Last Roof Footprint,within-guardrails,,pass,no-further-change,,Level別の語彙・構文ガードレール内。
s1114,7,Mystery and adventure,The Last River Notebook,within-guardrails,,pass,no-further-change,,Level別の語彙・構文ガードレール内。
s1115,7,Mystery and adventure,The Last Market Whistle,within-guardrails,,pass,no-further-change,,Level別の語彙・構文ガードレール内。
s1116,7,Mystery and adventure,The Last Black Umbrella,within-guardrails,,pass,no-further-change,,Level別の語彙・構文ガードレール内。
s1117,7,Mystery and adventure,The Last Orchard Box,within-guardrails,,pass,no-further-change,,Level別の語彙・構文ガードレール内。
s1118,7,Mystery and adventure,The Last Theater Mask,within-guardrails,,pass,no-further-change,,Level別の語彙・構文ガードレール内。
s1119,7,Mystery and adventure,The Last Mountain Radio,within-guardrails,,pass,no-further-change,,Level別の語彙・構文ガードレール内。
s1120,7,Mystery and adventure,The Last Bakery Window,within-guardrails,,pass,no-further-change,,Level別の語彙・構文ガードレール内。
s1121,7,Mystery and adventure,The Last Farm Gate,within-guardrails,,pass,no-further-change,,Level別の語彙・構文ガードレール内。
s1122,7,Mystery and adventure,The Last Music Box,within-guardrails,,pass,no-further-change,,Level別の語彙・構文ガードレール内。
s1123,7,Mystery and adventure,The Last Lake Light,within-guardrails,,pass,no-further-change,,Level別の語彙・構文ガードレール内。
s1124,7,Mystery and adventure,The Last Wooden Compass,within-guardrails,,pass,no-further-change,,Level別の語彙・構文ガードレール内。
s1125,7,Mystery and adventure,The Unseen Brass Key,within-guardrails,,pass,no-further-change,,Level別の語彙・構文ガードレール内。
s1126,8,Mystery and adventure,The Unseen School Bell,within-guardrails,,pass,no-further-change,,Level別の語彙・構文ガードレール内。
s1127,8,Mystery and adventure,The Unseen Red Violin,within-guardrails,,pass,no-further-change,,Level別の語彙・構文ガードレール内。
s1128,8,Mystery and adventure,The Unseen Recipe Book,within-guardrails,,pass,no-further-change,,Level別の語彙・構文ガードレール内。
s1129,8,Mystery and adventure,The Unseen Silver Ticket,within-guardrails,,pass,no-further-change,,Level別の語彙・構文ガードレール内。
s1130,8,Mystery and adventure,The Unseen Garden Map,within-guardrails,,pass,no-further-change,,Level別の語彙・構文ガードレール内。
s1131,8,Mystery and adventure,The Unseen Museum Coin,within-guardrails,,pass,no-further-change,,Level別の語彙・構文ガードレール内。
s1132,8,Mystery and adventure,The Unseen Blue Lantern,within-guardrails,,pass,no-further-change,,Level別の語彙・構文ガードレール内。
s1133,8,Mystery and adventure,The Unseen Harbor Flag,within-guardrails,,pass,no-further-change,,Level別の語彙・構文ガードレール内。
s1134,8,Mystery and adventure,The Unseen Library Card,within-guardrails,,pass,no-further-change,,Level別の語彙・構文ガードレール内。
s1135,8,Mystery and adventure,The Unseen Glass Button,within-guardrails,,pass,no-further-change,,Level別の語彙・構文ガードレール内。
s1136,9,Mystery and adventure,The Unseen Clock Hand,within-guardrails,,pass,no-further-change,,Level別の語彙・構文ガードレール内。
s1137,9,Mystery and adventure,The Unseen Painted Shell,within-guardrails,,pass,no-further-change,,Level別の語彙・構文ガードレール内。
s1138,9,Mystery and adventure,The Unseen Paper Crown,within-guardrails,,pass,no-further-change,,Level別の語彙・構文ガードレール内。
s1139,9,Mystery and adventure,The Unseen Green Bicycle,within-guardrails,,pass,no-further-change,,Level別の語彙・構文ガードレール内。
s1140,9,Mystery and adventure,The Unseen Stone Bird,within-guardrails,,pass,no-further-change,,Level別の語彙・構文ガードレール内。
s1141,9,Mystery and adventure,The Unseen Sealed Letter,within-guardrails,,pass,no-further-change,,Level別の語彙・構文ガードレール内。
s1142,9,Mystery and adventure,The Unseen Gold Spoon,within-guardrails,,pass,no-further-change,,Level別の語彙・構文ガードレール内。
s1143,9,Mystery and adventure,The Unseen Empty Frame,within-guardrails,,pass,no-further-change,,Level別の語彙・構文ガードレール内。
s1144,9,Mystery and adventure,The Unseen Roof Footprint,within-guardrails,,pass,no-further-change,,Level別の語彙・構文ガードレール内。
s1145,9,Mystery and adventure,The Unseen River Notebook,within-guardrails,,pass,no-further-change,,Level別の語彙・構文ガードレール内。
s1146,10,Mystery and adventure,The Unseen Market Whistle,within-guardrails,,pass,no-further-change,,Level別の語彙・構文ガードレール内。
s1147,10,Mystery and adventure,The Unseen Black Umbrella,within-guardrails,,pass,no-further-change,,Level別の語彙・構文ガードレール内。
s1148,10,Mystery and adventure,The Unseen Orchard Box,within-guardrails,,pass,no-further-change,,Level別の語彙・構文ガードレール内。
s1149,10,Mystery and adventure,The Unseen Theater Mask,within-guardrails,,pass,no-further-change,,Level別の語彙・構文ガードレール内。
s1150,10,Mystery and adventure,The Unseen Mountain Radio,within-guardrails,,pass,no-further-change,,Level別の語彙・構文ガードレール内。
s1151,10,Mystery and adventure,The Unseen Bakery Window,within-guardrails,,pass,no-further-change,,Level別の語彙・構文ガードレール内。
s1152,10,Mystery and adventure,The Unseen Farm Gate,within-guardrails,,pass,no-further-change,,Level別の語彙・構文ガードレール内。
s1153,10,Mystery and adventure,The Unseen Music Box,within-guardrails,,pass,no-further-change,,Level別の語彙・構文ガードレール内。
s1154,10,Mystery and adventure,The Unseen Lake Light,within-guardrails,,pass,no-further-change,,Level別の語彙・構文ガードレール内。
s1155,10,Mystery and adventure,The Unseen Wooden Compass,within-guardrails,,pass,no-further-change,,Level別の語彙・構文ガードレール内。
s1156,1,Travel and culture,An Unexpected Day in Kyoto,within-guardrails,,pass,no-further-change,,Level別の語彙・構文ガードレール内。
s1157,1,Travel and culture,An Unexpected Day in Seoul,within-guardrails,,pass,no-further-change,,Level別の語彙・構文ガードレール内。
s1158,1,Travel and culture,An Unexpected Day in Taipei,within-guardrails,,pass,no-further-change,,Level別の語彙・構文ガードレール内。
s1159,1,Travel and culture,An Unexpected Day in Hanoi,within-guardrails,,pass,no-further-change,,Level別の語彙・構文ガードレール内。
s1160,1,Travel and culture,An Unexpected Day in Chiang Mai,within-guardrails,,pass,no-further-change,,Level別の語彙・構文ガードレール内。
s1161,1,Travel and culture,An Unexpected Day in Singapore,within-guardrails,,pass,no-further-change,,Level別の語彙・構文ガードレール内。
s1162,1,Travel and culture,An Unexpected Day in Delhi,within-guardrails,,pass,no-further-change,,Level別の語彙・構文ガードレール内。
s1163,1,Travel and culture,An Unexpected Day in Istanbul,within-guardrails,,pass,no-further-change,,Level別の語彙・構文ガードレール内。
s1164,1,Travel and culture,An Unexpected Day in Athens,within-guardrails,,pass,no-further-change,,Level別の語彙・構文ガードレール内。
s1165,1,Travel and culture,An Unexpected Day in Rome,within-guardrails,,pass,no-further-change,,Level別の語彙・構文ガードレール内。
s1166,1,Travel and culture,An Unexpected Day in Lisbon,within-guardrails,,pass,no-further-change,,Level別の語彙・構文ガードレール内。
s1167,1,Travel and culture,An Unexpected Day in Reykjavik,within-guardrails,,pass,no-further-change,,Level別の語彙・構文ガードレール内。
s1168,1,Travel and culture,An Unexpected Day in Nairobi,within-guardrails,,pass,no-further-change,,Level別の語彙・構文ガードレール内。
s1169,1,Travel and culture,An Unexpected Day in Cape Town,within-guardrails,,pass,no-further-change,,Level別の語彙・構文ガードレール内。
s1170,1,Travel and culture,An Unexpected Day in Marrakech,within-guardrails,,pass,no-further-change,,Level別の語彙・構文ガードレール内。
s1171,1,Travel and culture,An Unexpected Day in Mexico City,within-guardrails,,pass,no-further-change,,Level別の語彙・構文ガードレール内。
s1172,1,Travel and culture,An Unexpected Day in Lima,within-guardrails,,pass,no-further-change,,Level別の語彙・構文ガードレール内。
s1173,1,Travel and culture,An Unexpected Day in Buenos Aires,within-guardrails,,pass,no-further-change,,Level別の語彙・構文ガードレール内。
s1174,1,Travel and culture,An Unexpected Day in Vancouver,within-guardrails,,pass,no-further-change,,Level別の語彙・構文ガードレール内。
s1175,1,Travel and culture,An Unexpected Day in New Orleans,within-guardrails,,pass,no-further-change,,Level別の語彙・構文ガードレール内。
s1176,2,Travel and culture,An Unexpected Day in Prague,within-guardrails,,pass,no-further-change,,Level別の語彙・構文ガードレール内。
s1177,2,Travel and culture,An Unexpected Day in Vienna,within-guardrails,,pass,no-further-change,,Level別の語彙・構文ガードレール内。
s1178,2,Travel and culture,An Unexpected Day in Budapest,within-guardrails,,pass,no-further-change,,Level別の語彙・構文ガードレール内。
s1179,2,Travel and culture,An Unexpected Day in Helsinki,within-guardrails,,pass,no-further-change,,Level別の語彙・構文ガードレール内。
s1180,2,Travel and culture,An Unexpected Day in Tallinn,within-guardrails,,pass,no-further-change,,Level別の語彙・構文ガードレール内。
s1181,2,Travel and culture,An Unexpected Day in Dubrovnik,within-guardrails,,pass,no-further-change,,Level別の語彙・構文ガードレール内。
s1182,2,Travel and culture,An Unexpected Day in Ulaanbaatar,within-guardrails,,pass,no-further-change,,Level別の語彙・構文ガードレール内。
s1183,2,Travel and culture,An Unexpected Day in Kathmandu,within-guardrails,,pass,no-further-change,,Level別の語彙・構文ガードレール内。
s1184,2,Travel and culture,An Unexpected Day in Sydney,within-guardrails,,pass,no-further-change,,Level別の語彙・構文ガードレール内。
s1185,2,Travel and culture,An Unexpected Day in Auckland,within-guardrails,,pass,no-further-change,,Level別の語彙・構文ガードレール内。
s1186,2,Travel and culture,An Unexpected Day in Cusco,within-guardrails,,pass,no-further-change,,Level別の語彙・構文ガードレール内。
s1187,2,Travel and culture,A Rainy Day in Kyoto,within-guardrails,,pass,no-further-change,,Level別の語彙・構文ガードレール内。
s1188,2,Travel and culture,A Rainy Day in Seoul,within-guardrails,,pass,no-further-change,,Level別の語彙・構文ガードレール内。
s1189,2,Travel and culture,A Rainy Day in Taipei,within-guardrails,,pass,no-further-change,,Level別の語彙・構文ガードレール内。
s1190,2,Travel and culture,A Rainy Day in Hanoi,within-guardrails,,pass,no-further-change,,Level別の語彙・構文ガードレール内。
s1191,2,Travel and culture,A Rainy Day in Chiang Mai,within-guardrails,,pass,no-further-change,,Level別の語彙・構文ガードレール内。
s1192,2,Travel and culture,A Rainy Day in Singapore,within-guardrails,,pass,no-further-change,,Level別の語彙・構文ガードレール内。
s1193,2,Travel and culture,A Rainy Day in Delhi,within-guardrails,,pass,no-further-change,,Level別の語彙・構文ガードレール内。
s1194,2,Travel and culture,A Rainy Day in Istanbul,within-guardrails,,pass,no-further-change,,Level別の語彙・構文ガードレール内。
s1195,2,Travel and culture,A Rainy Day in Athens,within-guardrails,,pass,no-further-change,,Level別の語彙・構文ガードレール内。
s1196,3,Travel and culture,A Rainy Day in Rome,vocabulary-review,long-words,approved-after-review,retain-common-or-topic-words,important; revealed; bookshop; confirmed; directions; disruption; experience; invisible; newspaper; ordinary,単一の長語率指標のみ超過。低頻度語率と極低頻度語率は基準内で、日常語または題材の理解に必要な語を文脈付きで維持。
s1197,3,Travel and culture,A Rainy Day in Lisbon,vocabulary-review,long-words,approved-after-review,retain-common-or-topic-words,consumption; cooperation; decision; described; disruption; encounter; intended; invisible; memorable; neighborhood,単一の長語率指標のみ超過。低頻度語率と極低頻度語率は基準内で、日常語または題材の理解に必要な語を文脈付きで維持。
s1198,3,Travel and culture,A Rainy Day in Reykjavik,within-guardrails,,pass,no-further-change,,Level別の語彙・構文ガードレール内。
s1199,3,Travel and culture,A Rainy Day in Nairobi,vocabulary-review,long-words,approved-after-review,retain-common-or-topic-words,families; students; alternative; assumptions; attractions; community; community's; confused; directions; landmarks,単一の長語率指標のみ超過。低頻度語率と極低頻度語率は基準内で、日常語または題材の理解に必要な語を文脈付きで維持。
s1200,3,Travel and culture,A Rainy Day in Cape Town,within-guardrails,,pass,no-further-change,,Level別の語彙・構文ガードレール内。
s1201,3,Travel and culture,A Rainy Day in Marrakech,vocabulary-review,long-words,approved-after-review,retain-common-or-topic-words,attention; confirmed; conversation; decision; encounter; experience; fountain; generations; important; landmark,単一の長語率指標のみ超過。低頻度語率と極低頻度語率は基準内で、日常語または題材の理解に必要な語を文脈付きで維持。
s1202,3,Travel and culture,A Rainy Day in Mexico City,vocabulary-review,long-words,approved-after-review,retain-common-or-topic-words,decision; encounter; consumption; cooperation; entrance; intended; memorable; mistakes; questions; relationships,単一の長語率指標のみ超過。低頻度語率と極低頻度語率は基準内で、日常語または題材の理解に必要な語を文脈付きで維持。
s1203,3,Travel and culture,A Rainy Day in Lima,within-guardrails,,pass,no-further-change,,Level別の語彙・構文ガードレール内。
s1204,3,Travel and culture,A Rainy Day in Buenos Aires,vocabulary-review,long-words,approved-after-review,retain-common-or-topic-words,neighbor; together; alternative; assumptions; courtyard; darkened; demonstrated; described; informal; listened,単一の長語率指標のみ超過。低頻度語率と極低頻度語率は基準内で、日常語または題材の理解に必要な語を文脈付きで維持。
s1205,3,Travel and culture,A Rainy Day in Vancouver,vocabulary-review,low-frequency,approved-after-review,retain-topic-vocabulary,bicycle; dock; mechanic; helper; hurried; lent; protects; rethink,単一の頻度指標のみ超過。固有の動植物名・科学語・文化語など、題材の核となる語を反復または説明のある文脈で維持。
s1206,3,Travel and culture,A Rainy Day in New Orleans,within-guardrails,,pass,no-further-change,,Level別の語彙・構文ガードレール内。
s1207,3,Travel and culture,A Rainy Day in Prague,vocabulary-review,long-words,approved-after-review,retain-common-or-topic-words,memorable; university; concrete; consumption; cooperation; decision; encounter; intended; reflected; replaced,単一の長語率指標のみ超過。低頻度語率と極低頻度語率は基準内で、日常語または題材の理解に必要な語を文脈付きで維持。
s1208,3,Travel and culture,A Rainy Day in Vienna,within-guardrails,,pass,no-further-change,,Level別の語彙・構文ガードレール内。
s1209,3,Travel and culture,A Rainy Day in Budapest,vocabulary-review,long-words,approved-after-review,retain-common-or-topic-words,alternative; appearing; assumptions; directions; disruption; experience; important; invisible; listened; ordinary,単一の長語率指標のみ超過。低頻度語率と極低頻度語率は基準内で、日常語または題材の理解に必要な語を文脈付きで維持。
s1210,3,Travel and culture,A Rainy Day in Helsinki,vocabulary-review,long-words,approved-after-review,retain-common-or-topic-words,children; designed; visitors; volunteer; accepting; attentive; attractions; character; destination; disruption,単一の長語率指標のみ超過。低頻度語率と極低頻度語率は基準内で、日常語または題材の理解に必要な語を文脈付きで維持。
s1211,3,Travel and culture,A Rainy Day in Tallinn,vocabulary-review,long-words,approved-after-review,retain-common-or-topic-words,building; caretaker; students; accepting; attentive; attractions; character; confirmed; courtyard; destination,単一の長語率指標のみ超過。低頻度語率と極低頻度語率は基準内で、日常語または題材の理解に必要な語を文脈付きで維持。
s1212,3,Travel and culture,A Rainy Day in Dubrovnik,vocabulary-review,long-words,approved-after-review,retain-common-or-topic-words,attention; attractions; consumption; cooperation; decision; difficult; encounter; intended; memorable; predicted,単一の長語率指標のみ超過。低頻度語率と極低頻度語率は基準内で、日常語または題材の理解に必要な語を文脈付きで維持。
s1213,3,Travel and culture,A Rainy Day in Ulaanbaatar,within-guardrails,,pass,no-further-change,,Level別の語彙・構文ガードレール内。
s1214,3,Travel and culture,A Rainy Day in Kathmandu,within-guardrails,,pass,no-further-change,,Level別の語彙・構文ガードレール内。
s1215,3,Travel and culture,A Rainy Day in Sydney,within-guardrails,,pass,no-further-change,,Level別の語彙・構文ガードレール内。
s1216,4,Travel and culture,A Rainy Day in Auckland,vocabulary-review,very-low-frequency,approved-after-review,retain-topic-vocabulary,seabirds; visitor's,単一の頻度指標のみ超過。固有の動植物名・科学語・文化語など、題材の核となる語を反復または説明のある文脈で維持。
s1217,4,Travel and culture,A Rainy Day in Cusco,within-guardrails,,pass,no-further-change,,Level別の語彙・構文ガードレール内。
s1218,4,Travel and culture,A Long Day in Kyoto,within-guardrails,,pass,no-further-change,,Level別の語彙・構文ガードレール内。
s1219,4,Travel and culture,A Long Day in Seoul,within-guardrails,,pass,no-further-change,,Level別の語彙・構文ガードレール内。
s1220,4,Travel and culture,A Long Day in Taipei,within-guardrails,,pass,no-further-change,,Level別の語彙・構文ガードレール内。
s1221,4,Travel and culture,A Long Day in Hanoi,within-guardrails,,pass,no-further-change,,Level別の語彙・構文ガードレール内。
s1222,4,Travel and culture,A Long Day in Chiang Mai,vocabulary-review,long-words,approved-after-review,retain-common-or-topic-words,decision; encounter; schedule; consumption; conversation; conversations; cooperation; incorrect; intended; memorable,単一の長語率指標のみ超過。低頻度語率と極低頻度語率は基準内で、日常語または題材の理解に必要な語を文脈付きで維持。
s1223,4,Travel and culture,A Long Day in Singapore,within-guardrails,,pass,no-further-change,,Level別の語彙・構文ガードレール内。
s1224,4,Travel and culture,A Long Day in Delhi,within-guardrails,,pass,no-further-change,,Level別の語彙・構文ガードレール内。
s1225,4,Travel and culture,A Long Day in Istanbul,within-guardrails,,pass,no-further-change,,Level別の語彙・構文ガードレール内。
s1226,4,Travel and culture,A Long Day in Athens,within-guardrails,,pass,no-further-change,,Level別の語彙・構文ガードレール内。
s1227,4,Travel and culture,A Long Day in Rome,within-guardrails,,pass,no-further-change,,Level別の語彙・構文ガードレール内。
s1228,4,Travel and culture,A Long Day in Lisbon,within-guardrails,,pass,no-further-change,,Level別の語彙・構文ガードレール内。
s1229,4,Travel and culture,A Long Day in Reykjavik,within-guardrails,,pass,no-further-change,,Level別の語彙・構文ガードレール内。
s1230,4,Travel and culture,A Long Day in Nairobi,within-guardrails,,pass,no-further-change,,Level別の語彙・構文ガードレール内。
s1231,4,Travel and culture,A Long Day in Cape Town,within-guardrails,,pass,no-further-change,,Level別の語彙・構文ガードレール内。
s1232,4,Travel and culture,A Long Day in Marrakech,within-guardrails,,pass,no-further-change,,Level別の語彙・構文ガードレール内。
s1233,4,Travel and culture,A Long Day in Mexico City,within-guardrails,,pass,no-further-change,,Level別の語彙・構文ガードレール内。
s1234,4,Travel and culture,A Long Day in Lima,within-guardrails,,pass,no-further-change,,Level別の語彙・構文ガードレール内。
s1235,4,Travel and culture,A Long Day in Buenos Aires,within-guardrails,,pass,no-further-change,,Level別の語彙・構文ガードレール内。
s1236,5,Travel and culture,A Long Day in Vancouver,within-guardrails,,pass,no-further-change,,Level別の語彙・構文ガードレール内。
s1237,5,Travel and culture,A Long Day in New Orleans,within-guardrails,,pass,no-further-change,,Level別の語彙・構文ガードレール内。
s1238,5,Travel and culture,A Long Day in Prague,within-guardrails,,pass,no-further-change,,Level別の語彙・構文ガードレール内。
s1239,5,Travel and culture,A Long Day in Vienna,within-guardrails,,pass,no-further-change,,Level別の語彙・構文ガードレール内。
s1240,5,Travel and culture,A Long Day in Budapest,within-guardrails,,pass,no-further-change,,Level別の語彙・構文ガードレール内。
s1241,5,Travel and culture,A Long Day in Helsinki,within-guardrails,,pass,no-further-change,,Level別の語彙・構文ガードレール内。
s1242,5,Travel and culture,A Long Day in Tallinn,within-guardrails,,pass,no-further-change,,Level別の語彙・構文ガードレール内。
s1243,5,Travel and culture,A Long Day in Dubrovnik,within-guardrails,,pass,no-further-change,,Level別の語彙・構文ガードレール内。
s1244,5,Travel and culture,A Long Day in Ulaanbaatar,within-guardrails,,pass,no-further-change,,Level別の語彙・構文ガードレール内。
s1245,5,Travel and culture,A Long Day in Kathmandu,within-guardrails,,pass,no-further-change,,Level別の語彙・構文ガードレール内。
s1246,5,Travel and culture,A Long Day in Sydney,within-guardrails,,pass,no-further-change,,Level別の語彙・構文ガードレール内。
s1247,5,Travel and culture,A Long Day in Auckland,within-guardrails,,pass,no-further-change,,Level別の語彙・構文ガードレール内。
s1248,5,Travel and culture,A Long Day in Cusco,within-guardrails,,pass,no-further-change,,Level別の語彙・構文ガードレール内。
s1249,5,Travel and culture,A Shared Day in Kyoto,within-guardrails,,pass,no-further-change,,Level別の語彙・構文ガードレール内。
s1250,5,Travel and culture,A Shared Day in Seoul,within-guardrails,,pass,no-further-change,,Level別の語彙・構文ガードレール内。
s1251,6,Travel and culture,A Shared Day in Taipei,within-guardrails,,pass,no-further-change,,Level別の語彙・構文ガードレール内。
s1252,6,Travel and culture,A Shared Day in Hanoi,within-guardrails,,pass,no-further-change,,Level別の語彙・構文ガードレール内。
s1253,6,Travel and culture,A Shared Day in Chiang Mai,within-guardrails,,pass,no-further-change,,Level別の語彙・構文ガードレール内。
s1254,6,Travel and culture,A Shared Day in Singapore,within-guardrails,,pass,no-further-change,,Level別の語彙・構文ガードレール内。
s1255,6,Travel and culture,A Shared Day in Delhi,within-guardrails,,pass,no-further-change,,Level別の語彙・構文ガードレール内。
s1256,6,Travel and culture,A Shared Day in Istanbul,within-guardrails,,pass,no-further-change,,Level別の語彙・構文ガードレール内。
s1257,6,Travel and culture,A Shared Day in Athens,within-guardrails,,pass,no-further-change,,Level別の語彙・構文ガードレール内。
s1258,6,Travel and culture,A Shared Day in Rome,within-guardrails,,pass,no-further-change,,Level別の語彙・構文ガードレール内。
s1259,6,Travel and culture,A Shared Day in Lisbon,within-guardrails,,pass,no-further-change,,Level別の語彙・構文ガードレール内。
s1260,6,Travel and culture,A Shared Day in Reykjavik,within-guardrails,,pass,no-further-change,,Level別の語彙・構文ガードレール内。
s1261,6,Travel and culture,A Shared Day in Nairobi,within-guardrails,,pass,no-further-change,,Level別の語彙・構文ガードレール内。
s1262,6,Travel and culture,A Shared Day in Cape Town,within-guardrails,,pass,no-further-change,,Level別の語彙・構文ガードレール内。
s1263,6,Travel and culture,A Shared Day in Marrakech,within-guardrails,,pass,no-further-change,,Level別の語彙・構文ガードレール内。
s1264,6,Travel and culture,A Shared Day in Mexico City,within-guardrails,,pass,no-further-change,,Level別の語彙・構文ガードレール内。
s1265,6,Travel and culture,A Shared Day in Lima,within-guardrails,,pass,no-further-change,,Level別の語彙・構文ガードレール内。
s1266,7,Travel and culture,A Shared Day in Buenos Aires,within-guardrails,,pass,no-further-change,,Level別の語彙・構文ガードレール内。
s1267,7,Travel and culture,A Shared Day in Vancouver,within-guardrails,,pass,no-further-change,,Level別の語彙・構文ガードレール内。
s1268,7,Travel and culture,A Shared Day in New Orleans,within-guardrails,,pass,no-further-change,,Level別の語彙・構文ガードレール内。
s1269,7,Travel and culture,A Shared Day in Prague,within-guardrails,,pass,no-further-change,,Level別の語彙・構文ガードレール内。
s1270,7,Travel and culture,A Shared Day in Vienna,within-guardrails,,pass,no-further-change,,Level別の語彙・構文ガードレール内。
s1271,7,Travel and culture,A Shared Day in Budapest,within-guardrails,,pass,no-further-change,,Level別の語彙・構文ガードレール内。
s1272,7,Travel and culture,A Shared Day in Helsinki,within-guardrails,,pass,no-further-change,,Level別の語彙・構文ガードレール内。
s1273,7,Travel and culture,A Shared Day in Tallinn,within-guardrails,,pass,no-further-change,,Level別の語彙・構文ガードレール内。
s1274,7,Travel and culture,A Shared Day in Dubrovnik,within-guardrails,,pass,no-further-change,,Level別の語彙・構文ガードレール内。
s1275,7,Travel and culture,A Shared Day in Ulaanbaatar,within-guardrails,,pass,no-further-change,,Level別の語彙・構文ガードレール内。
s1276,7,Travel and culture,A Shared Day in Kathmandu,within-guardrails,,pass,no-further-change,,Level別の語彙・構文ガードレール内。
s1277,7,Travel and culture,A Shared Day in Sydney,within-guardrails,,pass,no-further-change,,Level別の語彙・構文ガードレール内。
s1278,7,Travel and culture,A Shared Day in Auckland,within-guardrails,,pass,no-further-change,,Level別の語彙・構文ガードレール内。
s1279,7,Travel and culture,A Shared Day in Cusco,within-guardrails,,pass,no-further-change,,Level別の語彙・構文ガードレール内。
s1280,7,Travel and culture,A Second Day in Kyoto,within-guardrails,,pass,no-further-change,,Level別の語彙・構文ガードレール内。
s1281,8,Travel and culture,A Second Day in Seoul,within-guardrails,,pass,no-further-change,,Level別の語彙・構文ガードレール内。
s1282,8,Travel and culture,A Second Day in Taipei,within-guardrails,,pass,no-further-change,,Level別の語彙・構文ガードレール内。
s1283,8,Travel and culture,A Second Day in Hanoi,within-guardrails,,pass,no-further-change,,Level別の語彙・構文ガードレール内。
s1284,8,Travel and culture,A Second Day in Chiang Mai,within-guardrails,,pass,no-further-change,,Level別の語彙・構文ガードレール内。
s1285,8,Travel and culture,A Second Day in Singapore,within-guardrails,,pass,no-further-change,,Level別の語彙・構文ガードレール内。
s1286,8,Travel and culture,A Second Day in Delhi,within-guardrails,,pass,no-further-change,,Level別の語彙・構文ガードレール内。
s1287,8,Travel and culture,A Second Day in Istanbul,within-guardrails,,pass,no-further-change,,Level別の語彙・構文ガードレール内。
s1288,8,Travel and culture,A Second Day in Athens,within-guardrails,,pass,no-further-change,,Level別の語彙・構文ガードレール内。
s1289,8,Travel and culture,A Second Day in Rome,within-guardrails,,pass,no-further-change,,Level別の語彙・構文ガードレール内。
s1290,8,Travel and culture,A Second Day in Lisbon,within-guardrails,,pass,no-further-change,,Level別の語彙・構文ガードレール内。
s1291,9,Travel and culture,A Second Day in Reykjavik,within-guardrails,,pass,no-further-change,,Level別の語彙・構文ガードレール内。
s1292,9,Travel and culture,A Second Day in Nairobi,within-guardrails,,pass,no-further-change,,Level別の語彙・構文ガードレール内。
s1293,9,Travel and culture,A Second Day in Cape Town,within-guardrails,,pass,no-further-change,,Level別の語彙・構文ガードレール内。
s1294,9,Travel and culture,A Second Day in Marrakech,within-guardrails,,pass,no-further-change,,Level別の語彙・構文ガードレール内。
s1295,9,Travel and culture,A Second Day in Mexico City,within-guardrails,,pass,no-further-change,,Level別の語彙・構文ガードレール内。
s1296,9,Travel and culture,A Second Day in Lima,within-guardrails,,pass,no-further-change,,Level別の語彙・構文ガードレール内。
s1297,9,Travel and culture,A Second Day in Buenos Aires,within-guardrails,,pass,no-further-change,,Level別の語彙・構文ガードレール内。
s1298,9,Travel and culture,A Second Day in Vancouver,within-guardrails,,pass,no-further-change,,Level別の語彙・構文ガードレール内。
s1299,9,Travel and culture,A Second Day in New Orleans,within-guardrails,,pass,no-further-change,,Level別の語彙・構文ガードレール内。
s1300,9,Travel and culture,A Second Day in Prague,within-guardrails,,pass,no-further-change,,Level別の語彙・構文ガードレール内。
s1301,10,Travel and culture,A Second Day in Vienna,within-guardrails,,pass,no-further-change,,Level別の語彙・構文ガードレール内。
s1302,10,Travel and culture,A Second Day in Budapest,within-guardrails,,pass,no-further-change,,Level別の語彙・構文ガードレール内。
s1303,10,Travel and culture,A Second Day in Helsinki,within-guardrails,,pass,no-further-change,,Level別の語彙・構文ガードレール内。
s1304,10,Travel and culture,A Second Day in Tallinn,within-guardrails,,pass,no-further-change,,Level別の語彙・構文ガードレール内。
s1305,10,Travel and culture,A Second Day in Dubrovnik,within-guardrails,,pass,no-further-change,,Level別の語彙・構文ガードレール内。
s1306,10,Travel and culture,A Second Day in Ulaanbaatar,within-guardrails,,pass,no-further-change,,Level別の語彙・構文ガードレール内。
s1307,10,Travel and culture,A Second Day in Kathmandu,within-guardrails,,pass,no-further-change,,Level別の語彙・構文ガードレール内。
s1308,10,Travel and culture,A Second Day in Sydney,within-guardrails,,pass,no-further-change,,Level別の語彙・構文ガードレール内。
s1309,10,Travel and culture,A Second Day in Auckland,within-guardrails,,pass,no-further-change,,Level別の語彙・構文ガードレール内。
s1310,10,Travel and culture,A Second Day in Cusco,within-guardrails,,pass,no-further-change,,Level別の語彙・構文ガードレール内。
s1311,1,People and biography,Maya Chen: A Practical Beginning,within-guardrails,,pass,no-further-change,,Level別の語彙・構文ガードレール内。
s1312,1,People and biography,Jon Bell: A Practical Beginning,within-guardrails,,pass,no-further-change,,Level別の語彙・構文ガードレール内。
s1313,1,People and biography,Amina Okafor: A Practical Beginning,within-guardrails,,pass,no-further-change,,Level別の語彙・構文ガードレール内。
s1314,1,People and biography,Luis Ortega: A Practical Beginning,within-guardrails,,pass,no-further-change,,Level別の語彙・構文ガードレール内。
s1315,1,People and biography,Hana Mori: A Practical Beginning,within-guardrails,,pass,no-further-change,,Level別の語彙・構文ガードレール内。
s1316,1,People and biography,Samir Patel: A Practical Beginning,vocabulary-review,long-words,approved-after-review,retain-common-or-topic-words,families; listening; mistakes; question,単一の長語率指標のみ超過。低頻度語率と極低頻度語率は基準内で、日常語または題材の理解に必要な語を文脈付きで維持。
s1317,1,People and biography,Elena Rossi: A Practical Beginning,vocabulary-review,long-words,approved-after-review,retain-common-or-topic-words,children; families; listened; starting,単一の長語率指標のみ超過。低頻度語率と極低頻度語率は基準内で、日常語または題材の理解に必要な語を文脈付きで維持。
s1318,1,People and biography,David Kim: A Practical Beginning,vocabulary-review,low-frequency,approved-after-review,retain-topic-vocabulary,radios; storms,単一の頻度指標のみ超過。固有の動植物名・科学語・文化語など、題材の核となる語を反復または説明のある文脈で維持。
s1319,1,People and biography,Nora Hassan: A Practical Beginning,within-guardrails,,pass,no-further-change,,Level別の語彙・構文ガードレール内。
s1320,1,People and biography,Peter Walsh: A Practical Beginning,within-guardrails,,pass,no-further-change,,Level別の語彙・構文ガードレール内。
s1321,1,People and biography,Inez Silva: A Practical Beginning,within-guardrails,,pass,no-further-change,,Level別の語彙・構文ガードレール内。
s1322,1,People and biography,Omar Reed: A Practical Beginning,within-guardrails,,pass,no-further-change,,Level別の語彙・構文ガードレール内。
s1323,1,People and biography,Keiko Tan: A Practical Beginning,within-guardrails,,pass,no-further-change,,Level別の語彙・構文ガードレール内。
s1324,1,People and biography,Mateo Cruz: A Practical Beginning,within-guardrails,,pass,no-further-change,,Level別の語彙・構文ガードレール内。
s1325,1,People and biography,Sara Lind: A Practical Beginning,vocabulary-review,very-low-frequency,approved-after-review,retain-topic-vocabulary,fishers,単一の頻度指標のみ超過。固有の動植物名・科学語・文化語など、題材の核となる語を反復または説明のある文脈で維持。
s1326,1,People and biography,Theo Martin: A Practical Beginning,vocabulary-review,long-words,approved-after-review,retain-common-or-topic-words,everyone; listening; mistakes; question,単一の長語率指標のみ超過。低頻度語率と極低頻度語率は基準内で、日常語または題材の理解に必要な語を文脈付きで維持。
s1327,1,People and biography,Priya Das: A Practical Beginning,within-guardrails,,pass,no-further-change,,Level別の語彙・構文ガードレール内。
s1328,1,People and biography,Marcus Green: A Practical Beginning,within-guardrails,,pass,no-further-change,,Level別の語彙・構文ガードレール内。
s1329,1,People and biography,Yara Nasser: A Practical Beginning,within-guardrails,,pass,no-further-change,,Level別の語彙・構文ガードレール内。
s1330,1,People and biography,Finn Osei: A Practical Beginning,within-guardrails,,pass,no-further-change,,Level別の語彙・構文ガードレール内。
s1331,2,People and biography,Leah Park: A Practical Beginning,within-guardrails,,pass,no-further-change,,Level別の語彙・構文ガードレール内。
s1332,2,People and biography,Ravi Mehta: A Practical Beginning,within-guardrails,,pass,no-further-change,,Level別の語彙・構文ガードレール内。
s1333,2,People and biography,Sofia Almeida: A Practical Beginning,within-guardrails,,pass,no-further-change,,Level別の語彙・構文ガードレール内。
s1334,2,People and biography,Daniel Cho: A Practical Beginning,within-guardrails,,pass,no-further-change,,Level別の語彙・構文ガードレール内。
s1335,2,People and biography,Fatima Noor: A Practical Beginning,within-guardrails,,pass,no-further-change,,Level別の語彙・構文ガードレール内。
s1336,2,People and biography,Henry Cole: A Practical Beginning,within-guardrails,,pass,no-further-change,,Level別の語彙・構文ガードレール内。
s1337,2,People and biography,Anika Bose: A Practical Beginning,within-guardrails,,pass,no-further-change,,Level別の語彙・構文ガードレール内。
s1338,2,People and biography,Gabriel Stone: A Practical Beginning,within-guardrails,,pass,no-further-change,,Level別の語彙・構文ガードレール内。
s1339,2,People and biography,Mina Rahman: A Practical Beginning,within-guardrails,,pass,no-further-change,,Level別の語彙・構文ガードレール内。
s1340,2,People and biography,Arthur Vale: A Practical Beginning,within-guardrails,,pass,no-further-change,,Level別の語彙・構文ガードレール内。
s1341,2,People and biography,Zoe Bennett: A Practical Beginning,within-guardrails,,pass,no-further-change,,Level別の語彙・構文ガードレール内。
s1342,2,People and biography,Maya Chen: The Work Behind the Work,within-guardrails,,pass,no-further-change,,Level別の語彙・構文ガードレール内。
s1343,2,People and biography,Jon Bell: The Work Behind the Work,within-guardrails,,pass,no-further-change,,Level別の語彙・構文ガードレール内。
s1344,2,People and biography,Amina Okafor: The Work Behind the Work,within-guardrails,,pass,no-further-change,,Level別の語彙・構文ガードレール内。
s1345,2,People and biography,Luis Ortega: The Work Behind the Work,within-guardrails,,pass,no-further-change,,Level別の語彙・構文ガードレール内。
s1346,2,People and biography,Hana Mori: The Work Behind the Work,within-guardrails,,pass,no-further-change,,Level別の語彙・構文ガードレール内。
s1347,2,People and biography,Samir Patel: The Work Behind the Work,within-guardrails,,pass,no-further-change,,Level別の語彙・構文ガードレール内。
s1348,2,People and biography,Elena Rossi: The Work Behind the Work,within-guardrails,,pass,no-further-change,,Level別の語彙・構文ガードレール内。
s1349,2,People and biography,David Kim: The Work Behind the Work,within-guardrails,,pass,no-further-change,,Level別の語彙・構文ガードレール内。
s1350,2,People and biography,Nora Hassan: The Work Behind the Work,within-guardrails,,pass,no-further-change,,Level別の語彙・構文ガードレール内。
s1351,3,People and biography,Peter Walsh: The Work Behind the Work,within-guardrails,,pass,no-further-change,,Level別の語彙・構文ガードレール内。
s1352,3,People and biography,Inez Silva: The Work Behind the Work,vocabulary-review,long-words,approved-after-review,retain-common-or-topic-words,collaboration; conditions; confidence; constraint; contribution; developed; dramatic; evidence; explained; influenced,単一の長語率指標のみ超過。低頻度語率と極低頻度語率は基準内で、日常語または題材の理解に必要な語を文脈付きで維持。
s1353,3,People and biography,Omar Reed: The Work Behind the Work,vocabulary-review,long-words,approved-after-review,retain-common-or-topic-words,crossings; accounts; although; colleagues; combined; conditions; confidence; contributors; credited; everyday,単一の長語率指標のみ超過。低頻度語率と極低頻度語率は基準内で、日常語または題材の理解に必要な語を文脈付きで維持。
s1354,3,People and biography,Keiko Tan: The Work Behind the Work,vocabulary-review,long-words,approved-after-review,retain-common-or-topic-words,attention; children's; families; librarian; belonging; experience; failures; generations; information; languages,単一の長語率指標のみ超過。低頻度語率と極低頻度語率は基準内で、日常語または題材の理解に必要な語を文脈付きで維持。
s1355,3,People and biography,Mateo Cruz: The Work Behind the Work,within-guardrails,,pass,no-further-change,,Level別の語彙・構文ガードレール内。
s1356,3,People and biography,Sara Lind: The Work Behind the Work,within-guardrails,,pass,no-further-change,,Level別の語彙・構文ガードレール内。
s1357,3,People and biography,Theo Martin: The Work Behind the Work,vocabulary-review,long-words,approved-after-review,retain-common-or-topic-words,performances; accessible; afterward; audience; collaboration; colleagues; conditions; confidence; constraint; contribution,単一の長語率指標のみ超過。低頻度語率と極低頻度語率は基準内で、日常語または題材の理解に必要な語を文脈付きで維持。
s1358,3,People and biography,Priya Das: The Work Behind the Work,vocabulary-review,long-words,approved-after-review,retain-common-or-topic-words,different; accounts; achievement; although; colleagues; conflicting; connects; contributors; credited; drainage,単一の長語率指標のみ超過。低頻度語率と極低頻度語率は基準内で、日常語または題材の理解に必要な語を文脈付きで維持。
s1359,3,People and biography,Marcus Green: The Work Behind the Work,vocabulary-review,long-words,approved-after-review,retain-common-or-topic-words,attention; community; experience; musician; neighborhood; rehearsal; belonged; orchestra; organized; ownership,単一の長語率指標のみ超過。低頻度語率と極低頻度語率は基準内で、日常語または題材の理解に必要な語を文脈付きで維持。
s1360,3,People and biography,Yara Nasser: The Work Behind the Work,within-guardrails,,pass,no-further-change,,Level別の語彙・構文ガードレール内。
s1361,3,People and biography,Finn Osei: The Work Behind the Work,vocabulary-review,long-words,approved-after-review,retain-common-or-topic-words,accurate; arrivals; connected; everyone; explanations; hearings; including; language; languages; prepared,単一の長語率指標のみ超過。低頻度語率と極低頻度語率は基準内で、日常語または題材の理解に必要な語を文脈付きで維持。
s1362,3,People and biography,Leah Park: The Work Behind the Work,vocabulary-review,long-words,approved-after-review,retain-common-or-topic-words,community; explained; families; material; mattered; national; photographs; protected; received; remained,単一の長語率指標のみ超過。低頻度語率と極低頻度語率は基準内で、日常語または題材の理解に必要な語を文脈付きで維持。
s1363,3,People and biography,Ravi Mehta: The Work Behind the Work,vocabulary-review,long-words,approved-after-review,retain-common-or-topic-words,district; accounts; achievement; although; challenge; contributors; different; documenting; everyday; finished,単一の長語率指標のみ超過。低頻度語率と極低頻度語率は基準内で、日常語または題材の理解に必要な語を文脈付きで維持。
s1364,3,People and biography,Sofia Almeida: The Work Behind the Work,vocabulary-review,long-words,approved-after-review,retain-common-or-topic-words,attention; experience; approached; behavior; distance; disturbing; encourage; photographer; pictures; pressure,単一の長語率指標のみ超過。低頻度語率と極低頻度語率は基準内で、日常語または題材の理解に必要な語を文脈付きで維持。
s1365,3,People and biography,Daniel Cho: The Work Behind the Work,within-guardrails,,pass,no-further-change,,Level別の語彙・構文ガードレール内。
s1366,3,People and biography,Fatima Noor: The Work Behind the Work,vocabulary-review,long-words,approved-after-review,retain-common-or-topic-words,commercial; district; adapting; architect; buildings; confidence; continued; important; measured; networks,単一の長語率指標のみ超過。低頻度語率と極低頻度語率は基準内で、日常語または題材の理解に必要な語を文脈付きで維持。
s1367,3,People and biography,Henry Cole: The Work Behind the Work,vocabulary-review,long-words,approved-after-review,retain-common-or-topic-words,accounts; achievement; although; collaboration; constraint; contribution; contributors; dramatic; explained; finished,単一の長語率指標のみ超過。低頻度語率と極低頻度語率は基準内で、日常語または題材の理解に必要な語を文脈付きで維持。
s1368,3,People and biography,Anika Bose: The Work Behind the Work,vocabulary-review,long-words,approved-after-review,retain-common-or-topic-words,understand; agreements; brilliance; challenge; contracts; depended; documenting; everyday; explanations; families,単一の長語率指標のみ超過。低頻度語率と極低頻度語率は基準内で、日常語または題材の理解に必要な語を文脈付きで維持。
s1369,3,People and biography,Gabriel Stone: The Work Behind the Work,vocabulary-review,long-words,approved-after-review,retain-common-or-topic-words,attention; station's; anything; documented; experience; illusion; mechanism; observed; original; removing,単一の長語率指標のみ超過。低頻度語率と極低頻度語率は基準内で、日常語または題材の理解に必要な語を文脈付きで維持。
s1370,3,People and biography,Mina Rahman: The Work Behind the Work,vocabulary-review,low-frequency,approved-after-review,retain-topic-vocabulary,cooks; delays; dependable; kitchens; pickup; scattered; shelters; unclear,単一の頻度指標のみ超過。固有の動植物名・科学語・文化語など、題材の核となる語を反復または説明のある文脈で維持。
s1371,4,People and biography,Arthur Vale: The Work Behind the Work,within-guardrails,,pass,no-further-change,,Level別の語彙・構文ガードレール内。
s1372,4,People and biography,Zoe Bennett: The Work Behind the Work,within-guardrails,,pass,no-further-change,,Level別の語彙・構文ガードレール内。
s1373,4,People and biography,Maya Chen: A Wider Circle,within-guardrails,,pass,no-further-change,,Level別の語彙・構文ガードレール内。
s1374,4,People and biography,Jon Bell: A Wider Circle,within-guardrails,,pass,no-further-change,,Level別の語彙・構文ガードレール内。
s1375,4,People and biography,Amina Okafor: A Wider Circle,within-guardrails,,pass,no-further-change,,Level別の語彙・構文ガードレール内。
s1376,4,People and biography,Luis Ortega: A Wider Circle,within-guardrails,,pass,no-further-change,,Level別の語彙・構文ガードレール内。
s1377,4,People and biography,Hana Mori: A Wider Circle,vocabulary-review,long-words,approved-after-review,retain-common-or-topic-words,practical; achievement; adapting; apprentices; brilliance; challenge; children; collaboration; constraint; contribution,単一の長語率指標のみ超過。低頻度語率と極低頻度語率は基準内で、日常語または題材の理解に必要な語を文脈付きで維持。
s1378,4,People and biography,Samir Patel: A Wider Circle,within-guardrails,,pass,no-further-change,,Level別の語彙・構文ガードレール内。
s1379,4,People and biography,Elena Rossi: A Wider Circle,within-guardrails,,pass,no-further-change,,Level別の語彙・構文ガードレール内。
s1380,4,People and biography,David Kim: A Wider Circle,within-guardrails,,pass,no-further-change,,Level別の語彙・構文ガードレール内。
s1381,4,People and biography,Nora Hassan: A Wider Circle,vocabulary-review,long-words,approved-after-review,retain-common-or-topic-words,disappeared; memories; accounts; although; believed; colleagues; conditions; confidence; contributors; credited,単一の長語率指標のみ超過。低頻度語率と極低頻度語率は基準内で、日常語または題材の理解に必要な語を文脈付きで維持。
s1382,4,People and biography,Peter Walsh: A Wider Circle,within-guardrails,,pass,no-further-change,,Level別の語彙・構文ガードレール内。
s1383,4,People and biography,Inez Silva: A Wider Circle,within-guardrails,,pass,no-further-change,,Level別の語彙・構文ガードレール内。
s1384,4,People and biography,Omar Reed: A Wider Circle,within-guardrails,,pass,no-further-change,,Level別の語彙・構文ガードレール内。
s1385,4,People and biography,Keiko Tan: A Wider Circle,within-guardrails,,pass,no-further-change,,Level別の語彙・構文ガードレール内。
s1386,4,People and biography,Mateo Cruz: A Wider Circle,vocabulary-review,long-words,approved-after-review,retain-common-or-topic-words,visitors; practical; welcoming; accounts; achievement; although; colleagues; conditions; confidence; connected,単一の長語率指標のみ超過。低頻度語率と極低頻度語率は基準内で、日常語または題材の理解に必要な語を文脈付きで維持。
s1387,4,People and biography,Sara Lind: A Wider Circle,vocabulary-review,long-words,approved-after-review,retain-common-or-topic-words,failures; mechanic; practical; brilliance; collaboration; constraint; contribution; depended; dramatic; emergency,単一の長語率指標のみ超過。低頻度語率と極低頻度語率は基準内で、日常語または題材の理解に必要な語を文脈付きで維持。
s1388,4,People and biography,Theo Martin: A Wider Circle,within-guardrails,,pass,no-further-change,,Level別の語彙・構文ガードレール内。
s1389,4,People and biography,Priya Das: A Wider Circle,within-guardrails,,pass,no-further-change,,Level別の語彙・構文ガードレール内。
s1390,4,People and biography,Marcus Green: A Wider Circle,vocabulary-review,long-words,approved-after-review,retain-common-or-topic-words,belonged; neighborhood; orchestra; rehearsal; adapting; community; confidence; evidence; important; musician,単一の長語率指標のみ超過。低頻度語率と極低頻度語率は基準内で、日常語または題材の理解に必要な語を文脈付きで維持。
s1391,5,People and biography,Yara Nasser: A Wider Circle,within-guardrails,,pass,no-further-change,,Level別の語彙・構文ガードレール内。
s1392,5,People and biography,Finn Osei: A Wider Circle,within-guardrails,,pass,no-further-change,,Level別の語彙・構文ガードレール内。
s1393,5,People and biography,Leah Park: A Wider Circle,within-guardrails,,pass,no-further-change,,Level別の語彙・構文ガードレール内。
s1394,5,People and biography,Ravi Mehta: A Wider Circle,within-guardrails,,pass,no-further-change,,Level別の語彙・構文ガードレール内。
s1395,5,People and biography,Sofia Almeida: A Wider Circle,within-guardrails,,pass,no-further-change,,Level別の語彙・構文ガードレール内。
s1396,5,People and biography,Daniel Cho: A Wider Circle,within-guardrails,,pass,no-further-change,,Level別の語彙・構文ガードレール内。
s1397,5,People and biography,Fatima Noor: A Wider Circle,within-guardrails,,pass,no-further-change,,Level別の語彙・構文ガードレール内。
s1398,5,People and biography,Henry Cole: A Wider Circle,within-guardrails,,pass,no-further-change,,Level別の語彙・構文ガードレール内。
s1399,5,People and biography,Anika Bose: A Wider Circle,within-guardrails,,pass,no-further-change,,Level別の語彙・構文ガードレール内。
s1400,5,People and biography,Gabriel Stone: A Wider Circle,within-guardrails,,pass,no-further-change,,Level別の語彙・構文ガードレール内。
s1401,5,People and biography,Mina Rahman: A Wider Circle,within-guardrails,,pass,no-further-change,,Level別の語彙・構文ガードレール内。
s1402,5,People and biography,Arthur Vale: A Wider Circle,vocabulary-review,long-words,approved-after-review,retain-common-or-topic-words,underground; limestone; practical; accounts; achievement; although; brilliance; challenge; colleagues; combined,単一の長語率指標のみ超過。低頻度語率と極低頻度語率は基準内で、日常語または題材の理解に必要な語を文脈付きで維持。
s1403,5,People and biography,Zoe Bennett: A Wider Circle,within-guardrails,,pass,no-further-change,,Level別の語彙・構文ガードレール内。
s1404,5,People and biography,Maya Chen: Learning to Listen,within-guardrails,,pass,no-further-change,,Level別の語彙・構文ガードレール内。
s1405,5,People and biography,Jon Bell: Learning to Listen,vocabulary-review,long-words,approved-after-review,retain-common-or-topic-words,affordable; confidence; industrial; reliable; transport; accounts; achievement; although; bicycles; colleagues,単一の長語率指標のみ超過。低頻度語率と極低頻度語率は基準内で、日常語または題材の理解に必要な語を文脈付きで維持。
s1406,6,People and biography,Amina Okafor: Learning to Listen,within-guardrails,,pass,no-further-change,,Level別の語彙・構文ガードレール内。
s1407,6,People and biography,Luis Ortega: Learning to Listen,within-guardrails,,pass,no-further-change,,Level別の語彙・構文ガードレール内。
s1408,6,People and biography,Hana Mori: Learning to Listen,within-guardrails,,pass,no-further-change,,Level別の語彙・構文ガードレール内。
s1409,6,People and biography,Samir Patel: Learning to Listen,within-guardrails,,pass,no-further-change,,Level別の語彙・構文ガードレール内。
s1410,6,People and biography,Elena Rossi: Learning to Listen,within-guardrails,,pass,no-further-change,,Level別の語彙・構文ガードレール内。
s1411,6,People and biography,David Kim: Learning to Listen,within-guardrails,,pass,no-further-change,,Level別の語彙・構文ガードレール内。
s1412,6,People and biography,Nora Hassan: Learning to Listen,within-guardrails,,pass,no-further-change,,Level別の語彙・構文ガードレール内。
s1413,6,People and biography,Peter Walsh: Learning to Listen,within-guardrails,,pass,no-further-change,,Level別の語彙・構文ガードレール内。
s1414,6,People and biography,Inez Silva: Learning to Listen,within-guardrails,,pass,no-further-change,,Level別の語彙・構文ガードレール内。
s1415,6,People and biography,Omar Reed: Learning to Listen,within-guardrails,,pass,no-further-change,,Level別の語彙・構文ガードレール内。
s1416,6,People and biography,Keiko Tan: Learning to Listen,within-guardrails,,pass,no-further-change,,Level別の語彙・構文ガードレール内。
s1417,6,People and biography,Mateo Cruz: Learning to Listen,within-guardrails,,pass,no-further-change,,Level別の語彙・構文ガードレール内。
s1418,6,People and biography,Sara Lind: Learning to Listen,within-guardrails,,pass,no-further-change,,Level別の語彙・構文ガードレール内。
s1419,6,People and biography,Theo Martin: Learning to Listen,within-guardrails,,pass,no-further-change,,Level別の語彙・構文ガードレール内。
s1420,6,People and biography,Priya Das: Learning to Listen,within-guardrails,,pass,no-further-change,,Level別の語彙・構文ガードレール内。
s1421,7,People and biography,Marcus Green: Learning to Listen,within-guardrails,,pass,no-further-change,,Level別の語彙・構文ガードレール内。
s1422,7,People and biography,Yara Nasser: Learning to Listen,within-guardrails,,pass,no-further-change,,Level別の語彙・構文ガードレール内。
s1423,7,People and biography,Finn Osei: Learning to Listen,within-guardrails,,pass,no-further-change,,Level別の語彙・構文ガードレール内。
s1424,7,People and biography,Leah Park: Learning to Listen,within-guardrails,,pass,no-further-change,,Level別の語彙・構文ガードレール内。
s1425,7,People and biography,Ravi Mehta: Learning to Listen,within-guardrails,,pass,no-further-change,,Level別の語彙・構文ガードレール内。
s1426,7,People and biography,Sofia Almeida: Learning to Listen,within-guardrails,,pass,no-further-change,,Level別の語彙・構文ガードレール内。
s1427,7,People and biography,Daniel Cho: Learning to Listen,within-guardrails,,pass,no-further-change,,Level別の語彙・構文ガードレール内。
s1428,7,People and biography,Fatima Noor: Learning to Listen,within-guardrails,,pass,no-further-change,,Level別の語彙・構文ガードレール内。
s1429,7,People and biography,Henry Cole: Learning to Listen,within-guardrails,,pass,no-further-change,,Level別の語彙・構文ガードレール内。
s1430,7,People and biography,Anika Bose: Learning to Listen,within-guardrails,,pass,no-further-change,,Level別の語彙・構文ガードレール内。
s1431,7,People and biography,Gabriel Stone: Learning to Listen,within-guardrails,,pass,no-further-change,,Level別の語彙・構文ガードレール内。
s1432,7,People and biography,Mina Rahman: Learning to Listen,within-guardrails,,pass,no-further-change,,Level別の語彙・構文ガードレール内。
s1433,7,People and biography,Arthur Vale: Learning to Listen,within-guardrails,,pass,no-further-change,,Level別の語彙・構文ガードレール内。
s1434,7,People and biography,Zoe Bennett: Learning to Listen,within-guardrails,,pass,no-further-change,,Level別の語彙・構文ガードレール内。
s1435,7,People and biography,Maya Chen: What Remained,within-guardrails,,pass,no-further-change,,Level別の語彙・構文ガードレール内。
s1436,8,People and biography,Jon Bell: What Remained,within-guardrails,,pass,no-further-change,,Level別の語彙・構文ガードレール内。
s1437,8,People and biography,Amina Okafor: What Remained,within-guardrails,,pass,no-further-change,,Level別の語彙・構文ガードレール内。
s1438,8,People and biography,Luis Ortega: What Remained,within-guardrails,,pass,no-further-change,,Level別の語彙・構文ガードレール内。
s1439,8,People and biography,Hana Mori: What Remained,within-guardrails,,pass,no-further-change,,Level別の語彙・構文ガードレール内。
s1440,8,People and biography,Samir Patel: What Remained,within-guardrails,,pass,no-further-change,,Level別の語彙・構文ガードレール内。
s1441,8,People and biography,Elena Rossi: What Remained,within-guardrails,,pass,no-further-change,,Level別の語彙・構文ガードレール内。
s1442,8,People and biography,David Kim: What Remained,within-guardrails,,pass,no-further-change,,Level別の語彙・構文ガードレール内。
s1443,8,People and biography,Nora Hassan: What Remained,within-guardrails,,pass,no-further-change,,Level別の語彙・構文ガードレール内。
s1444,8,People and biography,Peter Walsh: What Remained,within-guardrails,,pass,no-further-change,,Level別の語彙・構文ガードレール内。
s1445,8,People and biography,Inez Silva: What Remained,within-guardrails,,pass,no-further-change,,Level別の語彙・構文ガードレール内。
s1446,9,People and biography,Omar Reed: What Remained,within-guardrails,,pass,no-further-change,,Level別の語彙・構文ガードレール内。
s1447,9,People and biography,Keiko Tan: What Remained,within-guardrails,,pass,no-further-change,,Level別の語彙・構文ガードレール内。
s1448,9,People and biography,Mateo Cruz: What Remained,within-guardrails,,pass,no-further-change,,Level別の語彙・構文ガードレール内。
s1449,9,People and biography,Sara Lind: What Remained,within-guardrails,,pass,no-further-change,,Level別の語彙・構文ガードレール内。
s1450,9,People and biography,Theo Martin: What Remained,within-guardrails,,pass,no-further-change,,Level別の語彙・構文ガードレール内。
s1451,9,People and biography,Priya Das: What Remained,within-guardrails,,pass,no-further-change,,Level別の語彙・構文ガードレール内。
s1452,9,People and biography,Marcus Green: What Remained,within-guardrails,,pass,no-further-change,,Level別の語彙・構文ガードレール内。
s1453,9,People and biography,Yara Nasser: What Remained,within-guardrails,,pass,no-further-change,,Level別の語彙・構文ガードレール内。
s1454,9,People and biography,Finn Osei: What Remained,within-guardrails,,pass,no-further-change,,Level別の語彙・構文ガードレール内。
s1455,9,People and biography,Leah Park: What Remained,within-guardrails,,pass,no-further-change,,Level別の語彙・構文ガードレール内。
s1456,10,People and biography,Ravi Mehta: What Remained,within-guardrails,,pass,no-further-change,,Level別の語彙・構文ガードレール内。
s1457,10,People and biography,Sofia Almeida: What Remained,within-guardrails,,pass,no-further-change,,Level別の語彙・構文ガードレール内。
s1458,10,People and biography,Daniel Cho: What Remained,within-guardrails,,pass,no-further-change,,Level別の語彙・構文ガードレール内。
s1459,10,People and biography,Fatima Noor: What Remained,within-guardrails,,pass,no-further-change,,Level別の語彙・構文ガードレール内。
s1460,10,People and biography,Henry Cole: What Remained,within-guardrails,,pass,no-further-change,,Level別の語彙・構文ガードレール内。
s1461,10,People and biography,Anika Bose: What Remained,within-guardrails,,pass,no-further-change,,Level別の語彙・構文ガードレール内。
s1462,10,People and biography,Gabriel Stone: What Remained,within-guardrails,,pass,no-further-change,,Level別の語彙・構文ガードレール内。
s1463,10,People and biography,Mina Rahman: What Remained,within-guardrails,,pass,no-further-change,,Level別の語彙・構文ガードレール内。
s1464,10,People and biography,Arthur Vale: What Remained,within-guardrails,,pass,no-further-change,,Level別の語彙・構文ガードレール内。
s1465,10,People and biography,Zoe Bennett: What Remained,within-guardrails,,pass,no-further-change,,Level別の語彙・構文ガードレール内。
s1466,1,Everyday life,The Cup Beside the Sink,vocabulary-review,long-words,approved-after-review,retain-common-or-topic-words,everyone; question; returned,単一の長語率指標のみ超過。低頻度語率と極低頻度語率は基準内で、日常語または題材の理解に必要な語を文脈付きで維持。
s1467,1,Everyday life,The Two Red Socks,vocabulary-review,low-frequency,approved-after-review,retain-topic-vocabulary,sock; folded; towel,単一の頻度指標のみ超過。固有の動植物名・科学語・文化語など、題材の核となる語を反復または説明のある文脈で維持。
s1468,2,Everyday life,Lunch Under the Stairs,within-guardrails,,pass,no-further-change,,Level別の語彙・構文ガードレール内。
s1469,2,Everyday life,The Note on the Fridge,within-guardrails,,pass,no-further-change,,Level別の語彙・構文ガードレール内。
s1470,3,Everyday life,The Borrowed Blue Pen,within-guardrails,,pass,no-further-change,,Level別の語彙・構文ガードレール内。
s1471,3,Everyday life,The Soup Without Carrots,vocabulary-review,long-words,approved-after-review,retain-common-or-topic-words,changing; conclusion; different; difficulty; mattered; ordinary; overlook; progress; remained; response,単一の長語率指標のみ超過。低頻度語率と極低頻度語率は基準内で、日常語または題材の理解に必要な語を文脈付きで維持。
s1472,3,Everyday life,The Quiet Seat on the Bus,within-guardrails,,pass,no-further-change,,Level別の語彙・構文ガードレール内。
s1473,4,Everyday life,The Phone in the Freezer,within-guardrails,,pass,no-further-change,,Level別の語彙・構文ガードレール内。
s1474,4,Everyday life,The Sunday Repair Box,vocabulary-review,long-words,approved-after-review,retain-common-or-topic-words,building; apartment; practical; belonged; concrete; everyone; experience; followed; happened; neighbors,単一の長語率指標のみ超過。低頻度語率と極低頻度語率は基準内で、日常語または題材の理解に必要な語を文脈付きで維持。
s1475,4,Everyday life,The Last Slice Agreement,within-guardrails,,pass,no-further-change,,Level別の語彙・構文ガードレール内。
s1476,9,Everyday life,The Calendar That Knew Too Much,within-guardrails,,pass,no-further-change,,Level別の語彙・構文ガードレール内。
s1477,10,Everyday life,The Cost of a Convenient Return,within-guardrails,,pass,no-further-change,,Level別の語彙・構文ガードレール内。
s1478,1,Famous books,The Golden Goose and the Kind Son,vocabulary-review,long-words,approved-after-review,retain-common-or-topic-words,youngest; brothers; everyone; kindness; traveler,単一の長語率指標のみ超過。低頻度語率と極低頻度語率は基準内で、日常語または題材の理解に必要な語を文脈付きで維持。
s1479,2,Famous books,The Bremen Animals Find a Home,vocabulary-review,low-frequency,approved-after-review,retain-topic-vocabulary,donkey; rooster; robbers; frightened; robber; scratched,単一の頻度指標のみ超過。固有の動植物名・科学語・文化語など、題材の核となる語を反復または説明のある文脈で維持。
s1480,2,Famous books,The Fisherman and the Talking Fish,within-guardrails,,pass,no-further-change,,Level別の語彙・構文ガードレール内。
s1481,2,Famous books,Sinbad in the Valley of Diamonds,within-guardrails,,pass,no-further-change,,Level別の語彙・構文ガードレール内。
s1482,3,Famous books,Robin Hood and the Poor Farmer,within-guardrails,,pass,no-further-change,,Level別の語彙・構文ガードレール内。
s1483,4,Famous books,The Tempest: Miranda Sees the Ship,within-guardrails,,pass,no-further-change,,Level別の語彙・構文ガードレール内。
s1484,4,Famous books,The Wind in the Willows: Mole Leaves Home,within-guardrails,,pass,no-further-change,,Level別の語彙・構文ガードレール内。
s1485,4,Famous books,A Christmas Carol: Dinner at the Cratchits,within-guardrails,,pass,no-further-change,,Level別の語彙・構文ガードレール内。
s1486,7,Famous books,Antigone and the Unwritten Law,within-guardrails,,pass,no-further-change,,Level別の語彙・構文ガードレール内。
s1487,9,Famous books,The Brothers Karamazov: Ivan's Question,within-guardrails,,pass,no-further-change,,Level別の語彙・構文ガードレール内。
s1488,10,Famous books,The Trial: Josef K. Seeks the Charge,within-guardrails,,pass,no-further-change,,Level別の語彙・構文ガードレール内。
s1489,1,Fantasy/stories,The Pebble That Sang,within-guardrails,,pass,no-further-change,,Level別の語彙・構文ガードレール内。
s1490,1,Fantasy/stories,The Cloud in the Barn,within-guardrails,,pass,no-further-change,,Level別の語彙・構文ガードレール内。
s1491,2,Fantasy/stories,The Door Under the Table,vocabulary-review,very-low-frequency,approved-after-review,retain-topic-vocabulary,crumb,単一の頻度指標のみ超過。固有の動植物名・科学語・文化語など、題材の核となる語を反復または説明のある文脈で維持。
s1492,2,Fantasy/stories,The Lantern Fish of Willow Pond,vocabulary-review,low-frequency,approved-after-review,retain-topic-vocabulary,pond; capturing; floated; glow; tom's,単一の頻度指標のみ超過。固有の動植物名・科学語・文化語など、題材の核となる語を反復または説明のある文脈で維持。
s1493,2,Fantasy/stories,The Tailor of Rain,within-guardrails,,pass,no-further-change,,Level別の語彙・構文ガードレール内。
s1494,3,Fantasy/stories,The Library of Sleeping Maps,within-guardrails,,pass,no-further-change,,Level別の語彙・構文ガードレール内。
s1495,3,Fantasy/stories,The Bridge That Remembered Names,vocabulary-review,low-frequency,approved-after-review,retain-topic-vocabulary,aloud; builders; copied; forgetting; kingdoms; moss; searched; travelers; vanished,単一の頻度指標のみ超過。固有の動植物名・科学語・文化語など、題材の核となる語を反復または説明のある文脈で維持。
s1496,4,Fantasy/stories,The Orchard Beyond Tuesday,within-guardrails,,pass,no-further-change,,Level別の語彙・構文ガードレール内。
s1497,4,Fantasy/stories,The Clockmaker's Dragon,within-guardrails,,pass,no-further-change,,Level別の語彙・構文ガードレール内。
s1498,4,Fantasy/stories,The House of Borrowed Weather,within-guardrails,,pass,no-further-change,,Level別の語彙・構文ガードレール内。
s1499,10,Fantasy/stories,The Ministry of Forgotten Dreams,within-guardrails,,pass,no-further-change,,Level別の語彙・構文ガードレール内。
s1500,10,Fantasy/stories,The Treaty Written on Water,within-guardrails,,pass,no-further-change,,Level別の語彙・構文ガードレール内。
s1501,1,History,The First Clay Bowl,within-guardrails,,pass,no-further-change,,Level別の語彙・構文ガードレール内。
s1502,1,History,The Stones Across the Stream,within-guardrails,,pass,no-further-change,,Level別の語彙・構文ガードレール内。
s1503,1,History,The Night Fire Watch,within-guardrails,,pass,no-further-change,,Level別の語彙・構文ガードレール内。
s1504,2,History,The Road Marked by Miles,vocabulary-review,long-words,approved-after-review,retain-common-or-topic-words,distance; measured; measures; messages; mistakes; together; traveler,単一の長語率指標のみ超過。低頻度語率と極低頻度語率は基準内で、日常語または題材の理解に必要な語を文脈付きで維持。
s1505,2,History,Paper Travels West,within-guardrails,,pass,no-further-change,,Level別の語彙・構文ガードレール内。
s1506,2,History,The Stars Above the Open Sea,within-guardrails,,pass,no-further-change,,Level別の語彙・構文ガードレール内。
s1507,3,History,Drains Beneath an Ancient City,within-guardrails,,pass,no-further-change,,Level別の語彙・構文ガードレール内。
s1508,3,History,The Runner on the Mountain Road,vocabulary-review,long-words,approved-after-review,retain-common-or-topic-words,messenger; official; concrete; distance; followed; happened; mountain; networks; obstacle; practical,単一の長語率指標のみ超過。低頻度語率と極低頻度語率は基準内で、日常語または題材の理解に必要な語を文脈付きで維持。
s1509,3,History,Books in the Desert City,within-guardrails,,pass,no-further-change,,Level別の語彙・構文ガードレール内。
s1510,3,History,The Assembly Beside the Rock,vocabulary-review,long-words,approved-after-review,retain-common-or-topic-words,buildings; institutions; permanent; practice; repeated; abandoning; authority; competing; decision; decisions,単一の長語率指標のみ超過。低頻度語率と極低頻度語率は基準内で、日常語または題材の理解に必要な語を文脈付きで維持。
s1511,3,History,Rules for the Market Bell,vocabulary-review,long-words,approved-after-review,retain-common-or-topic-words,medieval; concrete; conflict; exchange; followed; happened; influence; measures; obstacle; practical,単一の長語率指標のみ超過。低頻度語率と極低頻度語率は基準内で、日常語または題材の理解に必要な語を文脈付きで維持。
s1512,3,History,Fire Teams of the Castle Town,within-guardrails,,pass,no-further-change,,Level別の語彙・構文ガードレール内。
s1513,3,History,Messages Along the Wire,vocabulary-review,long-words,approved-after-review,retain-common-or-topic-words,changing; specific; telegraph; connected; difficult; difficulty; examining; families; happened; operators,単一の長語率指標のみ超過。低頻度語率と極低頻度語率は基準内で、日常語または題材の理解に必要な語を文脈付きで維持。
s1514,3,History,The First Public Vaccine Line,vocabulary-review,long-words,approved-after-review,retain-common-or-topic-words,families; communication; decision; medicine; requires; abandoning; answered; evidence; immediate; possible,単一の長語率指標のみ超過。低頻度語率と極低頻度語率は基準内で、日常語または題材の理解に必要な語を文脈付きで維持。
s1515,4,History,The Clock at Every Station,vocabulary-review,long-words,approved-after-review,retain-common-or-topic-words,different; managers; schedules; accidents; conclusion; mattered; ordinary; progress; response; slightly,単一の長語率指標のみ超過。低頻度語率と極低頻度語率は基準内で、日常語または題材の理解に必要な語を文脈付きで維持。
s1516,6,History,Counting a Moving Population,within-guardrails,,pass,no-further-change,,Level別の語彙・構文ガードレール内。
s1517,6,History,Print Shops and Public Argument,within-guardrails,,pass,no-further-change,,Level別の語彙・構文ガードレール内。
s1518,6,History,Petitions Against Bondage,within-guardrails,,pass,no-further-change,,Level別の語彙・構文ガードレール内。
s1519,9,History,The Archive After Independence,within-guardrails,,pass,no-further-change,,Level別の語彙・構文ガードレール内。
s1520,1,Nature and animals,The Snail After Rain,within-guardrails,,pass,no-further-change,,Level別の語彙・構文ガードレール内。
s1521,1,Nature and animals,The Sparrow's Bath,within-guardrails,,pass,no-further-change,,Level別の語彙・構文ガードレール内。
s1522,2,Nature and animals,The Rabbit's Winter Door,within-guardrails,,pass,no-further-change,,Level別の語彙・構文ガードレール内。
s1523,2,Nature and animals,The Ant Road Around the Stone,within-guardrails,,pass,no-further-change,,Level別の語彙・構文ガードレール内。
s1524,2,Nature and animals,The Owl Above the Farm,vocabulary-review,low-frequency,approved-after-review,retain-topic-vocabulary,owl; barn; daylight; hid; hunters,単一の頻度指標のみ超過。固有の動植物名・科学語・文化語など、題材の核となる語を反復または説明のある文脈で維持。
s1525,3,Nature and animals,The Crab That Changed Shells,vocabulary-review,low-frequency,approved-after-review,retain-topic-vocabulary,crab; shells; crabs; scarce,単一の頻度指標のみ超過。固有の動植物名・科学語・文化語など、題材の核となる語を反復または説明のある文脈で維持。
s1526,3,Nature and animals,The Frog Pond in Spring,vocabulary-review,low-frequency,approved-after-review,retain-topic-vocabulary,frogs; pond; hid; hunted,単一の頻度指標のみ超過。固有の動植物名・科学語・文化語など、題材の核となる語を反復または説明のある文脈で維持。
s1527,4,Nature and animals,The Hedge Between Two Fields,within-guardrails,,pass,no-further-change,,Level別の語彙・構文ガードレール内。
s1528,4,Nature and animals,The Salmon's Cold Stream,within-guardrails,,pass,no-further-change,,Level別の語彙・構文ガードレール内。
s1529,4,Nature and animals,Seeds in a Burned Meadow,within-guardrails,,pass,no-further-change,,Level別の語彙・構文ガードレール内。
s1530,4,Nature and animals,The Dolphin's Borrowed Sponge,vocabulary-review,low-frequency,approved-after-review,retain-topic-vocabulary,dolphin; beak; copied; sponge,単一の頻度指標のみ超過。固有の動植物名・科学語・文化語など、題材の核となる語を反復または説明のある文脈で維持。
s1531,9,Nature and animals,The Forest That Moved Uphill,within-guardrails,,pass,no-further-change,,Level別の語彙・構文ガードレール内。
s1532,10,Nature and animals,The Reef After the Heat Wave,within-guardrails,,pass,no-further-change,,Level別の語彙・構文ガードレール内。
s1533,1,Science,Where the Ice Cube Goes,vocabulary-review,long-words,approved-after-review,retain-common-or-topic-words,children; disappear; happened; something,単一の長語率指標のみ超過。低頻度語率と極低頻度語率は基準内で、日常語または題材の理解に必要な語を文脈付きで維持。
s1534,1,Science,The Seed Finds Down,vocabulary-review,low-frequency,approved-after-review,retain-topic-vocabulary,bent; jar; bean,単一の頻度指標のみ超過。固有の動植物名・科学語・文化語など、題材の核となる語を反復または説明のある文脈で維持。
s1535,1,Science,The Echo by the Wall,vocabulary-review,low-frequency,approved-after-review,retain-topic-vocabulary,clapped; clap; farther,単一の頻度指標のみ超過。固有の動植物名・科学語・文化語など、題材の核となる語を反復または説明のある文脈で維持。
s1536,2,Science,The Push of Two Magnets,vocabulary-review,long-words,approved-after-review,retain-common-or-topic-words,matching; opposite; invisible; repeated; stronger; students; together,単一の長語率指標のみ超過。低頻度語率と極低頻度語率は基準内で、日常語または題材の理解に必要な語を文脈付きで維持。
s1537,2,Science,Clouds from a Warm Cup,within-guardrails,,pass,no-further-change,,Level別の語彙・構文ガードレール内。
s1538,2,Science,The Shadow at Three Times,within-guardrails,,pass,no-further-change,,Level別の語彙・構文ガードレール内。
s1539,3,Science,The Egg in Salt Water,within-guardrails,,pass,no-further-change,,Level別の語彙・構文ガードレール内。
s1540,3,Science,The Warm Air Balloon Bag,within-guardrails,,pass,no-further-change,,Level別の語彙・構文ガードレール内。
s1541,3,Science,The Green Leaf Test,within-guardrails,,pass,no-further-change,,Level別の語彙・構文ガードレール内。
s1542,4,Science,The Slow Journey of a Continent,within-guardrails,,pass,no-further-change,,Level別の語彙・構文ガードレール内。
s1543,4,Science,The Memory of an Immune Cell,vocabulary-review,long-words,approved-after-review,retain-common-or-topic-words,research; exposure; harmless; protection; biological; concrete; difficult; difficulty; examining; happened,単一の長語率指標のみ超過。低頻度語率と極低頻度語率は基準内で、日常語または題材の理解に必要な語を文脈付きで維持。
s1544,5,Science,The Gene That Worked Differently,within-guardrails,,pass,no-further-change,,Level別の語彙・構文ガードレール内。
s1545,9,Science,The Error Bars Around a Result,within-guardrails,,pass,no-further-change,,Level別の語彙・構文ガードレール内。
s1546,10,Science,The Model That Predicted Too Well,within-guardrails,,pass,no-further-change,,Level別の語彙・構文ガードレール内。
s1547,1,World affairs,One Field for Two Schools,vocabulary-review,long-words,approved-after-review,retain-common-or-topic-words,building; children; different; everyone; timetable; together,単一の長語率指標のみ超過。低頻度語率と極低頻度語率は基準内で、日常語または題材の理解に必要な語を文脈付きで維持。
s1548,1,World affairs,Water Rules for Three Streets,vocabulary-review,long-words,approved-after-review,retain-common-or-topic-words,families; everyone; returned,単一の長語率指標のみ超過。低頻度語率と極低頻度語率は基準内で、日常語または題材の理解に必要な語を文脈付きで維持。
s1549,2,World affairs,The Library Opens Late,within-guardrails,,pass,no-further-change,,Level別の語彙・構文ガードレール内。
s1550,2,World affairs,The Bus Route Meeting,within-guardrails,,pass,no-further-change,,Level別の語彙・構文ガードレール内。
s1551,2,World affairs,Rules for the River Park,within-guardrails,,pass,no-further-change,,Level別の語彙・構文ガードレール内。
s1552,3,World affairs,Lunch for Every Child,vocabulary-review,long-words,approved-after-review,retain-common-or-topic-words,families; teachers; children; combined; concrete; followed; happened; obstacle; practical; principle,単一の長語率指標のみ超過。低頻度語率と極低頻度語率は基準内で、日常語または題材の理解に必要な語を文脈付きで維持。
s1553,4,World affairs,Words at the Health Desk,vocabulary-review,long-words,approved-after-review,retain-common-or-topic-words,available; patients; translation; communication; concrete; different; district; followed; happened; instructions,単一の長語率指標のみ超過。低頻度語率と極低頻度語率は基準内で、日常語または題材の理解に必要な語を文脈付きで維持。
s1554,4,World affairs,The Repair Label,within-guardrails,,pass,no-further-change,,Level別の語彙・構文ガードレール内。
s1555,4,World affairs,The Map of Public Trees,vocabulary-review,long-words,approved-after-review,retain-common-or-topic-words,communities; gardeners; interpret; planting; residents; situation; valuable; actually; combined; district,単一の長語率指標のみ超過。低頻度語率と極低頻度語率は基準内で、日常語または題材の理解に必要な語を文脈付きで維持。
s1556,4,World affairs,The Empty Shop Tax,within-guardrails,,pass,no-further-change,,Level別の語彙・構文ガードレール内。
s1557,5,World affairs,The Evening Care Cooperative,within-guardrails,,pass,no-further-change,,Level別の語彙・構文ガードレール内。
s1558,5,World affairs,The Flood Notice in Every Language,within-guardrails,,pass,no-further-change,,Level別の語彙・構文ガードレール内。
s1559,5,World affairs,The Market's Shared Cold Room,within-guardrails,,pass,no-further-change,,Level別の語彙・構文ガードレール内。
s1560,5,World affairs,The Night Train Trial,within-guardrails,,pass,no-further-change,,Level別の語彙・構文ガードレール内。
s1561,5,World affairs,The Community Solar Roof,within-guardrails,,pass,no-further-change,,Level別の語彙・構文ガードレール内。
s1562,7,World affairs,The Translation Budget,within-guardrails,,pass,no-further-change,,Level別の語彙・構文ガードレール内。
s1563,9,World affairs,The Public Algorithm Register,within-guardrails,,pass,no-further-change,,Level別の語彙・構文ガードレール内。
s1564,9,World affairs,The Carbon Border Debate,within-guardrails,,pass,no-further-change,,Level別の語彙・構文ガードレール内。
s1565,10,World affairs,The Right to Leave a Platform,within-guardrails,,pass,no-further-change,,Level別の語彙・構文ガードレール内。
s1566,8,Mystery and adventure,The Cipher in the Tide Tables,within-guardrails,,pass,no-further-change,,Level別の語彙・構文ガードレール内。
s1567,8,Mystery and adventure,The Locked Room at Platform Nine,within-guardrails,,pass,no-further-change,,Level別の語彙・構文ガードレール内。
s1568,8,Mystery and adventure,The Collector's Missing Provenance,within-guardrails,,pass,no-further-change,,Level別の語彙・構文ガードレール内。
s1569,8,Mystery and adventure,The Signal Beyond North Ridge,within-guardrails,,pass,no-further-change,,Level別の語彙・構文ガードレール内。
s1570,8,Mystery and adventure,The Archive with Two Catalogues,within-guardrails,,pass,no-further-change,,Level別の語彙・構文ガードレール内。
s1571,9,Mystery and adventure,The Orchard Camera,within-guardrails,,pass,no-further-change,,Level別の語彙・構文ガードレール内。
s1572,9,Mystery and adventure,The Last Ferry Manifest,within-guardrails,,pass,no-further-change,,Level別の語彙・構文ガードレール内。
s1573,9,Mystery and adventure,The Museum's False Shadow,within-guardrails,,pass,no-further-change,,Level別の語彙・構文ガードレール内。
s1574,9,Mystery and adventure,The Map Beneath the Map,within-guardrails,,pass,no-further-change,,Level別の語彙・構文ガードレール内。
s1575,9,Mystery and adventure,The Voice on the Closed Frequency,within-guardrails,,pass,no-further-change,,Level別の語彙・構文ガードレール内。
s1576,10,Mystery and adventure,The Missing Minute in Court,within-guardrails,,pass,no-further-change,,Level別の語彙・構文ガードレール内。
s1577,10,Mystery and adventure,The Expedition's Second Journal,within-guardrails,,pass,no-further-change,,Level別の語彙・構文ガードレール内。
s1578,10,Mystery and adventure,The Vanishing Survey Marker,within-guardrails,,pass,no-further-change,,Level別の語彙・構文ガードレール内。
s1579,10,Mystery and adventure,The Anonymous Peer Review,within-guardrails,,pass,no-further-change,,Level別の語彙・構文ガードレール内。
s1580,10,Mystery and adventure,The Warehouse of Returned Clocks,within-guardrails,,pass,no-further-change,,Level別の語彙・構文ガードレール内。
s1581,8,Travel and culture,Listening Before the Festival,within-guardrails,,pass,no-further-change,,Level別の語彙・構文ガードレール内。
s1582,8,Travel and culture,The Museum Label in Three Voices,within-guardrails,,pass,no-further-change,,Level別の語彙・構文ガードレール内。
s1583,8,Travel and culture,The Meal with No Direct Translation,within-guardrails,,pass,no-further-change,,Level別の語彙・構文ガードレール内。
s1584,8,Travel and culture,The Slow Train Across the Plateau,within-guardrails,,pass,no-further-change,,Level別の語彙・構文ガードレール内。
s1585,8,Travel and culture,The Guide Who Changed the Route,within-guardrails,,pass,no-further-change,,Level別の語彙・構文ガードレール内。
s1586,9,Travel and culture,The Language of the Market Scale,within-guardrails,,pass,no-further-change,,Level別の語彙・構文ガードレール内。
s1587,9,Travel and culture,The Empty Beach Photograph,within-guardrails,,pass,no-further-change,,Level別の語彙・構文ガードレール内。
s1588,9,Travel and culture,The Guest Room and the Water Tank,within-guardrails,,pass,no-further-change,,Level別の語彙・構文ガードレール内。
s1589,9,Travel and culture,The Monument After Sunset,within-guardrails,,pass,no-further-change,,Level別の語彙・構文ガードレール内。
s1590,9,Travel and culture,The Borrowed Bicycle Rule,within-guardrails,,pass,no-further-change,,Level別の語彙・構文ガードレール内。
s1591,10,Travel and culture,The Village Name on Two Maps,within-guardrails,,pass,no-further-change,,Level別の語彙・構文ガードレール内。
s1592,10,Travel and culture,The Souvenir Made Next Door,within-guardrails,,pass,no-further-change,,Level別の語彙・構文ガードレール内。
s1593,10,Travel and culture,The Trail Closed for Ceremony,within-guardrails,,pass,no-further-change,,Level別の語彙・構文ガードレール内。
s1594,10,Travel and culture,The Interpreter's Day Off,within-guardrails,,pass,no-further-change,,Level別の語彙・構文ガードレール内。
s1595,10,Travel and culture,The Airport Beyond the Postcard,within-guardrails,,pass,no-further-change,,Level別の語彙・構文ガードレール内。
s1596,8,People and biography,Mara Ellis: Designing with Floodwater,within-guardrails,,pass,no-further-change,,Level別の語彙・構文ガードレール内。
s1597,8,People and biography,Tomas Adeyemi: The Language of Soil,within-guardrails,,pass,no-further-change,,Level別の語彙・構文ガードレール内。
s1598,8,People and biography,Keira Novak: Repairing the Night Sky,within-guardrails,,pass,no-further-change,,Level別の語彙・構文ガードレール内。
s1599,8,People and biography,Hassan Vale: An Archive of Work Songs,within-guardrails,,pass,no-further-change,,Level別の語彙・構文ガードレール内。
s1600,8,People and biography,Evelyn Park: The Small Hospital Network,within-guardrails,,pass,no-further-change,,Level別の語彙・構文ガードレール内。
s1601,9,People and biography,Rico Santos: Mapping Heat Block by Block,within-guardrails,,pass,no-further-change,,Level別の語彙・構文ガードレール内。
s1602,9,People and biography,Anya Feld: The Orchestra Without a Hall,within-guardrails,,pass,no-further-change,,Level別の語彙・構文ガードレール内。
s1603,9,People and biography,Malik Chen: Making Batteries Repairable,within-guardrails,,pass,no-further-change,,Level別の語彙・構文ガードレール内。
s1604,9,People and biography,Isabel Romero: The Courtroom in Plain Words,within-guardrails,,pass,no-further-change,,Level別の語彙・構文ガードレール内。
s1605,9,People and biography,Noor Ibrahim: Keeping the River Public,within-guardrails,,pass,no-further-change,,Level別の語彙・構文ガードレール内。
s1606,10,People and biography,Akira Bell: The Ethics of a Useful Robot,within-guardrails,,pass,no-further-change,,Level別の語彙・構文ガードレール内。
s1607,10,People and biography,Lina Okoye: Seeds Across a Border,within-guardrails,,pass,no-further-change,,Level別の語彙・構文ガードレール内。
s1608,10,People and biography,Jonas Reed: The Unfinished Memorial,within-guardrails,,pass,no-further-change,,Level別の語彙・構文ガードレール内。
s1609,10,People and biography,Priya Nordin: A Census of the Uncounted,within-guardrails,,pass,no-further-change,,Level別の語彙・構文ガードレール内。
s1610,10,People and biography,Mateo Quinn: Restoring More Than a Building,within-guardrails,,pass,no-further-change,,Level別の語彙・構文ガードレール内。
s1611,1,Fantasy/stories,A Room Inside Mina's Coat,within-guardrails,,pass,no-further-change,,Level別の語彙・構文ガードレール内。
s1612,1,Nature and animals,A Crab Finds Shade,within-guardrails,,pass,no-further-change,,Level別の語彙・構文ガードレール内。
s1613,1,World affairs,Two Streets Share a Bus,within-guardrails,,pass,no-further-change,,Level別の語彙・構文ガードレール内。
s1614,1,Everyday life,Lunch for the New Student,within-guardrails,,pass,no-further-change,,Level別の語彙・構文ガードレール内。
s1615,1,History,Marks in Wet Clay,within-guardrails,,pass,no-further-change,,Level別の語彙・構文ガードレール内。
s1616,1,Science,The Cup That Sweats,within-guardrails,,pass,no-further-change,,Level別の語彙・構文ガードレール内。
s1617,1,Famous books,Peter Comes Home,within-guardrails,,pass,no-further-change,,Level別の語彙・構文ガードレール内。
s1618,1,Mystery and adventure,A Kitten Behind the Wall,within-guardrails,,pass,no-further-change,,Level別の語彙・構文ガードレール内。
s1619,1,Travel and culture,Breakfast at the River Stop,within-guardrails,,pass,no-further-change,,Level別の語彙・構文ガードレール内。
s1620,1,People and biography,Lena Fixes Small Things,within-guardrails,,pass,no-further-change,,Level別の語彙・構文ガードレール内。
s1621,2,Fantasy/stories,The Cloud Baker,within-guardrails,,pass,no-further-change,,Level別の語彙・構文ガードレール内。
s1622,2,Nature and animals,Why Otters Hold Hands,within-guardrails,,pass,no-further-change,,Level別の語彙・構文ガードレール内。
s1623,2,World affairs,The Library After Dark,within-guardrails,,pass,no-further-change,,Level別の語彙・構文ガードレール内。
s1624,2,Everyday life,A Quiet Table for Grandfather,within-guardrails,,pass,no-further-change,,Level別の語彙・構文ガードレール内。
s1625,2,History,A Road Across the Andes,within-guardrails,,pass,no-further-change,,Level別の語彙・構文ガードレール内。
s1626,2,Science,A Spoon Looks Bent,within-guardrails,,pass,no-further-change,,Level別の語彙・構文ガードレール内。
s1627,2,Famous books,The Lion and the Small Helper,within-guardrails,,pass,no-further-change,,Level別の語彙・構文ガードレール内。
s1628,2,Mystery and adventure,Water Marks in the School Hall,within-guardrails,,pass,no-further-change,,Level別の語彙・構文ガードレール内。
s1629,2,Travel and culture,The Red Thread Market,within-guardrails,,pass,no-further-change,,Level別の語彙・構文ガードレール内。
s1630,2,People and biography,Omar and the Talking Map,within-guardrails,,pass,no-further-change,,Level別の語彙・構文ガードレール内。
s1631,3,Fantasy/stories,Moon-Walking Beans,within-guardrails,,pass,no-further-change,,Level別の語彙・構文ガードレール内。
s1632,3,Nature and animals,The Frog's Winter Room,within-guardrails,,pass,no-further-change,,Level別の語彙・構文ガードレール内。
s1633,3,World affairs,The Empty Water Tanks,within-guardrails,,pass,no-further-change,,Level別の語彙・構文ガードレール内。
s1634,3,Everyday life,Niko Learns to Repair,within-guardrails,,pass,no-further-change,,Level別の語彙・構文ガードレール内。
s1635,3,History,Messages on the Silk Roads,within-guardrails,,pass,no-further-change,,Level別の語彙・構文ガードレール内。
s1636,3,Science,How Soap Moves Grease,within-guardrails,,pass,no-further-change,,Level別の語彙・構文ガードレール内。
s1637,3,Famous books,Mary Opens the Hidden Garden,within-guardrails,,pass,no-further-change,,Level別の語彙・構文ガードレール内。
s1638,3,Mystery and adventure,The Map in the Flour,within-guardrails,,pass,no-further-change,,Level別の語彙・構文ガードレール内。
s1639,3,Travel and culture,A Song for the Ferry,within-guardrails,,pass,no-further-change,,Level別の語彙・構文ガードレール内。
s1640,3,People and biography,Mei Builds a Seed Shelf,within-guardrails,,pass,no-further-change,,Level別の語彙・構文ガードレール内。
s1641,4,Fantasy/stories,The Ferryman of Sleeping Words,within-guardrails,,pass,no-further-change,,Level別の語彙・構文ガードレール内。
s1642,4,Nature and animals,A Forest Made by Elephants,within-guardrails,,pass,no-further-change,,Level別の語彙・構文ガードレール内。
s1643,4,World affairs,A Vote for the Old Station,within-guardrails,,pass,no-further-change,,Level別の語彙・構文ガードレール内。
s1644,4,Everyday life,Three Ways to Say Sorry,within-guardrails,,pass,no-further-change,,Level別の語彙・構文ガードレール内。
s1645,4,History,The Coffeehouses of London,within-guardrails,,pass,no-further-change,,Level別の語彙・構文ガードレール内。
s1646,4,Science,Why Bridges Need Room to Move,within-guardrails,,pass,no-further-change,,Level別の語彙・構文ガードレール内。
s1647,4,Famous books,Dorothy and Three Travelers,within-guardrails,,pass,no-further-change,,Level別の語彙・構文ガードレール内。
s1648,4,Mystery and adventure,The Lighthouse Without a Keeper,within-guardrails,,pass,no-further-change,,Level別の語彙・構文ガードレール内。
s1649,4,Travel and culture,The Courtyard Cinema,within-guardrails,,pass,no-further-change,,Level別の語彙・構文ガードレール内。
s1650,4,People and biography,Theo Counts the Night Sky,within-guardrails,,pass,no-further-change,,Level別の語彙・構文ガードレール内。
s1651,5,Fantasy/stories,Mara's Ticket to the Dream Museum,within-guardrails,,pass,no-further-change,,Level別の語彙・構文ガードレール内。
s1652,5,Nature and animals,The Night Work of Moths,within-guardrails,,pass,no-further-change,,Level別の語彙・構文ガードレール内。
s1653,5,World affairs,The Market's Common Refrigerator,within-guardrails,,pass,no-further-change,,Level別の語彙・構文ガードレール内。
s1654,5,Everyday life,Four Colors for Family Care,within-guardrails,,pass,no-further-change,,Level別の語彙・構文ガードレール内。
s1655,5,History,When Maps Put South at the Top,within-guardrails,,pass,no-further-change,,Level別の語彙・構文ガードレール内。
s1656,5,Science,The Memory in a Metal Clip,within-guardrails,,pass,no-further-change,,Level別の語彙・構文ガードレール内。
s1657,5,Famous books,Alice at the Queen's Game,within-guardrails,,pass,no-further-change,,Level別の語彙・構文ガードレール内。
s1658,5,Mystery and adventure,Clocks Corrected the Wrong Way,within-guardrails,,pass,no-further-change,,Level別の語彙・構文ガードレール内。
s1659,5,Travel and culture,A Library on the Night Train,within-guardrails,,pass,no-further-change,,Level別の語彙・構文ガードレール内。
s1660,5,People and biography,Amara Listens Before Building,within-guardrails,,pass,no-further-change,,Level別の語彙・構文ガードレール内。
s1661,6,Fantasy/stories,The Cartographer of Echoes,within-guardrails,,pass,no-further-change,,Level別の語彙・構文ガードレール内。
s1662,6,Nature and animals,How Trees Share a City Block,within-guardrails,,pass,no-further-change,,Level別の語彙・構文ガードレール内。
s1663,6,World affairs,Who Owns the Weather Data?,within-guardrails,,pass,no-further-change,,Level別の語彙・構文ガードレール内。
s1664,6,Everyday life,The Roommate Meeting Without a Winner,within-guardrails,,pass,no-further-change,,Level別の語彙・構文ガードレール内。
s1665,6,History,The Strike of the Match Workers,within-guardrails,,pass,no-further-change,,Level別の語彙・構文ガードレール内。
s1666,6,Science,A Battery Made by Moving Ions,within-guardrails,,pass,no-further-change,,Level別の語彙・構文ガードレール内。
s1667,6,Famous books,Jim Hears the Apple Fall,within-guardrails,,pass,no-further-change,,Level別の語彙・構文ガードレール内。
s1668,6,Mystery and adventure,The Compass in the Archive,within-guardrails,,pass,no-further-change,,Level別の語彙・構文ガードレール内。
s1669,6,Travel and culture,The Mountain Post Office,within-guardrails,,pass,no-further-change,,Level別の語彙・構文ガードレール内。
s1670,6,People and biography,Rosa Makes Numbers Visible,within-guardrails,,pass,no-further-change,,Level別の語彙・構文ガードレール内。
s1671,7,Fantasy/stories,Veyra Spends Its Spring,within-guardrails,,pass,no-further-change,,Level別の語彙・構文ガードレール内。
s1672,7,Nature and animals,How Beavers Reshape a Valley,within-guardrails,,pass,no-further-change,,Level別の語彙・構文ガードレール内。
s1673,7,World affairs,The Price of a Free School Meal,within-guardrails,,pass,no-further-change,,Level別の語彙・構文ガードレール内。
s1674,7,Everyday life,The Family Photograph Nobody Wanted,within-guardrails,,pass,no-further-change,,Level別の語彙・構文ガードレール内。
s1675,7,History,"Paper, Print, and the Korean Metal Type",within-guardrails,,pass,no-further-change,,Level別の語彙・構文ガードレール内。
s1676,7,Science,Why Concrete Can Heal Small Cracks,within-guardrails,,pass,no-further-change,,Level別の語彙・構文ガードレール内。
s1677,7,Famous books,The Traveler from the Distant Future,within-guardrails,,pass,no-further-change,,Level別の語彙・構文ガードレール内。
s1678,7,Mystery and adventure,The Radio Call from Dry Land,within-guardrails,,pass,no-further-change,,Level別の語彙・構文ガードレール内。
s1679,7,Travel and culture,The Language of Shared Gardens,within-guardrails,,pass,no-further-change,,Level別の語彙・構文ガードレール内。
s1680,7,People and biography,Jonas Opens the Workshop Door,within-guardrails,,pass,no-further-change,,Level別の語彙・構文ガードレール内。
s1681,8,Fantasy/stories,The Ministry of Lost Shadows,within-guardrails,,pass,no-further-change,,Level別の語彙・構文ガードレール内。
s1682,8,Nature and animals,The Hidden Routes of Fungal Spores,within-guardrails,,pass,no-further-change,,Level別の語彙・構文ガードレール内。
s1683,8,World affairs,The Algorithm at the Housing Desk,within-guardrails,,pass,no-further-change,,Level別の語彙・構文ガードレール内。
s1684,8,Everyday life,The Inheritance of Thirty Teacups,within-guardrails,,pass,no-further-change,,Level別の語彙・構文ガードレール内。
s1685,8,History,The Port That Quarantined Its Letters,within-guardrails,,pass,no-further-change,,Level別の語彙・構文ガードレール内。
s1686,8,Science,Listening to a Bridge with Sensors,within-guardrails,,pass,no-further-change,,Level別の語彙・構文ガードレール内。
s1687,8,Famous books,Elizabeth Doubts Her First Impression,within-guardrails,,pass,no-further-change,,Level別の語彙・構文ガードレール内。
s1688,8,Mystery and adventure,The Glacier Camera,within-guardrails,,pass,no-further-change,,Level別の語彙・構文ガードレール内。
s1689,8,Travel and culture,An Evening in the House of Wind,within-guardrails,,pass,no-further-change,,Level別の語彙・構文ガードレール内。
s1690,8,People and biography,Lin's Clinic on Wheels,within-guardrails,,pass,no-further-change,,Level別の語彙・構文ガードレール内。
s1691,9,Fantasy/stories,The Republic of Second Names,within-guardrails,,pass,no-further-change,,Level別の語彙・構文ガードレール内。
s1692,9,Nature and animals,What Survives a Marine Heatwave,within-guardrails,,pass,no-further-change,,Level別の語彙・構文ガードレール内。
s1693,9,World affairs,The Border River During Drought,within-guardrails,,pass,no-further-change,,Level別の語彙・構文ガードレール内。
s1694,9,Everyday life,The Cost of Being the Reliable Friend,within-guardrails,,pass,no-further-change,,Level別の語彙・構文ガードレール内。
s1695,9,History,The Census and the Making of Categories,within-guardrails,,pass,no-further-change,,Level別の語彙・構文ガードレール内。
s1696,9,Science,The Uncertainty Inside a Flood Map,within-guardrails,,pass,no-further-change,,Level別の語彙・構文ガードレール内。
s1697,9,Famous books,Ahab and the Meaning of the White Whale,within-guardrails,,pass,no-further-change,,Level別の語彙・構文ガードレール内。
s1698,9,Mystery and adventure,The Archive with Two Midnights,within-guardrails,,pass,no-further-change,,Level別の語彙・構文ガードレール内。
s1699,9,Travel and culture,The Festival After the Tour Buses,within-guardrails,,pass,no-further-change,,Level別の語彙・構文ガードレール内。
s1700,9,People and biography,Nadia Designs for Repair,within-guardrails,,pass,no-further-change,,Level別の語彙・構文ガードレール内。
s1701,10,Fantasy/stories,The Parliament Beneath the Orchard,within-guardrails,,pass,no-further-change,,Level別の語彙・構文ガードレール内。
s1702,10,Nature and animals,Rewilding Without an Imagined Past,within-guardrails,,pass,no-further-change,,Level別の語彙・構文ガードレール内。
s1703,10,World affairs,Debt Relief After the Cyclone,within-guardrails,,pass,no-further-change,,Level別の語彙・構文ガードレール内。
s1704,10,Everyday life,A Marriage Measured in Invisible Work,within-guardrails,,pass,no-further-change,,Level別の語彙・構文ガードレール内。
s1705,10,History,The Archive Left by a Colonial Survey,within-guardrails,,pass,no-further-change,,Level別の語彙・構文ガードレール内。
s1706,10,Science,What a Model Means When It Fails,within-guardrails,,pass,no-further-change,,Level別の語彙・構文ガードレール内。
s1707,10,Famous books,A Creature Asks for Responsibility,within-guardrails,,pass,no-further-change,,Level別の語彙・構文ガードレール内。
s1708,10,Mystery and adventure,The Expedition That Reached Camp Twice,within-guardrails,,pass,no-further-change,,Level別の語彙・構文ガードレール内。
s1709,10,Travel and culture,The Museum Returned to the Neighborhood,within-guardrails,,pass,no-further-change,,Level別の語彙・構文ガードレール内。
s1710,10,People and biography,Elias and the Ethics of a Useful Forecast,within-guardrails,,pass,no-further-change,,Level別の語彙・構文ガードレール内。
s1711,1,Fantasy/stories,A Star in the Bread Tin,within-guardrails,,pass,no-further-change,,Level別の語彙・構文ガードレール内。事実確認工程も完了。
s1712,1,Nature and animals,A Bat Lets Go,within-guardrails,,pass,no-further-change,,Level別の語彙・構文ガードレール内。事実確認工程も完了。
s1713,1,World affairs,One Ramp for the Hall,within-guardrails,,pass,no-further-change,,Level別の語彙・構文ガードレール内。事実確認工程も完了。
s1714,1,Everyday life,Tea for the Early Driver,within-guardrails,,pass,no-further-change,,Level別の語彙・構文ガードレール内。事実確認工程も完了。
s1715,1,History,Words Pressed into Clay,within-guardrails,,pass,no-further-change,,Level別の語彙・構文ガードレール内。事実確認工程も完了。
s1716,1,Science,The Moon Has No Lamp,within-guardrails,,pass,no-further-change,,Level別の語彙・構文ガードレール内。事実確認工程も完了。
s1717,1,Famous books,Heidi Returns to the Mountain,within-guardrails,,pass,no-further-change,,Level別の語彙・構文ガードレール内。事実確認工程も完了。
s1718,1,Mystery and adventure,Mud on the Clean Floor,within-guardrails,,pass,no-further-change,,Level別の語彙・構文ガードレール内。事実確認工程も完了。
s1719,1,Travel and culture,A Seat by the Small Harbor,within-guardrails,,pass,no-further-change,,Level別の語彙・構文ガードレール内。事実確認工程も完了。
s1720,1,People and biography,Pia Paints Safe Paths,within-guardrails,,pass,no-further-change,,Level別の語彙・構文ガードレール内。事実確認工程も完了。
s1721,2,Fantasy/stories,The Umbrella Tree,within-guardrails,,pass,no-further-change,,Level別の語彙・構文ガードレール内。事実確認工程も完了。
s1722,2,Nature and animals,Water Saved by a Tortoise,within-guardrails,,pass,no-further-change,,Level別の語彙・構文ガードレール内。事実確認工程も完了。
s1723,2,World affairs,The Shared Street Light,within-guardrails,,pass,no-further-change,,Level別の語彙・構文ガードレール内。事実確認工程も完了。
s1724,2,Everyday life,A Different Birthday Cake,within-guardrails,,pass,no-further-change,,Level別の語彙・構文ガードレール内。事実確認工程も完了。
s1725,2,History,Shells and Waves on a Stick Chart,within-guardrails,,pass,no-further-change,,Level別の語彙・構文ガードレール内。事実確認工程も完了。
s1726,2,Science,Colors in a Drop of Rain,within-guardrails,,pass,no-further-change,,Level別の語彙・構文ガードレール内。事実確認工程も完了。
s1727,2,Famous books,Black Beauty Finds a Gentle Home,within-guardrails,,pass,no-further-change,,Level別の語彙・構文ガードレール内。事実確認工程も完了。
s1728,2,Mystery and adventure,The Note in the Empty Jar,within-guardrails,,pass,no-further-change,,Level別の語彙・構文ガードレール内。事実確認工程も完了。
s1729,2,Travel and culture,Rain at the Hill Market,within-guardrails,,pass,no-further-change,,Level別の語彙・構文ガードレール内。事実確認工程も完了。
s1730,2,People and biography,Dani Opens a Tool Box,within-guardrails,,pass,no-further-change,,Level別の語彙・構文ガードレール内。事実確認工程も完了。
s1731,3,Fantasy/stories,The Clock That Needed a Story,within-guardrails,,pass,no-further-change,,Level別の語彙・構文ガードレール内。事実確認工程も完了。
s1732,3,Nature and animals,A Meadow Under the Sea,within-guardrails,,pass,no-further-change,,Level別の語彙・構文ガードレール内。事実確認工程も完了。
s1733,3,World affairs,The Clinic's Three Languages,within-guardrails,,pass,no-further-change,,Level別の語彙・構文ガードレール内。事実確認工程も完了。
s1734,3,Everyday life,The Coat with Two Owners,within-guardrails,,pass,no-further-change,,Level別の語彙・構文ガードレール内。事実確認工程も完了。
s1735,3,History,Books Carried Out of Timbuktu,within-guardrails,,pass,no-further-change,,Level別の語彙・構文ガードレール内。事実確認工程も完了。
s1736,3,Science,Water Keeps Moving,within-guardrails,,pass,no-further-change,,Level別の語彙・構文ガードレール内。事実確認工程も完了。
s1737,3,Famous books,Anne Chooses Green Gables,within-guardrails,,pass,no-further-change,,Level別の語彙・構文ガードレール内。事実確認工程も完了。
s1738,3,Mystery and adventure,The Train Ticket with No Town,within-guardrails,,pass,no-further-change,,Level別の語彙・構文ガードレール内。事実確認工程も完了。
s1739,3,Travel and culture,Bread from the Shared Oven,within-guardrails,,pass,no-further-change,,Level別の語彙・構文ガードレール内。事実確認工程も完了。
s1740,3,People and biography,Arun Records the Quiet Hours,within-guardrails,,pass,no-further-change,,Level別の語彙・構文ガードレール内。事実確認工程も完了。
s1741,4,Fantasy/stories,The Door That Opened on Tuesdays,within-guardrails,,pass,no-further-change,,Level別の語彙・構文ガードレール内。事実確認工程も完了。
s1742,4,Nature and animals,Pines That Wait for Fire,within-guardrails,,pass,no-further-change,,Level別の語彙・構文ガードレール内。事実確認工程も完了。
s1743,4,World affairs,The Bridge Used by Two Towns,within-guardrails,,pass,no-further-change,,Level別の語彙・構文ガードレール内。事実確認工程も完了。
s1744,4,Everyday life,The Week without a Washing Machine,within-guardrails,,pass,no-further-change,,Level別の語彙・構文ガードレール内。事実確認工程も完了。
s1745,4,History,Counting Grain on Clay,within-guardrails,,pass,no-further-change,,Level別の語彙・構文ガードレール内。事実確認工程も完了。
s1746,4,Science,A Lever Lifts the Stone,within-guardrails,,pass,no-further-change,,Level別の語彙・構文ガードレール内。事実確認工程も完了。
s1747,4,Famous books,Fogg's Eighty-Day Promise,within-guardrails,,pass,no-further-change,,Level別の語彙・構文ガードレール内。事実確認工程も完了。
s1748,4,Mystery and adventure,The Bell beneath the Path,within-guardrails,,pass,no-further-change,,Level別の語彙・構文ガードレール内。事実確認工程も完了。
s1749,4,Travel and culture,The Ferry with a Library Shelf,within-guardrails,,pass,no-further-change,,Level別の語彙・構文ガードレール内。事実確認工程も完了。
s1750,4,People and biography,Lea Measures the Bus Stops,within-guardrails,,pass,no-further-change,,Level別の語彙・構文ガードレール内。事実確認工程も完了。
s1751,5,Fantasy/stories,The Gallery of Abandoned Wishes,within-guardrails,,pass,no-further-change,,Level別の語彙・構文ガードレール内。事実確認工程も完了。
s1752,5,Nature and animals,Living Light in the Ocean,within-guardrails,,pass,no-further-change,,Level別の語彙・構文ガードレール内。事実確認工程も完了。
s1753,5,World affairs,The Island's Fresh-Water Plan,within-guardrails,,pass,no-further-change,,Level別の語彙・構文ガードレール内。事実確認工程も完了。
s1754,5,Everyday life,A Calendar for Caring,within-guardrails,,pass,no-further-change,,Level別の語彙・構文ガードレール内。事実確認工程も完了。
s1755,5,History,Steering by Stars and Swells,within-guardrails,,pass,no-further-change,,Level別の語彙・構文ガードレール内。事実確認工程も完了。
s1756,5,Science,A Practice Alarm for the Immune System,within-guardrails,,pass,no-further-change,,Level別の語彙・構文ガードレール内。事実確認工程も完了。
s1757,5,Famous books,Mowgli Hears the Law of the Jungle,within-guardrails,,pass,no-further-change,,Level別の語彙・構文ガードレール内。事実確認工程も完了。
s1758,5,Mystery and adventure,The Photograph Taken after Closing,within-guardrails,,pass,no-further-change,,Level別の語彙・構文ガードレール内。事実確認工程も完了。
s1759,5,Travel and culture,The Chorus Shared before Dawn,within-guardrails,,pass,no-further-change,,Level別の語彙・構文ガードレール内。事実確認工程も完了。
s1760,5,People and biography,Mateo Builds a Cooler Classroom,within-guardrails,,pass,no-further-change,,Level別の語彙・構文ガードレール内。事実確認工程も完了。
s1761,6,Fantasy/stories,The Summer Missing from the Calendar,within-guardrails,,pass,no-further-change,,Level別の語彙・構文ガードレール内。事実確認工程も完了。
s1762,6,Nature and animals,Salmon Carry the Sea Inland,within-guardrails,,pass,no-further-change,,Level別の語彙・構文ガードレール内。事実確認工程も完了。
s1763,6,World affairs,The Vaccine Freezer at the Border,within-guardrails,,pass,no-further-change,,Level別の語彙・構文ガードレール内。事実確認工程も完了。
s1764,6,Everyday life,The Subscription Nobody Used,within-guardrails,,pass,no-further-change,,Level別の語彙・構文ガードレール内。事実確認工程も完了。
s1765,6,History,Timbuktu's Libraries of Many Homes,within-guardrails,,pass,no-further-change,,Level別の語彙・構文ガードレール内。事実確認工程も完了。
s1766,6,Science,Why the City Stays Hot after Sunset,within-guardrails,,pass,no-further-change,,Level別の語彙・構文ガードレール内。事実確認工程も完了。
s1767,6,Famous books,Edmond Dantès Returns under Another Name,within-guardrails,,pass,no-further-change,,Level別の語彙・構文ガードレール内。事実確認工程も完了。
s1768,6,Mystery and adventure,The Lighthouse Log with Two Midnights,within-guardrails,,pass,no-further-change,,Level別の語彙・構文ガードレール内。事実確認工程も完了。
s1769,6,Travel and culture,The Courtyard behind the Music Shop,within-guardrails,,pass,no-further-change,,Level別の語彙・構文ガードレール内。事実確認工程も完了。
s1770,6,People and biography,Sora Maps the Missing Trees,within-guardrails,,pass,no-further-change,,Level別の語彙・構文ガードレール内。事実確認工程も完了。
s1771,7,Fantasy/stories,Mara Learns the Storm Language,within-guardrails,,pass,no-further-change,,Level別の語彙・構文ガードレール内。事実確認工程も完了。
s1772,7,Nature and animals,A Compass inside an Animal,within-guardrails,,pass,no-further-change,,Level別の語彙・構文ガードレール内。事実確認工程も完了。
s1773,7,World affairs,The Border River Council,within-guardrails,,pass,no-further-change,,Level別の語彙・構文ガードレール内。事実確認工程も完了。
s1774,7,Everyday life,The Family Archive on Four Phones,within-guardrails,,pass,no-further-change,,Level別の語彙・構文ガードレール内。事実確認工程も完了。
s1775,7,History,A Student's Clay Exercise,within-guardrails,,pass,no-further-change,,Level別の語彙・構文ガードレール内。事実確認工程も完了。
s1776,7,Science,Continents on Moving Plates,within-guardrails,,pass,no-further-change,,Level別の語彙・構文ガードレール内。事実確認工程も完了。
s1777,7,Famous books,Jane Eyre Refuses an Unequal Choice,within-guardrails,,pass,no-further-change,,Level別の語彙・構文ガードレール内。事実確認工程も完了。
s1778,7,Mystery and adventure,The Map Drawn in Condensation,within-guardrails,,pass,no-further-change,,Level別の語彙・構文ガードレール内。事実確認工程も完了。
s1779,7,Travel and culture,The Guide Who Revised the Tour,within-guardrails,,pass,no-further-change,,Level別の語彙・構文ガードレール内。事実確認工程も完了。
s1780,7,People and biography,Noor Designs a Fair Queue,within-guardrails,,pass,no-further-change,,Level別の語彙・構文ガードレール内。事実確認工程も完了。
s1781,8,Fantasy/stories,The Cartographer of Possible Roads,within-guardrails,,pass,no-further-change,,Level別の語彙・構文ガードレール内。事実確認工程も完了。
s1782,8,Nature and animals,A Community Built on a Fallen Whale,within-guardrails,,pass,no-further-change,,Level別の語彙・構文ガードレール内。事実確認工程も完了。
s1783,8,World affairs,The Price of Moving a Coastline,within-guardrails,,pass,no-further-change,,Level別の語彙・構文ガードレール内。事実確認工程も完了。
s1784,8,Everyday life,The Meeting That Became an Email,within-guardrails,,pass,no-further-change,,Level別の語彙・構文ガードレール内。事実確認工程も完了。
s1785,8,History,Reading the Ocean in Bent Sticks,within-guardrails,,pass,no-further-change,,Level別の語彙・構文ガードレール内。事実確認工程も完了。
s1786,8,Science,Editing DNA with a Guided Tool,within-guardrails,,pass,no-further-change,,Level別の語彙・構文ガードレール内。事実確認工程も完了。
s1787,8,Famous books,Odysseus Returns to Ithaca,within-guardrails,,pass,no-further-change,,Level別の語彙・構文ガードレール内。事実確認工程も完了。
s1788,8,Mystery and adventure,The Dataset with a Perfect Pattern,within-guardrails,,pass,no-further-change,,Level別の語彙・構文ガードレール内。事実確認工程も完了。
s1789,8,Travel and culture,A Recipe with No Single Homeland,within-guardrails,,pass,no-further-change,,Level別の語彙・構文ガードレール内。事実確認工程も完了。
s1790,8,People and biography,Imani Tests the Flood Warning,within-guardrails,,pass,no-further-change,,Level別の語彙・構文ガードレール内。事実確認工程も完了。
s1791,9,Fantasy/stories,The Ministry of Unspoken Consequences,within-guardrails,,pass,no-further-change,,Level別の語彙・構文ガードレール内。事実確認工程も完了。
s1792,9,Nature and animals,"Peatlands: Slow Growth, Large Stores",within-guardrails,,pass,no-further-change,,Level別の語彙・構文ガードレール内。事実確認工程も完了。
s1793,9,World affairs,Rebuilding While Loans Remain,within-guardrails,,pass,no-further-change,,Level別の語彙・構文ガードレール内。事実確認工程も完了。
s1794,9,Everyday life,A Recommendation Engine at Dinner,within-guardrails,,pass,no-further-change,,Level別の語彙・構文ガードレール内。事実確認工程も完了。
s1795,9,History,A Tablet without Its Excavation Story,within-guardrails,,pass,no-further-change,,Level別の語彙・構文ガードレール内。事実確認工程も完了。
s1796,9,Science,Listening to Space-Time,within-guardrails,,pass,no-further-change,,Level別の語彙・構文ガードレール内。事実確認工程も完了。
s1797,9,Famous books,The War of the Worlds without Human Victory,within-guardrails,,pass,no-further-change,,Level別の語彙・構文ガードレール内。事実確認工程も完了。
s1798,9,Mystery and adventure,The Anonymous Reviewer's Footnotes,within-guardrails,,pass,no-further-change,,Level別の語彙・構文ガードレール内。事実確認工程も完了。
s1799,9,Travel and culture,The Festival after the Cameras Leave,within-guardrails,,pass,no-further-change,,Level別の語彙・構文ガードレール内。事実確認工程も完了。
s1800,9,People and biography,Elias Audits the Helpful Algorithm,within-guardrails,,pass,no-further-change,,Level別の語彙・構文ガードレール内。事実確認工程も完了。
s1801,10,Fantasy/stories,The Republic of Reversible Decisions,within-guardrails,,pass,no-further-change,,Level別の語彙・構文ガードレール内。事実確認工程も完了。
s1802,10,Nature and animals,"Wolves, Elk, and the Limits of a Simple Cascade",within-guardrails,,pass,no-further-change,,Level別の語彙・構文ガードレール内。事実確認工程も完了。
s1803,10,World affairs,The Carbon Market and the Forest Village,within-guardrails,,pass,no-further-change,,Level別の語彙・構文ガードレール内。事実確認工程も完了。
s1804,10,Everyday life,The Inheritance of Digital Accounts,within-guardrails,,pass,no-further-change,,Level別の語彙・構文ガードレール内。事実確認工程も完了。
s1805,10,History,Saving Timbuktu's Manuscripts without Freezing Their Meaning,within-guardrails,,pass,no-further-change,,Level別の語彙・構文ガードレール内。事実確認工程も完了。
s1806,10,Science,A Measurement Is More Than a Number,within-guardrails,,pass,no-further-change,,Level別の語彙・構文ガードレール内。事実確認工程も完了。
s1807,10,Famous books,The Karamazov Brothers and the Burden of Choice,within-guardrails,,pass,no-further-change,,Level別の語彙・構文ガードレール内。事実確認工程も完了。
s1808,10,Mystery and adventure,The Archive That Corrected Itself,within-guardrails,,pass,no-further-change,,Level別の語彙・構文ガードレール内。事実確認工程も完了。
s1809,10,Travel and culture,Returning an Ancestor's Recording,within-guardrails,,pass,no-further-change,,Level別の語彙・構文ガードレール内。事実確認工程も完了。
s1810,10,People and biography,Ada Writes the Failure Report First,within-guardrails,,pass,no-further-change,,Level別の語彙・構文ガードレール内。事実確認工程も完了。
s1811,1,Fantasy/stories,The Pocket Cloud,within-guardrails,,pass,no-further-change,,Level別の語彙・構文ガードレール内。事実確認工程も完了。
s1812,1,Nature and animals,A Bee Carries Dust,within-guardrails,,pass,no-further-change,,Level別の語彙・構文ガードレール内。事実確認工程も完了。
s1813,1,World affairs,A School Table for All,within-guardrails,,pass,no-further-change,,Level別の語彙・構文ガードレール内。事実確認工程も完了。
s1814,1,Everyday life,The Last Clean Spoon,within-guardrails,,pass,no-further-change,,Level別の語彙・構文ガードレール内。事実確認工程も完了。
s1815,1,History,The Stone with Three Scripts,within-guardrails,,pass,no-further-change,,Level別の語彙・構文ガードレール内。事実確認工程も完了。
s1816,1,Science,Noon beneath the Tree,within-guardrails,,pass,no-further-change,,Level別の語彙・構文ガードレール内。事実確認工程も完了。
s1817,1,Famous books,Mary Opens the Secret Garden,within-guardrails,,pass,no-further-change,,Level別の語彙・構文ガードレール内。事実確認工程も完了。
s1818,1,Mystery and adventure,The Wet Red Hat,within-guardrails,,pass,no-further-change,,Level別の語彙・構文ガードレール内。事実確認工程も完了。
s1819,1,Travel and culture,Soup at Moon Bay,within-guardrails,,pass,no-further-change,,Level別の語彙・構文ガードレール内。事実確認工程も完了。
s1820,1,People and biography,A Park Worker Fixes the Gate,within-guardrails,,pass,no-further-change,,Level別の語彙・構文ガードレール内。事実確認工程も完了。
s1821,2,Fantasy/stories,The Shoes That Waited,within-guardrails,,pass,no-further-change,,Level別の語彙・構文ガードレール内。事実確認工程も完了。
s1822,2,Nature and animals,A Duck Stays Dry,within-guardrails,,pass,no-further-change,,Level別の語彙・構文ガードレール内。事実確認工程も完了。
s1823,2,World affairs,Water at the Bus Stop,within-guardrails,,pass,no-further-change,,Level別の語彙・構文ガードレール内。事実確認工程も完了。
s1824,2,Everyday life,The Quiet Phone Basket,within-guardrails,,pass,no-further-change,,Level別の語彙・構文ガードレール内。事実確認工程も完了。
s1825,2,History,Roads Built in Layers,within-guardrails,,pass,no-further-change,,Level別の語彙・構文ガードレール内。事実確認工程も完了。
s1826,2,Science,Sound from a String,within-guardrails,,pass,no-further-change,,Level別の語彙・構文ガードレール内。事実確認工程も完了。
s1827,2,Famous books,Dorothy Follows the Yellow Road,within-guardrails,,pass,no-further-change,,Level別の語彙・構文ガードレール内。事実確認工程も完了。
s1828,2,Mystery and adventure,Three Bells after Closing,within-guardrails,,pass,no-further-change,,Level別の語彙・構文ガードレール内。事実確認工程も完了。
s1829,2,Travel and culture,Painted Doors on the Hill,within-guardrails,,pass,no-further-change,,Level別の語彙・構文ガードレール内。事実確認工程も完了。
s1830,2,People and biography,A Shelf for Shared Seeds,within-guardrails,,pass,no-further-change,,Level別の語彙・構文ガードレール内。事実確認工程も完了。
s1831,3,Fantasy/stories,The Map beneath the Paint,within-guardrails,,pass,no-further-change,,Level別の語彙・構文ガードレール内。事実確認工程も完了。
s1832,3,Nature and animals,Warm Air under Feathers,within-guardrails,,pass,no-further-change,,Level別の語彙・構文ガードレール内。事実確認工程も完了。
s1833,3,World affairs,A Clinic on Market Day,within-guardrails,,pass,no-further-change,,Level別の語彙・構文ガードレール内。事実確認工程も完了。
s1834,3,Everyday life,The Recipe with No Number,within-guardrails,,pass,no-further-change,,Level別の語彙・構文ガードレール内。事実確認工程も完了。
s1835,3,History,Books Hidden in Family Chests,within-guardrails,,pass,no-further-change,,Level別の語彙・構文ガードレール内。事実確認工程も完了。
s1836,3,Science,"Ice, Water, and Steam",within-guardrails,,pass,no-further-change,,Level別の語彙・構文ガードレール内。事実確認工程も完了。
s1837,3,Famous books,Pinocchio Wants to Be Real,within-guardrails,,pass,no-further-change,,Level別の語彙・構文ガードレール内。事実確認工程も完了。
s1838,3,Mystery and adventure,The Key in the Seed Box,within-guardrails,,pass,no-further-change,,Level別の語彙・構文ガードレール内。事実確認工程も完了。
s1839,3,Travel and culture,The Long Table in Autumn,within-guardrails,,pass,no-further-change,,Level別の語彙・構文ガードレール内。事実確認工程も完了。
s1840,3,People and biography,Mavi Draws the Night Route,within-guardrails,,pass,no-further-change,,Level別の語彙・構文ガードレール内。事実確認工程も完了。
s1841,4,Fantasy/stories,A Library for Lost Minutes,within-guardrails,,pass,no-further-change,,Level別の語彙・構文ガードレール内。事実確認工程も完了。
s1842,4,Nature and animals,Roots in Salt Water,within-guardrails,,pass,no-further-change,,Level別の語彙・構文ガードレール内。事実確認工程も完了。
s1843,4,World affairs,Votes for a Small Park,within-guardrails,,pass,no-further-change,,Level別の語彙・構文ガードレール内。事実確認工程も完了。
s1844,4,Everyday life,The Chair beside the Lift,within-guardrails,,pass,no-further-change,,Level別の語彙・構文ガードレール内。事実確認工程も完了。
s1845,4,History,"Ink, Metal, and Many Pages",within-guardrails,,pass,no-further-change,,Level別の語彙・構文ガードレール内。事実確認工程も完了。
s1846,4,Science,Why a Metal Spoon Feels Cold,within-guardrails,,pass,no-further-change,,Level別の語彙・構文ガードレール内。事実確認工程も完了。
s1847,4,Famous books,Jim and the Island Map,within-guardrails,,pass,no-further-change,,Level別の語彙・構文ガードレール内。事実確認工程も完了。
s1848,4,Mystery and adventure,The Window That Lit at Noon,within-guardrails,,pass,no-further-change,,Level別の語彙・構文ガードレール内。事実確認工程も完了。
s1849,4,Travel and culture,Paper Boats in Alder City,within-guardrails,,pass,no-further-change,,Level別の語彙・構文ガードレール内。事実確認工程も完了。
s1850,4,People and biography,A Better Street Signal,within-guardrails,,pass,no-further-change,,Level別の語彙・構文ガードレール内。事実確認工程も完了。
s1851,5,Fantasy/stories,The Tailor of Borrowed Courage,within-guardrails,,pass,no-further-change,,Level別の語彙・構文ガードレール内。事実確認工程も完了。
s1852,5,Nature and animals,A Butterfly across Generations,within-guardrails,,pass,no-further-change,,Level別の語彙・構文ガードレール内。事実確認工程も完了。
s1853,5,World affairs,The Warning before the Flood,within-guardrails,,pass,no-further-change,,Level別の語彙・構文ガードレール内。事実確認工程も完了。
s1854,5,Everyday life,The Box Marked Someday,within-guardrails,,pass,no-further-change,,Level別の語彙・構文ガードレール内。事実確認工程も完了。
s1855,5,History,Messages That Became Dots and Lines,within-guardrails,,pass,no-further-change,,Level別の語彙・構文ガードレール内。事実確認工程も完了。
s1856,5,Science,Continents on Restless Plates,within-guardrails,,pass,no-further-change,,Level別の語彙・構文ガードレール内。事実確認工程も完了。
s1857,5,Famous books,Toad Learns Too Slowly,within-guardrails,,pass,no-further-change,,Level別の語彙・構文ガードレール内。事実確認工程も完了。
s1858,5,Mystery and adventure,The Museum's Missing Dust,within-guardrails,,pass,no-further-change,,Level別の語彙・構文ガードレール内。事実確認工程も完了。
s1859,5,Travel and culture,The Guest Who Asked First,within-guardrails,,pass,no-further-change,,Level別の語彙・構文ガードレール内。事実確認工程も完了。
s1860,5,People and biography,Nadia Counts the Empty Seats,within-guardrails,,pass,no-further-change,,Level別の語彙・構文ガードレール内。事実確認工程も完了。
s1861,6,Fantasy/stories,The Archive of Unsaid Apologies,within-guardrails,,pass,no-further-change,,Level別の語彙・構文ガードレール内。事実確認工程も完了。
s1862,6,Nature and animals,Gifts from Returning Salmon,within-guardrails,,pass,no-further-change,,Level別の語彙・構文ガードレール内。事実確認工程も完了。
s1863,6,World affairs,Lessons in the Temporary Hall,within-guardrails,,pass,no-further-change,,Level別の語彙・構文ガードレール内。事実確認工程も完了。
s1864,6,Everyday life,The Meeting with an Empty Chair,within-guardrails,,pass,no-further-change,,Level別の語彙・構文ガードレール内。事実確認工程も完了。
s1865,6,History,A Map around a Water Pump,within-guardrails,,pass,no-further-change,,Level別の語彙・構文ガードレール内。事実確認工程も完了。
s1866,6,Science,How DNA Keeps a Copy,within-guardrails,,pass,no-further-change,,Level別の語彙・構文ガードレール内。事実確認工程も完了。
s1867,6,Famous books,The Traveler Sees Two Futures,within-guardrails,,pass,no-further-change,,Level別の語彙・構文ガードレール内。事実確認工程も完了。
s1868,6,Mystery and adventure,The Ledger That Lost a Line,within-guardrails,,pass,no-further-change,,Level別の語彙・構文ガードレール内。事実確認工程も完了。
s1869,6,Travel and culture,The Word Missing from the Menu,within-guardrails,,pass,no-further-change,,Level別の語彙・構文ガードレール内。事実確認工程も完了。
s1870,6,People and biography,Tomas Keeps the Failed Repairs,within-guardrails,,pass,no-further-change,,Level別の語彙・構文ガードレール内。事実確認工程も完了。
s1871,7,Fantasy/stories,The Bridge That Remembered Weight,within-guardrails,,pass,no-further-change,,Level別の語彙・構文ガードレール内。事実確認工程も完了。
s1872,7,Nature and animals,Elephants beyond Human Hearing,within-guardrails,,pass,no-further-change,,Level別の語彙・構文ガードレール内。事実確認工程も完了。
s1873,7,World affairs,A Budget Written in Plain Language,within-guardrails,,pass,no-further-change,,Level別の語彙・構文ガードレール内。事実確認工程も完了。
s1874,7,Everyday life,The Favor That Became a Schedule,within-guardrails,,pass,no-further-change,,Level別の語彙・構文ガードレール内。事実確認工程も完了。
s1875,7,History,Rails Meeting at Promontory,within-guardrails,,pass,no-further-change,,Level別の語彙・構文ガードレール内。事実確認工程も完了。
s1876,7,Science,What Immune Memory Remembers,within-guardrails,,pass,no-further-change,,Level別の語彙・構文ガードレール内。事実確認工程も完了。
s1877,7,Famous books,Hester Refuses to Disappear,within-guardrails,,pass,no-further-change,,Level別の語彙・構文ガードレール内。事実確認工程も完了。
s1878,7,Mystery and adventure,The Tunnel Drawn after the Fire,within-guardrails,,pass,no-further-change,,Level別の語彙・構文ガードレール内。事実確認工程も完了。
s1879,7,Travel and culture,A Quiet Morning in Orsa,within-guardrails,,pass,no-further-change,,Level別の語彙・構文ガードレール内。事実確認工程も完了。
s1880,7,People and biography,Imani Redesigns the Form,within-guardrails,,pass,no-further-change,,Level別の語彙・構文ガードレール内。事実確認工程も完了。
s1881,8,Fantasy/stories,The City That Taxed Prophecies,within-guardrails,,pass,no-further-change,,Level別の語彙・構文ガードレール内。事実確認工程も完了。
s1882,8,Nature and animals,When Coral Loses Its Color,within-guardrails,,pass,no-further-change,,Level別の語彙・構文ガードレール内。事実確認工程も完了。
s1883,8,World affairs,The Food Report That Included Waste,within-guardrails,,pass,no-further-change,,Level別の語彙・構文ガードレール内。事実確認工程も完了。
s1884,8,Everyday life,A Promotion with Two Prices,within-guardrails,,pass,no-further-change,,Level別の語彙・構文ガードレール内。事実確認工程も完了。
s1885,8,History,Petitions before the Nineteenth Amendment,within-guardrails,,pass,no-further-change,,Level別の語彙・構文ガードレール内。事実確認工程も完了。
s1886,8,Science,The Atmosphere's Useful Blanket,within-guardrails,,pass,no-further-change,,Level別の語彙・構文ガードレール内。事実確認工程も完了。
s1887,8,Famous books,Dorian Bargains with His Portrait,within-guardrails,,pass,no-further-change,,Level別の語彙・構文ガードレール内。事実確認工程も完了。
s1888,8,Mystery and adventure,The Election Box with Extra Weight,within-guardrails,,pass,no-further-change,,Level別の語彙・構文ガードレール内。事実確認工程も完了。
s1889,8,Travel and culture,Winter Rooms of Talven,within-guardrails,,pass,no-further-change,,Level別の語彙・構文ガードレール内。事実確認工程も完了。
s1890,8,People and biography,Elias Publishes the Null Result,within-guardrails,,pass,no-further-change,,Level別の語彙・構文ガードレール内。事実確認工程も完了。
s1891,9,Fantasy/stories,The Court of Reversible Decisions,within-guardrails,,pass,no-further-change,,Level別の語彙・構文ガードレール内。事実確認工程も完了。
s1892,9,Nature and animals,Peat Built by Incomplete Decay,within-guardrails,,pass,no-further-change,,Level別の語彙・構文ガードレール内。事実確認工程も完了。
s1893,9,World affairs,The Heat Map with Missing Homes,within-guardrails,,pass,no-further-change,,Level別の語彙・構文ガードレール内。事実確認工程も完了。
s1894,9,Everyday life,Inheritance in Twelve Boxes,within-guardrails,,pass,no-further-change,,Level別の語彙・構文ガードレール内。事実確認工程も完了。
s1895,9,History,Earthrise from Apollo 8,within-guardrails,,pass,no-further-change,,Level別の語彙・構文ガードレール内。事実確認工程も完了。
s1896,9,Science,A Result Needs Its Uncertainty,within-guardrails,,pass,no-further-change,,Level別の語彙・構文ガードレール内。事実確認工程も完了。
s1897,9,Famous books,Dorothea Revises Her Idea of a Great Life,within-guardrails,,pass,no-further-change,,Level別の語彙・構文ガードレール内。事実確認工程も完了。
s1898,9,Mystery and adventure,The Voice in the Flood Archive,within-guardrails,,pass,no-further-change,,Level別の語彙・構文ガードレール内。事実確認工程も完了。
s1899,9,Travel and culture,Three Voices beside Each Object,within-guardrails,,pass,no-further-change,,Level別の語彙・構文ガードレール内。事実確認工程も完了。
s1900,9,People and biography,Juno Audits the Helpful Algorithm,within-guardrails,,pass,no-further-change,,Level別の語彙・構文ガードレール内。事実確認工程も完了。
s1901,10,Fantasy/stories,The Ministry of Almost Certain Things,within-guardrails,,pass,no-further-change,,Level別の語彙・構文ガードレール内。事実確認工程も完了。
s1902,10,Nature and animals,"Wolves, Elk, and the Limits of a Cascade",within-guardrails,,pass,no-further-change,,Level別の語彙・構文ガードレール内。事実確認工程も完了。
s1903,10,World affairs,A Debt Test for the Sea Wall,within-guardrails,,pass,no-further-change,,Level別の語彙・構文ガードレール内。事実確認工程も完了。
s1904,10,Everyday life,The Friendship Maintenance Window,within-guardrails,,pass,no-further-change,,Level別の語彙・構文ガードレール内。事実確認工程も完了。
s1905,10,History,A Continent Reserved for Peace and Science,within-guardrails,,pass,no-further-change,,Level別の語彙・構文ガードレール内。事実確認工程も完了。
s1906,10,Science,CRISPR as a Guided Molecular Tool,within-guardrails,,pass,no-further-change,,Level別の語彙・構文ガードレール内。事実確認工程も完了。
s1907,10,Famous books,The Karamazov Brothers Face a Father's Death,within-guardrails,,pass,no-further-change,,Level別の語彙・構文ガードレール内。事実確認工程も完了。
s1908,10,Mystery and adventure,The Observatory's Impossible Transit,within-guardrails,,pass,no-further-change,,Level別の語彙・構文ガードレール内。事実確認工程も完了。
s1909,10,Travel and culture,The Return Ticket to Varos,within-guardrails,,pass,no-further-change,,Level別の語彙・構文ガードレール内。事実確認工程も完了。
s1910,10,People and biography,Mei Designs the Exit before the Pilot,within-guardrails,,pass,no-further-change,,Level別の語彙・構文ガードレール内。事実確認工程も完了。
