id,level,topic,title,text_sha256,words,sentences,maxSentence,averageSentence,low_frequency_pct,very_low_frequency_pct,frequency_terms,errors,flags,status
s343,1,Nature and animals,Cat Sleeps,cac5ad287e242cf3a776bd96bcf5590ba7957f594d71dcb7ed623280dd9ae6bd,55,12,6,4.58,10.91,0.0,sleeps (3); wakes (1); meow (1); eats (1),,low-frequency,needs-editorial-review
s344,1,Nature and animals,A Big Fish,2175ac0b4a9028e7b78e0f726976ccb77b174e0137257cfa9c44ff211a4a0957,63,12,10,5.25,7.94,0.0,swims (5),,low-frequency,needs-editorial-review
s369,1,Everyday life,The Red Umbrella,f0266755dbc16c35f784170b2bd6e18431c8ccc0caaec99f580af9b2c6ebfc0e,58,10,9,5.8,8.62,0.0,umbrella (4); smiles (1),,low-frequency,needs-editorial-review
s392,1,Science,Sun Is Hot,de1e5f87f5da8dfee65005dcec10a4bc7decc496324d3f4208787729a6587d64,59,7,15,8.43,5.08,0.0,warmth (1); sunlight (1); sun's (1),,low-frequency,needs-editorial-review
s415,1,Fantasy/stories,A Small Light in the Dark,665a81f50a8208308bd3654c58e0e5291bee80e6f0cb3c2f359bdc01ae02646c,71,12,8,5.92,5.63,0.0,mai (4),,low-frequency,needs-editorial-review
s425,1,Nature and animals,A Frog in the Pond,2bf6d60adb39c8b60482cbd92dbfed895b10f504703968f9c6c32b37841af698,64,11,12,5.82,23.44,0.0,frog (5); frogs (3); pond (2); waits (1); insect (1); jumps (1); catches (1); rests (1),,low-frequency,needs-editorial-review
s465,1,Science,Why We Blink,a497b348a94df54afaee3f85534526dccf51a25cda5baf5eded6878d576e0bff,53,7,10,7.57,9.43,0.0,blink (4); closes (1),,low-frequency,needs-editorial-review
s485,1,Fantasy/stories,Sleepy Moon,c7c147ececfbd0b83440dcdc9368c3692417e912ee4102a55e598088d75dbd01,33,6,7,5.5,9.09,0.0,sleepy (1); sings (1); smiles (1),,low-frequency,needs-editorial-review
s495,1,Nature and animals,A Duck on the Pond,ae8024949c4ccfed584548dfc7a17f409dd46b4a2cd89bff8b6c82bcf40b9b63,31,6,7,5.17,16.13,0.0,pond (2); swims (1); eats (1); ducks (1),,low-frequency,needs-editorial-review
s525,1,History,The Old Wagon,5891bf24a1a242970db6e819bb9852fe78d2e1aebc4d73d97db6fc9ac7f100a2,48,8,9,6,8.33,0.0,wagon (2); barn (1); remembers (1),,low-frequency,needs-editorial-review
s555,1,Fantasy/stories,The Fox With Two Tails,adb43bfb767376013915ddf48b30c2267dce0fc9e7812f3b62934f1807b71008,35,6,7,5.83,14.29,0.0,tails (3); foxes (2),,low-frequency,needs-editorial-review
s575,1,Nature and animals,A Rabbit in the Grass,80d6d6f4086d269b4f7f9126624b48aeded368459a4dcb1d808c0c71480af28f,31,7,6,4.43,9.68,0.0,hears (1); jumps (1); hides (1),,low-frequency,needs-editorial-review
s576,1,Nature and animals,The Little Ant,2f42417c9abc3115c35b6091d7c9bdf2daa20d1b0e81d3e09a2cde06b9cae813,33,7,7,4.71,12.12,0.0,ant (3); ants (1),,low-frequency,needs-editorial-review
s655,1,Science,Why We Sneeze,5357d4243ae89c04155ec768c8bc1d6801b55fc2e35dec23b496b82a13c4dafc,33,5,8,6.6,6.06,0.0,sneeze (2),,low-frequency,needs-editorial-review
s675,1,Famous books,The Ugly Duckling,fe0194de79651d3c43e684e597208a309882f4d4f808e55c5ac3fc25f98b200c,104,14,13,7.43,2.88,0.96,swam (1); duckling (1); swan (1),,very-low-frequency,needs-editorial-review
s676,1,Famous books,The Princess and the Pea,5d53e592357827f0d7a9704cf2be9c82f0bc428089abd7bd374ce40bc8dc66bc,97,12,12,8.08,6.19,0.0,pea (2); mattresses (2); rainy (1); blankets (1),,low-frequency,needs-editorial-review
s695,1,Fantasy/stories,The Blue Kite,33f8ffd147f19252f66df6df62376a3f9a6c03b58cc462220fc0e87733a2d5e9,78,11,9,7.09,11.54,0.0,mia (3); kite (3); smiles (2); lifts (1),,low-frequency,needs-editorial-review
s696,1,Fantasy/stories,The Little Red Boat,39a081a709055468dbbec73f299f0b9f2bebe6173f8fa510245b029442d9a33c,79,11,10,7.18,6.33,0.0,noah (4); catches (1),,low-frequency,needs-editorial-review
s697,1,Nature and animals,A Bird at My Window,9500744b3c7fef77a1273b0c40b1596b5092e3bbba7bcb3ca3771fe8c7135653,90,12,10,7.5,2.22,1.11,ken's (1); smiles (1),,very-low-frequency,needs-editorial-review
s698,1,Nature and animals,The Busy Ant Trail,8e6a29701deab17dbe2138a071e17fe9be429ad4e168cc456faa870e95ae2e4a,91,12,14,7.58,10.99,0.0,sara (4); ants (3); ant (3),,low-frequency,needs-editorial-review
s701,1,Everyday life,The Key Under the Chair,e979d7821840241e72504145f6f91c3304aba2fd7fea490ee6c4eda1145c544f,93,15,11,6.2,4.3,3.23,aya (3); smiles (1),,very-low-frequency,needs-editorial-review
s705,1,Science,Why Ice Melts,1048d51af7ad212584e8c4d48b71ad1f20f1a9778affcbe2651b5203ac662555,56,6,12,9.33,5.36,0.0,cube (2); melts (1),,low-frequency,needs-editorial-review
s706,1,Science,A Shadow Moves,a001aa3814b7f5108e09d5c203b538ca580de5c7c87695e18cbc91e6d075f0d6,71,9,16,7.89,1.41,1.41,sundials (1),,very-low-frequency,needs-editorial-review
s835,1,Fantasy/stories,The Blue Door,cb1ca6f95d3f65e1a7be827f3a2492ab9f21c7d1166f5e50fa37b7e24544c95c,69,11,10,6.27,8.7,1.45,nina (2); knocks (1); nina's (1); feather (1); smiles (1),,low-frequency;very-low-frequency,needs-editorial-review
s837,1,Fantasy/stories,The Talking Hat,f1132d5bb409df8f304f361ba9a5ec7c1b33d60481704bff587710d1772ae22e,74,12,10,6.17,6.76,0.0,mia (5),,low-frequency,needs-editorial-review
s839,1,Famous books,Heidi Finds a Home,c8803552795d4529a68ab88128b402409601a974aedf7b301535ecab746603ce,64,7,13,9.14,6.25,0.0,heidi (2); goats (1); hay (1),,low-frequency,needs-editorial-review
s841,1,Famous books,Pinocchio Tells the Truth,11aa4907a5f0a80523e036caf11497dae2afdcdda73cd4420fea1f4e23c48c70,66,10,10,6.6,7.58,7.58,pinocchio (3); woodpeckers (1); pecked (1),,low-frequency;very-low-frequency,needs-editorial-review
s842,1,Famous books,Dorothy Follows the Road,023c5a21a18c198ba3ea1b8ad3cb55b634dffbde4c7d299466eb30cbc1d454a7,55,10,7,5.5,7.27,0.0,dorothy (2); toto (1); straw (1),,low-frequency,needs-editorial-review
s844,1,Nature and animals,A Duck in the Rain,b442c2aac88ed956f749e077bcf9e0daf1289ad1aec35b7228e61716aa042f7b,60,11,9,5.45,13.33,0.0,puddle (3); jumps (2); hens (2); shakes (1),,low-frequency,needs-editorial-review
s846,1,Nature and animals,Turtle on the Road,42c8f91734502e2d84217d4912128c1774a29d378b2e81068d6623e33502a69d,64,8,12,8,9.38,0.0,turtle (4); helper (2),,low-frequency,needs-editorial-review
s847,1,Nature and animals,The Bee's Map,a5f01688fd8e25a09c8d29e4200a9bd8aab8c313eccf137f3117cc123c7faf57,55,7,14,7.86,7.27,0.0,bees (2); drank (1); hive (1),,low-frequency,needs-editorial-review
s852,1,Everyday life,The Extra Lunch,2a1b17930855280af976228d882c14cf55dfe0a5863f1e7db0d9a91a4ec343a8,69,11,8,6.27,7.25,4.35,aya (3); smiles (1); apples (1),,low-frequency;very-low-frequency,needs-editorial-review
s853,1,Everyday life,Morning at the Bakery,42839d888e9ec983814f23c1ab6393cc75c8f5efaaae5087237d29bad2f496d7,67,10,9,6.7,5.97,0.0,bakery (1); sato (1); tray (1); buys (1),,low-frequency,needs-editorial-review
s854,1,Everyday life,The Lost Glove,478ce72dd19dcb711db77a4ae40bdc4787d3163db983a43914dbfa4ddb450c76,69,12,8,5.75,7.25,0.0,glove (3); waits (1); smiles (1),,low-frequency,needs-editorial-review
s855,1,Everyday life,A Quiet Birthday,e9a3a0d8134252d98b01aa137f2bd4f93a7f44a7f6376cf17c923346915b15cb,67,11,8,6.09,8.96,0.0,mara (2); candle (2); shines (1); smiles (1),,low-frequency,needs-editorial-review
s856,1,History,A Message on Clay,5ec3ac12c1c8ad3b111ca404c57d0b7889b857be20c6c66b15d11e231fb69c37,57,6,15,9.5,1.75,1.75,mesopotamia (1),,very-low-frequency,needs-editorial-review
s859,1,Science,Why Ice Floats,0945aee8c5e5a3e1e2cb7b76faea98912764a1b63d2a9516357094e683b43bd9,62,7,17,8.86,6.45,0.0,cube (1); floats (1); freezes (1); float (1),,low-frequency,needs-editorial-review
s1001,1,Mystery and adventure,The Quiet Brass Key,029d25bcee4163abc05ac43af56b7b52b503f2ffb633b2b78dd34c7404616645,76,12,10,6.33,6.58,0.0,dina (3); lifts (1); smiles (1),,low-frequency,needs-editorial-review
s1002,1,Mystery and adventure,The Quiet School Bell,6c6360930f2e17322a7be8e6cc4b9bc8b38372d1c740a5465404cde9c0c83456,73,12,11,6.08,8.22,0.0,ravi (3); hangs (1); touches (1); smiles (1),,low-frequency,needs-editorial-review
s1004,1,Mystery and adventure,The Quiet Recipe Book,65481fa1f9bbf56d9e4ba480e5a2f58fb99e62dfd9607aad8895192b719935f4,70,12,12,5.83,5.71,0.0,iris (3); smiles (1),,low-frequency,needs-editorial-review
s1006,1,Mystery and adventure,The Quiet Garden Map,a9eea5760dba5acd538473aae15618ab07cc64594cd4c59f5723b7a8c395f371,53,8,8,6.63,5.66,0.0,hana (2); gardener (1),,low-frequency,needs-editorial-review
s1007,1,Mystery and adventure,The Quiet Museum Coin,4d88b488f789c8336da907cb49d4c4bc7800fcee10519e29aa432275e4d13d4f,69,11,9,6.27,8.7,0.0,vera (4); sunlight (1); smiles (1),,low-frequency,needs-editorial-review
s1008,1,Mystery and adventure,The Quiet Blue Lantern,2a421dd4459ee8ba496bf3ce54136adc1783b2a8cbe2f32072d7e77207e3c05c,77,11,12,7,7.79,0.0,theo (3); lantern (3),,low-frequency,needs-editorial-review
s1009,1,Mystery and adventure,The Quiet Harbor Flag,c9867ad67152d0bc8a960f729ef7b72697a439f3bf41b6b0f02f923a740e19d7,73,11,11,6.64,8.22,0.0,kite (3); ari (2); hangs (1),,low-frequency,needs-editorial-review
s1011,1,Mystery and adventure,The Quiet Glass Button,9aa3cf0956aa32ec727900b2904e8d76f47d3b7e0bef26f6bf051ccdf2369ea5,75,12,10,6.25,8.0,0.0,lina (3); hangs (1); buttons (1); smiles (1),,low-frequency,needs-editorial-review
s1013,1,Mystery and adventure,The Quiet Painted Shell,65751b0e4972c6b3a86ef94daf9dbc4e4c6bd6d6080aabc6b24beccd9433fe64,79,11,14,7.18,5.06,3.8,xena (3); smiles (1),,low-frequency;very-low-frequency,needs-editorial-review
s1014,1,Mystery and adventure,The Quiet Paper Crown,177f0bcd0f9c8ee74bfa77250e7a9e4973883c240a0145a8594bffc965f38157,71,11,10,6.45,5.63,0.0,eli (3); closes (1),,low-frequency,needs-editorial-review
s1015,1,Mystery and adventure,The Quiet Green Bicycle,871ec419c347d09b7271479dadc3f84c11e0d5200081e857b12d7487f31e5d22,78,13,10,6,12.82,0.0,sara (4); bicycle (3); glove (2); nods (1),,low-frequency,needs-editorial-review
s1016,1,Mystery and adventure,The Quiet Stone Bird,47c6f4922489da7c798caac43b9b34e3a252e9452daa40d463ddb5e95ba4b726,55,8,10,6.88,9.09,0.0,pia (3); gardener (1); bird's (1),,low-frequency,needs-editorial-review
s1017,1,Mystery and adventure,The Quiet Sealed Letter,1393e724bd135f698be59d1136a6d93532d38dad126497053e9d059f5c5ae182,78,11,11,7.09,5.13,0.0,envelope (1); remembers (1); smiles (1); inviting (1),,low-frequency,needs-editorial-review
s1018,1,Mystery and adventure,The Quiet Gold Spoon,59346784e628f5267bbaa7b42535094711923eafd1e67383da1d441d323a3399,75,11,10,6.82,12.0,0.0,spoon (4); noah (3); shiny (1); lifts (1),,low-frequency,needs-editorial-review
s1156,1,Travel and culture,An Unexpected Day in Kyoto,e6ae3b3141628c866b5ebc69596b42389c8258f243dc121829c153eb6866c642,60,7,11,8.57,6.67,0.0,hana (2); kyoto (1); thanked (1),,low-frequency,needs-editorial-review
s1157,1,Travel and culture,An Unexpected Day in Seoul,eb3e7a09d74175a20ebe8124826bd0ab5fac865dc8483cf2fadd4475de7a278a,51,6,11,8.5,9.8,1.96,noah (2); seoul (1); thanked (1); caf (1),,low-frequency;very-low-frequency,needs-editorial-review
s1158,1,Travel and culture,An Unexpected Day in Taipei,52d3cf7b4e9fe4e75d38edbe02ee511e5f27c3eefdbb6a77aa4506f5b17a141d,53,6,13,8.83,7.55,0.0,kai (2); taipei (1); friend's (1),,low-frequency,needs-editorial-review
s1159,1,Travel and culture,An Unexpected Day in Hanoi,41f1be835551c88065afca9f75a092fda2e4be3949b34608b540ee6285711350,60,7,11,8.57,8.33,0.0,mara (2); hanoi (1); bicycle (1); bookshop (1),,low-frequency,needs-editorial-review
s1160,1,Travel and culture,An Unexpected Day in Chiang Mai,afec5fe71030d217176095d0602f78a8c9c66fc8dfaaafd0f5b8a80ce8ee3731,62,7,12,8.86,11.29,0.0,sara (3); chiang (1); mai (1); brushes (1); bowls (1),,low-frequency,needs-editorial-review
s1161,1,Travel and culture,An Unexpected Day in Singapore,aaf88da44d0178e26783836c5be6ef64d68ff6ed26090581439c6476f295d14f,59,8,9,7.38,5.08,0.0,bea (3),,low-frequency,needs-editorial-review
s1162,1,Travel and culture,An Unexpected Day in Delhi,92679156f1672e19ce861567b017b45fd16b3496c0401cce700f1d2b9c5930b4,58,6,12,9.67,5.17,0.0,vera (2); drank (1),,low-frequency,needs-editorial-review
s1163,1,Travel and culture,An Unexpected Day in Istanbul,7962aa7bdca3c577f0f35a02420abbf4247c62a266fb81806e92f444ff4f78f8,59,8,12,7.38,11.86,0.0,eli (3); fog (2); istanbul (1); bakery (1),,low-frequency,needs-editorial-review
s1164,1,Travel and culture,An Unexpected Day in Athens,a182aa565d8aba1c13d556699921b600ea3986357debc615bfc7943a3e202124,58,8,9,7.25,12.07,1.72,yuki (4); athens (1); pots (1); guidebook (1),,low-frequency;very-low-frequency,needs-editorial-review
s1165,1,Travel and culture,An Unexpected Day in Rome,c895655a00f412810b6dc77559aed28ce205abe17b247288d2e9d685f13f759b,59,6,13,9.83,5.08,0.0,lina (2); bookshop (1),,low-frequency,needs-editorial-review
s1166,1,Travel and culture,An Unexpected Day in Lisbon,a1736272230821e0fc121c0d8a66714f3fefa66556b0bb46f82492524dd83943,60,8,11,7.5,10.0,0.0,noah (3); tram (2); lisbon (1),,low-frequency,needs-editorial-review
s1167,1,Travel and culture,An Unexpected Day in Reykjavik,c8f6bd469b3197c45f672ea43c967986e0363f7bfecf6a7bc5d270364af62562,63,7,13,9,1.59,1.59,reykjavik (1),,very-low-frequency,needs-editorial-review
s1168,1,Travel and culture,An Unexpected Day in Nairobi,908ffcd81ae906e18f83948eeedd7576a09fe70a162a8b3b98e1ec7e1366053f,57,6,14,9.5,7.02,0.0,mara (2); nairobi (1); notebook (1),,low-frequency,needs-editorial-review
s1169,1,Travel and culture,An Unexpected Day in Cape Town,83f3a18e513e591a220bfbd26c785044d0d946ad980393405076cdd5b3d9f430,55,8,10,6.88,5.45,0.0,sara (2); unsafe (1),,low-frequency,needs-editorial-review
s1170,1,Travel and culture,An Unexpected Day in Marrakech,1ec47d177f1a9215c36bd9f1783563f4963570d371d5c1c1244c0c883308dde2,55,8,8,6.88,9.09,1.82,faye (2); marrakech (1); fountain (1); stall (1),,low-frequency;very-low-frequency,needs-editorial-review
s1172,1,Travel and culture,An Unexpected Day in Lima,137fe93fc639382dfb76fe731278312d985ca3b8e28b71ebdbfb0779c0bdf3ba,58,7,11,8.29,8.62,0.0,ivan (3); lima (1); notebook (1),,low-frequency,needs-editorial-review
s1173,1,Travel and culture,An Unexpected Day in Buenos Aires,1f738247ca6c3dc7a2b432709b491e55ec42e080c3473bec3f983da9dd68314e,56,8,9,7,10.71,0.0,yuki (2); buenos (1); aires (1); daylight (1); practiced (1),,low-frequency,needs-editorial-review
s1174,1,Travel and culture,An Unexpected Day in Vancouver,99ddb23cf1f53ade6d6b9d66f2bf22d6d63eade2f22348b8c80bd4b1a6c3ee6a,59,7,14,8.43,11.86,0.0,lina (4); rode (2); thanked (1),,low-frequency,needs-editorial-review
s1175,1,Travel and culture,An Unexpected Day in New Orleans,7cb00186f5914f97217d80556db5d52deb970ce0bc6414056538e1cd134a214d,63,7,12,9,7.94,6.35,sora (4); bookshop (1),,low-frequency;very-low-frequency,needs-editorial-review
s1311,1,People and biography,Maya Maps the River,d647085b9ea46e53e9539b588393f3a61bf88fa76f4cc23cbcdf05e6a734a4e9,73,8,13,9.13,5.48,0.0,maya (3); chen (1),,low-frequency,needs-editorial-review
s1313,1,People and biography,Amina Saves Seeds,3bb7bf8f8b101e377a13c0dbdecbcfcab5416de389ab83c907df928a846978af,61,8,10,7.63,4.92,4.92,amina (2); okafor (1),,very-low-frequency,needs-editorial-review
s1314,1,People and biography,Luis Opens an Evening Class,a5ff6af8730fd1a9f724e2210c5ed39ae674e9df25656dd2f4987fba66cedb02,58,7,14,8.29,5.17,0.0,luis (1); ortega (1); practiced (1),,low-frequency,needs-editorial-review
s1315,1,People and biography,Hana Makes a Toy to Fix,6f9c1a46d8d140b564da6cbe4efde51e19691063e5e2c20832a1c174fe9a04d2,59,8,12,7.38,6.78,0.0,hana (3); mori (1),,low-frequency,needs-editorial-review
s1316,1,People and biography,Samir Plans a Clinic Visit,ec456f9ae6956943c2004b8bc0e3588f5c4378fa050a961739451cd0d91ef33b,57,7,11,8.14,7.02,0.0,samir (2); patel (1); helper (1),,low-frequency,needs-editorial-review
s1317,1,People and biography,Elena Builds Garden Beds,354cd4ebc5918caa2f7b01f6001393c319d14c822adcfc2a59036008f9e05344,57,6,13,9.5,5.26,0.0,elena (2); rossi (1),,low-frequency,needs-editorial-review
s1319,1,People and biography,Nora Listens to the Town,c646264a5eef23aaf572a0476a1424503db50a7a4d47a807a9a6256755878938,59,6,14,9.83,6.78,0.0,nora (2); hassan (1); aloud (1),,low-frequency,needs-editorial-review
s1321,1,People and biography,Inez Finds New Clay,f3892d2fd736b77ba5341c0a26ab184144b6b1b705f8fe6e132a9c4629a4981e,63,7,13,9,7.94,3.17,inez (2); silva (1); pots (1); inland (1),,low-frequency;very-low-frequency,needs-editorial-review
s1323,1,People and biography,Keiko Makes Room for More Stories,fc5b83e774395c6abcdca82d20b3338c707b8c1f7356b5524fd9a62bcc3f0246,59,6,13,9.83,3.39,3.39,keiko (2),,very-low-frequency,needs-editorial-review
s1325,1,People and biography,Sara Keeps the Right Parts,88ab6c8c4c1559ffa2c7a52839525ad8a5573505f4d7a4835ca2dec12269c320,66,9,10,7.33,7.58,1.52,sara (3); lind (1); repaired (1),,low-frequency;very-low-frequency,needs-editorial-review
s1326,1,People and biography,Theo Makes Room for Signs,268e336af9f6a7020fe345fce794f041958ed6412707948b50f1c6e02907659e,61,8,12,7.63,9.84,0.0,theo (4); interpreter (1); afterward (1),,low-frequency,needs-editorial-review
s1327,1,People and biography,Priya Checks the Well,5a71ec2c06a8503468ef0391bc92c82eed45c85e049187e1cd9b8559c9b7ae70,64,7,14,9.14,6.25,4.69,priya (3); das (1),,low-frequency;very-low-frequency,needs-editorial-review
s1329,1,People and biography,Yara Helps a Room Stay Cool,c318ce9b0b256ebeee8a82ec0711251f9cf39e2ec7fb7d93e83decf351c75236,69,8,12,8.63,10.14,7.25,yara (3); installer (2); nasser (1); dusty (1),,low-frequency;very-low-frequency,needs-editorial-review
s1330,1,People and biography,Finn Explains Court Words,90ebb8dc28c77a3a0b1ab5f3163efd5bd41a21474cf41de3692d62a9f2789261,66,7,12,9.43,6.06,1.52,finn (3); osei (1),,low-frequency;very-low-frequency,needs-editorial-review
s1467,1,Everyday life,The Two Red Socks,2796de586f24b8c079ec0fe21d68c0618c71b3860800b7bb4cc24f25f8ee19fd,65,9,11,7.22,7.69,0.0,sock (3); shakes (1); folds (1),,low-frequency,needs-editorial-review
s1478,1,Famous books,The Golden Goose and the Kind Son,2838c649061d798684dea7ace4b827d5a0cfadd6551f4d3d4c886bad0d098df0,62,8,13,7.75,8.06,0.0,traveler (2); goose (2); feathers (1),,low-frequency,needs-editorial-review
s1489,1,Fantasy/stories,The Pebble That Sang,f0eab812e536fa24ff78faab0cee7b8c2dc90aa2bdef0bd4c6ba1451f10982af,58,10,9,5.8,8.62,0.0,luca (3); sings (1); listens (1),,low-frequency,needs-editorial-review
s1490,1,Fantasy/stories,The Cloud in the Barn,f7161352abd7096cc23468608ca2beb88dd45b4ba8967039144df08d7761488a,71,12,9,5.92,9.86,0.0,nina (3); barn (2); kite (2),,low-frequency,needs-editorial-review
s1534,1,Science,The Seed Finds Down,0503f185b465f1c191e3b7434c59988ce4079eac63f5ebb61e8ad76764aa8291,68,9,13,7.56,7.35,0.0,jar (2); bent (2); bean (1),,low-frequency,needs-editorial-review
s1535,1,Science,The Echo by the Wall,9132bb59de7e703ec8393dafbdb286d3bfde0b94d96a4aef69ead181b322462c,58,7,10,8.29,12.07,0.0,mia (2); clapped (2); farther (2); clap (1),,low-frequency,needs-editorial-review
s1611,1,Fantasy/stories,A Room Inside Mina's Coat,1acf97ddfc9780ce31601a590283a85a614ffdcdb8695395e6b57cc83a12aa38,54,8,10,6.75,7.41,0.0,mina (3); closes (1),,low-frequency,needs-editorial-review
s1615,1,History,Marks in Wet Clay,25bd030328dd3e59864c362ab77b3068f7f71d29bd1651805ec60c9fd584e9ce,47,6,10,7.83,2.13,2.13,mesopotamia (1),,very-low-frequency,needs-editorial-review
s1616,1,Science,The Cup That Sweats,9f43ab603e8a391e887a508c169596693bb47d6e48ab056632514a521e4d8f28,42,6,9,7,7.14,4.76,aya (2); wipes (1),,low-frequency;very-low-frequency,needs-editorial-review
s1617,1,Famous books,Peter Comes Home,ffe18a8f90b2613b90a8e2886b08cbb3b3eb2dfcaa50f3b1521319b6c77f59a2,48,7,11,6.86,6.25,2.08,eats (1); mcgregor (1); chamomile (1),,low-frequency;very-low-frequency,needs-editorial-review
s1618,1,Mystery and adventure,A Kitten Behind the Wall,b890bfe0d77eb52d53849bbbcf6fc4c97f3d297ef2e3540835238ab6a0e9dbcf,67,11,8,6.09,7.46,0.0,kitten (3); hears (1); hangs (1),,low-frequency,needs-editorial-review
s1619,1,Travel and culture,Breakfast at the River Stop,c353ff6316a17156a16bde0be66df4f7d928c1f424e969a95cf0010a77d4967f,46,7,10,6.57,8.7,0.0,nora (2); smiles (2),,low-frequency,needs-editorial-review
s1620,1,People and biography,Lena Fixes Small Things,c54809edc1f11535cbd4babf5fa5595ae5ede666ee45ed359bc74e3354736f29,50,7,11,7.14,8.0,0.0,lena (2); lamps (1); listens (1),,low-frequency,needs-editorial-review
s1711,1,Fantasy/stories,A Star in the Bread Tin,49aaba98ac9f57dd5a50b32d564c45620c63dc43201b6b79bf0e6979669b5420,50,7,12,7.14,4.0,4.0,lio (2),,very-low-frequency,needs-editorial-review
s1713,1,World affairs,One Ramp for the Hall,11befc4c72257510eacf71b99df54efe153e2a39b6f0e9480f277756ce8c871e,60,8,10,7.5,8.33,3.33,ramp (3); wheelchairs (1); strollers (1),,low-frequency;very-low-frequency,needs-editorial-review
s1717,1,Famous books,Heidi Returns to the Mountain,54427adc7e2fcb9c1621bbd3e25954ab7be38f4e4900c48f111aa73c231e753c,53,6,16,8.83,9.43,0.0,clara (3); heidi (2),,low-frequency,needs-editorial-review
s1718,1,Mystery and adventure,Mud on the Clean Floor,486d0a17885227ebed4924b4aad13b6a30523534b1f6a6ae385fb1191e8975e3,53,7,10,7.57,5.66,0.0,hana (2); cleans (1),,low-frequency,needs-editorial-review
s1719,1,Travel and culture,A Seat by the Small Harbor,238c9498afa1a28a448af4a5cbddf4edbb35228d12d1375ec78a96627ec84fc7,58,8,14,7.25,8.62,0.0,eli (4); buys (1),,low-frequency,needs-editorial-review
s1817,1,Famous books,Mary Opens the Secret Garden,1673f0fdf769f6bf0b1470ed910713e9e5ef3de1e14d184ca8aef66c8e053d34,46,6,11,7.67,2.17,2.17,dickon (1),,very-low-frequency,needs-editorial-review
s1912,1,Nature and animals,A Turtle Comes Up for Air,116c6e0b42458c660213bad747804b4a23b0248f8f4e523b01892ea953116acd,53,8,9,6.63,9.43,0.0,turtle (2); swims (2); lays (1),,low-frequency,needs-editorial-review
s1914,1,Everyday life,The Blue Sock on the Stairs,c75ebf569182765cd0770bec411fb1e716ff4ee81ecc60591b75a0d301975533,44,6,12,7.33,9.09,0.0,sock (2); hana (2),,low-frequency,needs-editorial-review
s1917,1,Famous books,Peter Hides in the Watering Can,5f2c7fe6a4ef497c094fd85593efa59c4b89c858b02c69bc22db307798b75cc5,53,8,11,6.63,13.21,1.89,mcgregor (2); jumps (2); watering (1); sneezes (1); hears (1),,low-frequency;very-low-frequency,needs-editorial-review
s2001,1,Everyday life,A Cup for Two,ae58109fa7141a385b25674742672fcaf7877539d60b0cfd0d3e7eb980e178c9,44,10,8,4.4,11.36,0.0,mia (3); smiles (2),,low-frequency,needs-editorial-review
s2005,1,Nature and animals,A Duck Comes Back,1f6bec8b7e00b7490b593888867f5609c5c1606c2e912b85fa9e801ef275dd00,44,8,8,5.5,9.09,0.0,ducks (2); hears (1); jumps (1),,low-frequency,needs-editorial-review
s2006,1,Everyday life,A Place at the Table,ecc79263dc79a0363a743cf1aa67382cbfc76a378556d81c2d924f285b8476dd,48,9,9,5.33,6.25,0.0,nina (2); hers (1),,low-frequency,needs-editorial-review
s2007,1,Mystery and adventure,Where Is the Key?,5a7a04b31945bca67ccc2c10db444fa99f9f67000c84306c1e0e7bd4cb28f32c,47,11,6,4.27,2.13,0.0,smiles (1),,repeated-sentence,needs-editorial-review
s2009,1,Nature and animals,The Little Fish,4f46cd6fe7e706f805c935073515bfbef05a34b4d6aa9254e35e0cd5ed6a9aad,43,8,7,5.38,6.98,0.0,swims (2); waits (1),,low-frequency,needs-editorial-review
s2011,1,Everyday life,The Blue Umbrella,94f278a6de2276fb79d93fd5be756b81c04af56f2530c42d0b33b97d3afbfd85,49,9,8,5.44,8.16,0.0,emi (2); umbrella (2),,low-frequency,needs-editorial-review
s2012,1,Nature and animals,A Bird at the Window,d1cd1af68aea03bd50cf9f34e0e62c8cf73f4b5f0deac5cba5fdcea5cc66b809,47,7,10,6.71,6.38,0.0,jumps (1); smiles (1); eats (1),,low-frequency,needs-editorial-review
s2014,1,Mystery and adventure,The Wet Marks,d5eecf5c5e3ad0937b8489893559ab219751c5b88b9fb8d8e52e9a754f417421,43,9,7,4.78,4.65,2.33,towel (1); wags (1),,very-low-frequency,needs-editorial-review
s2015,1,Travel and culture,Lia Takes the Train,a7261703f29f56e390a61ec7a85ecb2075deb88950158bc83e8d2a1c979b86c9,47,7,9,6.71,6.38,4.26,lia (2); eats (1),,low-frequency;very-low-frequency,needs-editorial-review
s2016,1,Everyday life,A Note in the Lunch Box,fbeaa5039578151c6945cdacbed3a148a59311ac8a6ccf25e89a7dc3b8982341,45,7,9,6.43,6.67,0.0,jun (3),,low-frequency,needs-editorial-review
s2017,1,Nature and animals,The Slow Snail,65de4e8264701512204efc8e267420cd5f32d56257cc00eb59cc7dd082b9a125,49,8,12,6.13,6.12,0.0,snail (3),,low-frequency,needs-editorial-review
s2021,1,Everyday life,The Warm Soup,0d71a05b177f3ca24cce3729507aa48a63ee7c77e331cbcb9601b776a9184797,44,7,9,6.29,9.09,0.0,ana (2); stove (1); carrots (1),,low-frequency,needs-editorial-review
s2024,1,Mystery and adventure,The Light Upstairs,bb56fc32a195d235903a1fccaff8c805978ab81fe32328907f1cfc1199f95cc1,47,7,11,6.71,6.38,0.0,ada (2); upstairs (1),,low-frequency,needs-editorial-review
s2028,1,Fantasy/stories,The Talking Stone,10e26debd00a9a66100ba02356398d0a1f05c0465561c1f5b8ad8e851541a194,47,8,8,5.88,8.51,0.0,ivy (3); smiles (1),,low-frequency,needs-editorial-review
s2030,1,Travel and culture,The Beach in the Morning,0740e953fec8c37a42993fd125c567ae58f38e3d02691f3aa76b372beccaf4bb,44,7,9,6.29,4.55,4.55,rui (2),,very-low-frequency,needs-editorial-review
s2031,1,Everyday life,Sara Finds Her Glove,a2949f78efef2ab5248fb00932b81ad28221e2a98be1513e10ee8615bb125662,45,9,9,5,8.89,0.0,sara (2); glove (2),,low-frequency,needs-editorial-review
s2032,1,Nature and animals,Two Ants,c15a3e0cc011aaa7e118bb72c8374dd66b31daf02811f645c3be5411285fef07,46,7,10,6.57,6.52,0.0,ant (2); ants (1),,low-frequency,needs-editorial-review
s2034,1,Mystery and adventure,The Small Bell,42aa8710946d5f2a691570bcd9db234327f0d6cb00c2e5e0b2be389f50c9fb8c,48,8,8,6,4.17,4.17,nao (2),,very-low-frequency,needs-editorial-review
s2037,1,Nature and animals,The Turtle in the Sun,d75062e2f9ea6633865e3ac15c6c98d86351bda3b8c0341f55cc25002cd70cbd,44,7,9,6.29,9.09,0.0,turtle (3); swims (1),,low-frequency,needs-editorial-review
s2041,1,Everyday life,The Broken Pencil,d7f7edd77a5fd744916b0d8c617da555e8c1859634f436afea597424fa5a78f6,45,7,11,6.43,13.33,0.0,pencil (4); lee's (2),,low-frequency,needs-editorial-review
s2047,1,Nature and animals,The Fish and the Leaf,cb5b0b7c2ffcbf985698bfcef4e1997a2c339959fc3fbd3c7c901328d5c8c887,44,7,10,6.29,9.09,0.0,pond (2); swims (2),,low-frequency,needs-editorial-review
s2051,1,Everyday life,The Red Leaf,26d9dbb1bcdfe178fa6860e05b40d875a9fc5c801d3cfc5b70a205c1770c9bfa,46,8,8,5.75,8.7,0.0,mia (3); smiles (1),,low-frequency,needs-editorial-review
s2052,1,Nature and animals,A Squirrel in the Park,47d7936b2800b2c07e3c155a835b205f217ae7acb8fb8f1f6ece758ec498f221,46,6,12,7.67,8.7,0.0,squirrel (2); paws (1); hides (1),,low-frequency,needs-editorial-review
s2072,1,Fantasy/stories,The Door Under the Rug,ebf272c727fa02e69f75949d301d5457ce58ace174a1de1dbbf902bacae624ed,46,9,9,5.11,6.52,0.0,rug (2); closes (1),,low-frequency,needs-editorial-review
s2074,1,Fantasy/stories,The Paper Horse,51f9fb669cd1be438a0bbb074309c71ae8fefd97438c916af5b8413c8aff1dc3,48,8,9,6,4.17,2.08,dan's (1); jumps (1),,very-low-frequency,needs-editorial-review
s2079,1,Nature and animals,Rain on the Path,2c2944384baba15a69c6ffaf5cb123a02189632e4a5fc47d605581e5c811c65f,46,9,7,5.11,8.7,0.0,worm (3); rains (1),,low-frequency,needs-editorial-review
s2095,1,History,The Cart at the Well,6fe95dfa702d9ac9ef962246f5308e8bf9abdafd0b6d5cfe46d5288e1c2b3174,50,9,7,5.56,6.0,0.0,cart (2); fills (1),,low-frequency,needs-editorial-review
s2097,1,Science,Two Paper Bridges,8ac93499e516535d10910c5023f403ed3908a32a3ee773505d8378bf1b18713e,47,8,10,5.88,6.38,0.0,ned (2); folds (1),,low-frequency,needs-editorial-review
s2099,1,Science,The Full Spoon,77298f12060692610cbc4566ed2503e89c215b5a99e2b72ad9e4ce88a03805f0,48,8,10,6,14.58,0.0,spoon (3); fills (2); spoons (2),,low-frequency,needs-editorial-review
s2100,1,Science,The Warm Window Test,b391a3e021e31e42d42bf6b8e14ce4cd4cf67ecad1668c19f2881bd53ea4c426,47,7,10,6.71,8.51,0.0,bowls (2); pia (2),,low-frequency,needs-editorial-review
s2102,1,Famous books,Grapes Above the Fox,77c05ed719e0e1193e455c50a44678204938314fb0ab33fa676dc4722b18fe4d,47,9,7,5.22,10.64,0.0,grapes (2); jumps (2); tasted (1),,low-frequency,needs-editorial-review
s2103,1,Famous books,Stones in the Water Jar,b985392bad85516ff07c24a1f649e4ffffc9d5e0eb3ba06565f1b21f273f892f,47,8,9,5.88,6.38,0.0,jar (3),,low-frequency,needs-editorial-review
s2106,1,Mystery and adventure,The Wet Circle,79731af6e6ace59605c1bf89c31213f024ed43775b0c3d61bcf62afb032719a3,47,8,9,5.88,2.13,2.13,sue's (1),,very-low-frequency,needs-editorial-review
s2114,1,Travel and culture,An Empty Postcard,3fad36a113e54252b6cd1f834d42aeb793c29b781266d86589400dd652a5d9fa,45,6,10,7.5,6.67,0.0,postcard (2); crosses (1),,low-frequency,needs-editorial-review
s2116,1,People and biography,Rosa's First Loaf,10c6fc8e7679ed9418e4bfb7d6d8b2c03627bec8b9941cc8702082aa8dc7dae8,47,8,8,5.88,10.64,0.0,rosa (2); loaf (2); bake (1),,low-frequency,needs-editorial-review
s2119,1,People and biography,Omar Learns to Float,3dca7b6ed80a7a2eaea8d1f37e764c90f56395dbcf4688e4204dbebe0ef3460b,46,8,9,5.75,6.52,0.0,omar (2); floats (1),,low-frequency,needs-editorial-review
s2120,1,People and biography,The Singer at the Window,71a4581ac45e2d03c5300820e85884b20f76fd933be2ab655917e1ca37df9a05,44,7,8,6.29,13.64,0.0,bea (2); sings (2); cleans (1); hears (1),,low-frequency,needs-editorial-review
s335,2,Fantasy/stories,A Friend in the Tree,384fae9078899be0fa8798cfc9fdefac2c5bf622349f84f25c315e05e396cd29,138,20,13,6.9,7.97,0.0,lily (7); owl (2); umbrella (1); thanked (1),,low-frequency,needs-editorial-review
s346,2,Nature and animals,Dog and the Ball,8800c207ff4dc192c5b7e52dbabd8076650ac4995597ddc151b0179f4b3aaa0e,116,15,10,7.73,10.34,0.0,rex (7); pond (2); swam (2); owner's (1),,low-frequency,needs-editorial-review
s359,2,World affairs,Market Day,8ff21662d8d1f40afa907e0128fee4ec97cefbdef2f551463f246908ec2b26ec,69,8,11,8.63,8.7,0.0,mia (3); apples (2); baskets (1),,low-frequency,needs-editorial-review
s371,2,Everyday life,Making Dinner,c18a97ead19160e215caf3d4ebfd689dceff0490f46ad14702e5a2e788da81de,98,14,11,7,12.24,0.0,sara (4); carrots (2); vegetable (1); smelled (1); stirred (1); herbs (1); poured (1); bowls (1),,low-frequency,needs-editorial-review
s396,2,Science,Why Leaves Fall,f2d3b0748c4d8de7e40dc49531b5bda3d1f89ed9b7784876bb9b67e4a90ce225,99,11,14,9,2.02,1.01,sunlight (1); chlorophyll (1),,very-low-frequency,needs-editorial-review
s406,2,Famous books,The Ant and the Grasshopper,ce687b79e8c06f0dcde4f1b145a310c2bb65d6d484ded7c61126f3af1cc7b851,130,20,10,6.5,7.69,0.0,ant (5); grasshopper (4); thanked (1),,low-frequency,needs-editorial-review
s426,2,Nature and animals,The Busy Squirrel,38c2046d2cd3381646a70fc2624a2b7dbd3053bf43c04d79dc72720f9caf5150,72,7,15,10.29,11.11,8.33,nutkin (3); acorns (3); squirrel (1); dug (1),,low-frequency;very-low-frequency,needs-editorial-review
s436,2,World affairs,Town Meeting,f7008f72dfde876b13a4bf0c074be6e0788699279d078fe1668bab3a6041161e,73,9,11,8.11,2.74,1.37,hall's (1); rained (1),,very-low-frequency,needs-editorial-review
s446,2,Everyday life,Missing Sock,d8d8e172441185e1a99eb06c11965f90b4cfda247097fc6ed4427a7e0b883f9a,65,9,11,7.22,7.69,0.0,sock (2); sofa (2); marta (1),,low-frequency,needs-editorial-review
s466,2,Science,How Soap Bubbles Form,1bbfc1cbe8a66153045d221b64c2610a24fac141dd566b596bae7b836fc9b7c8,79,7,21,11.29,5.06,1.27,soapy (1); pushes (1); outward (1); escapes (1),,very-low-frequency,needs-editorial-review
s476,2,Famous books,Hansel and Gretel,a652c736ff7feb4a033eac785be6b69e2b9f1b9cf537ee54d3953084b015d2fa,110,12,13,9.17,8.18,8.18,gretel (6); hansel (2); hansel’s (1),,low-frequency;very-low-frequency,needs-editorial-review
s486,2,Fantasy/stories,The Garden That Grew at Night,2bf0c6ae937f6fa8358666c9e0faa202edb1b51594ae8c1bd83429bf4ca9d797,94,10,16,9.4,4.26,1.06,tomas (3); tomas's (1),,very-low-frequency,needs-editorial-review
s496,2,Nature and animals,Spider's Web,ce9f0b444a4bb4397218cf3c609b2e77a5158411042af506369ec3575d1d8993,73,9,11,8.11,6.85,1.37,clara (3); clara’s (1); threads (1),,very-low-frequency,needs-editorial-review
s526,2,History,Village Blacksmith,7b0291d2c33a8f5dc7fb19c036bf4b5bd301b8f4eb02e63db9db771f7fcc57f6,109,11,17,9.91,4.59,2.75,gustaf (3); blacksmith (1); feared (1),,very-low-frequency,needs-editorial-review
s557,2,Fantasy/stories,Shoemaker's Extra Pair,b41b3bbda521f93d60a0972ff00c41dfa8abff3c221cda0a28ac9a3c85f4c81d,90,11,13,8.18,7.78,1.11,anton (2); child’s (1); anton’s (1); laces (1); neat (1); bows (1),,low-frequency;very-low-frequency,needs-editorial-review
s558,2,Fantasy/stories,The Cloud Shepherd,d3afc2c6e724c355f373507a6e8043dc0798857b8481b41dd8cdd7c41e3ff192,105,9,16,11.67,3.81,1.9,elzbieta (2); shepherd (1); smiled (1),,very-low-frequency,needs-editorial-review
s577,2,Nature and animals,Woodpecker's Loud Knock,f2b483122f03817b197c58f31bc50c26771f231689729c35e13b7702f20bea34,75,8,16,9.38,8.0,4.0,woodpecker (2); tapped (2); marcus’s (1); insect (1),,low-frequency;very-low-frequency,needs-editorial-review
s578,2,Nature and animals,Turtle's Slow Journey,37eca759bd4b53ce276a81d2153a560d85702ddaccee18296dc830755bdec1f6,67,8,14,8.38,8.96,0.0,turtle (3); pond (1); fox’s (1); rested (1),,low-frequency,needs-editorial-review
s618,2,Everyday life,The New Kitchen Gadget,5a67faae3714eddcc90661a1b4e0a3a5fb4540173238c09281fae1afe0dd8c66,86,9,20,9.56,3.49,2.33,juicer (2); spilled (1),,very-low-frequency,needs-editorial-review
s637,2,History,Town Crier,0e40c1cffb77e97e6bc33aa704ad48f50cafe42ef6037101e44e6842d3ccf624,80,8,17,10,6.25,3.75,bertram (2); crier (1); town’s (1); thanked (1),,very-low-frequency,needs-editorial-review
s657,2,Science,Why Ice Cream Melts,f05ed62bf62bfc6c89d89595cc2bac5ab1feeea8f2e5678fbeaff51f8153301a,73,7,13,10.43,8.22,0.0,freezer (1); warmer (1); melt (1); drip (1); cone (1); slows (1),,low-frequency,needs-editorial-review
s678,2,Famous books,Pinocchio Meets the Talking Cricket,21c734bedebb976643087b11c9b2385aa6222d5978a29c2f1cfcccc4ca0ba0c4,97,12,12,8.08,6.19,6.19,pinocchio (5); geppetto (1),,very-low-frequency,needs-editorial-review
s710,2,Fantasy/stories,Mina and the Moon Bell,3657e91f62b1d11b0f3e1b22ab0fdd3a087671737b27b422379ec738ea2a12b0,110,13,13,8.46,10.91,0.91,mina (4); mina’s (1); shining (1); rang (1); bark (1); footsteps (1); chimney (1); bowed (1); smiled (1),,low-frequency,needs-editorial-review
s711,2,Nature and animals,The Frog in the Garden,5f3daafcfc82538bcaa8f70d9dea044f42d939103a4ce078ea09bddfb94903b4,88,9,14,9.78,9.09,0.0,jun (3); pond (2); frogs (2); frog (1),,low-frequency,needs-editorial-review
s717,2,History,A Day in Ancient Pompeii,ec7aa035758921ed9e159a9ec96c9f2144cd9f92dcf4bf0624b706a3f44c93a4,100,12,12,8.33,9.09,2.02,pompeii (2); volcano (2); vesuvius (2); baths (1); erupted (1); town's (1),,low-frequency;very-low-frequency,needs-editorial-review
s718,2,History,How Vikings Used Longships,148b5647e758e89607d57aba8f3f8bcf645381b6b87f0833fcab87dde4d63de9,80,9,13,8.89,11.25,2.5,viking (2); longships (2); sailors (2); coasts (1); crews (1); mattered (1),,low-frequency;very-low-frequency,needs-editorial-review
s865,2,Famous books,Peter Pan's Invitation,16bb7b14a7effc2c8fc23ecfc170fa1f72b91d14e9f42677af932fdafcdc4586,89,9,14,9.89,6.74,2.25,wendy (3); sewed (1); neverland (1); pirates (1),,very-low-frequency,needs-editorial-review
s867,2,Famous books,Anne's First Friend,f79d9248a1a34966aeeb17f1a7654456d11727fc2efacceb4f8656a6881f3b62,85,9,18,9.44,5.88,4.71,gables (2); marilla (1); diana’s (1); smiled (1),,very-low-frequency,needs-editorial-review
s868,2,Famous books,Pollyanna's Window,8e74880f09ecabcd804f19b9f57ab869f032f32ce171ecc3359a7103351d3314,95,11,16,8.64,3.16,3.16,pollyanna (3),,very-low-frequency,needs-editorial-review
s869,2,Nature and animals,Sea Otters at Play,16d828cae2bcc425d19e0a38418cc6b85184920bc1067eda95a21b86bd9402df,78,7,15,11.14,11.54,1.28,otters (3); swam (1); chased (1); otter (1); floated (1); rested (1); kelp (1),,low-frequency;very-low-frequency,needs-editorial-review
s870,2,Nature and animals,Seeds on the Wind,7c496757eb2594e01ade193dfb0f9927dd0ee1f83c967f2eb9727757a23d6cb2,85,10,13,8.5,3.53,1.18,dandelion (1); umbrellas (1); spreads (1),,very-low-frequency,needs-editorial-review
s874,2,World affairs,The Island's Power Cable,0ba731bc9caee1cc4bd539296cfbc3e18d7dc82e7195c432a50ec44a7611fa29,92,9,15,10.22,2.17,1.09,storms (1); fishers (1),,very-low-frequency,needs-editorial-review
s875,2,World affairs,A Vote from Far Away,361bde6eb950bbf24a166554af4dd1b43027677ec5f34773eb132bd7fd99491b,78,8,13,9.75,7.69,1.28,lina (3); envelopes (1); letter’s (1); ballots (1),,low-frequency;very-low-frequency,needs-editorial-review
s876,2,Everyday life,The Wrong Umbrella,fab0d8dabe2e80f6f6fff80df9fedc385dec42e93c4c02cef269d398aed15b06,90,10,17,9,11.11,1.11,emi (3); umbrella (3); ito (2); emi's (1); hers (1),,low-frequency;very-low-frequency,needs-editorial-review
s877,2,Everyday life,Saturday Repair,359444e730e829c5244c67d4317d773a7fe8f5b936a44f20c4ae9e31e9c6876f,89,10,13,8.9,12.36,2.25,chen (1); sewed (1); omar (1); electrician (1); lamps (1); bicycle (1); mechanic (1); brakes (1); repairer (1); tick (1); grandfather’s (1),,low-frequency;very-low-frequency,needs-editorial-review
s879,2,Everyday life,Dinner Without a Recipe,853254aa084d9f5887637d7a7e7f8126df6a3de54abbfa12f17ea25e84a83b7a,97,9,18,10.78,7.22,0.0,kai (2); carrots (1); onion (1); pumpkin (1); tomatoes (1); tasted (1),,low-frequency,needs-editorial-review
s880,2,History,Bread in a Medieval Town,eff9fa531bf5285dc99a2e2f805393b192bfd65670d471e0f6f38c432b4fecf8,80,9,14,8.89,5.0,2.5,loaves (2); dough (1); bake (1),,very-low-frequency,needs-editorial-review
s881,2,History,The Ink Maker's Work,34fabe743210a6d5d906debd8675280fe02f6e8e3cf2e43dde2bfbcbb44c2b6f,79,7,15,11.29,8.86,5.06,growths (2); galls (2); soak (1); gum (1); darker (1),,low-frequency;very-low-frequency,needs-editorial-review
s882,2,History,A Bell for the Harbor,9242f2d1025ef29df2b120439ca75655567b4ff12c2a5a1f97dc57cf6e55f0dc,94,10,15,9.4,7.45,0.0,fog (3); sailors (2); hangs (1); hears (1),,low-frequency,needs-editorial-review
s885,2,Science,The Slow Banana,dcbd0cc9e9ffe5b5a83af1e2902734c896920d148949efc55ccd6ba47902c961,77,7,17,11,7.79,5.19,ripens (1); starch (1); softer (1); ripening (1); ethylene (1); ripen (1),,low-frequency;very-low-frequency,needs-editorial-review
s886,2,Science,Sound Through a String,653a4ad49996bba10c196af9784cbd5c9aa5fb11e10b7aaa1a48ef874245d3b0,94,9,19,10.44,3.19,1.06,mina (2); jo’s (1),,very-low-frequency,needs-editorial-review
s1021,2,Mystery and adventure,The Quiet River Notebook,4128cf89ac8eeb25240593cde0ffab4fd0f1633cd843b3999e1bc867cf9d8da8,87,9,13,9.67,8.05,3.45,notebook (3); xena (3); rehearsal (1),,low-frequency;very-low-frequency,needs-editorial-review
s1022,2,Mystery and adventure,The Bakery Whistle,1cebb6af935240c4bdcccd363f206478f2d42d6cbe5c408f30f6c3f3d99ecd8d,88,9,13,9.78,12.5,1.14,whistle (3); bakery (2); eli (2); shutter (2); eli’s (1); windy (1),,low-frequency;very-low-frequency,needs-editorial-review
s1023,2,Mystery and adventure,The Quiet Black Umbrella,bef0d9f87ec330c88c5b9b638ce3cc8a79853675bd66d0f570f2151bcba3ac91,77,9,10,8.56,7.79,0.0,umbrella (4); umbrellas (2),,low-frequency,needs-editorial-review
s1024,2,Mystery and adventure,The Quiet Orchard Box,9c3a6f688e376e26c8dcd67c259b75feafd4ac38d063e91cfc367e0550c88231,87,8,15,10.88,6.9,1.15,pia (3); orchard (1); planting (1); room’s (1),,very-low-frequency,needs-editorial-review
s1027,2,Mystery and adventure,Words on the Bakery Window,5072c3dc5fbbc59107fcfe3d6e6295ee2c8ca0d5a07bd8b1eb1a3ba5f4debc8a,86,9,14,9.56,11.63,0.0,ivan (3); pane (2); bakery (1); traced (1); breathed (1); wiped (1); fade (1),,low-frequency,needs-editorial-review
s1028,2,Mystery and adventure,The Quiet Farm Gate,a88bf94d59835d2f398c574331991d9d61609edfbe7ade823a1fde945dbb3d23,87,9,20,9.67,10.34,2.3,gus (3); donkey (3); farm’s (2); latch (1),,low-frequency;very-low-frequency,needs-editorial-review
s1029,2,Mystery and adventure,The Music Box’s Extra Note,39e1cf4d78176fb5d7031b4dff2307e0e80cc306d4a75bd38d66b16de8a959dd,86,8,17,10.75,4.65,2.33,uma (2); grandmother’s (1); lid (1),,very-low-frequency,needs-editorial-review
s1030,2,Mystery and adventure,The Moving Lake Light,d5e346d17e2d884967e0de74d16fac3a37b7166073aa53e8012ff84ccde82719,86,10,13,8.6,5.81,1.16,sara (2); dim (1); lamp’s (1); reflecting (1),,very-low-frequency,needs-editorial-review
s1031,2,Mystery and adventure,The Compass That Pointed West,154ced4e4108e323ca65f7738b9f085546de40b4d58cc9c6a2c398b02cfed36a,85,9,17,9.44,17.65,3.53,compass (4); sora (3); magnet (3); needle (2); oddly (1); farther (1); trusting (1),,low-frequency;very-low-frequency,needs-editorial-review
s1033,2,Mystery and adventure,The Silent School Bell,fe060f50f4a25e4782d875b00c7956cd2e1c8910d4fc9cac71f7985ddcdcdc26,81,8,17,10.13,7.41,0.0,rang (2); hana (1); doorway (1); night’s (1); school’s (1),,low-frequency,needs-editorial-review
s1034,2,Mystery and adventure,The Hidden Red Violin,4679e132b62afdbf8b5514592ac51b5d8a0cb7605ddacaa39ed118224b060161,81,9,18,9,7.41,0.0,vera (2); violin (2); cupboard (2),,low-frequency,needs-editorial-review
s1035,2,Mystery and adventure,The Hidden Recipe Book,ef01a1f75f5479ccc7060a75da626a44b2da749060fb5b40e2bbba756a77ff2a,83,7,16,11.86,4.82,1.2,cupboard (2); handprint (1); cooks (1),,very-low-frequency,needs-editorial-review
s1039,2,Mystery and adventure,The Blue Lantern at the Lodge,ec65f4ac7fd7dd77c95af6e5b1ddc90fc1a80e0bd595e4d822d37e535cdbf9c3,90,8,16,11.25,11.11,0.0,lantern (3); zane (2); borrowed (2); candle (1); wax (1); thanked (1),,low-frequency,needs-editorial-review
s1040,2,Mystery and adventure,The Flag Above the Harbor,c0e2bff1ce0d5555f14e368d7781c6cf006975f9dac4d25e0c1544e364becd92,93,9,15,10.33,7.53,0.0,gus (2); kite (2); stretching (1); railing (1); walkway (1),,low-frequency,needs-editorial-review
s1180,2,Travel and culture,An Unexpected Day in Tallinn,9c6406611df02944b84aed4085ba3e4467b6e287072b5969e5eceed3e35f23a2,63,6,15,10.5,6.35,1.59,iris (2); tallinn (1); snowy (1),,very-low-frequency,needs-editorial-review
s1181,2,Travel and culture,An Unexpected Day in Dubrovnik,9c336e3ed4f2dca536cc76dbf62ab1d157fecb6443024276f359a2806b24f654,67,6,14,11.17,7.46,1.49,pia (2); dubrovnik (1); rested (1); slower (1),,low-frequency;very-low-frequency,needs-editorial-review
s1182,2,Travel and culture,An Unexpected Day in Ulaanbaatar,e3035b4bbb6d303bdfd2296a7177483233647cc9077aca08db15be5c764810bd,66,7,14,9.43,7.58,1.52,dina (3); ulaanbaatar (1); slowed (1),,low-frequency;very-low-frequency,needs-editorial-review
s1183,2,Travel and culture,An Unexpected Day in Kathmandu,13788023713fc038cd314a879a66703922de06a7c70daabab4bc8814cf098356,64,6,16,10.67,12.5,0.0,theo (3); kathmandu (1); bicycle (1); thanked (1); drying (1); notebook (1),,low-frequency,needs-editorial-review
s1186,2,Travel and culture,An Unexpected Day in Cusco,94e8052e058251511fb1e34f4ba758606ef8499e6f532d20b23a25d43f3b51c0,76,7,15,10.86,3.95,1.32,cusco (1); steep (1); drank (1),,very-low-frequency,needs-editorial-review
s1188,2,Travel and culture,A Rainy Day in Seoul,1971d667d2f3ea70e7e97e9dd11617875b764dbefb581439a05a23ec50e5039d,78,7,15,11.14,7.69,0.0,faye (3); seoul (1); farther (1); thanked (1),,low-frequency,needs-editorial-review
s1189,2,Travel and culture,A Rainy Day in Taipei,abf64a4d5f88871747709ef498f8e75b6b7ff2952e2a7268fab7f672770e6821,74,7,20,10.57,8.11,0.0,zane (3); taipei (1); notebook (1); folding (1),,low-frequency,needs-editorial-review
s1191,2,Travel and culture,A Rainy Day in Chiang Mai,228419b8e5b3b57356097c71bee8393c12be422e1e2c96118f987bb121fac7a8,85,8,18,10.63,9.41,0.0,iris (3); chiang (1); mai (1); slowed (1); incorrectly (1); notebook (1),,low-frequency,needs-editorial-review
s1193,2,Travel and culture,A Rainy Day in Delhi,2b645c861337840d6e30f29081f8bb38520bc16411762f688e7b599ee906bcdf,79,7,15,11.29,5.06,2.53,sora (2); blurred (1); towel (1),,very-low-frequency,needs-editorial-review
s1194,2,Travel and culture,A Rainy Day in Istanbul,c694a9e803553045e91b5bd27af60a33cab21c07a2e34dd6ca9fe7bca6b93257,77,7,13,11,9.09,0.0,theo (3); istanbul (1); bakery (1); notebook (1); sketches (1),,low-frequency,needs-editorial-review
s1331,2,People and biography,Leah Park and the Old Cloth,5468d546d6cc1bce691064c4b8260db655eacc86444e9fac169c14ba8a480bba,83,8,14,10.38,7.23,2.41,leah (2); tablecloth (2); fictional (1); grandmother’s (1),,low-frequency;very-low-frequency,needs-editorial-review
s1332,2,People and biography,Ravi Mehta Checks the Last Bus,99f8a33b8498f2efefef49529e90148ff1328bd6d93c8d99ad4dba86db2738e9,90,8,17,11.25,10.0,1.11,ravi (3); mehta (1); fictional (1); planner (1); rode (1); evenings (1); riders (1),,low-frequency;very-low-frequency,needs-editorial-review
s1333,2,People and biography,Sofia Almeida Keeps Her Distance,73bb89be6c8dbb8f327d41f2a06f194f723e93819b3a989a02c258bfbc4c86a5,85,8,17,10.63,10.59,1.18,sofia (3); almeida (1); fictional (1); nesting (1); watcher (1); farther (1); zoom (1),,low-frequency;very-low-frequency,needs-editorial-review
s1335,2,People and biography,Fatima Noor Makes Room at the Market,b4ed59ffa8dc703a0bd0c0af299c0959f3b19df03bf1e574895fc8cd7dcf60f5,83,8,15,10.38,18.07,1.2,fatima (3); sellers (3); walkway (2); stalls (2); noor (1); fictional (1); planner (1); busiest (1); crowded (1),,low-frequency;very-low-frequency,needs-editorial-review
s1337,2,People and biography,Anika Bose Explains a Farm Form,6bc7b6d253a77d73ebcbb259af5c2ff6fefed51ce8d80171a21394cdecf53dd7,79,7,17,11.29,7.59,3.8,anika (3); bose (1); fictional (1); adviser (1),,low-frequency;very-low-frequency,needs-editorial-review
s1338,2,People and biography,Gabriel Stone and the Town Clock,68dada51ca754ab0b5765e1e8cb577653b910bf47ed8ae3f21fd009f039e613b,87,9,13,9.67,5.75,2.3,gabriel (2); fictional (1); repairer (1); gabriel’s (1),,very-low-frequency,needs-editorial-review
s1339,2,People and biography,Mina Rahman Plans a Food Pickup,98657573156b8ea63d6098fdb3ff4b74851f12407a51603cc8fe85487be72a5d,82,9,18,9.11,14.63,3.66,mina (3); caf (3); pickup (2); rahman (1); fictional (1); chilled (1); unclear (1),,low-frequency;very-low-frequency,needs-editorial-review
s1342,2,People and biography,Maya Chen Updates a River Guide,fb3d764e2da83f045b4a0eced369c3c63f26f1bb647b0a391dfbd18f84919482,85,8,14,10.63,8.24,1.18,maya (2); chen (1); fictional (1); sandbank (1); captains (1); notices (1),,low-frequency;very-low-frequency,needs-editorial-review
s1343,2,People and biography,Jon Bell Checks a Bicycle,377c8ded5341bc15d7c1100c7f0a092fadb64adf8d8a3246d444a2994a2b8217,90,9,18,10,11.11,0.0,lever (2); fictional (1); bicycle (1); mechanic (1); brake (1); inspected (1); brakes (1); rode (1); helpers (1),,low-frequency,needs-editorial-review
s1344,2,People and biography,Amina Okafor Keeps Seed Records,c1c92044c3c1d6b0d00073fa19654fcd1813f3efcd4e52b80392c7e663cffcc2,90,8,15,11.25,5.56,3.33,amina (2); okafor (1); fictional (1); packets (1),,very-low-frequency,needs-editorial-review
s1345,2,People and biography,Luis Ortega Changes the Reading Class,6a898aef7e8fc92ffd93dd6437ba2bab46756be653403c258195544f718dd4f5,82,8,17,10.25,7.32,0.0,luis (3); ortega (1); fictional (1); practiced (1),,low-frequency,needs-editorial-review
s1346,2,People and biography,Hana Mori Makes a Repairable Toy,9fbd71c91f4305b16b34bc9e9628de197618eb6bbcf39ef9cd1c5cd46161863d,91,8,14,11.38,10.99,0.0,cart (5); hana (3); mori (1); fictional (1),,low-frequency,needs-editorial-review
s1347,2,People and biography,Samir Patel Moves a Clinic Visit,1c80edee99a5d0b1d81b4e092548ea04064f3563fcd429789ad35d6a768cc0be,90,8,15,11.25,8.89,0.0,samir (4); patel (1); fictional (1); coordinator (1); supervised (1),,low-frequency,needs-editorial-review
s1348,2,People and biography,Elena Rossi Starts a Garden Bed,160b93a0a17cc52893878a2bc36fe3024602f91cb6d23f4337aeffde4ff1dc27,84,9,14,9.33,9.52,0.0,elena (3); rossi (1); fictional (1); gardener (1); planting (1); herbs (1),,low-frequency,needs-editorial-review
s1468,2,Everyday life,A Quiet Lunch Table,971e58c58cf3b67220d69f622583bc3cac1ee87afd6d72bffc5544498fea8fcb,84,7,17,12,8.33,2.38,aya (2); mei (2); quieter (1); unused (1); trays (1),,low-frequency;very-low-frequency,needs-editorial-review
s1479,2,Famous books,The Bremen Animals Find a Home,ce37b52e5228fa9c0d867dec729b6b00f67672fff959b3d7d685422f7959669d,126,17,12,7.41,11.11,1.59,donkey (2); rooster (2); bremen (2); robbers (2); robber (2); climbed (1); other's (1); noises (1); scratched (1),,low-frequency;very-low-frequency,needs-editorial-review
s1481,2,Famous books,Sinbad in the Valley of Diamonds,375f3eb9826d7eb7480a853b461acff3a2dc3d1663563b441688b224657ec336,94,9,16,10.44,10.64,3.19,sinbad (3); merchants (3); steep (1); snakes (1); nests (1); freed (1),,low-frequency;very-low-frequency,needs-editorial-review
s1491,2,Fantasy/stories,The Door Under the Table,d5a4bcc6c67798cf14ff6f52069294e717469dc8979be3fdaf07af9dcddb0076,86,11,12,7.82,9.3,5.81,crumb (3); emi (2); caf (1); tapped (1); floury (1),,low-frequency;very-low-frequency,needs-editorial-review
s1492,2,Fantasy/stories,The Lantern Fish of Willow Pond,9f08176fff5d9b0334d6d5d533e64eb114351f8c1f94312c5b24795a52285044,82,7,17,11.71,9.76,0.0,pond (2); reeds (2); dusk (1); willow (1); glow (1); fins (1),,low-frequency,needs-editorial-review
s1493,2,Fantasy/stories,The Tailor of Rain,1fc6893d5533f7c81cb8bfec9207873dc843efdb75002396343e5b97561a068c,95,9,17,10.56,9.47,4.21,sora (3); mist (2); dripping (1); strands (1); sewed (1); floated (1),,low-frequency;very-low-frequency,needs-editorial-review
s1506,2,History,The Stars Above the Open Sea,3ec0938628c388ab13651d324abda3d9d50123046fffd12d246cce550f85c332,97,9,15,10.78,5.15,1.03,canoe (2); voyage (1); navigators (1); hid (1),,very-low-frequency,needs-editorial-review
s1522,2,Nature and animals,A Second Way Into the Warren,ef046d94aa58388f5cba1bb251266271a570deb8e372324e7ab37b5dd7e50a3a,78,8,16,9.75,5.13,1.28,pawed (1); hedge (1); crept (1); rabbits (1),,very-low-frequency,needs-editorial-review
s1523,2,Nature and animals,The Ant Road Around the Stone,ea35b13efc548979f63b149de762a070e3a24c9b1371b7075deb66d9a316a724,84,8,18,10.5,9.52,0.0,ants (4); ant (2); trails (1); obstacle (1),,low-frequency,needs-editorial-review
s1524,2,Nature and animals,The Owl Above the Farm,5d23e78809dd3c86d259d19c564fcc7dd6a2f12a1a1803fda62a5fd64cc289d2,56,6,10,9.33,7.14,0.0,owl (3); barn (1),,low-frequency,needs-editorial-review
s1537,2,Science,Drops Above a Warm Cup,79853a2f7f0b3db399e3944349551174d860f0f0cfc21486e4922f72ea6216a6,80,7,15,11.43,7.5,0.0,vapor (3); poured (1); underside (1); wiped (1),,low-frequency,needs-editorial-review
s1622,2,Nature and animals,Sea Otters in Kelp,4ce07895617aa97144c80222f8852bc255f77f9942c376b1c6a6d645523f9f9e,63,6,15,10.5,14.29,4.76,otters (1); kelp (1); coves (1); bays (1); otter (1); seafloor (1); crabs (1); clams (1); floats (1),,low-frequency;very-low-frequency,needs-editorial-review
s1625,2,History,The Inca Road Network,0c51c1124875f46502ad56dfea64a053199bbad47c954329baeb14db5d772816,66,7,13,9.43,15.15,0.0,inca (1); valleys (1); deserts (1); andes (1); distances (1); messengers (1); travelers (1); armies (1); builders (1); ditches (1),,low-frequency,needs-editorial-review
s1626,2,Science,Why a Spoon Looks Bent,5e0fc1de2db09eebc76f3fae01b022f31e8ee7fa5b5a2f36e05dc8c59ab6e59a,72,8,13,9,5.56,1.39,spoon (2); bent (1); refraction (1),,very-low-frequency,needs-editorial-review
s1628,2,Mystery and adventure,Water Marks in the School Hall,958ea3c4fb12b06f7bfbb0abb590d477ca03d9fb6b93220afc43b88887e9e6b9,63,7,16,9,6.35,1.59,footprints (2); drips (1); climbed (1),,very-low-frequency,needs-editorial-review
s1721,2,Fantasy/stories,The Umbrella Tree,8ada2324d0e5f30f240089c6446f416a1e5e3ca12e7ffccb0c1395f196e6a6d0,58,6,12,9.67,12.07,0.0,nia (4); umbrella (2); umbrellas (1),,low-frequency,needs-editorial-review
s1722,2,Nature and animals,How a Sonoran Desert Tortoise Stores Water,e836fef88aa6ae6d5fea9fc44b0a829606c9fc69a30e77043f3b477d78c74b3f,76,7,15,10.86,15.79,2.63,tortoise (5); sonoran (2); burrow (1); bladder (1); seasonal (1); drought (1); salts (1),,low-frequency;very-low-frequency,needs-editorial-review
s1725,2,History,Waves on a Stick Chart,e31608713ded3806425403ccb2f6aa8da8d9a3d5e8f7df98074b757026b9eab5,80,7,18,11.43,11.25,2.5,shells (2); navigators (1); curved (1); swells (1); atolls (1); learners (1); voyage (1); navigator (1),,low-frequency;very-low-frequency,needs-editorial-review
s1729,2,Travel and culture,Rain at the Hill Market,a052aa1bb068bd765f5ee7f415255fbc59f673b6608eeb436ae24f1a4e5cb779,61,6,14,10.17,9.84,1.64,mara (2); sellers (1); buys (1); teaches (1); seller’s (1),,low-frequency;very-low-frequency,needs-editorial-review
s1730,2,People and biography,Dani Opens a Tool Box,815a3542278867b51a624fc73612724e2e8c75ff80dbec7e0a57b1daca099155,68,7,12,9.71,11.76,0.0,dani (4); fictional (1); lend (1); saturdays (1); fixes (1),,low-frequency,needs-editorial-review
s1821,2,Fantasy/stories,The Shoes That Waited,915eaee8e0d94609029432b72b02a9906d20f06ddc1deec36bbbed7a3e7e00af,65,7,15,9.29,3.08,3.08,imani's (1); imani (1),,very-low-frequency,needs-editorial-review
s1822,2,Nature and animals,How a Duck Keeps Its Feathers,f7238cc4a2f6e26c18cb866c4ef400bb20360ad6750ed8a063eae74a4775cb9e,94,8,17,11.75,12.77,0.0,feathers (7); spends (1); cleans (1); spreads (1); gland (1); swims (1),,low-frequency,needs-editorial-review
s1826,2,Science,How a Cup Telephone Carries Sound,bbb8ed5974188d896877f8da4677e43ae3750367b8572bd9ec0be9268fcdb5d5,70,8,13,8.75,17.14,4.29,mei (3); kai (2); kai’s (1); vibrate (1); vibration (1); mei’s (1); vibrates (1); hears (1); hangs (1),,low-frequency;very-low-frequency,needs-editorial-review
s1827,2,Famous books,Dorothy Follows the Yellow Road,3449786eb8c2d9d69377a0f22922741313213d255baf19ecc4b314d39a55a5a2,50,6,14,8.33,8.0,0.0,dorothy (2); scarecrow (1); learns (1),,low-frequency,needs-editorial-review
s1830,2,People and biography,A Shelf for Shared Seeds,2fbae8e5e0c9219af8df6d10d13657a812c9bf50d5cf8915da103dbfcdb63cca,53,6,12,8.83,7.55,0.0,mina (3); fictional (1),,low-frequency,needs-editorial-review
s1920,2,Fantasy/stories,The Umbrella That Hated Rain,deabd93d5d6b82f719ac91f5dd8ff59466428065110ed79ce826fa8351b95175,45,6,10,7.5,11.11,4.44,nuri (2); buys (1); umbrella (1); closes (1),,low-frequency;very-low-frequency,needs-editorial-review
s1921,2,Nature and animals,A Bat Finds an Insect,4b61631f100714a8f97d88fe12e2cf939d60cae3981953c9dc78744c3df07cf1,71,8,14,8.88,11.27,1.41,bats (3); insect (2); listens (1); echolocation (1); senses (1),,low-frequency;very-low-frequency,needs-editorial-review
s1923,2,Everyday life,Toast for the Late Train,c2d7b59f7d4bfb36f88de9b62e66fa6c6ddff9ffcd8450cdaec5f3b48138de2a,47,6,11,7.83,10.64,0.0,jun (2); misses (1); toast (1); tomorrow's (1),,low-frequency,needs-editorial-review
s1924,2,History,Pompeii under Ash,c22938d9a89f3c1a0e645f28178b85cf373522bbe64d1eed60064e34a359c660,73,7,13,10.43,11.11,2.78,eruption (2); vesuvius (1); erupted (1); pompeii (1); pumice (1); afterward (1); uncover (1),,low-frequency;very-low-frequency,needs-editorial-review
s1926,2,Famous books,Alice Follows a White Rabbit,0454166db36add89faf963217adddefe4edaee45a9f7397aac9ce1b4a7d8a4ec,74,10,11,7.4,4.05,1.35,wonderland (1); tarts (1); wakes (1),,very-low-frequency,needs-editorial-review
s1927,2,Mystery and adventure,The Lunchbox with the Wrong Name,c7028258ab3b2fdbe75fd7f6e95223af2b191999aa90fb95754827a106d0c781,69,6,16,11.5,13.04,0.0,lid (2); sister's (2); girl's (1); remembers (1); lifts (1); rubbed (1); hers (1),,low-frequency,needs-editorial-review
s1928,2,People and biography,Nara Repairs One Bicycle,f62a705d9a864ba3860799bfbc78b08ca28acdcf5fbb805b8636584a7f20f111,66,7,12,9.43,7.58,4.55,nara (2); fictional (1); bicycle (1); tightens (1),,low-frequency;very-low-frequency,needs-editorial-review
s2053,2,Everyday life,Soup for a Cool Evening,b314e22d88049320c52d09a942717a556c054ecaa4f5dc5182e5d656eb62cbf5,46,6,11,7.67,8.7,0.0,hana (1); carrots (1); onion (1); bowls (1),,low-frequency,needs-editorial-review
s2054,2,Travel and culture,Lanterns by the River,e023e9966073ab9a2571b4708dabc80e361ad5e0ddde2c707167e15a63f646a3,46,6,14,7.67,8.7,0.0,lanterns (1); luis (1); cakes (1); float (1),,low-frequency,needs-editorial-review
s2121,2,Fantasy/stories,The Sleepy Streetlamp,9b1360fdbb36d81245c69a61e2b343276f3e98e191764ef1ed2f386dede026a9,50,6,12,8.33,8.0,2.0,streetlamp (1); wakes (1); shines (1); warmly (1),,low-frequency;very-low-frequency,needs-editorial-review
s2122,2,Fantasy/stories,The Spoon That Loved Soup,6fe50d0f1a1d459e6240c335a0b59abcb76fefd1941f88459996fb147dd19068,52,7,11,7.43,9.62,0.0,spoon (3); jumps (1); stir (1),,low-frequency,needs-editorial-review
s2124,2,Fantasy/stories,A Tail for the Kite,13b38abe4c0e6e1ae696fb9e5e68689c9aa221adeb507722d6ae6af565e2560b,54,6,14,9,7.41,0.0,kite (3); feather (1),,low-frequency,needs-editorial-review
s2125,2,Fantasy/stories,The Tiny Winter,5072be0cf8e94107adc0fcadb7839c52fa1239fa713fad8c314b176249aa872d,52,8,9,6.5,7.69,0.0,nora (2); snowball (1); closes (1),,low-frequency,needs-editorial-review
s2136,2,Everyday life,The Lunch with No Fork,cc78b653a979049588db30d5b3a5c52c09a46a1d8f88382ca3b38497166a5c1b,51,7,10,7.29,7.84,0.0,spoon (3); friend's (1),,low-frequency,needs-editorial-review
s2141,2,History,The Spare Candle,221f6045aa2de0a3ef9aaad87509eddc871beab0335b64fb2786efa774c60c53,51,6,14,8.5,9.8,0.0,candle (3); fictional (1); fixes (1),,low-frequency,needs-editorial-review
s2144,2,History,The School Slate,20194313ee5956364bfa12979f8ccd1aac688b8fa0dc67d5bcc59471f80c8cda,50,7,12,7.14,10.0,0.0,fictional (1); sums (1); slate (1); cleans (1); crooked (1),,low-frequency,needs-editorial-review
s2145,2,History,A Package without a Name,bdd8358a8237c80fb9f52e1574593232ad55212b2be825b8fa4daae4a0141a67,51,7,13,7.29,7.84,1.96,buttons (2); fictional (1); shopkeeper (1),,low-frequency;very-low-frequency,needs-editorial-review
s2146,2,Science,A Longer Paper Strip,6ac983112a3655ce5caba943d2ad19634f34233acc8192a3cc872bc3a0fb72e0,52,8,9,6.5,7.69,0.0,fay (2); notices (1); fixes (1),,low-frequency,needs-editorial-review
s2149,2,Science,A Magnet and a Box,10b974dbc5402cff41620ff5fd703c109fbabaef04a94704785c9bfbe466eaa0,52,7,13,7.43,7.69,0.0,ava (2); magnet (2),,low-frequency,needs-editorial-review
s2150,2,Science,The Bent Paper Plane,b012524b859d3e4e6633ed6c52999a44d51b1819b2ec963da36a83549f23b2d3,49,6,16,8.17,6.12,2.04,notices (1); bent (1); straighter (1),,very-low-frequency,needs-editorial-review
s2151,2,Famous books,Meat beneath the Tree,02fc3c168f696729a689d75ac263d86c5a61986440a1fe97bd7eeed565b2cc05,49,6,12,8.17,12.24,2.04,crow (3); praises (1); crow's (1); feathers (1),,low-frequency;very-low-frequency,needs-editorial-review
s2152,2,Famous books,The Race past the Sleeping Hare,243ea5ac67d8600a52101e6a1e79e569e2be3ec35f74edfae8329661ca53d8ab,49,7,10,7,14.29,0.0,hare (3); tortoise (3); wakes (1),,low-frequency,needs-editorial-review
s2155,2,Famous books,The Leaf That Carried an Ant,486f1265437e9b63eedb1c42c12bbb4b2f0b1580dbf3a87da5bb5e3130aa096a,50,7,11,7.14,20.0,0.0,ant (4); dove (3); climbs (1); bites (1); bird's (1),,low-frequency,needs-editorial-review
s2158,2,Mystery and adventure,Footprints toward the Shed,45c21ce781c3374e41d745d335eec096a054776ccc1308def6225c1b8de2ac5b,51,7,8,7.29,7.84,0.0,muddy (1); footprints (1); brother's (1); dad's (1),,low-frequency,needs-editorial-review
s2161,2,Travel and culture,The Platform on the Other Side,b83bd21207579698ba17873887ef2b326428743253bf7d7edb3137efe70d17c3,48,7,9,6.86,2.08,2.08,footbridge (1),,very-low-frequency,needs-editorial-review
s2166,2,People and biography,Nell's First Repair,7ab0275dce6100dafff8e1651c4e8dca910a3d4c4d00dca00515068864c9fcf0,49,7,10,7,12.24,2.04,nell (2); fictional (1); learns (1); crooked (1); straighter (1),,low-frequency;very-low-frequency,needs-editorial-review
s2168,2,People and biography,Iris and the Empty Stage,41d9d179044ad68c58d89a02cd962bfc9f71afe9826f5a9c6a202289f8ac68ef,55,7,17,7.86,12.73,0.0,iris (2); cleans (2); fictional (1); hears (1); invites (1),,low-frequency,needs-editorial-review
s2169,2,People and biography,A Gardener's First Winter,ec235207233bb0d0b9004301005a1110bb7918d31a21d9f2f3decf5615015895,49,7,9,7,8.16,0.0,fictional (1); surprises (1); cleans (1); learns (1),,low-frequency,needs-editorial-review
s2170,2,People and biography,The Girl Who Kept Receipts,ed05dd04297a46af1ee9ccac21aad4f45d546db3d15ccc71390e6882e73c20a0,50,7,13,7.14,12.0,2.0,mina (2); fictional (1); receipts (1); manages (1); shop's (1),,low-frequency;very-low-frequency,needs-editorial-review
s338,3,Fantasy/stories,A New Friend at the Lake,f6c19a54244f3cde7832f911e2d36107f0c891dac8e277f108ec79d0122255bc,134,13,15,10.31,9.7,1.49,sophia (4); pip (4); aunt's (2); softly (1); ducks (1); reeds (1),,low-frequency,needs-editorial-review
s339,3,Fantasy/stories,The Small Dragon,01d3f2045b7618cf2d31388cd6b8364c8045889933f15e51292b0e2450909e2b,170,16,22,10.63,10.59,1.76,elena (6); barn (2); farmer's (1); scales (1); flapped (1); softly (1); clapped (1); encouragingly (1); circling (1); shouted (1); nuzzled (1); thanking (1),,low-frequency;very-low-frequency,needs-editorial-review
s351,3,Nature and animals,A Day at the Farm,e6a13799048f0717127e7656c73945ed30931d9b03bea026eed4f3afa3709e15,94,8,16,11.75,10.64,0.0,mia (4); uncle's (1); chickens (1); peck (1); hay (1); cows (1); muddy (1),,low-frequency,needs-editorial-review
s361,3,World affairs,A School for Everyone,6550a11e0560c23da9c9e1650242fc56dd6b00149d94000452bb559bf9b68f3c,130,13,14,10,3.85,3.08,ines (4); fictional (1),,very-low-frequency,needs-editorial-review
s362,3,World affairs,Clean River Project,3b1e88f3d5ed01be0e51f602a3b0d66ea24fb105f2e485f87f09d7eb292e8a80,128,12,18,10.67,9.38,0.78,litter (2); factories (2); fictional (1); polluted (1); rubbish (1); arranges (1); cleanup (1); collects (1); unpleasant (1); inspectors (1),,low-frequency,needs-editorial-review
s386,3,History,A King and His People,066467c5ca347858132719283ad7790ad9f484380cb0f41f5548e13ed79678b2,131,13,19,10.08,6.11,3.82,aldric (4); fictional (1); harvests (1); roofs (1); advisers (1),,very-low-frequency,needs-editorial-review
s409,3,Famous books,Rapunzel Plans a Way Out,fedbb56d0f1c0965664cfc70c40ac9faf9bee146dbdf0ddde5facab3e478fa59,121,12,15,10.08,7.44,4.96,rapunzel (6); climbed (1); frightened (1); lengths (1),,very-low-frequency,needs-editorial-review
s427,3,Nature and animals,How Snails Move,a3b6f30887f205688c9314405e89e3b657c443ac6e1c73f286ae1628cc2c43b3,101,9,15,11.22,14.85,0.99,snail (5); mucus (4); muscular (1); crawls (1); slime (1); shiny (1); sliding (1); downhill (1),,low-frequency,needs-editorial-review
s437,3,World affairs,A Well for the Village,c0618cdedc969d2bbf15fd1886a11c31a4103fbc9a2cfda44693f5ec27c9e5d6,113,12,13,9.42,6.19,1.77,fictional (1); specialists (1); builds (1); installs (1); shopkeeper (1); closes (1); chooses (1),,very-low-frequency,needs-editorial-review
s487,3,Fantasy/stories,Door With No Handle,ee36b5d8486150ad5fab4a53d18b3d66fda7453719e9ce7fc3f04530e2356ba5,124,13,15,9.54,5.65,3.23,amara (4); hallway (2); sunlight (1),,very-low-frequency,needs-editorial-review
s497,3,Nature and animals,What a Cat’s Purr Tells Us,b0c2ccc4b2da9aad5e7bd25088cb2aa24253ebf1cdb8d713e054b6aa880712e3,96,8,18,12,11.46,4.17,purr (4); vibrations (1); breathes (1); rests (1); frightened (1); unwell (1); eats (1); reacts (1),,low-frequency;very-low-frequency,needs-editorial-review
s547,3,Famous books,Pinocchio Runs Away from Home,9c397c5563f818a2fbd6e96fbe4e2e1c3f6a451fa900a184f3e2732e67928002,158,18,15,8.78,8.23,6.96,pinocchio (6); geppetto (5); raced (1); policeman (1),,very-low-frequency,needs-editorial-review
s560,3,Fantasy/stories,Painter's Missing Color,333f7ec0b73d9c236cc596637a61f40784ebce2e7e23199f226a1bfb4aec94ea,123,13,13,9.46,4.07,1.63,cosima (2); painter (1); searched (1); painters (1),,very-low-frequency,needs-editorial-review
s580,3,Nature and animals,Bats Hunt After Sunset,6da9d49ff16970ae006dbd0d0937049df77dad4f2cfbb5907d217c26c97d9e8e,90,8,24,11.25,12.22,0.0,bats (4); insect-eating (1); barn (1); listens (1); hunts (1); pests (1); farmer's (1); senses (1),,low-frequency,needs-editorial-review
s620,3,Everyday life,Community Garden Plot,9f657bd013a6834a7d501e9fc235ff1a1575349113b8cdf973911e185f5f0780,98,10,15,9.8,12.24,0.0,nora (3); tomatoes (3); shaded (1); hers (1); gardener (1); brighter (1); watered (1); plots (1),,low-frequency,needs-editorial-review
s639,3,History,The Lighthouse Keeper's Daughter,594587ffae4d2266fc423e792bcd58fc737b340b50152aa76f8374f8db8b5f14,127,13,14,9.77,7.09,1.57,marguerite (4); fictional (1); lighthouse (1); aldous (1); light's (1); frightened (1),,very-low-frequency,needs-editorial-review
s659,3,Science,Why Some Objects Float and Others Sink,5a62b42c0e3379a73d83dcd2ee3098ed5530af788e85bc754df9b250a4af8f0f,162,13,24,12.46,8.64,1.85,pushes (2); upward (2); sinks (1); float (1); denser (1); displaces (1); hollow (1); spreads (1); buoyancy (1); settles (1); floats (1); displaced (1),,very-low-frequency,needs-editorial-review
s660,3,Science,Static Electricity on a Dry Day,1bc9378accb1145cc8a0060fcc3da72a7a24f4245e6733f2fdcac8cdb30dd6c7,92,9,16,10.22,9.78,0.0,balloon (3); rub (1); electrons (1); rubbing (1); touches (1); spark (1); damp (1),,low-frequency,needs-editorial-review
s679,3,Famous books,Pinocchio Meets the Fox and the Cat,a41906837e3ed377193984fb9b0ab62fe85f6dc6571e519b7a1732ba8570aefd,165,15,16,11,5.45,3.64,pinocchio (6); bury (1); nodded (1); farther (1),,very-low-frequency,needs-editorial-review
s680,3,Famous books,Thumbelina Floats Away,fd0f67b81b8a3ca09ce3a0924d1e2c47fd1c7aa8791e191dbf727264f0cba424,109,10,18,10.9,11.01,3.67,thumbelina (4); toad (3); pond (2); frightened (1); floated (1); farther (1),,low-frequency;very-low-frequency,needs-editorial-review
s725,3,Nature and animals,Why Fireflies Flash,ce860b67f48c7771641718a4d4a8c9674d6289444f40fcc40bd730825e07c8d6,87,7,19,12.43,9.2,3.45,fireflies (3); flashes (2); insect (1); firefly (1); lamps (1),,low-frequency;very-low-frequency,needs-editorial-review
s730,3,Everyday life,The Umbrella Left at the Cafe,83e06843927abac1554bea8d5225ac5aa76cec6a0f8ea4a8262f6dea41e0a946,144,16,17,9,8.33,2.78,umbrella (5); taro (4); raining (1); sato (1); inconvenience (1),,very-low-frequency,needs-editorial-review
s731,3,History,Messengers on Inka Roads,1e1007b21988511ad46ec6f70bcb2efd8eecf7a51b74335eff2b43409259c6e9,88,8,16,11,13.64,3.41,runners (2); inka (1); valleys (1); andes (1); chaskis (1); knots (1); cords (1); khipus (1); settlements (1); armies (1); travelers (1),,low-frequency;very-low-frequency,needs-editorial-review
s735,3,Famous books,Dorothy Meets the Scarecrow,8c404bf76b5d7826b332ddabf562610a37a2f48d60fea48edb14fe1773b8a445,142,14,16,10.14,9.15,0.0,dorothy (5); scarecrow (4); wizard (2); noticing (1); emerald (1),,low-frequency,needs-editorial-review
s888,3,Fantasy/stories,The Bridge of Feathers,eaacc11bab0db2fce276373ddd5d6593d3176e4846d795199e50f532f48f7086,112,12,14,9.33,10.71,0.89,feathers (3); rested (1); mara (1); sorted (1); fishers (1); ropes (1); builders (1); floated (1); feather (1); circled (1),,low-frequency,needs-editorial-review
s889,3,Fantasy/stories,A Map Made of Song,c6e7f20626eb6994f66ecb5db9a019b32b857e4845a75f573fb24a1b2e4f1a33,131,12,16,10.92,3.05,1.53,ivo (2); inherited (1); shepherd (1),,very-low-frequency,needs-editorial-review
s890,3,Fantasy/stories,The Baker of Dreams,b3a25b193d789de8a6ef5a52d9230a5f04f4f5c50fa1989d4c9b4a185d5f2657,123,12,15,10.25,9.76,3.25,leni (4); dough (2); baked (1); spice (1); cleaner (1); stove (1); dreamed (1); digging (1),,low-frequency;very-low-frequency,needs-editorial-review
s891,3,Famous books,The Railway Children Wait,dd21ea7971bc472ce9aee9793fd6a08aeeb875d2d5687355f9e3e91311ee95d6,117,10,17,11.7,5.98,1.71,bobbie (2); phyllis (1); waved (1); cloths (1); waving (1); risked (1),,very-low-frequency,needs-editorial-review
s893,3,Famous books,Mowgli Chooses His Path,6e4201f63c52092ba23c37fb05cf2e6df4bbe1b8602fe38d59668a1d17ac27ed,124,10,24,12.4,3.23,2.42,mowgli (3); feared (1),,very-low-frequency,needs-editorial-review
s895,3,Nature and animals,Elephants at the Dry River,bf63dba3bf68460710fcd4975c8634b4d9814e31e505c4fb79efb1542f479395,109,11,15,9.91,8.26,1.83,elephants (2); riverbed (1); restless (1); digging (1); copied (1); drank (1); antelope (1); elephant's (1),,very-low-frequency,needs-editorial-review
s897,3,Nature and animals,Coral's Quiet Partnership,9ffa08b9c011f666bfb8684f7b3bc7cc231c4e5b162fee9412a2e8196d6091e0,116,10,16,11.6,12.07,0.0,coral (5); algae (3); sunlight (1); reefs (1); crabs (1); lasts (1); starve (1); reef (1),,low-frequency,needs-editorial-review
s902,3,World affairs,The Fishing Season Agreement,b642f6c76ba62ef5a50819f8fc526f31d9c76b13948b867dc131f84d10d3eaea,109,9,18,12.11,7.34,1.83,fishers (2); catches (2); depended (1); reproduce (1); patrols (1); doubted (1),,very-low-frequency,needs-editorial-review
s904,3,Everyday life,Boxes in the Hall,be390cd20b879850167135a0dc7153166fb8aa79035503f95ead09ebc92c4d53,109,11,15,9.91,6.42,1.83,luis (2); notebooks (2); luis's (1); unpacked (1); photographed (1),,very-low-frequency,needs-editorial-review
s906,3,History,News by Coffeehouse,0244ab4c98344b477583a91b5cb362c25c3b4e6e12aaad5c8ef896dd122dfc53,108,9,18,12,6.48,1.85,coffeehouses (2); eighteenth-century (1); sailors (1); traders (1); refreshed (1); crowded (1),,very-low-frequency,needs-editorial-review
s1041,3,Mystery and adventure,The Hidden Library Card,cd674b9cf17d0a08896abc8932701b6310ea2b7e2baac0361532ae34fa799660,127,11,16,11.55,5.51,2.36,hana (3); bookmarks (3); slipped (1),,very-low-frequency,needs-editorial-review
s1042,3,Mystery and adventure,The Hidden Glass Button,957a170d28e3d5c4a0b5a0585c976bca6470a1495f44684391b83dd5729c61f2,118,11,18,10.73,9.32,0.0,vera (3); gardener (3); greenhouse (2); costumes (1); watering (1); thorn (1),,low-frequency,needs-editorial-review
s1043,3,Mystery and adventure,The Hidden Clock Hand,ed6f374fefd86b9ef18b72435ae8d0e6eb83063a55dc23f9a43c3a4c08af2b07,113,11,15,10.27,7.96,2.65,theo (2); clockmaker (2); rainwater (1); shone (1); clockmaker’s (1); repaired (1); thief (1),,very-low-frequency,needs-editorial-review
s1044,3,Mystery and adventure,The Hidden Painted Shell,3f7354f77b6093ab9fd23b38d569a93015d8aede6a5df99dd4aaca32238841e1,127,11,18,11.55,9.45,0.79,stall (2); ari (2); sellers (1); traced (1); oranges (1); seaside (1); seller’s (1); lining (1); apples (1); stalls (1),,low-frequency,needs-editorial-review
s1048,3,Mystery and adventure,The Hidden Sealed Letter,ca1e8bab22a7da5166487bb3afc3c9bcd74a5d63d9b879c0b1614fa38a91a8f4,112,9,18,12.44,7.96,1.77,xena (2); bakery (1); wax (1); initials (1); smelled (1); faintly (1); omar (1); slipped (1),,very-low-frequency,needs-editorial-review
s1049,3,Mystery and adventure,The Hidden Gold Spoon,1d98af39162c8f9ab07efb7374bb56c1db69762883d0c26a5630bd6da541313b,110,10,16,11,17.27,0.0,vase (5); eli (3); spoon (2); helper (2); blamed (1); spoons (1); stems (1); slipped (1); rim (1); recreating (1); accusation (1),,low-frequency,needs-editorial-review
s1054,3,Mystery and adventure,The Hidden Black Umbrella,df41edac19c11286210a88cb9f59939005d894f7fe67f302787050c33668442b,107,9,17,11.89,9.35,0.0,umbrella (3); umbrellas (2); ivan (2); stitch (2); handles (1),,low-frequency,needs-editorial-review
s1056,3,Mystery and adventure,The Hidden Theater Mask,7b20dc9ed1db2440d9ccd81c09df80e8f9a12c86839dfb7589f76206ff8849aa,102,10,16,10.2,4.9,1.96,uma (2); curved (1); lamps (1); cheerful (1),,very-low-frequency,needs-editorial-review
s1058,3,Mystery and adventure,The Hidden Bakery Window,ad822ecb9f2f2785226acec12d27df17b650b42d27c38d4a4c4a0227cb3ff075,107,9,15,11.89,7.48,2.8,sora (3); bakery (1); ovens (1); mist (1); vanished (1); greeting (1),,very-low-frequency,needs-editorial-review
s1198,3,Travel and culture,A Rainy Day in Reykjavik,58e74067330eb2cd7a2f45017a5ee27b0887be8d461e054dbcd6e823031e638f,92,7,19,13.14,5.43,3.26,ari (2); reykjavik (1); guesthouse (1); puddles (1),,very-low-frequency,needs-editorial-review
s1199,3,Travel and culture,A Rainy Day in Nairobi,3cc4d3e5dccc89bdd71a7515414fb4dddd5a9ec7e964b16368bf1ca661e5fc59,97,8,18,12.13,7.22,3.09,uma (3); fictional (1); nairobi (1); farther (1); neighborhoods (1),,very-low-frequency,needs-editorial-review
s1201,3,Travel and culture,A Rainy Day in Marrakech,e95b7055370f28bd9e07a36041b54389378835e41821d93bceb3e1c1329191eb,98,8,20,12.25,7.14,3.06,xena (2); fictional (1); marrakech (1); lanes (1); tailor (1); tiles (1),,very-low-frequency,needs-editorial-review
s1204,3,Travel and culture,A Rainy Day in Buenos Aires,a570199bd3b7b87a7ac90a3eb6de8cfa799cc691d983b363e264564949043c0f,97,8,18,12.13,10.31,0.0,nia (3); fictional (1); buenos (1); aires (1); courtyard (1); practise (1); eased (1); aloud (1),,low-frequency,needs-editorial-review
s1207,3,Travel and culture,A Rainy Day in Prague,514bacc96831a34c5dadba46facbe2d530d08160463f0de658aeb7eab14e4c80,110,11,15,10,9.09,0.0,eli (3); bells (2); fictional (1); prague (1); quieter (1); thanked (1); upstairs (1),,low-frequency,needs-editorial-review
s1208,3,Travel and culture,A Rainy Day in Vienna,4da72fbf871d54fe58fd3c9ddb04e86438f194b4dbbdf8025750353c8e136fa6,117,10,17,11.7,11.97,3.42,vienna (3); uma (3); violin (2); repaired (1); apprentice (1); workplaces (1); helper (1); sketches (1); uma's (1),,low-frequency;very-low-frequency,needs-editorial-review
s1209,3,Travel and culture,A Rainy Day in Budapest,482e53131be4b3c9e8cf936afa3f09b56a2903fca979a173f979c5072819821c,125,10,19,12.5,13.6,0.8,hana (5); budapest (4); visitor's (1); assumptions (1); walkers (1); riverside (1); workplaces (1); disruption (1); routines (1); sights (1),,low-frequency,needs-editorial-review
s1210,3,Travel and culture,A Rainy Day in Helsinki,c2b751d2c10cbbd38037a53d9cc333df25976f0f8283be0b278f06232fff1a37,128,10,19,12.8,10.94,3.91,xena (4); helsinki (3); disruption (1); routines (1); sights (1); attentive (1); attractions (1); helper (1); xena's (1),,low-frequency;very-low-frequency,needs-editorial-review
s1211,3,Travel and culture,A Rainy Day in Tallinn,439aa6fe517de67b6152bed8e5dc753530de27d69bf0a7e2d113d6392eb40646,119,9,20,13.22,10.08,1.68,kai (4); caretaker (2); tallinn (1); guide's (1); attentive (1); attractions (1); helper (1); courtyard (1),,low-frequency;very-low-frequency,needs-editorial-review
s1213,3,Travel and culture,A Rainy Day in Ulaanbaatar,0ac80f6ea863aff65439e39dc82d90f8f7be2f4e65a86a1bca354d2be0610eb4,113,9,23,12.56,7.96,2.65,nia (3); ulaanbaatar (2); depended (1); helper (1); nia's (1); hospitality (1),,very-low-frequency,needs-editorial-review
s1352,3,People and biography,Inez Silva: The Work Behind the Work,357bb92351cb7e20cd20470d0f970ed8a0c828515bd0706361da1bcb836c0f0c,104,11,14,9.45,16.35,3.85,inez (3); bowls (3); fictional (1); silva (1); floods (1); cleans (1); supplier (1); farther (1); inland (1); glazes (1); coatings (1); pots (1); misses (1),,low-frequency;very-low-frequency,needs-editorial-review
s1353,3,People and biography,Omar Reed: The Work Behind the Work,9804b0a7eb39d9fe001d34df84576a63a1978a62302b50bdd187849b85fe2ead,100,11,13,9.09,10.0,0.0,omar (4); fictional (1); inspect (1); compares (1); folder (1); inspectors (1); clearer (1),,low-frequency,needs-editorial-review
s1354,3,People and biography,Keiko Tan: The Work Behind the Work,a1e4c6290869515e2a7426d5b4055cea3e0e4fd6cffdd933729b37df8c5ea72b,103,11,12,9.36,7.77,3.88,keiko (4); librarian (1); fictional (1); grandmother's (1); headphones (1),,very-low-frequency,needs-editorial-review
s1357,3,People and biography,Theo Martin: The Work Behind the Work,b5712dbc229551545c1c80440fc8abda417e767e5d4a62cd7f7ada1439fcd02a,104,11,14,9.45,10.58,0.0,theo (4); deaf (2); rehearsal (2); interpreter (1); fictional (1); rehearsals (1),,low-frequency,needs-editorial-review
s1358,3,People and biography,Priya Das: The Work Behind the Work,5230c7f7ed602eea953444ef6e91d48bcde1972235dd02c7d23bdfd962770720,119,11,16,10.82,8.4,3.36,priya (3); das (1); tasted (1); disagreed (1); inspected (1); repaired (1); thanked (1); retested (1),,very-low-frequency,needs-editorial-review
s1360,3,People and biography,Yara Nasser: The Work Behind the Work,e848e32cf2c3c71e56631b02c0a373fb7aa5dcba69b6dcd0e72c1b9f0e03ed58,116,12,14,9.67,6.9,2.59,yara (3); evenings (2); nasser (1); technician (1); faults (1),,very-low-frequency,needs-editorial-review
s1366,3,People and biography,Fatima Noor: The Work Behind the Work,aa451a44c3cd2acdb68c9e3d0ec4b8c80178de5ed95b9055752be33ddd710770,104,11,14,9.45,13.46,0.96,sellers (4); fatima (3); noor (1); fictional (1); stalls (1); divides (1); repaired (1); delays (1); disagreements (1),,low-frequency,needs-editorial-review
s1368,3,People and biography,Anika Bose: The Work Behind the Work,3384386ac9929a78b8fe915aa3eb365068e1e0c872a4720491e27b5dabc3ac52,104,10,15,10.4,4.81,1.92,anika (2); bose (1); fictional (1); unclear (1),,very-low-frequency,needs-editorial-review
s1470,3,Everyday life,The Borrowed Blue Pen,a0b5a024d429f64f5d951256ea36b25e103f5f48e1c02f35372de6ca50f32c41,97,10,16,9.7,11.34,0.0,nora (2); classmates (1); lent (1); scratched (1); omar (1); pens (1); thanked (1); borrowing (1); remembering (1); mattered (1),,low-frequency,needs-editorial-review
s1471,3,Everyday life,The Soup Without Carrots,7c4b7e74d5a7739acfbace5f5f2bc6f4f5d831401d404f0016c65a53f9ec64a0,98,10,16,9.8,11.22,0.0,kai (3); carrots (2); pumpkin (2); tomatoes (2); carrot (1); tasted (1),,low-frequency,needs-editorial-review
s1472,3,Everyday life,The Quiet Seat on the Bus,190e8094bdea925164726c0e8dd6c6078f84229aa84114f3e2a827d56e6cc01d,98,11,15,8.91,5.1,4.08,rina (4); crowded (1),,very-low-frequency,needs-editorial-review
s1494,3,Fantasy/stories,The Library of Sleeping Maps,6e1d2865eff2297bf73431f04e6685889fba983a05e61f7b3bea02983486719b,111,12,16,9.25,8.11,2.7,aya (3); shelves (1); travelers (1); aloud (1); copied (1); notebook (1); thanked (1),,very-low-frequency,needs-editorial-review
s1495,3,Fantasy/stories,The Bridge That Remembered Names,145c78dee73dcf03edd22d4554654d413c3e44338b51e223af44c3ce89b33511,109,10,18,10.9,8.26,1.83,aya (2); travelers (2); kingdoms (1); erased (1); moss (1); aloud (1); vanished (1),,very-low-frequency,needs-editorial-review
s1508,3,History,The Runner on the Mountain Road,81f1ffee1416aef83702369f6ec67d33541fad923cc0898ecacbde876d6692b2,107,11,13,9.73,8.41,1.87,inka (1); steep (1); messengers (1); runners (1); chaskis (1); relay (1); remembering (1); accurately (1); depended (1),,very-low-frequency,needs-editorial-review
s1511,3,History,Rules for the Market Bell,70b12a6fa1d3f9fac9eca334212aa00af2cbcfe76d99e6a37b240398bb918009,103,10,15,10.3,8.74,1.94,seller's (2); sellers (2); fictional (1); disagrees (1); replaces (1); comparisons (1); stall (1),,very-low-frequency,needs-editorial-review
s1525,3,Nature and animals,The Crab That Changed Shells,877a06e605ff4b04194d8989fd0b8685c890654e3824bd0a2d6eff22537a7f31,82,6,19,13.67,9.52,0.0,crab (3); shells (3); scarce (1); crabs (1),,low-frequency,needs-editorial-review
s1526,3,Nature and animals,The Frog Pond in Spring,6a529b572e11998481eaa53a78cf73a24d2712260c751fe2d8305e7fd95aa268,86,7,15,12.29,9.3,0.0,frogs (3); pond (3); hunted (1); hid (1),,low-frequency,needs-editorial-review
s1540,3,Science,The Warm Air Balloon Bag,7ef5b20ab68420349e7561e8c5ff9881aceed245bfe05b49e3d2c7eebf09d926,109,9,20,12.11,11.93,0.0,balloon (4); upward (2); prepares (1); warms (1); expands (1); dense (1); cooler (1); pushes (1); exceeds (1),,low-frequency,needs-editorial-review
s1631,3,Fantasy/stories,Moon-Walking Beans,4d05176fc7201d4390897ab8e42e21d433ea66ebf0719b399ba21eed4626fdb9,74,8,16,9.25,6.76,4.05,tala (3); bean (1); moonlight (1),,very-low-frequency,needs-editorial-review
s1638,3,Mystery and adventure,The Map in the Flour,f5e47c0f4cc94af959d64ad25418edb77270f5cad9f75e17f043807a556bdfac,103,10,14,10.3,8.74,2.91,sack (3); sora (2); ants (2); winding (1); crumb (1),,very-low-frequency,needs-editorial-review
s1735,3,History,Books Carried Out of Timbuktu,47c0395d2af6c0f5f6cd2f8678192923b07b7388802d082d54b41a9b459e40ef,75,6,18,12.5,2.7,2.7,timbuktu (2),,very-low-frequency,needs-editorial-review
s1737,3,Famous books,Anne Chooses Green Gables,604c08b66b0e6c06975c321a08e08a9277d47a6af317f8c3754f631ae9d602ad,57,5,18,11.4,14.04,7.02,marilla (3); shirley (1); expects (1); fierce (1); learns (1); gables (1),,low-frequency;very-low-frequency,needs-editorial-review
s1738,3,Mystery and adventure,The Train Ticket with No Town,b7f20b4ca7de757bcda9a3719c020dbb50369d17d0d9d6f762e0fd6796964174,103,10,19,10.3,6.8,4.85,bellford (5); iris (2),,very-low-frequency,needs-editorial-review
s1739,3,Travel and culture,Bread from the Shared Oven,79d066072c637af6d1e60410c68f5be127bf9df421c1ff7ca109b7a9878e596f,93,9,16,10.33,12.9,4.3,noor (3); dough (2); loaf (2); fictional (1); bowls (1); bakes (1); presses (1); buys (1),,low-frequency;very-low-frequency,needs-editorial-review
s1740,3,People and biography,Arun Records the Quiet Hours,d89e2c7b15a3735f332f1c86d8e06bfdc033863c301d7fbe41a5ea91838584f7,103,9,19,11.44,3.88,2.91,arun (3); whispering (1),,very-low-frequency,needs-editorial-review
s1835,3,History,Books Hidden in Family Chests,e01cb55f981f5d00c2657d4475f5abba99f2c324bc47ecd4830399e9fcacfe8a,55,5,14,11,5.56,3.7,timbuktu (2); mali (1),,very-low-frequency,needs-editorial-review
s1837,3,Famous books,Pinocchio Wants to Be Real,cff76a27328ae8f8d49d6fcfcb5a13037bef805aae5272713c4e141f403b30d3,60,7,14,8.57,10.0,8.33,pinocchio (3); geppetto (2); learns (1),,low-frequency;very-low-frequency,needs-editorial-review
s1840,3,People and biography,Mavi Draws the Night Route,847975fc5c22d652ec951e0905ed461b0a187758c6f7d98da8673e75f7ad319a,55,5,13,11,12.73,5.45,mavi (3); fictional (1); finishes (1); notices (1); riders (1),,low-frequency;very-low-frequency,needs-editorial-review
s1929,3,Fantasy/stories,The Bell beneath the Lake,cd910a1802195611f8ac45a988cd413870c39877a141886b36bace36df1df057,112,12,16,9.33,9.82,2.68,suri (3); hears (2); lowers (2); rows (1); catches (1); lifts (1); touches (1),,low-frequency;very-low-frequency,needs-editorial-review
s1932,3,Everyday life,A Cup Returned with a Note,a892c1a0ffada40715e40d4020905a3bc3f4487260331b649eabb2d9e8de19a7,71,9,12,7.89,7.04,2.82,borrows (1); coworker's (1); washes (1); coworker (1); smiles (1),,very-low-frequency,needs-editorial-review
s1933,3,History,The Charter at Runnymede,79ddfa390784f1df21e58ce980d7bdf109fcff367960304eaec4a4e09d2e33a2,93,9,17,10.33,6.52,2.17,magna (1); carta (1); runnymede (1); barons (1); afterward (1); rulers (1),,very-low-frequency,needs-editorial-review
s1935,3,Famous books,Heidi Returns to the Mountains,8d089fb96cc61288520e3d217bccfe6bdc618f91b735db2583d3dd96488a8405,63,6,15,10.5,14.29,0.0,heidi (2); clara (2); alps (1); goats (1); frankfurt (1); misses (1); improves (1),,low-frequency,needs-editorial-review
s1936,3,Mystery and adventure,The Muddy Number Seven,55f6f832844bd1fe3bf8f9e96e986498cb553402ae8595a1ac71e07e5c43c72f,100,10,14,10,11.0,0.0,eva (3); cart (2); sharply (1); bent (1); brushed (1); muddy (1); splashed (1); wiped (1),,low-frequency,needs-editorial-review
s1937,3,Travel and culture,Tea on the Wind Hill,5323dfc9e881c959c6314c581e5c0aafafb0b95239cc223e410652b66285ecdd,59,5,18,11.8,8.47,3.39,aki (2); imaginary (1); seated (1); group's (1),,very-low-frequency,needs-editorial-review
s2056,3,Mystery and adventure,The Note in the Acorn,f50e340bc33f0ad678bc7905338a56f1058dbc8408f6725b3c1735d0ff22570c,50,5,17,10,8.0,2.0,noah (1); acorn (1); bookmarks (1); town's (1),,very-low-frequency,needs-editorial-review
s2173,3,Fantasy/stories,A Staircase for the Stars,778d55f4b225ef0092b7ac7539d99b43455aa419df4daf5cf6469f82bc09b744,58,6,16,9.67,10.34,0.0,lena (2); paints (2); staircase (2),,low-frequency,needs-editorial-review
s2176,3,Nature and animals,The Nest beyond the Glass,de354be7ad3a57ae20f4c4b3fe7b1fa844be32d7628a261ea5dd7d6f902c1b07,59,6,11,9.83,1.69,1.69,nest's (1),,very-low-frequency,needs-editorial-review
s2181,3,World affairs,The Library Cart Trial,66a034aeba11ae4f998d6067eaf492f2d6750b08e75bbe1871c78916b8a5ec29,56,6,13,9.33,8.93,1.79,fictional (1); librarian (1); cart (1); gardening (1); cart's (1),,very-low-frequency,needs-editorial-review
s2184,3,World affairs,The Market Map Vote,572b1a84b51b082ec360d925a6e36b1f94655faeec57a128e36445317491f802,58,6,17,9.67,12.07,0.0,stalls (3); sellers (2); fictional (1); arranging (1),,low-frequency,needs-editorial-review
s2191,3,History,The Watchmaker's Waiting Chair,236766ab4e641805bbd7d575f24074d9cb9f3c736bebda2ca72e4daed352cabb,53,6,14,8.83,9.43,3.77,watchmaker (2); fictional (1); clocks (1); apprentice (1),,low-frequency;very-low-frequency,needs-editorial-review
s2192,3,History,The Seam in the Sail,14e5cfcb9c4fc6a0f1cb897f3bcd038fca46d4baa03e5a0fcab3fd31b54f4e64,58,6,14,9.67,10.34,1.72,fictional (1); sailmaker (1); teaches (1); seam (1); catches (1); sew (1),,low-frequency;very-low-frequency,needs-editorial-review
s2193,3,History,The Innkeeper's Pebble Count,3de67a97aca785d9dcb23e734e439b6b93f15e75b5c7a5c78f991e5221c96ab7,55,6,13,9.17,12.73,1.82,pebbles (2); fictional (1); innkeeper (1); pebble (1); helper (1); afterward (1),,low-frequency;very-low-frequency,needs-editorial-review
s2195,3,History,The Weaver's Color Note,7415a80c219a5a239ce42ef46058b944c5cf4802a14cc6ff52f525ebdc97f826,51,7,10,7.29,11.76,1.96,helper (2); fictional (1); weaving (1); weaver's (1); remembers (1),,low-frequency;very-low-frequency,needs-editorial-review
s2197,3,Science,The Wet Cloth Comparison,b6c2d408bad05aa099dcd108f09ddf01c0d55df9629c34fb6b845bd2f8f8b033,55,6,12,9.17,12.73,1.82,cloths (2); juno (1); hangs (1); dries (1); notices (1); wetter (1),,low-frequency;very-low-frequency,needs-editorial-review
s2198,3,Science,The Quiet Phone Box,25d02b8a19174ea40d2bd30443c1d4a4e05498473053e8640f8c449ad3158240,49,5,12,9.8,10.2,0.0,ringing (1); cardboard (1); softer (1); farther (1); repeating (1),,low-frequency,needs-editorial-review
s2199,3,Science,A Plant Label Mix-Up,2e7617a888eebeb8cfc80114377edb523bf1cecf67c00ac871e75d46a0052cad,55,6,11,9.17,9.09,0.0,switches (1); guessing (1); uncertain (1); pots (1); teaches (1),,low-frequency,needs-editorial-review
s2201,3,Famous books,The Country Mouse Goes Home,02df6b4175ed51588c8f06c5d447212bd41e45d5b09c17ca5dc889054f64e805,52,6,15,8.67,7.69,1.92,plentiful (1); interruption (1); frightens (1); feast (1),,very-low-frequency,needs-editorial-review
s2202,3,Famous books,The Jar with the Narrow Neck,323cbacd6df6bed952119a1a126cda805cb5da3f695a31c2d40e909e4572f610,53,6,11,8.83,7.55,1.89,crane (2); crane's (1); jar (1),,very-low-frequency,needs-editorial-review
s2205,3,Famous books,The Crab's Walking Lesson,5655713df5099aac05e66409379f5a9f91b86f17bd83e95832c13efc7a23475c,51,5,14,10.2,11.76,0.0,crab (4); sideways (2),,low-frequency,needs-editorial-review
s2206,3,Mystery and adventure,The Key in the Freezer,1750f4ed67189a0b1615313de26506055a5ae84f9434c02b2974874ad5ed98b4,50,6,13,8.33,12.0,0.0,peas (2); disappears (1); remembers (1); packet (1); freezer (1),,low-frequency,needs-editorial-review
s2208,3,Mystery and adventure,The Light in the Empty Tent,8acb44f177309a8c6ff77a3735dde8faee030fe8d2939222ac8c9db6584fceb2,50,5,13,10,10.0,0.0,glow (1); torch (1); pillow (1); timer (1); bedtime (1),,low-frequency,needs-editorial-review
s2213,3,Travel and culture,The Guesthouse Shoe Shelf,045d5223f4e54e743beba16600f96ed197331ae39f1a98ced4d3478d2b55f4e6,52,5,17,10.4,7.69,1.92,guesthouse (1); slippers (1); building's (1); guesses (1),,very-low-frequency,needs-editorial-review
s2214,3,Travel and culture,A Photograph before Breakfast,f9f2b55f300cc3a01af11ea7d4f3094da041a151380b3e6b229bbc22b39085db,53,5,12,10.6,3.77,3.77,shopkeeper (1); guidebook (1),,very-low-frequency,needs-editorial-review
s2215,3,Travel and culture,The Festival Schedule in Pencil,ed1f80565a341b35e3b73bbb24c49509924ace9c337e959efa65747f7c1bb99a,51,6,10,8.5,5.88,1.96,pencil (1); indoors (1); noticeboard (1),,very-low-frequency,needs-editorial-review
s2216,3,People and biography,The Baker Who Started Late,4beb175e00f47ef5d58fbf8296128c3bbddd266140568f30ab4f0f49286e4dbc,51,5,13,10.2,9.8,1.96,fictional (1); marta (1); baking (1); enjoys (1); loaves (1),,low-frequency;very-low-frequency,needs-editorial-review
s2217,3,People and biography,Evan's Useful Questions,43d26168e6c562dcd618d476976a99d44970f39b3f6cb9e1798798d02bc7bcbe,53,6,12,8.83,9.43,1.89,evan (2); fictional (1); newcomers (1); guide's (1),,low-frequency;very-low-frequency,needs-editorial-review
s2218,3,People and biography,The Runner at the Back,445a9a67f488368686ce2072d0680a3e8ec0e13fd4a15f2cb6d46d81b7fdff95,50,5,14,10,12.0,0.0,sana (2); fictional (1); newer (1); realizes (1); embarrassment (1),,low-frequency,needs-editorial-review
s2219,3,People and biography,The Carpenter's Small Box,8ded74fb5401985b4f0f7f84c836485d318602e6b8cfe035beca79ffaecf4616,53,6,14,8.83,9.43,0.0,theo (2); fictional (1); lid (1); fixes (1),,low-frequency,needs-editorial-review
s2220,3,People and biography,The Translator's First Audience,c259de848140557f99fa0b913fef8a4a900972fc5c8ea5d24d277489c140ec1d,54,5,21,10.8,16.67,1.85,nadia (2); fictional (1); enjoys (1); aloud (1); stiff (1); rewrites (1); listener (1); teaches (1),,low-frequency;very-low-frequency,needs-editorial-review
s538,4,Science,How Airplanes Stay in the Air,39307dc0c204dd24625d941c6f072ef12a7e14103f297c81bd9b5d444fda186a,151,7,31,21.57,10.6,1.32,airplane (2); thrust (2); airplanes (1); weighing (1); defying (1); curved (1); generates (1); upward (1); sufficiently (1); counteracts (1); airplane's (1); airborne (1); engineered (1); enabling (1),,long-sentence;dense-syntax,needs-editorial-review
s601,4,World affairs,City's Bike Lane Expansion,f05a8d1caf9c0df97724c07adf8fd4c4f3136fea9fd182002dee2337dc1b6a62,199,7,49,28.43,7.54,0.0,lanes (4); cyclist (2); corridors (2); cyclists (1); balancing (1); negatively (1); planners (1); measurable (1); pedestrian (1); benefited (1),,long-sentence;dense-syntax,needs-editorial-review
s638,4,History,Traveling Peddler,c2ad72c4b70cec32456aa421d30fec19774b42d6d1c1b69847b393cf23746e7f,177,8,36,22.13,10.17,1.69,solomon (3); sellers (2); depended (1); journeyed (1); peddler (1); merchandise (1); eagerly (1); awaited (1); periodic (1); village's (1); settling (1); railways (1); fondly (1); remembering (1); cheerful (1),,long-sentence;dense-syntax,needs-editorial-review
s662,4,Science,Physics of Why Sound Travels Differently Through Different Materials,a4629924af7bc479b6eda432ca4b0d3268a2aef8d6a688cd94a7ca0851a591ff,195,6,43,32.5,10.26,0.51,vibrations (3); molecules (3); liquids (2); gases (2); underwater (2); varies (1); tightly (1); molecule (1); transmits (1); efficiently (1); designing (1); soundproofing (1); architectural (1),,long-sentence;dense-syntax,needs-editorial-review
s1485,4,Famous books,A Christmas Carol: Dinner at the Cratchits,8b2d94031f75155bef7f93458ee8623f83b64b392212159722f5b8d29f377515,97,6,22,16.17,8.25,4.12,cratchit (2); scrooge (2); joyful (1); obstacle (1); crowded (1); generosity (1),,dense-syntax;very-low-frequency,needs-editorial-review
s1528,4,Nature and animals,The Salmon's Cold Stream,88a450149d40c205ab223426b92675a915f52a4eb0d7e7be7a61b436c7c3c91f,97,6,21,16.17,4.12,0.0,warmed (1); rested (1); relying (1); restoring (1),,dense-syntax,needs-editorial-review
s1542,4,Science,The Slow Journey of a Continent,bca4aeac6f6c1532cf5aa07aa7c11f72fc94b5007a3a31c763d5048abc34137c,109,6,30,18.17,4.59,0.0,geology (3); fossils (1); stubborn (1),,dense-syntax,needs-editorial-review
s1543,4,Science,The Memory of an Immune Cell,27beb818ccd105e6c3d74e5b98f7610cb534ba7a2d6b90dfc94921ab4e1a12f8,110,6,30,18.33,6.36,0.0,harmless (2); marker (2); examining (1); stubborn (1); reacted (1),,dense-syntax,needs-editorial-review
s1554,4,World affairs,The Repair Label,e39418af7fd41ddf314b4913dc9865b4ca41b92ba611c0eb5511d1ae749e5db3,112,6,25,18.67,1.79,0.0,shoppers (1); obstacle (1),,dense-syntax,needs-editorial-review
s1555,4,World affairs,The Map of Public Trees,4e43e7d1de1e5d912f2bd57d0194cf5ea360cd1da294d1659364cd271b0c5957,113,6,29,18.83,5.22,0.0,gardeners (2); planting (2); interpret (2),,dense-syntax,needs-editorial-review
s1556,4,World affairs,The Empty Shop Tax,3f08241be2483bebec4adcf32f236faca46cce899f64e9c9d51ea60df764fe0c,105,6,22,17.5,9.52,0.0,renters (3); vacancy (2); declining (1); unused (1); mattered (1); reopened (1); paired (1),,dense-syntax,needs-editorial-review
s1647,4,Famous books,Dorothy and Three Travelers,0d92cb332a386238897c740892616b110f6c84c5366a46c754d107418e01afdd,83,5,24,16.6,8.43,1.2,dorothy (2); emerald (1); scarecrow (1); woodman (1); dangers (1); learns (1),,dense-syntax,needs-editorial-review
s340,4,Fantasy/stories,Girl Who Found a Map,28de401794e08c4c2e81ee159ed4fc96029288aaa04273e2276d6665381d5852,159,14,15,11.36,7.55,2.52,camila (4); attic (1); labeled (1); smiled (1); bushes (1); faint (1); grandmother’s (1); carved (1); glowing (1),,very-low-frequency,needs-editorial-review
s341,4,Fantasy/stories,Old Wizard's Garden,233ff17ba5bfc85b62198d7b890062c407cebfafa240e6f44b1a1145b526f60d,168,15,18,11.2,9.52,2.98,aldric (5); tobias (4); wizard (1); glowing (1); shining (1); softly (1); invent (1); frightening (1); gardener (1),,very-low-frequency,needs-editorial-review
s342,4,Fantasy/stories,A Night in the Forest,ea60dc1dd054977c99f90a8f9c7772093aab3633c51fcb98c2856751697e013c,172,17,21,10.12,9.88,2.91,mateo (3); isabela (3); pond (3); mechanic (2); coats (1); flickered (1); fireflies (1); moonlight (1); vanished (1); disagreed (1),,very-low-frequency,needs-editorial-review
s352,4,Nature and animals,Why Owls Hunt at Night,2e554368c15d34b4c666c1622c3090f5029e3c17706b7055c87b8a7ce545d591,163,13,22,12.54,14.11,1.23,owl (5); prey (5); owls (2); eyesight (1); locate (1); talons (1); feathers (1); owl's (1); unusually (1); perch (1); glide (1); hover (1); nocturnal (1); dusk (1),,low-frequency,needs-editorial-review
s402,4,Science,Why We Need to Eat,d586a66894687bc2641e6a95a140b5f4b0dba3855df5fe2c594f04bfa091e25b,194,16,24,12.13,21.65,1.03,nutrients (5); intestine (3); acids (3); saliva (2); absorbs (2); fatty (2); vitamins (2); digestion (1); absorb (1); chewing (1); moistens (1); enzyme (1); starch (1); swallow (1); esophagus (1),,low-frequency,needs-editorial-review
s412,4,Famous books,Alice at the Mad Tea Party,3ac0be9e87208c083e1f9e5a0884843276047f587db932ff9981cc1a37525c3a,203,19,17,10.68,7.88,3.94,hatter (6); hare (4); dormouse (2); sleepy (1); raven (1); riddle (1); interrupted (1),,very-low-frequency,needs-editorial-review
s413,4,Famous books,Alice Plays Croquet with the Queen,19fb22f497912ebacc683f82302e8dcb3c421773c5c2f6d82dcea8c826a65d92,200,19,17,10.53,12.0,3.0,hedgehogs (2); executioner (2); queen's (1); croquet (1); mallets (1); flamingos (1); ridges (1); bent (1); arches (1); tucked (1); flamingo (1); hedgehog (1); unrolled (1); crawled (1); furious (1),,low-frequency;very-low-frequency,needs-editorial-review
s448,4,Everyday life,Broken Umbrella,708329ccdc8a466bc4c3501eff364761af0c369be0ff1dde0d59e022bc5797e4,135,13,17,10.38,11.85,4.44,priya (4); umbrella (4); awning (2); gust (1); ribs (1); pavement (1); thanked (1); paused (1); nodded (1),,low-frequency;very-low-frequency,needs-editorial-review
s468,4,Science,How Volcanoes Erupt,ec570a3621f0f1fe36e0acecc0f37005365c1b5c51c1888739a9a5f498682d05,154,13,19,11.85,11.04,0.0,magma (3); eruption (3); lava (2); volcano (2); melt (1); melted (1); earth's (1); slope (1); earthquakes (1); gases (1); unsafe (1),,low-frequency,needs-editorial-review
s478,4,Famous books,Jim Finds the Treasure Map,27795dccb018c4fc351e49f8f543b8ee522060293093033beffdae9d13924eeb,208,18,22,11.56,11.06,3.37,packet (2); pirates (2); livesey (2); squire (2); hawkins (1); benbow (1); sailor (1); drank (1); frightening (1); sailors (1); billy's (1); shipmates (1); afterward (1); owed (1); oilskin (1),,low-frequency;very-low-frequency,needs-editorial-review
s518,4,Everyday life,Neighborhood Book Exchange,168a7af6f21bf22da71aa9c4c36938e631ba597e9290524f5813b478157e99d4,146,13,18,11.23,6.16,3.42,priya (4); bins (1); mailboxes (1); cookbook (1); handwritten (1); margins (1),,very-low-frequency,needs-editorial-review
s527,4,History,Traveling Storyteller,ae7e6f950308c92e01374bbfd05fc3cb397990902b223af88da67166148ea35c,180,16,16,11.25,3.33,2.22,aldous (4); fooled (1); remembering (1),,very-low-frequency,needs-editorial-review
s548,4,Famous books,Jim Meets Long John Silver,bb34d24d4eb9ce27a568878ae2aacc410d92ba125b23fb08ea9107abf57a71e7,208,19,19,10.95,10.1,3.37,tavern (3); squire (2); trelawney (2); livesey (2); hawkins (1); crutch (1); silver's (1); one-legged (1); sailor (1); cheerful (1); hurried (1); sailors (1); benbow (1); dog's (1); regretted (1),,very-low-frequency,needs-editorial-review
s621,4,Everyday life,The Unexpected Career Change,4dd6af0d1866d256397e911a44b633f42daa704efa5161f95fe21c72b2eaf6bb,161,14,18,11.5,8.7,3.73,priyanka (3); baking (2); amara (2); accountant (1); batches (1); rented (1); loaves (1); sellers (1); day’s (1); ovens (1),,very-low-frequency,needs-editorial-review
s622,4,Everyday life,Long-Distance Friendship,f6934106811439582dbe411da9c6e32eb748c4e15093696702accf942b6eacdc,163,13,23,12.54,6.75,2.45,leila (6); amara (3); amara’s (1); sundays (1),,very-low-frequency,needs-editorial-review
s681,4,Famous books,Marley's Ghost Visits Scrooge,01422f4ea80075d5c76bd7e912891c5629444fc0f1b9137db564f4a349879bd8,197,20,19,9.85,8.63,5.58,scrooge (8); marley (4); ebenezer (1); wereted (1); celebrations (1); marley’s (1); frightened (1),,very-low-frequency,needs-editorial-review
s745,4,History,How the Compass Changed Sea Travel,022f022b4efd33a79fcb3b76a9d27f12b6846afa8b34efdf2537f8d2099b6229,173,13,19,13.31,12.14,1.73,compass (4); sailors (3); compasses (2); coastlines (1); needle (1); responds (1); earth’s (1); hid (1); crews (1); currents (1); landmarks (1); voyages (1); mattered (1); storms (1); clues (1),,low-frequency,needs-editorial-review
s914,4,Fantasy/stories,The Last Giant's Bell,50e7aca7b5799c04a71ea232b5a8d4d173d4eff48be222349e95ac690d5757cc,172,16,18,10.75,7.56,4.07,orun (4); ilya (3); shepherd (1); climbed (1); rang (1); villagers (1); slope (1); afterward (1),,very-low-frequency,needs-editorial-review
s916,4,Famous books,Pip Reconsiders Great Expectations,0d59edb98065297dd9296aec35bc1c40521b9542e3d536c5875a4ce78ed9cf20,143,9,25,15.89,9.09,2.1,pip (2); pip's (2); forge (1); richer (1); estella (1); spends (1); blacksmith (1); rested (1); forgiveness (1); neglected (1); clearer (1),,very-low-frequency,needs-editorial-review
s917,4,Famous books,Odysseus Hears the Sirens,998b1eb3bbc5db4a015e7f1d65d07a010a4683ba73e25c72f0345732f008bdd8,130,10,19,13,10.0,2.31,odysseus (3); sirens (2); ropes (2); sailors (1); wax (1); ship's (1); mast (1); begs (1); survives (1),,very-low-frequency,needs-editorial-review
s918,4,Famous books,Elizabeth Revises Her Judgment,d4c4930dedda86e6b429c23455627d3caaa1498044b08c70f833c4bbac9857d4,140,11,23,12.73,13.57,3.57,darcy (3); wickham's (2); bennet (1); trusts (1); impressions (1); wickham (1); warmly (1); convincing (1); darcy's (1); compares (1); recognizes (1); dislike (1); strengths (1); learns (1); novel's (1),,low-frequency;very-low-frequency,needs-editorial-review
s920,4,Nature and animals,Mangroves Before the Storm,74eb05f70171ff345dd3b743c4168ce40e0ec9bfc773b45292588cc776c542b2,134,10,17,13.4,8.21,2.24,mangroves (2); mangrove (1); salty (1); coasts (1); tangled (1); shrimp (1); storms (1); planting (1); tides (1); rebuilding (1),,very-low-frequency,needs-editorial-review
s931,4,Science,The Bacteria in Yogurt,28470d711bb71244f8b3bd2ff3c621f661009570b21193999f2e445f5e14085b,112,10,18,11.2,11.61,0.89,yogurt (4); thicker (1); develops (1); yogurt's (1); unwanted (1); microbes (1); slows (1); bacterial (1); spoiled (1); texture (1),,low-frequency,needs-editorial-review
s1075,4,Mystery and adventure,The Painted Shell in the Basket,1f3db40d5e1a53a33105866ca32ef6b38f05bb0d32a1776fa5d0344f9a70c618,156,13,21,12,6.41,3.21,xena (4); stall (3); shells (1); xena’s (1); thanked (1),,very-low-frequency,needs-editorial-review
s1080,4,Mystery and adventure,The Spoon in the Flower Vase,a5c44ed32ec7bdf19cfab11397f8de9338eeb36dae83a4d8f3c26587d7505dae,154,14,19,11,15.58,0.0,spoon (5); noah (4); vase (4); tray (2); rim (2); dessert (1); blamed (1); rested (1); slid (1); scraped (1); trays (1); wrongly (1),,low-frequency,needs-editorial-review
s1216,4,Travel and culture,A Rainy Day in Auckland,338cd74d06934575faab39014cb064245b46e02f53cdece75ff249bfcfd91136,141,11,19,12.82,13.48,2.13,lina (5); auckland (4); seabirds (2); visitor's (1); assumptions (1); sailing (1); canceled (1); workplaces (1); disruption (1); routines (1); sights (1),,low-frequency;very-low-frequency,needs-editorial-review
s1217,4,Travel and culture,A Rainy Day in Cusco,bd1804ac715d5093e8f4d2b594ca9a026d6ece2fe51eff61b00daad52d20d4e1,145,11,20,13.18,12.41,2.76,noah (4); cusco (4); traveler (1); workplaces (1); disruption (1); routines (1); sights (1); attentive (1); attractions (1); helper (1); slower (1); noah's (1),,low-frequency;very-low-frequency,needs-editorial-review
s1218,4,Travel and culture,A Long Day in Kyoto,5ca033b0287d662289deac60a1653f59742792212490fcb9d5e0ecfa0d1f7cb1,131,10,20,13.1,12.98,2.29,kyoto (3); hana (3); shopkeeper (2); lantern (2); disruption (1); routines (1); sights (1); attentive (1); attractions (1); helper (1); hana's (1),,low-frequency;very-low-frequency,needs-editorial-review
s1228,4,Travel and culture,A Long Day in Lisbon,3210d938d491b5a6c29d845df13463f2c7268c836ab71f7c77aa495ccbaabda5,147,12,19,12.25,12.24,0.68,lisbon (4); noah (4); tram (2); helper's (1); workplaces (1); disruption (1); routines (1); sights (1); helper (1); noah's (1); spoil (1),,low-frequency,needs-editorial-review
s1229,4,Travel and culture,A Long Day in Reykjavik,d80ef459a28b6f8fafc523bb727a80537a44dcd9e4983c1504c6f3f30272f568,141,11,19,12.82,7.8,4.26,reykjavik (4); visitor's (1); assumptions (1); workplaces (1); disruption (1); routines (1); sights (1); guesthouse (1),,very-low-frequency,needs-editorial-review
s1230,4,Travel and culture,A Long Day in Nairobi,a92038c2c97d9ac1a18066743f345a4c8e6d36c503a5fd3b3b94fdb2f0e3bdab,140,11,20,12.73,12.86,0.71,mara (4); nairobi (4); workplaces (1); disruption (1); routines (1); sights (1); attentive (1); attractions (1); helper (1); landmarks (1); mara's (1); community's (1),,low-frequency,needs-editorial-review
s1231,4,Travel and culture,A Long Day in Cape Town,2833575ece3d063d5f8054ee5c854f5b8a1a8450457b8e23f5e48cc8c4e7e804,143,11,20,13,12.59,0.0,sara (5); ranger (2); sheltered (2); cliffs (2); disruption (1); routines (1); sights (1); attentive (1); attractions (1); helper (1); respecting (1),,low-frequency,needs-editorial-review
s1232,4,Travel and culture,A Long Day in Marrakech,ed32a0ddba697bb4ab5c5a8b0ac445b6242332e6ebcd3cd6f4efb64a104f1d52,142,9,20,15.78,10.56,2.11,faye (3); marrakech (2); tailor (2); memorable (1); faye's (1); lanes (1); fountain (1); landmark (1); attentive (1); attractions (1); hurried (1),,very-low-frequency,needs-editorial-review
s1234,4,Travel and culture,A Long Day in Lima,10fe0abaacdbfb0d6603dd2018e579439e9b0470d011b298c7648c2ac67ca7fe,133,10,22,13.3,11.28,1.5,ivan (5); lima (2); ingredient (2); visitor's (1); assumptions (1); unfamiliar (1); depended (1); ivan's (1); slower (1),,low-frequency,needs-editorial-review
s1235,4,Travel and culture,A Long Day in Buenos Aires,d88b9ee2fcef74249612b234301016a34352137777c1a96914588d64d15ea201,141,12,16,11.75,17.73,1.42,yuki (4); buenos (4); aires (4); yuki's (2); remake (2); darkened (1); slower (1); sights (1); outsider (1); mattered (1); helper (1); lamps (1); courtyard (1); informal (1),,low-frequency,needs-editorial-review
s1375,4,People and biography,Amina Okafor and the Seed Room,3d494948cdf83fc7645fdef5303959a2f4b4b7ff173258e95ca727ee28147e80,153,11,19,13.91,11.11,4.58,amina (4); growers (4); notebook (2); okafor (1); harvests (1); shelves (1); labeled (1); grower (1); copied (1); sprouted (1),,low-frequency;very-low-frequency,needs-editorial-review
s1381,4,People and biography,Nora Hassan and the Market Recording,8786ac1c3077b8f8d3f6fbadba34338599c9e7d28488f28bcada36af460bc97e,147,10,19,14.7,11.56,1.36,nora (6); leila (6); hassan (1); recorder (1); bakery (1); shopkeeper (1); leila's (1),,low-frequency,needs-editorial-review
s1383,4,People and biography,Inez Silva and the Clay Samples,c9a59071c2c849137beb22219392d8189ea5e8cf765fb71112ff28199cc7e8c9,143,11,26,13,11.89,2.8,inez (3); tiles (3); silva (1); pottery (1); behaved (1); supplier (1); mixtures (1); tile (1); kiln (1); cracked (1); glaze (1); workshop's (1); interrupted (1),,low-frequency;very-low-frequency,needs-editorial-review
s1385,4,People and biography,Keiko Tan and the Story Shelf,316f66cbde2d878b0776768585e802f2901d752462b8ac727e3a0d713d738962,146,10,25,14.6,6.85,3.42,keiko (4); multilingual (1); suburb (1); catalog (1); library's (1); aloud (1); labeled (1),,very-low-frequency,needs-editorial-review
s1389,4,People and biography,Priya Das and the Well Samples,26d1d8c76b42e530d3e4e07c75bd43e94831e4cf241bb2a66e281f4336677728,152,10,27,15.2,6.58,3.95,priya (4); das (1); tasted (1); sampling (1); office's (1); inspected (1); engineer's (1),,very-low-frequency,needs-editorial-review
s1474,4,Everyday life,The Sunday Repair Box,3f36cfda796b9db9e073ca02890acbed80465bf8c6c1c8725ccc27030f0ecbaa,142,13,16,10.92,8.45,2.82,screwdriver (2); elin’s (1); hers (1); elin (1); labeled (1); screwdrivers (1); pliers (1); lid (1); borrowed (1); tightened (1); faults (1),,very-low-frequency,needs-editorial-review
s1483,4,Famous books,The Tempest: Miranda Sees the Ship,25b2e9c894178050df30edecf97d2b6878f4480c7c26dc6898b796b5d37a4e5e,93,6,18,15.5,12.63,0.0,miranda (2); travelers (2); humane (2); listens (2); compassion (2); harmed (1); abandoning (1),,low-frequency,needs-editorial-review
s1530,4,Nature and animals,The Dolphin's Borrowed Sponge,d3bc862ad092358c129428862e7aee8078008dde80f922ae11dde8c33f2bc448,91,6,18,15.17,12.09,0.0,dolphin (5); copied (2); sponge (2); beak (2),,low-frequency,needs-editorial-review
s1641,4,Fantasy/stories,The Ferryman of Sleeping Words,161ed0711ca55ffbb2125730751b053437d2183ae0bf2feb8de323cca010a4a3,97,7,22,13.86,8.25,3.09,ivo (3); dusk (1); grandmother's (1); nickname (1); travelers (1); searched (1),,very-low-frequency,needs-editorial-review
s1644,4,Everyday life,Three Ways to Say Sorry,9d7191e28276e620b3bae5974e71d25c1f81180424dc455cfd6c1cc5c4c2deae,158,14,20,11.29,10.13,5.7,bicycle (5); riku (4); aya (4); borrowed (1); roommate (1); aya’s (1),,very-low-frequency,needs-editorial-review
s1649,4,Travel and culture,The Courtyard Cinema,a3daad0c1fcb101dad535b3c377bf091ae37ff34fc526c53796cf634c208004d,85,7,20,12.14,8.24,3.53,salma (2); crowded (1); doorway (1); translate (1); shopkeeper (1); projector (1),,very-low-frequency,needs-editorial-review
s1744,4,Everyday life,The Week without a Washing Machine,3368001a1960b6c42187f7b77c8a3784fa646d96522c56aebbaad4e566e46bcb,153,12,20,12.75,7.19,3.27,lia (4); lia’s (1); unplugged (1); spilling (1); tray (1); faulty (1); inconvenient (1); repaired (1),,very-low-frequency,needs-editorial-review
s1745,4,History,Counting Grain on Clay,d883bc8ac41496cadc4a16e88827c4ceb5f0483a9a9af8e600b2bac507bb0243,78,6,24,13,8.97,2.56,tablets (2); mesopotamia (1); wedge (1); cuneiform (1); historians (1); temples (1),,very-low-frequency,needs-editorial-review
s1747,4,Famous books,Fogg's Eighty-Day Promise,ec4f42f1e6c414b2741f0f4542c29809f1710640c69ef8d57d9e0efb0a8f4660,82,7,25,11.71,13.41,6.1,fogg (2); phileas (1); eighty (1); wager (1); passepartout (1); delays (1); mistaken (1); complicate (1); rescues (1); aouda (1),,low-frequency;very-low-frequency,needs-editorial-review
s1842,4,Nature and animals,Roots in Salt Water,18e2b8cac0998429d2c22b94827e726edb7bf64521f16315b61f192813b532ab,78,6,21,13,8.97,2.56,mangroves (2); tides (1); limiting (1); tangled (1); sediment (1); erosion (1),,very-low-frequency,needs-editorial-review
s1845,4,History,"Ink, Metal, and Many Pages",b000a4bfa27abcf0831e8966e651df77c809e7f80ced2fde188ed56bf000dfb1,73,5,21,14.6,2.74,2.74,gutenberg (2),,very-low-frequency,needs-editorial-review
s1945,4,Travel and culture,Threads at Cedar Market,3e36f2891b0fcb207288b2561e36af99ae4b46dd87e4e2832ad7bedc977862e4,78,7,17,11.14,12.82,0.0,ren (3); weaver (2); cedar (1); imaginary (1); sellers (1); yarn (1); scarf (1),,low-frequency,needs-editorial-review
s1946,4,People and biography,Tala and the Raised Beds,390a13cd0b12b57505ef1dbdaf6d9c0ceee2c0347a620955fb212f58387c6e18,137,11,21,12.45,7.3,2.19,tala (3); planting (2); tended (1); rack (1); shelves (1); pots (1); comfortably (1),,very-low-frequency,needs-editorial-review
s2057,4,Everyday life,The Last Outdoor Table,44f07380b2cc10ea0d3f105076396d13a9faf3b9152e8d9feb034ca8b0371783,52,6,10,8.67,9.62,5.77,aiko (2); cafe's (1); mornings (1); cooler (1),,very-low-frequency,needs-editorial-review
s2058,4,History,The Harvest Bell,5076cd25ae1c2170ff6651b535dfec81d014e157088dbe2abf5e782fb4522a37,52,5,15,10.4,7.69,3.85,storehouse (2); rang (1); connects (1),,very-low-frequency,needs-editorial-review
s2225,4,Fantasy/stories,The Wizard's Ordinary Broom,9686213db6fc73653fed8f62c1ea96b9f3c6e25817f9052c3e8da8a0ebf71471,58,6,16,9.67,15.52,1.72,wizard (2); brooms (1); spells (1); spills (1); broom (1); clears (1); beautifully (1); stove (1),,low-frequency,needs-editorial-review
s2226,4,Nature and animals,The Unnamed Garden Visitor,5f8d5d58d29f9a457193ecf4e24d0143e640a070f8a2c2208b2a111665921b75,59,6,15,9.83,11.86,1.69,evenings (1); eva's (1); shapes (1); eva (1); notebook (1); clues (1); certainty (1),,low-frequency,needs-editorial-review
s2241,4,History,The Mapmaker's Erased Road,d17b7a58d53aa3204088547a230a104d92820b8afa7e19a008dfd12de3791d29,58,6,12,9.67,10.34,3.45,mapmaker's (2); fictional (1); traveler (1); apprentice (1); erase (1),,very-low-frequency,needs-editorial-review
s2243,4,History,The Lantern at the Stable,742d3c05a7dbe5cf50245935ccd319537b41c70d340ce4aed42c2c52e39fd4c9,56,6,14,9.33,12.5,1.79,fictional (1); stall (1); lantern (1); borrows (1); rushing (1); discovers (1); closes (1),,low-frequency,needs-editorial-review
s2248,4,Science,The Mystery of the Heavy Sponge,e9cec6977827947706dfe7fba6fde978acc5730595a52280595d2643cb3886c6,56,6,15,9.33,14.29,0.0,sponge (2); weighs (1); heavier (1); classmate (1); dripping (1); tray (1); weighing (1),,low-frequency,needs-editorial-review
s2254,4,Famous books,A Meal for Winter,24a7bddba01e6fe530ba21305c6e1aa02bedd8bd595e5b06c3c31b0e79590555,57,5,22,11.4,14.04,0.0,grasshopper (2); ants (2); warmer (1); fable (1); contrasts (1); neat (1),,low-frequency,needs-editorial-review
s2255,4,Famous books,The Dish No One Could Reach,1878f49a8c31a13144b45a54c1eb58eaddd993362de2bbcdce9585e7504af684,58,4,18,14.5,13.79,3.45,hay (2); rests (1); growls (1); unfairness (1); fable (1); memorable (1); oneself (1),,low-frequency;very-low-frequency,needs-editorial-review
s2267,4,People and biography,The Librarian's First Display,80a67c55cf631ac7de9a0c99c8e7fa99db3710428de90cc68e242e9c4c7db9f8,59,5,16,11.8,11.86,1.69,fictional (1); librarian (1); admires (1); borrowing (1); mattered (1); learns (1); showcase (1),,low-frequency,needs-editorial-review
s2270,4,People and biography,The Photographer's Rejected Picture,afe98d33b806f250e71bfce29bc05fee1e0ec44627c17e37b2acd7cc5247197f,57,6,15,9.5,15.79,0.0,emi (3); fictional (1); rejects (1); unfamiliar (1); quieter (1); learns (1); satisfy (1),,low-frequency,needs-editorial-review
s041,5,World affairs,Town That Shared One Library Book,919bf31bac1206a57d56635e9fd11131fafd66b70e1147d31be6a043a4022b02,253,13,31,19.46,3.95,0.0,shelves (2); informal (2); fictional (1); borrowing (1); unused (1); town's (1); organizing (1); repairing (1),,dense-syntax,needs-editorial-review
s049,5,Everyday life,Umbrella That Belonged to Everyone,16df8c7a272e77ff046b4e88c4aa1ac89cf4d82551def6e0de5b1df19217b7f2,217,11,38,19.73,8.76,0.46,umbrella (5); umbrellas (4); rainy (3); handwritten (1); rains (1); mornings (1); crowded (1); mismatched (1); mateo (1); unofficial (1),,long-sentence;dense-syntax,needs-editorial-review
s050,5,Everyday life,Learning to Ride a Bike at Forty,942b50d8640bb2fda0b2aba5d5551149b75d18b6f9e1342947808507455e9f49,239,13,38,18.38,10.04,0.42,camille (3); bicycle (3); coworkers (1); basics (1); clumsy (1); frustrating (1); wobbled (1); scraping (1); lightly (1); apologies (1); learner (1); trusting (1); upright (1); wobbly (1); uneven (1),,long-sentence;dense-syntax,needs-editorial-review
s057,5,History,The Boy Who Rang the Wrong Bell,70ff2f57751d7142cfe1d9064dd88c99bf2dcdf4f0a31f961f57149dde0c7e1c,264,10,36,26.4,11.74,0.38,tomas (4); coastline (2); rang (2); whale (2); fictional (1); unspecified (1); bells (1); storms (1); foggy (1); mist (1); frightened (1); loudly (1); fishermen (1); rushed (1); belongings (1),,long-sentence;dense-syntax,needs-editorial-review
s085,5,Nature and animals,What Octopus Color Changes Can Signal,09f8ce0c425d64aa4fd468246a789ecb04538108d6f932dfb047ac8262e1996b,257,8,52,32.13,12.45,3.11,octopuses (4); camouflage (3); octopus's (2); octopus (2); blending (1); seamlessly (1); coral (1); predators (1); chromatophores (1); fraction (1); slower (1); hormonal (1); observing (1); predator (1); cautious (1),,long-sentence;dense-syntax;very-low-frequency,needs-editorial-review
s093,5,Everyday life,The Recipe Card With No Measurements,abac7dd8200be4a7100b727f0554f4f78992fb0683319dab4e721884f225faed,239,11,39,21.73,10.46,2.09,naledi (5); grandmother's (4); stew (2); tasted (2); inherited (1); recreate (1); handwriting (1); frustrating (1); onions (1); clearer (1); vague (1); tasting (1); adjusting (1); noticeably (1); dinners (1),,long-sentence;dense-syntax,needs-editorial-review
s137,5,Fantasy/stories,Chair That Remembers Who Sat In It,7b9766d9541492436c56dd6a38eacdbb7cf73f3709adb0bed0792b2025100eca,279,14,28,19.93,7.17,0.0,tavern (6); traveler (2); warmth (2); faint (1); harmless (1); rainy (1); comforting (1); rested (1); granddaughter (1); smiled (1); travelers (1); requesting (1); cozy (1),,dense-syntax,needs-editorial-review
s155,5,Everyday life,Jar of Coins Saved for Nothing in Particular,18deff79510a1436c9fc2fa030c73e9f6d6efef0160ea976e06ccfc92ed53c93,277,11,40,25.18,9.75,2.17,jar (5); fumiko (3); unplanned (2); spontaneous (2); fumiko's (1); refrigerator (1); satisfying (1); comfortably (1); accumulated (1); depositing (1); whim (1); folding (1); budgeted (1); totaled (1); immensely (1),,long-sentence;dense-syntax,needs-editorial-review
s167,5,Science,Why Bananas Turn Brown So Quickly,276c847ce8d92617ca898bd0ea9fd23fc26703a677ce6c48232883490358e14b,309,7,51,44.14,12.94,6.15,bananas (7); ripening (5); ethylene (4); browning (2); ripen (2); storing (2); banana's (2); peel (1); triggers (1); peel's (1); overripe (1); interestingly (1); apples (1); oranges (1); speeding (1),,long-sentence;dense-syntax;very-low-frequency,needs-editorial-review
s179,5,Fantasy/stories,Baker's Daughter Who Could Taste Lies,88231f831f4be9c9725a8b029dd21d09d03c78f576ac1311ce41254fd73e8ffe,314,13,37,24.15,7.96,0.32,wren (6); tasted (2); bakery (2); troubling (2); faintly (1); handing (1); cheerful (1); strangely (1); wren's (1); baked (1); confronting (1); softly (1); doubts (1); patiently (1); thanking (1),,long-sentence;dense-syntax,needs-editorial-review
s180,5,Fantasy/stories,The Scarecrow That Learned to Whistle,1fe93e79c83f5c51402b3b38a298d260b463ae44ab7d0ecae626041c558a39c5,298,12,42,24.83,15.44,2.68,scarecrow (6); whistling (6); casper (5); tunes (3); farmhands (3); straw (2); cheerful (2); afternoons (2); scarecrow's (2); faint (2); cornfield (1); frightening (1); farmhand (1); casper's (1); imagining (1),,long-sentence;dense-syntax;low-frequency;very-low-frequency,needs-editorial-review
s187,5,Nature and animals,How Woodpeckers Withstand Repeated Pecking,0b713fb6f854535453eac33f6db0136a6f3c1eae48eb00df5755716831001f6e,204,13,35,15.69,12.25,4.41,pecking (2); woodpeckers (2); woodpecker (1); acceleration (1); beak (1); posture (1); twisting (1); damaging (1); explanations (1); spongy (1); woodpecker's (1); hyoid (1); absorber (1); cushion (1); absorbing (1),,long-sentence;very-low-frequency,needs-editorial-review
s188,5,Nature and animals,Owl That Hunts by Sound Alone,0704d8fc3c943c231d50f9abb82d170f6f2dc9bf11030196dcb100bcd762278b,297,11,44,27,13.47,2.36,owl (5); barn (4); owls (3); eyesight (3); prey (3); positioned (3); nighttime (2); owl's (2); dim (1); relying (1); whatsoever (1); asymmetrically (1); sound's (1); symmetrically (1); rustles (1),,long-sentence;dense-syntax;low-frequency,needs-editorial-review
s195,5,World affairs,The Town Where Everyone Owns a Piece of the Bakery,0e801353c994b87eaff7515995322945d569b90fc4f4356fe19dd542507d8300,337,8,52,42.13,6.53,0.0,bakery (8); cooperative (4); fictional (1); longtime (1); jointly (1); sixty (1); wealthier (1); discounts (1); thrived (1); succeeding (1); benefited (1); town's (1),,long-sentence;dense-syntax,needs-editorial-review
s203,5,Everyday life,Sweater That Outlived Three Winters,23ba7b70eb1e199a89359a84a38ea2be9740d3b8682b803d4622ab18ce3064f2,293,10,51,29.3,15.02,4.1,sweater (6); beatrix (5); wool (2); warmth (2); garment (2); patched (2); hand-knitted (1); evenings (1); workday (1); beatrix's (1); mornings (1); attachment (1); usefulness (1); unexpectedly (1); relying (1),,long-sentence;dense-syntax;low-frequency;very-low-frequency,needs-editorial-review
s211,5,History,Baker Who Fed a Whole Army by Accident,d970a3bbf4b80383d7da380b1a38404f01e386c4d275e5b3e97f418df7f5d5ef,345,12,58,28.75,13.33,2.9,aldric (3); army's (3); bakers (2); village's (2); aldric's (2); proudly (2); fictional (1); unspecified (1); dramatically (1); interrupted (1); unexpectedly (1); marched (1); commander's (1); wagons (1); marching (1),,long-sentence;dense-syntax;low-frequency;very-low-frequency,needs-editorial-review
s235,5,Science,Why Your Stomach Growls When You're Hungry,6f998daaee467ee5acd897c8de8cd902e4906a500952ab6ebf2f2ffa38ea6950,284,13,45,21.85,11.97,3.17,growling (5); squeezing (5); digestive (4); inconvenient (2); embarrassment (1); loudly (1); intestines (1); fluids (1); peristalsis (1); continuously (1); muffled (1); muffle (1); louder (1); noticeable (1); rumbling (1),,long-sentence;dense-syntax;very-low-frequency,needs-editorial-review
s236,5,History,Town Clock That Ran Backward for a Week,b7ab679a0d8703e4ac296fbba6dd6d84dbcfd1ab2a0b6dec362311cddbf0f17f,303,11,39,27.55,8.25,2.97,backward (3); tower's (3); clockmaker (2); fictional (1); unspecified (1); ticking (1); routines (1); townspeople (1); appointments (1); shopkeepers (1); timekeeping (1); reversed (1); restoring (1); afterward (1); plaque (1),,long-sentence;dense-syntax;very-low-frequency,needs-editorial-review
s247,5,Fantasy/stories,Kite That Carried Wishes to the Wind,e3070f611b96fd47670e86ede368864fd903501a7ccde316b5f2d3d1a30340ef,308,12,49,25.67,8.12,2.92,kites (5); wishing (2); notebook (2); emil (2); kite (1); whisper (1); distracted (1); faithfully (1); thrilled (1); smiled (1); reminding (1); wisher's (1); kite's (1); village's (1); patiently (1),,long-sentence;dense-syntax;very-low-frequency,needs-editorial-review
s248,5,Fantasy/stories,Blacksmith Who Forged Second Chances,5efe912240ff77df15cc2e1fb8bb65bb64a54e489a0d658e6bdbcded4bd11fd6,290,11,46,26.36,10.69,4.83,hendrik (8); plow (3); melted (2); insisting (2); metalworking (1); blacksmith (1); puzzled (1); melt (1); repairing (1); blacksmiths (1); reshaped (1); slower (1); tool's (1); erasing (1); mended (1),,long-sentence;dense-syntax;very-low-frequency,needs-editorial-review
s249,5,Fantasy/stories,The Girl Who Collected Fallen Stars,81db2c7a38e7e7b6b2c3a9386735349ec4f2335e6c117fe4397d0504f9335ae8,286,12,42,23.83,11.19,2.8,astrid (7); glowing (4); villagers (1); starlight (1); searched (1); mornings (1); dew-covered (1); faintly (1); sunlight (1); teased (1); hobby (1); insisting (1); teasing (1); searches (1); curiously (1),,long-sentence;dense-syntax;very-low-frequency,needs-editorial-review
s260,5,Nature and animals,Beetle That Rolls Its Dinner Uphill,8df941ce0b326d4b44b1b0ac8685e68849e46231526cc76ae963b2697cff848d,295,9,49,32.78,14.24,1.69,dung (7); beetles (7); beetle (3); bury (2); celestial (2); ecological (2); droppings (1); distances (1); uneven (1); obstacle-filled (1); terrain (1); backward (1); navigate (1); sailors (1); navigated (1),,long-sentence;dense-syntax;low-frequency,needs-editorial-review
s271,5,World affairs,Town That Built a Playground Out of Old Boats,8da24583e46dbbd6256b524513501da1f9a89bbeb8fbc2bf16cf7ef4585550ce,317,9,50,35.22,8.52,0.63,playground (4); imaginative (2); fictional (1); hauled (1); straightforward (1); usefulness (1); discarding (1); town's (1); sanding (1); securing (1); preserving (1); weathered (1); resembled (1); steer (1); ramps (1),,long-sentence;dense-syntax,needs-editorial-review
s272,5,World affairs,Village That Shares a Single Tractor,9ba8c1a4715a1d83aac5b4bc14b8af116937277fff96a43581db7170817e966b,314,9,52,34.89,7.32,0.96,tractor (6); fictional (1); pooled (1); rotating (1); elders (1); prioritizing (1); whichever (1); urgently (1); inevitably (1); scheduling (1); disagreements (1); financially (1); villagers (1); depended (1); collectively (1),,long-sentence;dense-syntax,needs-editorial-review
s282,5,Everyday life,The Umbrella Stand That Became a Neighborhood Tradition,d8528a28388a987cfb924b6261a932ea18d58534f2369bc1330e46d90a13fad3,291,10,45,29.1,7.22,2.06,umbrella (7); farrukh (4); handwritten (1); remembers (1); steadily (1); rainstorm (1); umbrellas (1); stand's (1); informal (1); oversight (1); smoothly (1); recreate (1),,long-sentence;dense-syntax,needs-editorial-review
s283,5,Everyday life,Recipe Passed Down Through a Single Photograph,34cd07cc2899c71b2bbc73e3735fc59da7a1a76141353c5335e2dced518889ba,316,7,50,45.14,12.97,2.22,yolanda (4); baking (3); treasured (3); grandmother's (2); recreate (2); cherished (2); yolanda's (1); inherited (1); noticing (1); great-grandmother's (1); shaping (1); dough (1); clues (1); experimented (1); combinations (1),,long-sentence;dense-syntax,needs-editorial-review
s293,5,History,Fisherman Who Warned of a Coming Storm,92027920fe197b2b8c7ee644dc7f4fadc410a63efa50dc6e461281881c64eda4,339,9,53,37.67,12.68,2.65,godric (4); fishermen (3); villagers (2); observers (2); godric's (2); storm's (2); fictional (1); unspecified (1); depended (1); fisherman (1); observing (1); predicting (1); skies (1); urgently (1); ashore (1),,long-sentence;dense-syntax;very-low-frequency,needs-editorial-review
s294,5,History,The Child Who Carried a Kingdom's Only Seed,a52c36714d911a15af2d13ac3117e833ad4442eacc4f8a68bf94df33421cebca,374,8,61,46.75,10.43,3.21,kingdom's (4); pouch (4); marisol (4); devastated (2); bandits (2); resourcefulness (2); fictional (1); unspecified (1); prolonged (1); drought (1); drought-resistant (1); successive (1); harvests (1); depleted (1); transported (1),,long-sentence;dense-syntax;very-low-frequency,needs-editorial-review
s439,5,World affairs,City That Recycles Everything,532522a32d2a5ab34c56c64c4a5709cb6f53464411bc5101ad91e060f10ce121,128,5,36,25.6,8.59,1.56,landfills (2); fictional (1); unusually (1); ambitious (1); recycling (1); workshops (1); cumbersome (1); noticeably (1); sorting (1); landfill (1),,long-sentence;dense-syntax,needs-editorial-review
s459,5,History,The Messenger's Horse,2cc39082648903093b9c79cf7dab3d4f937ee0a210d884de9407606ef8d651ed,157,6,37,26.17,13.38,1.91,fenwick (2); fictional (1); unspecified (1); messenger (1); entrusted (1); army's (1); contested (1); midway (1); collapsed (1); exhaustion (1); mounting (1); fatigue (1); commanders (1); awaited (1); breathless (1),,long-sentence;dense-syntax;low-frequency,needs-editorial-review
s469,5,Science,Why the Ocean Is Salty,fd882d650ae5dbb50f370734a69df18ad86dec70120d299786a53bfb97e05576,144,5,34,28.8,15.97,0.69,dissolved (4); freshwater (2); geological (1); occurring (1); continuously (1); dissolves (1); minerals (1); substances (1); seawater (1); evaporates (1); evaporate (1); molecules (1); countless (1); comparatively (1); onward (1),,dense-syntax;low-frequency,needs-editorial-review
s489,5,Fantasy/stories,The Tailor's Thread of Patience,d82eed4ba1ea75f898797bad3b179618a08440bde76cba19ef9f95e10314135d,131,5,39,26.2,15.27,1.53,ferdinand (3); tailor (1); spool (1); drawer (1); garments (1); judged (1); urgently (1); mentor (1); calmed (1); stitched (1); commissioned (1); admitting (1); terrified (1); sparingly (1); suit's (1),,long-sentence;dense-syntax;low-frequency,needs-editorial-review
s529,5,History,Apprentice Who Became a Master,8bbc6639abebb1360799361a765911077a00423fff64210090a7e2cedab6f10c,209,8,41,26.13,13.88,3.35,ines (4); guild (3); qualification (2); fictional (1); unspecified (1); pursuing (1); woodworking (1); apprenticeships (1); disguised (1); securing (1); apprenticeship (1); woodworker (1); unaware (1); surpassing (1); apprentices (1),,long-sentence;dense-syntax;low-frequency;very-low-frequency,needs-editorial-review
s563,5,Fantasy/stories,Cobbler Who Mended Time,7ee87b20992518facbe5930a8edd26e54e31d018e06fea223bd5a6b6716bf125,177,5,57,35.4,9.6,1.13,wilhelm (4); repaired (2); cobbler (1); prosperous (1); faithfully (1); husband's (1); strangely (1); preserving (1); watch's (1); ticking (1); comforting (1); intentionally (1); prominently (1),,long-sentence;dense-syntax,needs-editorial-review
s583,5,Nature and animals,Remarkable Homing Ability of Pigeons,3fb4c100261d85aad8fc8e3dc64cf0386e4f8d8d2c62f727a549894de635a3de,173,6,41,28.83,8.09,1.16,distances (2); pigeons (1); navigational (1); unfamiliar (1); homing (1); earth's (1); sun's (1); redundant (1); reliably (1); unavailable (1); messengers (1); pigeon (1); cues (1),,long-sentence;dense-syntax,needs-editorial-review
s623,5,Everyday life,Inherited Responsibility,82e3171592846ae0f53acc28c7c00161287f1eb477472da2024444b6e5dfcfb7,194,5,43,38.8,8.76,1.55,unfamiliar (3); unexpectedly (1); pursued (1); overwhelmed (1); scheduling (1); effortlessly (1); revealing (1); thoughtful (1); prompted (1); reconsidering (1); competently (1); incorporating (1); refreshing (1); store's (1); outdated (1),,long-sentence;dense-syntax,needs-editorial-review
s642,5,History,The Midwife's Secret Knowledge,05a3954e070de4a90bf76b1a3e1073048baae82fe655b43393196a1770872d7c,249,7,60,35.57,10.44,1.2,documenting (2); childbirth (2); ingrid's (2); medically (2); fictional (1); unspecified (1); inaccessible (1); midwife (1); ingrid (1); complications (1); unscientific (1); unworthy (1); lengthy (1); accusations (1); practicing (1),,long-sentence;dense-syntax,needs-editorial-review
s1544,5,Science,The Gene That Worked Differently,50fac9c78e2305628ad8996556e9d6fbc9c87d7e317bfb637fc1bdac7856fae0,131,7,26,18.71,4.58,0.0,trait (2); abandoning (1); obstacle (1); relying (1); commands (1),,dense-syntax,needs-editorial-review
s1558,5,World affairs,The Flood Notice in Every Language,c409ee34c060c0f25a58b7da3b436f6e55a28282ed44d5e47c678c1d2a2a6907,148,8,30,18.5,4.0,0.0,alerts (2); succeeds (2); abandoning (1); stubborn (1),,dense-syntax,needs-editorial-review
s1560,5,World affairs,The Night Train Trial,384719534cf91bb293df1c7f81950ae63753fc8df34b1777f0586f63d1a33a44,132,7,25,18.86,5.3,0.0,improves (2); unacceptable (1); feared (1); disturbed (1); examining (1); timetable (1),,dense-syntax,needs-editorial-review
s1561,5,World affairs,The Community Solar Roof,f40a2c6d00af28921c946754c31158fe96dfbecd0e0931b53a3cec1dc573b6cc,141,7,28,20.14,7.69,0.0,tenants (3); cooperative (2); roofs (2); unused (1); renters (1); examining (1); workable (1),,dense-syntax,needs-editorial-review
s1755,5,History,Steering by Stars and Swells,5644ca41cc3502cba0a3f79af02e2a1dbbc7752feb9c4e0eff1e6bba5584aae7,109,6,24,18.17,1.83,0.0,hawaiian (1); canoe (1),,dense-syntax,needs-editorial-review
s006,5,Science,Why Bread Rises,3f4ef3efb0920028e2428bd666febb6cf43a0e7670ed109e3d56801cff914739,189,18,20,10.5,20.11,3.17,dough (4); bubbles (4); yeast (3); loaf (2); dioxide (2); fermentation (2); gluten (2); expands (2); baker's (1); single-celled (1); fungus (1); sugars (1); gathers (1); stretchy (1); bakers (1),,low-frequency;very-low-frequency,needs-editorial-review
s025,5,Fantasy/stories,Baker Who Whispered to Bread,facda97b4a72cc97dc96fa27bbf2ade7b294ceb403c9f78f85edf7f348e4de99,238,22,23,10.82,11.76,5.04,oskar (7); dough (4); loaf (3); loaves (2); oskar's (2); whispered (2); jar (2); softly (1); smiled (1); yeast (1); sourdough (1); bubbles (1); baking (1),,very-low-frequency,needs-editorial-review
s073,5,Famous books,Scrooge Sees His Past,e7becc031a5eb5cd1d60184510cc0ad7616c596c343350f4670ec5cdea635832,213,18,23,11.83,5.16,4.23,scrooge (8); belle (2); fezziwig (1),,very-low-frequency,needs-editorial-review
s074,5,Famous books,Scrooge Meets the Second Spirit,0a183eb1610a53c0e7a781ef85b2fac72c650cb8b861b730f19e4261c0986d7d,201,17,18,11.82,7.46,4.48,scrooge (7); cratchit (2); welcomed (1); feast (1); cheerful (1); hopeful (1); celebrations (1); frightened (1),,very-low-frequency,needs-editorial-review
s097,5,History,Drummer Who Warned a Village,99eccec564ddf29a24b44eb04565d8a2ddd7e1e363a877f369e2c4655cbf19ed,209,18,24,11.61,7.66,2.87,petar (5); villagers (2); fictional (1); unspecified (1); drummer (1); floods (1); lantern (1); villager (1); thanked (1); aching (1); depended (1),,very-low-frequency,needs-editorial-review
s105,5,Famous books,Scrooge Wakes on Christmas Morning,ca16debae897619dc9afbf196f184956c76b848bc7ddda73ba37ee454981b311,213,19,22,11.21,7.98,5.16,scrooge (8); cratchit (3); bells (1); loudly (1); greeted (1); pretended (1); announcing (1); erase (1),,very-low-frequency,needs-editorial-review
s143,5,Nature and animals,Squirrel That Plants a Forest by Accident,fd75adc6005cca65fca4dc8b10ee95be8e48e76f0fe0f247b151b90d4ae69193,185,17,17,10.88,11.35,2.7,squirrels (5); acorns (5); acorn (3); bury (2); squirrel (2); forgets (1); sunlight (1); farther (1); burying (1),,very-low-frequency,needs-editorial-review
s228,5,Famous books,Phileas Fogg Makes a Strange Bet,fafba79495a133d1463f693cc5a96147cb668050889393d4cfc6d47f7c0b876f,208,19,21,10.95,10.1,4.33,fogg (6); eighty (2); timetable (2); passepartout (2); phileas (1); railways (1); steamship (1); delays (1); storms (1); calmly (1); luggage (1); depart (1); foolish (1),,very-low-frequency,needs-editorial-review
s295,5,History,Innkeeper Who Hid a Fugitive Prince,c334f686c53a03e215a6671b7cd85537f4ee4ed2c8460a4cb506e6c459488ea2,221,20,24,11.05,9.05,2.71,godiva (3); innkeeper (2); fictional (1); unspecified (1); nobles (1); countryside (1); exhausting (1); roadside (1); feared (1); rulers (1); exposing (1); hid (1); travelers (1); neighboring (1); regained (1),,very-low-frequency,needs-editorial-review
s319,5,Famous books,A Rescue During the Journey,5c24cae6869907fa25b6a8fd4765d415b8aa86fe418f42ef3bf19678b7db93ae,203,18,22,11.28,8.87,5.91,fogg (4); aouda (4); passepartout (2); phileas (1); companions (1); guarded (1); hid (1); distracted (1); risked (1); aouda’s (1); mattered (1),,very-low-frequency,needs-editorial-review
s1083,5,Mystery and adventure,The Silver River Notebook,b0269ad6a905fdbcb5042b49cbb552a82f08937dbab2c8c3008599fb817619d0,176,14,22,12.57,13.07,3.41,notebook (4); xena (4); downriver (2); mattered (2); drying (2); student's (2); upstream (2); rumor (1); restoring (1); solving (1); puzzle (1); accusation (1),,low-frequency;very-low-frequency,needs-editorial-review
s1242,5,Travel and culture,A Long Day in Tallinn,bffe042102b762022faa881335cc198b663c0c61af0a5d99bd10820d96bcad5c,180,14,18,12.86,12.22,3.89,iris (6); tallinn (4); caretaker (2); iris's (2); guide's (1); slower (1); sights (1); outsider (1); mattered (1); unsure (1); helper (1); courtyard (1),,very-low-frequency,needs-editorial-review
s1244,5,Travel and culture,A Long Day in Ulaanbaatar,8f408ec53384c77998403ae50f42e524757869c409d2d7bbd7eaf0eca854eee6,185,12,20,15.42,8.11,2.7,ulaanbaatar (4); dina (3); hospitality (2); memorable (1); dina's (1); sights (1); outsider (1); mattered (1); paused (1),,very-low-frequency,needs-editorial-review
s1391,5,People and biography,Yara Nasser: A Wider Circle,09e3c7127852b59c038c6877ab71ae9f72dace18797a1aaf9b037215c4fa446c,172,11,20,15.64,14.53,5.23,yara (8); nasser (7); technician (1); imported (1); credited (1); nasser's (1); willingness (1); revise (1); adapting (1); copying (1); hottest (1); succeeds (1),,low-frequency;very-low-frequency,needs-editorial-review
s1392,5,People and biography,Finn Osei: A Wider Circle,f6d1563048f66dfc1423005bef38edb7522f027fc715b571d325e9460cec2bf9,175,12,20,14.58,18.86,5.14,finn (9); osei (7); arrivals (2); hearings (2); understandable (2); osei's (2); translator (1); simplified (1); contributors (1); credited (1); willingness (1); revise (1); explanations (1); clearer (1); guides (1),,low-frequency;very-low-frequency,needs-editorial-review
s1394,5,People and biography,Ravi Mehta: A Wider Circle,2ae07f9975e0d17c63e13a1922a79aac089b97517170c87a0d85194726d72cff,178,12,19,14.83,11.8,2.81,ravi (5); mehta's (3); mehta (2); planner (1); persistent (1); constraint (1); irregular (1); fuller (1); dependable (1); openness (1); relying (1); rode (1); durable (1); routines (1),,very-low-frequency,needs-editorial-review
s1395,5,People and biography,Sofia Almeida: A Wider Circle,d24c1c846b38a00bc42ddde4962481807bc81b4e649ed43f60096c9f31265c75,178,12,20,14.83,12.36,3.37,sofia (6); almeida (4); wetland (2); nesting (2); almeida's (2); unsafe (1); adapting (1); copying (1); fuller (1); dependable (1); openness (1),,very-low-frequency,needs-editorial-review
s1397,5,People and biography,Fatima Noor: A Wider Circle,c5b76276af3dadc2d0296da95ef9f701bab458b67eea7e8ddb0720e7f28e5293,177,12,19,14.75,15.25,5.08,fatima (9); noor (8); sellers (2); favored (1); documenting (1); noor's (1); simplified (1); contributors (1); credited (1); redesigned (1); renewal (1),,low-frequency;very-low-frequency,needs-editorial-review
s1399,5,People and biography,Anika Bose: A Wider Circle,07f17b09800ee0aa934649ba29166e5e88ad20ab867c08af30367e874659170f,171,11,19,15.55,11.11,4.68,anika (4); bose's (3); tenants (3); persistent (1); constraint (1); fuller (1); dependable (1); openness (1); bose (1); rewrote (1); explanations (1); durable (1),,very-low-frequency,needs-editorial-review
s1401,5,People and biography,Mina Rahman: A Wider Circle,99ecb5f1e2f075fbe30fa96259066346e9970bcca47aae981594ffb535d2ee84,174,11,20,15.82,16.09,0.57,mina (8); rahman (7); redirect (2); organizer (1); rahman's (1); simplified (1); contributors (1); credited (1); shelters (1); lowering (1); coordination (1); scattered (1); surplus (1); dependable (1),,low-frequency,needs-editorial-review
s1404,5,People and biography,Maya Chen: Learning to Listen,dba9b745f78e24c0e413138c062d45515ffd410af704858230ad277fbb65a3be,175,11,21,15.91,15.43,1.71,maya (8); chen (6); chen's (2); crews (2); seasonal (1); floods (1); credited (1); willingness (1); revise (1); adapting (1); copying (1); fishers (1); observers (1),,low-frequency,needs-editorial-review
s1757,5,Famous books,Mowgli Hears the Law of the Jungle,ff1c6d500927046ff1507bc6ef0c437bb8f70a13f4e9bffdb54de203be2eb863,96,7,19,13.71,10.42,6.25,mowgli (4); shere (2); threatens (1); teaches (1); protects (1); learns (1),,very-low-frequency,needs-editorial-review
s1854,5,Everyday life,The Box Marked Someday,e8e7f06898cc3345d84079252f769c773158305d8ba6307bad4a3b36d89c89aa,97,8,19,12.13,13.4,4.12,dara (2); paints (2); labeled (1); unused (1); impulse (1); recycles (1); gardener (1); buys (1); herbs (1); windowsill (1); futures (1),,low-frequency;very-low-frequency,needs-editorial-review
s1856,5,Science,Continents on Restless Plates,796a222058b4cc94c698ddbc19c418eccfa691503ef35a188c5398692f5e6453,95,7,19,13.57,13.68,1.05,earth's (2); continents (2); tectonic (1); accumulate (1); crust (1); earthquakes (1); volcanoes (1); basins (1); tectonics (1); drift (1); escapes (1),,low-frequency,needs-editorial-review
s1952,5,Famous books,Anne Finds a Home at Green Gables,73927e59b63baf9ea4145572930b73006039ac2a90b3391838bdf3d1ea4b24a7,101,7,19,14.43,8.91,4.95,marilla (2); shirley (1); orphan (1); cuthbert (1); gilbert (1); blythe (1); disasters (1); gables (1),,very-low-frequency,needs-editorial-review
s1954,5,Travel and culture,The Last Ferry to Orin,30a4e35575ecb952fd42b030b67196392ec0fa7605ada6c0c2d4d937e18d9e35,89,7,18,12.71,15.73,4.49,sora (3); orin (1); imaginary (1); bicycles (1); baskets (1); expects (1); listens (1); repeats (1); applause (1); unload (1); realizes (1); marking (1),,low-frequency;very-low-frequency,needs-editorial-review
s1955,5,People and biography,Iven Keeps the Oven Warm,d61fd979a21cc778b8f642ea073e986c4803939c4c1e25285a48f2ff9133ca5e,92,6,22,15.33,11.96,4.35,iven (2); fictional (1); closes (1); notices (1); clears (1); deliveries (1); guessing (1); unsold (1); bakery's (1); solving (1),,very-low-frequency,needs-editorial-review
s2271,5,Fantasy/stories,The Town That Borrowed Dawn,595b1695255002ccedee466025b6768dddaca3dd2e0bb767aaabf05ef4c4d453,62,6,15,10.33,9.68,3.23,borrows (1); bakers (1); rehearse (1); neighboring (1); wakes (1); lending (1),,very-low-frequency,needs-editorial-review
s2273,5,Fantasy/stories,A Dragon at the Lost Property Desk,fc4590ece4c4e406d17b15229a9a209125d2004650ea4bca30f4239d3847dba7,59,5,18,11.8,13.56,1.69,station's (1); travelers (1); roars (1); glove (1); gardener (1); scarf (1); dancer (1); dragon's (1),,low-frequency,needs-editorial-review
s2275,5,Fantasy/stories,The Island That Needed Company,1348450579021119b222491601b0534e9e1b709f1aafa62e6e8d8470f988ce46,59,7,13,8.43,8.47,3.39,drifts (1); disagreement (1); frightens (1); shouting (1); calmly (1),,very-low-frequency,needs-editorial-review
s2281,5,World affairs,The Survey at the Wrong Hour,18058e78382d792a5049f9ffb47aafb0e2fa33ad0cdffe33e64c6272b279ccc1,58,6,15,9.67,17.24,0.0,fictional (1); weekday (1); mornings (1); respondents (1); seating (1); planners (1); preferences (1); emerge (1); dishonest (1); limitation (1),,low-frequency,needs-editorial-review
s2282,5,World affairs,The Shared Freezer Schedule,397a073962675ee011dccd22a2e0e19115b2fa97b4dc08f07d7c1e6d50b28882,58,5,16,11.6,13.79,0.0,fictional (1); freezer (1); labeled (1); shelves (1); booking (1); unexpectedly (1); banning (1); exceptions (1),,low-frequency,needs-editorial-review
s2283,5,World affairs,The Street Name Debate,0727fd9c47431b158f74178701a8a318dae9489bdfbb8f8890167ee7b08810bb,59,5,18,11.8,8.47,3.39,fictional (1); renaming (1); gathers (1); clarifies (1); inconvenience (1),,very-low-frequency,needs-editorial-review
s2289,5,Everyday life,The Repair That Changed the Sound,67ee48c555ba39724cf1acb1eebdba53f902d53b85fb904c0f18b1b6990a7d0c,54,5,16,10.8,7.41,3.7,crackle (2); technician (1); oddly (1),,very-low-frequency,needs-editorial-review
s2291,5,History,The Shop Ledger's Quiet Margin,88707751eb896325e181857ce990a713ad39fb91a76901aa7095f2299b71cce7,58,5,17,11.6,15.52,1.72,ledger (2); fictional (1); notices (1); totals (1); preserves (1); removes (1); complications (1); shop's (1),,low-frequency,needs-editorial-review
s2293,5,History,The Traveler's Two Accounts,75aa019fe625e2156e059de3f9423557939a96b9983ced2ac42e35c5aad3678e,57,7,10,8.14,14.04,3.51,innkeeper (2); fictional (1); hears (1); travelers (1); exhausting (1); cart (1); disagreement (1),,low-frequency;very-low-frequency,needs-editorial-review
s2302,5,Famous books,The Two Pots in the River,11eb0b781c6ed135ffc3cf9b22a5ebb6bebecb14e7534ea5987c2092b0c16397,59,5,18,11.8,11.86,3.39,earthen (2); float (1); accidental (1); strengths (1); fragile (1); overlooks (1),,very-low-frequency,needs-editorial-review
s2313,5,Travel and culture,The Phrasebook's Too-Formal Greeting,716f11e3ad0665ee19a9f49c9ee9513109da134663007212962c46f498f80ba8,53,5,13,10.6,13.21,1.89,greeting (1); phrasebook (1); smiles (1); teaches (1); understandable (1); unusually (1); expressions (1),,low-frequency,needs-editorial-review
s2316,5,People and biography,The Designer's Uncomfortable Chair,6752a90813e9d208fc2cf889038a04f20c2af382d3e7736cd67859b98da9f2dc,56,6,14,9.33,14.29,0.0,luis (2); fictional (1); beautifully (1); invites (1); shifting (1); compliments (1); prefers (1),,low-frequency,needs-editorial-review
s2317,5,People and biography,The Editor Who Read Aloud,2b2e4afe509bee63e29ff511066109d3fbd20c31e7345340d5e351e5806634c8,60,5,16,12,13.33,0.0,fictional (1); paragraphs (1); aloud (1); foolish (1); notices (1); concealed (1); rewrite (1); conversational (1),,low-frequency,needs-editorial-review
s2320,5,People and biography,The Pianist's Listening Week,1ea4f6814500b3668b2fad1180a00ef2696b19988f578b4b50c6c980f1ff0238,63,5,18,12.6,15.87,1.59,arun (1); fictional (1); pianist (1); strained (1); repeating (1); passages (1); noticing (1); recordings (1); rushes (1); endured (1),,low-frequency,needs-editorial-review
s035,6,Nature and animals,Fish That Climbs Waterfalls,5f8076a405d3656850c9290975fe72d7b4482e22c6fb476946fc248888741fcd,256,11,33,23.27,13.28,1.95,waterfalls (2); swept (2); gobies (2); hawaiian (1); goby (1); hatch (1); freshwater (1); downstream (1); saltwater (1); upstream (1); reproduce (1); ancestors (1); tumbled (1); leap (1); currents (1),,dense-syntax,needs-editorial-review
s036,6,Nature and animals,The Bees That Vote With Their Bodies,665255b95b3c2174aef3a647179c48352433ff7fc7c3b37e3dc9ec215b1c78eb,262,9,44,29.11,13.36,1.53,bees (5); dances (3); swarm (2); scout (2); centralized (2); honeybee (1); hive (1); collectively (1); individually (1); nesting (1); evaluating (1); cavity (1); performs (1); proportional (1); favors (1),,long-sentence;dense-syntax,needs-editorial-review
s051,6,Everyday life,The Neighbor's Garden Wall,75d1cd148bf0f1db18ca58bc2e222d985a25a7d491b837c08061109784819dd6,235,8,38,29.38,9.36,2.55,tile (4); farida (3); tiles (3); alvarez (3); neighbor's (1); grandchild's (1); unrelated (1); informal (1); street's (1); evenings (1); nodded (1); approvingly (1); mentioning (1),,dense-syntax,needs-editorial-review
s052,6,Everyday life,Waiting for the Repairman,1f6cd0676b906b90539399193b7c5799ffbbaac617acfb83529d1d11f2487aa6,237,8,41,29.63,12.66,2.53,refrigerator (5); deshawn (3); groceries (2); deshawn's (1); unexpectedly (1); inconvenienced (1); scheduling (1); frustrating (1); discard (1); refrigerated (1); stocking (1); spoil (1); unused (1); borrowing (1); friend's (1),,long-sentence;dense-syntax,needs-editorial-review
s067,6,Science,Ice That Doesn't Melt Evenly,6b495878808556552698efa87404ba7c3b07bb2862109aa413d3d50feb4491fb,265,8,49,33.13,18.11,2.26,melting (7); cube (4); warmer (3); cubes (2); melt (2); uneven (2); melts (2); meltwater (2); currents (2); uniformly (1); shrinking (1); evenly (1); absorbs (1); denser (1); downward (1),,long-sentence;dense-syntax;low-frequency,needs-editorial-review
s068,6,Science,Why Some Metals Remember Their Shape,1b7adfb78fa9fe5c7b23fbc6cb0486af83ccb86bccf5e472e59c8ce178395720,266,9,46,29.56,15.04,2.63,bent (3); alloys (3); metals (2); deformed (2); metal's (2); atomic (2); alloy's (2); atoms (2); rigid (2); patient's (2); tendency (1); whatsoever (1); deforming (1); scientifically (1); behaves (1),,long-sentence;dense-syntax;low-frequency,needs-editorial-review
s082,6,Fantasy/stories,Weaver Who Sold Dreams by the Yard,8f392d6672e81bd7e032e8b8ef7963470f3d1fc22626e703dd5cb4480c57e16f,261,9,40,29,13.41,4.21,ottilie (3); nobleman (3); canopy (3); threads (2); ottilie's (2); pillowcase (2); woven (1); phases (1); handsomely (1); pillowcases (1); blankets (1); troubled (1); sleepers (1); nightmares (1); restless (1),,long-sentence;dense-syntax;very-low-frequency,needs-editorial-review
s089,6,World affairs,Village That Grows Its Own Electricity,63eca95dbae73ecd283f231b57fe4b4025e001b87073e16b8264b4a81d178d35,269,9,43,29.89,11.52,1.86,biogas (3); generators (2); village's (2); fictional (1); relied (1); unreliable (1); costly (1); steadily (1); manure (1); cows (1); villagers (1); skeptical (1); uncertain (1); realistically (1); pumping (1),,long-sentence;dense-syntax,needs-editorial-review
s090,6,World affairs,The City That Banned Cars for a Day,ceb25954a6268324d1499b0d16b1a9e94b3e73d7099eb9e6a0e9307523611254,282,9,43,31.33,9.57,0.35,congestion (2); pedestrian (2); automobile (2); fictional (1); persistent (1); worsening (1); banning (1); automobiles (1); pedestrians (1); cyclists (1); coordinating (1); sundays (1); unusually (1); pedestrian-friendly (1); inconvenience (1),,long-sentence;dense-syntax,needs-editorial-review
s102,6,Science,The Salt That Preserves Without Cold,6fbb899f233153df900eee7d8b88982f66b81cb47fdc3592bbe9cf63541da97f,279,9,47,31,10.39,2.51,refrigeration (2); spoilage (2); multiply (2); preservative (2); straightforward (1); microorganisms (1); decay (1); eventual (1); osmosis (1); dehydrating (1); depriving (1); reproduction (1); spoilage-causing (1); salted (1); edible (1),,long-sentence;dense-syntax,needs-editorial-review
s138,6,Fantasy/stories,The Miller Who Ground Silence Into Flour,9954c8dd19cd9685fbb6a4e0a0f7a277fbfbee1bff061b4f54274facedd5335d,273,9,49,30.33,15.38,4.03,bertram (4); bertram's (3); villagers (2); unusually (2); coincidence (2); thornwick (1); noisy (1); calmer (1); quieter (1); consumed (1); advertised (1); milling (1); mentioning (1); grinding (1); miller's (1),,long-sentence;dense-syntax;low-frequency;very-low-frequency,needs-editorial-review
s144,6,Nature and animals,The Frog That Freezes Solid and Survives,2262833bf21cb943e5450bb634746d40209094837deede10454bba30ba381ccc,325,7,63,46.43,13.54,3.38,frog's (8); frog (4); crystals (2); antifreeze (2); sharply (1); sixty (1); portions (1); transforming (1); resembling (1); coldest (1); prevents (1); quantities (1); glucose (1); bloodstream (1); protects (1),,long-sentence;dense-syntax;very-low-frequency,needs-editorial-review
s168,6,Science,How Bread Mold Grows Even in the Fridge,0478986b3601abe497ef455a9fdaebbc2f807c77bc923e0490aef7085b894f4b,337,11,51,30.64,16.02,0.89,mold (16); refrigeration (5); refrigerator (4); slows (2); refrigerators (2); refrigerated (2); frustration (1); develops (1); organisms (1); reproduce (1); moisture (1); nutrients (1); prefers (1); optimal (1); albeit (1),,long-sentence;dense-syntax;low-frequency,needs-editorial-review
s181,6,Fantasy/stories,Cobbler Who Mended Broken Promises,2188ca7f114331b8bbec6404688d9de1c202a190bbe07b778bf5d56250915d88,350,13,50,26.92,9.71,4.0,fennimore (5); mending (3); fennimore's (2); stitches (2); forgiveness (2); troubled (2); townspeople (2); husband's (2); shoemaker (1); aldenbrook (1); repairing (1); advertised (1); whatsoever (1); judged (1); trustworthy (1),,long-sentence;dense-syntax;very-low-frequency,needs-editorial-review
s197,6,World affairs,City That Turned Its Empty Lots Into Gardens,44b68bffcf99e480a635b6089a86806d1ca2907ad862db3be01697dfe01f61e7,368,10,67,36.8,7.61,0.27,neighborhoods (4); program's (3); vacant (2); gardening (2); fictional (1); scattered (1); economically (1); unused (1); amendments (1); noticeably (1); litter (1); neglect (1); unmonitored (1); oversight (1); informal (1),,long-sentence;dense-syntax,needs-editorial-review
s213,6,History,The Village That Traded Places With Its Neighbor,c89a65398dd3e85c6a7664b35d664e2a6eb928e5a190495daa6601aad4c8c2aa,409,12,68,34.08,14.18,1.47,territorial (4); disputed (3); relocation (3); historians (2); relocating (2); occupy (2); village's (2); mediators (2); b's (2); fictional (1); unspecified (1); lengthy (1); ambiguous (1); definitively (1); awarding (1),,long-sentence;dense-syntax,needs-editorial-review
s214,6,History,Soldier Who Delivered Peace Instead of War,6a6ab902c23db176d7bd2df9f4071900bb0391ecccedd37e902b5f8a688a7099,423,9,70,47,9.93,2.6,percival (4); kingdoms (3); prolonged (2); messenger (2); kingdom's (2); historians (2); warring (2); percival's (2); fictional (1); unspecified (1); dispatched (1); instructing (1); confidential (1); attack's (1); contested (1),,long-sentence;dense-syntax,needs-editorial-review
s221,6,Science,Why the Sky Turns Red at Sunset,e60ece57d93855d06b4019ed1fc80854f9c76bc542dca67bebc610e0713a7b56,321,13,39,24.69,11.53,1.87,sunlight (5); sunrise (3); observer's (3); wavelength (2); scatter (2); scatters (2); atmospheric (2); sunsets (2); transforms (1); interacts (1); planet's (1); earth's (1); collides (1); molecules (1); wavelengths (1),,long-sentence;dense-syntax,needs-editorial-review
s222,6,Science,How Bicycles Balance Themselves While Moving,a8668597c737683d0563fcc40f69c5e9d8338169a876b63a0d4b4008a923a375,345,9,71,38.33,15.07,2.61,bicycle (8); upright (4); gyroscopic (4); bicycle's (4); steering (4); spinning (3); geometric (3); stationary (2); bicycles (2); correction (2); leaning (2); balancing (1); stabilizing (1); slows (1); reversed (1),,long-sentence;dense-syntax;low-frequency,needs-editorial-review
s238,6,Everyday life,Borrowed Ladder That Started a Friendship,da9e50199dbda1447614eb4177a57abe5233f811544e6bf882f4fc4d6c81203f,335,11,47,30.45,12.84,0.9,theodore (8); percy (8); taller (2); favors (2); gutters (1); roofline (1); greeted (1); readily (1); lend (1); mentioning (1); casually (1); advancing (1); hesitation (1); stubborn (1); hinge (1),,long-sentence;dense-syntax,needs-editorial-review
s250,6,Fantasy/stories,Librarian Who Lent Books to Ghosts,f741f7eebaf1c7211e3852287fc9d3d9ff79505b388b388c68072bcaf109da55,355,12,49,29.58,9.58,1.97,wilhelmina (5); patrons (3); librarian (2); securely (2); noticing (2); unseen (2); discovering (1); resembling (1); visitor's (1); preferences (1); favoring (1); village's (1); founding (1); cautiously (1); imagining (1),,long-sentence;dense-syntax,needs-editorial-review
s251,6,Fantasy/stories,Tinker Who Repaired Broken Hearts,89627f84eb577233d026c721b9443328265d4a37899cf433139940e16f9862be,337,11,46,30.64,6.53,0.89,cornelius (7); mending (2); mend (2); grieving (2); pots (1); shattered (1); discarding (1); patiently (1); repaired (1); aloud (1); daughter's (1); craftsmanship (1); insisting (1),,long-sentence;dense-syntax,needs-editorial-review
s262,6,Nature and animals,Fish That Lives Out of Water for Days,7e227c7a3b1c2465957d641017ace3e786915fdcc76179ceaf48558b250a8b7f,307,10,67,30.7,14.01,3.26,mudskippers (4); adaptations (3); mudflats (2); evolutionary (2); suffocate (1); mudskipper (1); comfortably (1); inhabit (1); mangrove (1); swamps (1); tidal (1); watery (1); habitat (1); absorb (1); lining (1),,long-sentence;dense-syntax;very-low-frequency,needs-editorial-review
s263,6,Nature and animals,Bird That Steals Nests Instead of Building Them,683c0d377e0ea807e623835fb2d29c52b25b646cec2497fb8e627e63b0609e4e,317,9,57,35.22,15.77,1.89,cuckoo (9); chicks (3); host's (3); nests (2); offspring (2); deception (2); evolutionary (2); dedicate (1); reproductive (1); tricking (1); unsuspecting (1); brood (1); parasitism (1); locate (1); absent (1),,long-sentence;dense-syntax;low-frequency,needs-editorial-review
s264,6,Nature and animals,The Ant That Explodes to Protect Its Colony,aea3c5923ebc5f72900e9c9e8c3342e4f27364147ec5a5efde66118c527338cd,332,8,64,41.5,15.36,2.41,ant (4); ants (4); ant's (4); glands (3); sticky (2); colonies (2); evolutionary (2); behaviors (1); insect (1); rupture (1); predators (1); exploding (1); suicidal (1); defenders (1); enlarged (1),,long-sentence;dense-syntax;low-frequency,needs-editorial-review
s275,6,World affairs,Town That Turned Its Water Tower Into a Museum,7d71fc578a5e7c1c69a33d0a3c8c972c42bdf0a4407d2c14138bc81650e8ba3b,315,8,51,39.38,12.7,0.95,town's (3); obsolete (2); preserving (2); project's (2); tower's (2); exhibits (2); fictional (1); demolish (1); outdated (1); enthusiast (1); sentimental (1); longtime (1); feasibility (1); renovation (1); converting (1),,long-sentence;dense-syntax,needs-editorial-review
s276,6,World affairs,The City That Lets Citizens Design Their Own Parks,a98ce34449e3554520088628814c5b9ff36957f3710864a4b9492323d21381ec,378,11,57,34.36,10.58,0.53,participatory (4); neighborhoods (4); amenities (2); organizing (2); designing (2); fictional (1); workshops (1); propose (1); finalized (1); blueprints (1); ensures (1); eventual (1); inconsistent (1); coordinated (1); smoothly (1),,long-sentence;dense-syntax,needs-editorial-review
s285,6,Everyday life,The Shared Toolbox in the Apartment Basement,ded92a220a7d38b815e0dac9a5f683445ebbaa44fa9a084736eda4122a1cb54c,322,8,50,40.25,9.01,1.86,desmond (6); toolbox (6); building's (2); promptly (2); borrowing (1); wobbly (1); assembling (1); appreciating (1); responsibly (1); borrowed (1); benefited (1); replacements (1); additions (1); transforming (1); collectively (1),,long-sentence;dense-syntax,needs-editorial-review
s296,6,History,Toll Collector Who Refused a King's Coin,5f5bc0de0151e3509250901e272c6afd83f24ef76b3abc2294e06b6378aae9c8,404,10,75,40.4,12.62,4.7,aldric (6); kingdom's (5); traveler (2); aldric's (2); evident (2); adherence (2); traveler's (2); honesty (2); fictional (1); unspecified (1); collector (1); faithfully (1); merchants (1); travelers (1); procession (1),,long-sentence;dense-syntax;very-low-frequency,needs-editorial-review
s297,6,History,The Widow Who Ran a Trading Post Alone,1f404678e91cef06627e8f6db1e9819d0b4b9fc7fd30ab57570975ad8752380b,395,10,56,39.5,13.42,2.78,helena's (4); helena (3); husband's (2); abandoning (2); prevailing (2); skepticism (2); competence (2); post's (2); fictional (1); unspecified (1); jointly (1); discouraged (1); oversight (1); grudging (1); merchants (1),,long-sentence;dense-syntax,needs-editorial-review
s298,6,History,Carpenter Who Built a Bridge in a Single Night,a7fc62c41a41e1abbdeef272612f93c881a841b9f6e1908077ad84226c37a3be,385,10,59,38.5,9.09,1.3,frederick (5); frederick's (3); reinforcements (2); commanders (2); fictional (1); unspecified (1); necessity (1); advancing (1); desperately (1); carpenter (1); rebuild (1); disasters (1); characteristic (1); organizing (1); construct (1),,long-sentence;dense-syntax,needs-editorial-review
s309,6,Science,Why Some Fruits Have Seeds and Others Don't,0fe772d42bd81048f1f1b4d6f9eb1fc7a4382013643fcabe1c495a86e910acae,298,6,61,49.67,12.08,2.68,varieties (5); reproduce (4); seedless (4); genetically (3); underdeveloped (2); apples (1); oranges (1); watermelons (1); grape (1); puzzling (1); fruiting (1); deliberate (1); unusually (1); noticeable (1); reliably (1),,long-sentence;dense-syntax,needs-editorial-review
s420,6,Fantasy/stories,The Baker's Invisible Cat,00734ace28f895c2b08938e0ab287aca69eb371493f4580a12a5909037555860,118,4,34,29.5,14.41,3.39,henrietta (3); sunrise (1); swore (1); winding (1); ankles (1); kneading (1); dough (1); bakery (1); whiskers (1); whiskers's (1); accustomed (1); softly (1); nudging (1); curling (1); successor (1),,dense-syntax;very-low-frequency,needs-editorial-review
s430,6,Nature and animals,Bird That Flies Without Landing,edcc912111c19a03eba64a34a58e6126eee4ac887874b26f87031aa489ffd9e7,110,4,33,27.5,9.09,2.73,swifts (2); migratory (1); continuously (1); airborne (1); mating (1); manages (1); distances (1); kilometers (1); wintering (1),,dense-syntax,needs-editorial-review
s440,6,World affairs,Village That Trades Skills Instead of Money,0147acd2cc55a2eb10da34154cc423fbaabf3433787bcfbdb8119fe57a878bb8,123,5,31,24.6,11.38,1.63,neighbor's (2); fictional (1); downturn (1); carpenter (1); seamstress (1); mend (1); organizers (1); exchanges (1); barter (1); relying (1); scarce (1); strengthening (1); neighborly (1),,dense-syntax,needs-editorial-review
s450,6,Everyday life,The Borrowed Book,09f73baeec674b2e185f09ca7ccbf6380262d8fef9cd8b30de6451d367a4c9b8,128,5,27,25.6,9.38,3.12,anneke (3); coworker (3); lent (1); casually (1); overly (1); unprompted (1); heartfelt (1); unused (1),,dense-syntax;very-low-frequency,needs-editorial-review
s460,6,History,Coin From a Lost Kingdom,1c71649d51bd8bfc93d147e8004fec8535ba13407d7eb0f07a93c65d8f09706b,147,5,35,29.4,12.93,1.36,historians (3); fictional (1); unspecified (1); plowing (1); attracting (1); archaeologists (1); originated (1); kingdoms (1); absorbed (1); obscure (1); kingdom's (1); prompting (1); archaeological (1); excavations (1); uncovered (1),,dense-syntax,needs-editorial-review
s470,6,Science,How Bats See in the Dark,797ad677e8ca7d05dee8bbcc3240d34ac8c05fbb700d783f28cd6c2cca510ba0,134,5,35,26.8,14.93,2.24,bats (3); sensory (3); eyesight (2); echolocation (1); navigating (1); emit (1); high-pitched (1); outward (1); bouncing (1); analyzing (1); echoes (1); bat's (1); object's (1); whatsoever (1); nature's (1),,dense-syntax,needs-editorial-review
s498,6,Nature and animals,The Migration of Monarch Butterflies,980fc1e29d18b5e1ead23cd4b20184d278c626a05e287cf429cfeb574a2abc76,151,5,43,30.2,13.91,1.99,butterflies (4); wintering (2); navigate (2); monarchs (2); monarch (1); undertake (1); warmer (1); sun's (1); earth's (1); multi-generational (1); navigational (1); reliably (1); cluster (1); nature's (1); visually (1),,long-sentence;dense-syntax,needs-editorial-review
s510,6,World affairs,The Town That Banned Single-Use Plastic,ac714c85687dfbc82c22955bc87b408a5116112a8c3256f3e088b55de77ce7d2,164,6,39,27.33,10.98,0.61,transitional (2); fictional (1); beaches (1); straws (1); disposable (1); containers (1); inconvenience (1); negatively (1); reusable (1); ban's (1); measurable (1); cleanliness (1); debris (1); hesitation (1); bans (1),,long-sentence;dense-syntax,needs-editorial-review
s520,6,Everyday life,Retirement Party That Almost Didn't Happen,f78c195f5e3eaeff92e68cc91f04dbb5f78cf90bd982395b78176fc52b56a38a,199,6,43,33.17,10.55,1.01,preferences (2); complication (1); preferring (1); workday (1); fuss (1); objections (1); coworkers (1); acknowledgment (1); organize (1); bernard's (1); evident (1); expressions (1); visibly (1); colleague (1); thoughtful (1),,long-sentence;dense-syntax,needs-editorial-review
s530,6,History,Plague Doctor's Notebook,a94f12ae1b8900178bf4448acc740d1f58b2eb1d5548dea76b1689fd6c9b98ab,268,7,59,38.29,11.19,2.24,notebook (4); historians (3); aldric's (3); aldric (2); fictional (1); unspecified (1); plague (1); outbreak (1); exceeded (1); ineffective (1); harmful (1); confidently (1); skepticism (1); documentation (1); hygiene (1),,long-sentence;dense-syntax,needs-editorial-review
s566,6,Fantasy/stories,Weaver's Loom of Quiet Places,a68d015173ba69fa16e769270d2e9d942fcf186341840a3403a499c75784d2c5,169,6,39,28.17,13.61,3.55,anneliese (3); blankets (3); weaving (2); possessing (1); calming (1); creations (1); lakeshore (1); grandmother's (1); child's (1); commissioned (1); anneliese's (1); admittedly (1); adjustment (1); wove (1); imagining (1),,long-sentence;dense-syntax;very-low-frequency,needs-editorial-review
s585,6,Nature and animals,The Symbiotic Relationship Between Clownfish and Sea Anemones,9e99d2737504f9da5092fa1e3d482ac988adc79ef25ac0b568d087170f5fed1f,179,7,38,25.57,15.08,3.35,tentacles (3); anemones (2); stinging (2); nature's (1); symbiotic (1); clownfish (1); organisms (1); mutually (1); thrive (1); stings (1); mucus (1); coating (1); harmful (1); immunity (1); anemone's (1),,dense-syntax;low-frequency;very-low-frequency,needs-editorial-review
s602,6,World affairs,Rural Internet Access Initiative,743340f829218c6ef1e669050e02b4f56f6d8421a3f9cf0f6637b435e7b45408,189,6,39,31.5,11.11,0.53,recognizing (2); connectivity (2); fictional (1); lacked (1); limiting (1); ambitious (1); broadband (1); underserved (1); installing (1); optic (1); cables (1); distances (1); financially (1); impractical (1); offset (1),,long-sentence;dense-syntax,needs-editorial-review
s603,6,World affairs,The Cooperative Housing Model,87a89c0a1fbbe6bd7f9b6373307adbfb2e2b4e3beaa6a414ddfe205e267b2bdd,229,6,51,38.17,11.79,0.87,cooperative (8); collectively (2); affordability (2); fictional (1); persistently (1); excluded (1); homeownership (1); pooling (1); owning (1); outright (1); predictable (1); displaced (1); fostered (1); building's (1); wellbeing (1),,long-sentence;dense-syntax,needs-editorial-review
s606,6,World affairs,The Regional Renewable Energy Cooperative,b32addd3b4ce99424c55b10efe54b626c13afc500328dd9623520e39edf03060,211,6,45,35.17,14.22,0.95,cooperative (6); renewable (5); fictional (1); recognizing (1); lacked (1); pooling (1); jointly (1); economies (1); unavailable (1); securing (1); favorable (1); individually (1); proportional (1); coordination (1); unfairly (1),,long-sentence;dense-syntax,needs-editorial-review
s625,6,Everyday life,Family Business Succession,cd622ff144aa2649d6fe29c8beb5bc8be6d88f763cca209c5d1d0463e00983bd,210,7,52,30,7.62,1.43,roberto's (3); roberto (3); gradual (2); dedication (1); evident (1); lacked (1); preserving (1); progressively (1); succession (1); cherished (1); respecting (1),,long-sentence;dense-syntax,needs-editorial-review
s626,6,Everyday life,Blended Family Adjustment,c6a3647c265d790cac39d97cdacf6812be17bf2a1ea63c1076b44c60de5ad613,185,5,44,37,12.97,3.24,yolanda (2); blending (2); adjustment (2); yolanda's (2); stepfather (2); remarried (1); marriages (1); resentful (1); closeness (1); respecting (1); commanded (1); harmonious (1); preferences (1); evolving (1); deliberate (1),,long-sentence;dense-syntax;very-low-frequency,needs-editorial-review
s646,6,History,Merchant Who Funded a Library,f2de99ec75bf36652fff3f06fc27cf88bbaf5e35d8aca4d193e8d17e481fcd26,252,6,62,42,9.52,0.79,cornelius (2); inheritance (2); cornelius's (2); fictional (1); unspecified (1); accumulated (1); region's (1); accessing (1); motivating (1); disadvantaged (1); selecting (1); benefiting (1); wealthier (1); dominate (1); transformative (1),,long-sentence;dense-syntax,needs-editorial-review
s666,6,Science,How Coral Bleaching Threatens Ocean Ecosystems,3a415dcdf22e4c456b4b10b0c418cf8e55173464c333ce0017f72d9cfe0e040c,230,7,47,32.86,25.22,2.17,coral (14); reef (5); reefs (4); bleaching (4); symbiotic (2); organisms (2); algae (2); habitat (2); ocean's (1); biodiverse (1); ecosystems (1); photosynthetic (1); nutrients (1); characteristic (1); vibrant (1),,long-sentence;dense-syntax;low-frequency,needs-editorial-review
s007,6,Fantasy/stories,Cartographer's Mistake,ae642e146dbd90d139b6294de3ec50a128d704908509a2cf01395f439c256abe,271,22,24,12.32,8.86,3.32,elin (5); sailed (2); captains (2); mapmaker (1); sailors (1); coastlines (1); troubled (1); wooded (1); blamed (1); fog (1); sketched (1); bent (1); bearings (1); faded (1); sailor's (1),,very-low-frequency,needs-editorial-review
s010,6,Everyday life,Learning to Cook From Scratch,43af8d88efa15daee4a4d5fa041990657017fca08fb0d135683f8fd132de7e6b,248,21,21,11.81,8.87,3.23,priya (5); lena (3); relied (1); noodles (1); takeout (1); poured (1); guessed (1); yolk (1); borrowed (1); cookbook (1); lid (1); batch (1); practiced (1); gentler (1); priya's (1),,very-low-frequency,needs-editorial-review
s027,6,Fantasy/stories,The Tailor's Invisible Thread,a80e93982fa9e59a8251ac19066546555aad29b694427ff4302ae42e10b974cf,242,14,33,17.29,13.64,4.96,berta (6); drawer (3); widower (3); spool (2); tailor (1); peculiar (1); drawer's (1); garment (1); mending (1); inherited (1); carelessly (1); grieving (1); wife's (1); altering (1); seam (1),,very-low-frequency,needs-editorial-review
s028,6,Fantasy/stories,River That Remembered Names,03a363ca072d2cb5845bbebe4358dc63eaf964a79daf50299234a30d3f2529e2,244,20,26,12.2,9.84,3.28,tomasz (6); marta (5); nets (2); fisherman (1); river's (1); bends (1); slippery (1); footing (1); shallows (1); dizzy (1); rested (1); healer (1); greeted (1); grandparents (1),,very-low-frequency,needs-editorial-review
s106,6,Famous books,The Crisis Caused by Lydia,43720e3ff58bb066bd43b0d4efdb2763caf48cf5ea24a21804e66256306e6c8e,199,17,21,11.71,12.56,4.02,wickham (5); darcy (4); lydia (2); elizabeth's (1); brighton (1); disastrous (1); bennet (1); lydia's (1); horrified (1); dishonest (1); afterward (1); searched (1); wickham's (1); debts (1); disliked (1),,very-low-frequency,needs-editorial-review
s237,6,Fantasy/stories,The Innkeeper Who Never Forgot a Face,5f91eb6ada5a54494488e38342a032ad4d782fc4755162420230b384019d740b,197,17,19,11.59,9.14,4.57,gustaf (6); travelers (2); greeted (1); pebble (1); guest's (1); innkeeper (1); traveler (1); smiled (1); remembering (1); pebbles (1); welcomed (1); gustaf's (1),,very-low-frequency,needs-editorial-review
s480,6,Famous books,Edmond Dantès Is Betrayed,4a20501272cff66003646cc0de3bcccdae3bef2a5aa4f26bb6d54a3696dbea58,194,21,20,9.24,12.62,7.77,dant (7); merc (2); villefort (2); edmond (1); marseille (1); envied (1); danglars (1); disliked (1); fernand (1); accusation (1); corrected (1); villefort's (1); ch (1); teau (1); betrayed (1),,very-low-frequency,needs-editorial-review
s550,6,Famous books,Escape from the Château d'If,30908351ff325cc6ba70e49fc73e8b2c78545dbec55afc68072cb1ee8723520c,201,20,19,10.05,13.88,8.13,dant (7); faria (4); sack (3); edmond (1); ch (1); teau (1); faint (1); digging (1); abb (1); s's (1); betrayed (1); monte (1); cristo (1); faria's (1); hid (1),,very-low-frequency,needs-editorial-review
s682,6,Famous books,The Treasure of Monte Cristo,525ae230b65e847c5b322d45fa295b7be4da2556eeb3e0194811f12b981bf770,202,18,18,11.22,8.7,3.86,dant (5); escaping (1); abb (1); faria (1); clues (1); jewels (1); sailor (1); identities (1); dominate (1); weaknesses (1); patiently (1); faria's (1); judgments (1); punish (1),,very-low-frequency,needs-editorial-review
s685,6,Famous books,D'Artagnan Arrives in Paris,3791dc0a09ed1299e6be69c9dc9ecc3e1150e4e6e7dcc4754bc26d8037db92d4,161,14,20,11.5,11.18,8.7,d'artagnan (4); musketeers (3); duels (2); gascony (1); athos (1); porthos (1); aramis (1); duel (1); cardinal (1); richelieu (1); companions (1); ambition (1),,very-low-frequency,needs-editorial-review
s686,6,Famous books,The Queen's Diamonds,6e5c57ba3fede8fa3772cf99b609c3b70668f10b4ca513607df1c9be8a1e2466,192,18,18,10.67,8.85,3.65,d'artagnan (4); buckingham (3); cardinal (2); ornaments (1); richelieu (1); persuaded (1); musketeer (1); replacements (1); raced (1); richelieu's (1); ambition (1),,very-low-frequency,needs-editorial-review
s778,6,Famous books,David Copperfield Meets Mr Micawber,dbdbedbb6cb169668f3b74b60f6916dc202ff762207d0b888a69583eae664d21,195,16,21,12.19,13.33,4.62,micawber (4); hopeful (2); copperfield (1); rents (1); troubles (1); creditors (1); possessions (1); debtors (1); micawber’s (1); optimism (1); debts (1); learns (1); respectability (1); micawbers (1); exposing (1),,very-low-frequency,needs-editorial-review
s1110,6,Mystery and adventure,The Last Sealed Letter,b158d9c76652f003252ab14849e89fb79414bd7e9eab515508f34d91df9dc913,198,15,21,13.2,7.07,3.03,xena (5); puzzle (2); bakery (2); restoring (1); solving (1); mattered (1); overlooked (1); xena's (1),,very-low-frequency,needs-editorial-review
s1254,6,Travel and culture,A Shared Day in Singapore,7912ad2190dcd8de7c4e79b88e5f7ae38f502ba615efc4d13482d226a41a96aa,198,13,20,15.23,6.57,3.03,xena (4); explored (2); memorable (1); xena's (1); shaded (1); mattered (1); unsure (1); hurried (1); helper's (1),,very-low-frequency,needs-editorial-review
s1260,6,Travel and culture,A Shared Day in Reykjavik,7c94efd00a2c0ac8009a951100b77cd4eaf74a16aeca26cc457d704505377787,204,15,21,13.6,9.8,3.92,ari (5); reykjavik (4); guesthouse (2); ari's (2); attentive (1); attractions (1); depended (1); slower (1); sights (1); outsider (1); helper (1),,very-low-frequency,needs-editorial-review
s1261,6,Travel and culture,A Shared Day in Nairobi,0666b122f5ba281067437853daa233faa6cf4173fc4111ac9ed86bf615b090db,196,14,22,14,10.2,4.08,uma (6); nairobi (4); visitor's (1); assumptions (1); attractions (1); depended (1); uma's (1); slower (1); sights (1); outsider (1); landmarks (1); community's (1),,very-low-frequency,needs-editorial-review
s1263,6,Travel and culture,A Shared Day in Marrakech,a95bf0db6cd69c55a7a091b55afc24d9a32e61dc80a7fa861ab2f9446d2bd257,197,15,19,13.13,12.18,5.58,xena (6); marrakech (3); lanes (2); tailor (2); hurried (2); xena's (1); slower (1); sights (1); outsider (1); mattered (1); reconsidered (1); helper (1); fountain (1); landmark (1),,very-low-frequency,needs-editorial-review
s1406,6,People and biography,Amina Okafor: Learning to Listen,cdee470cbfd313820f2a671995b03d888c7efc9ee3de780914d3b730e4bb1748,203,12,20,16.92,12.32,7.88,amina (8); okafor (7); varieties (1); depended (1); brilliance (1); documenting (1); okafor's (1); simplified (1); contributors (1); credited (1); growers (1); preserving (1),,very-low-frequency,needs-editorial-review
s1414,6,People and biography,Inez Silva: Learning to Listen,f7f586488f1710938f2bf9f8d5d0e9b1770ab5e02bd5488da6b4a95a760e5aaa,204,13,20,15.69,14.22,4.41,inez (6); silva's (3); silva (3); rebuild (2); glaze (2); ceramic (1); persistent (1); constraint (1); willingness (1); revise (1); adapting (1); copying (1); fuller (1); dependable (1); mixtures (1),,very-low-frequency,needs-editorial-review
s1416,6,People and biography,Keiko Tan: Learning to Listen,292441474f637f36368ace350fae8c702a712c5295567c49c162ff0348c5fb04,203,13,19,15.62,11.33,4.43,keiko (8); librarian (2); multilingual (2); suburb (2); failures (1); depended (1); brilliance (1); documenting (1); tan's (1); simplified (1); contributors (1); credited (1); shelves (1),,very-low-frequency,needs-editorial-review
s1420,6,People and biography,Priya Das: Learning to Listen,4e86dbd80af54637c306ada993ba1889242074d54f8a97e8eec8370c2440d0dc,201,14,19,14.36,15.92,5.47,priya (9); das (7); tasted (2); das's (2); drainage (2); conflicting (1); simplified (1); contributors (1); credited (1); willingness (1); revise (1); adapting (1); copying (1); mapped (1); connects (1),,low-frequency;very-low-frequency,needs-editorial-review
s1668,6,Mystery and adventure,The Compass in the Archive,9126b8dba248b4b6edab85e8f6b3a8e39c8afe1255540549595de7d25d479bf8,127,8,25,15.88,14.17,3.15,compass (2); needle (2); archive (1); shelves (1); scratched (1); polar (1); expedition (1); researcher (1); conservator (1); dalia (1); magnetized (1); dial (1); screws (1); explorers (1); reminding (1),,very-low-frequency,needs-editorial-review
s1770,6,People and biography,Sora Maps the Missing Trees,1dee788fed7f76dc31ffc18ccf47d9f5a5a6dcb17fd6dcbb5d25ead464bb5bc9,103,7,21,14.71,15.53,1.94,sora (2); researcher (1); hotter (1); shaded (1); wealthier (1); combines (1); readings (1); pedestrian (1); aerial (1); identifies (1); fountains (1); unsafe (1); crossings (1); recommends (1); planting (1),,low-frequency,needs-editorial-review
s1861,6,Fantasy/stories,The Archive of Unsaid Apologies,6e8e890f759d40487e08b050a2540571ba7f89b6e00ee545ef927f68722f82bd,116,9,19,12.89,12.93,4.31,elian (3); archivist (2); courthouse (1); discovers (1); archive (1); apologies (1); speeches (1); frightened (1); heavier (1); revise (1); upstairs (1); plainly (1),,very-low-frequency,needs-editorial-review
s1865,6,History,A Map around a Water Pump,bc3c7a581fd6aa685908deaf99711e0fe4222e792658887133688fe98fe23ec7,97,6,22,16.17,15.62,3.12,outbreak (2); snow's (2); cholera (1); mapped (1); clustered (1); clergyman (1); whitehead (1); contaminated (1); declining (1); combining (1); testable (1); blamed (1); unhealthy (1),,low-frequency;very-low-frequency,needs-editorial-review
s1869,6,Travel and culture,The Word Missing from the Menu,72242c0b94922e8bf28d1a951b931ee757759b44d52dde5b2f7ef0263547c4a2,111,7,21,15.86,16.22,0.9,mina (3); imaginary (1); daru (1); translate (1); assumes (1); pauses (1); allergies (1); learns (1); invites (1); travelers (1); misunderstanding (1); prompts (1); revise (1); hospitality (1); realizes (1),,low-frequency,needs-editorial-review
s1959,6,History,Freedom Won in Saint-Domingue,07706daecc7af952a7c7cb672037fc58df7997eca793b5468b013963cdf9d1f2,98,5,25,19.6,17.71,5.21,haitian (1); saint-domingue (1); inequality (1); enslaved (1); uprising (1); colonists (1); armies (1); alliances (1); pursued (1); toussaint (1); louverture (1); captivity (1); jean-jacques (1); dessalines (1); napoleon's (1),,low-frequency;very-low-frequency,needs-editorial-review
s1961,6,Famous books,Fogg Races around the World,961105e49c5766ed3cb742000f699182c6cc59775c6e13c6f4eb24e0350b946f,97,7,18,13.86,14.43,8.25,fogg (4); aouda (2); phileas (1); bets (1); eighty (1); passepartout (1); wrongly (1); delays (1); threaten (1); learns (1),,very-low-frequency,needs-editorial-review
s1963,6,Travel and culture,Three Ways to Say Welcome in Vela,308afb0ce8b5b1e8f68cd46f8c8464ffd607a00af227145d15c0c63cd00b5dbf,108,7,32,15.43,11.11,3.7,omi (2); greeting (2); vela (1); imaginary (1); memorizes (1); assumes (1); bilingual (1); imperfect (1); displaying (1); noticing (1),,very-low-frequency,needs-editorial-review
s2343,6,History,The Portrait's Unusual Background,e28348a0532264b2e354af1768ff93180c6d77f6c85c277794b98578c46546bb,61,6,13,10.17,9.84,3.28,fictional (1); painter's (1); painter (1); hesitates (1); thoughtful (1); simpler (1),,very-low-frequency,needs-editorial-review
s2348,6,Science,The Hidden Empty Container,7d8cd697a98696f8da3e71cb6ecb880b12a4112fd7e0a17d033feefc3057ca3d,51,5,19,10.2,11.76,3.92,heavier (2); weighs (1); containers (1); subtracting (1); container's (1),,very-low-frequency,needs-editorial-review
s2351,6,Famous books,The Gold That Was Never Used,385e3ca530d6297df7db12bdf9a0099c57ea5872215ce369a8676ecf8221e806,61,5,21,12.2,11.48,4.92,miser (2); hides (1); grieves (1); observes (1); remark (1); separating (1),,very-low-frequency,needs-editorial-review
s2352,6,Famous books,The Goat's Missing Exit,36a1811177b37e370fdba051e62eb10189c47a732079b08f09a3d54061350a97,59,5,20,11.8,13.56,3.39,praises (1); jumps (1); climbs (1); goat's (1); fable's (1); dishonest (1); persuasion (1); evaluating (1),,very-low-frequency,needs-editorial-review
s2353,6,Famous books,The Cat with One Escape,9eb98c8d269a4994f1de80e18a6d83a57650785d667f8a015830069f039b0857,59,6,12,9.83,13.56,3.39,boasts (1); escaping (1); hunters (1); climbs (1); hesitates (1); contrasts (1); practiced (1); untested (1),,very-low-frequency,needs-editorial-review
s2361,6,Travel and culture,The Guidebook's Closed Cafe,2fd749414d10daa17f451efb1c31919a568721e98d36c67928d5cde979ceb1f1,61,5,16,12.2,6.56,3.28,guidebook (1); recommends (1); cheated (1); shopkeeper (1),,very-low-frequency,needs-editorial-review
s2367,6,People and biography,The Nurse in the Theater Group,7fce2838e75e2b81bd7fd0b55e88be1d61b92a0ffd633cd226194db58890a863,59,5,16,11.8,15.25,0.0,fictional (1); joel (1); rehearsal (1); accepts (1); organize (1); costumes (1); reliably (1); commitments (1); ambition (1),,low-frequency,needs-editorial-review
s2368,6,People and biography,The Translator's Uncertain Word,37a59ccd9c8810a2f683210b92b801c034c548d8602e3ba342c6aaaae4366053,59,5,15,11.8,20.34,3.39,fictional (1); amina (1); ambiguous (1); translating (1); silently (1); readings (1); recognizes (1); writer's (1); amina's (1); concealing (1); smoother (1); trustworthy (1),,low-frequency;very-low-frequency,needs-editorial-review
s037,7,Nature and animals,Elephant's Long Memory for Grief,5b3edcf744129322a74addf6652596772d123b1d86ba158b18f700d5e25bdfd7,299,9,46,33.22,15.72,2.34,elephants (5); behaviors (4); exhibiting (1); superficially (1); prompting (1); instinctive (1); evolutionarily (1); programmed (1); herds (1); encountering (1); deceased (1); unrelated (1); extensively (1); trunks (1); calves (1),,long-sentence;dense-syntax,needs-editorial-review
s046,7,World affairs,Country Without an Official Language,b5ba619370988f3f7f1660b470b90bfdae1309adbebe54f8ab413d25384dd628,307,10,47,30.7,14.33,2.61,linguistic (4); designating (3); symbolic (2); fictional (1); designate (1); avoids (1); whatsoever (1); reflecting (1); nation's (1); exceptionally (1); deliberate (1); designation (1); lengthy (1); inevitably (1); community's (1),,long-sentence;dense-syntax,needs-editorial-review
s061,7,History,Clerk Who Saved a City's Records,6aa059ac7c138e582078453b2eb37a5173cf8113dba72768ebc48ad3707a9395,371,12,53,30.92,12.67,2.7,aldric (5); monastery (3); invading (2); historians (2); fictional (1); unspecified (1); prolonged (1); administrators (1); evacuated (1); abandoning (1); looting (1); survives (1); evacuating (1); transportable (1); containers (1),,long-sentence;dense-syntax,needs-editorial-review
s069,7,Science,The Bacteria That Eat Plastic,1167615eeabbda5e2f309bebbacf0b9469b0e4e75cb7b26fdc71cde4877df93d,336,7,51,48,13.69,1.19,recycling (5); enzyme (3); bacterial (3); nutritional (2); plastic-degrading (2); occurring (2); accumulating (1); inert (1); biologically (1); indigestible (1); persistently (1); resistant (1); plastics (1); decomposition (1); degradation (1),,long-sentence;dense-syntax,needs-editorial-review
s091,7,World affairs,Nation That Measures Progress by Happiness,c6c9e7a31258bbf33174cd761f44664a09cd8f44ce29b75aa41abcdace118986,300,8,54,37.5,14.33,1.67,indicators (4); wellbeing (4); nation's (2); metric (1); arguably (1); societal (1); flourishing (1); explicitly (1); prioritizing (1); evaluating (1); incorporates (1); vitality (1); sustainability (1); assessments (1); inherently (1),,long-sentence;dense-syntax,needs-editorial-review
s098,7,History,Coin With Two Different Faces,8b46206f676b0f45c2756bebcd8a90a2ef88975fa8dac20934bf9b999e230365,317,8,58,39.63,12.3,2.52,government's (2); uncertain (2); merchants (2); fictional (1); unspecified (1); instability (1); claimants (1); ruler (1); minting (1); assert (1); legitimacy (1); minted (1); rival's (1); merchant's (1); currencies (1),,long-sentence;dense-syntax,needs-editorial-review
s099,7,History,The Interpreter Who Refused to Translate,7655016c912f4ed698b2143f2c0580b21dfdf9a254d80fc1cadd6f47bdf30455,347,9,60,38.56,16.71,4.61,ysolde (4); literal (3); interpreter (2); linguistic (2); delegate (2); rephrase (2); fictional (1); unspecified (1); negotiation (1); delegations (1); relied (1); assignments (1); midway (1); territorial (1); delegation's (1),,long-sentence;dense-syntax;very-low-frequency,needs-editorial-review
s151,7,World affairs,City That Elected a Committee of Children,7be8f3bfd72b8f48ab2575bb9878ce5f263aed648e6b2d9256acff03a8e78735,379,9,59,42.11,10.29,0.79,comprising (2); planners (2); weigh (2); incorporating (2); councils (2); fictional (1); fourteen (1); tasked (1); reviewing (1); conceived (1); symbolic (1); intending (1); generating (1); substantive (1); playground (1),,long-sentence;dense-syntax,needs-editorial-review
s163,7,History,Bridge Built to Be Destroyed,ab0aa0a73f4b50ff207f0e57d962954cb923da51ec983afb909bc06d17776fee,419,10,65,41.9,12.65,2.86,bridge's (4); pursuing (3); retreating (3); incorporating (3); weaknesses (3); concealed (3); kingdom's (2); perpetua (2); positioned (2); triggered (2); perpetua's (2); fictional (1); unspecified (1); prolonged (1); besieged (1),,long-sentence;dense-syntax,needs-editorial-review
s169,7,Science,Reason Metal Feels Colder Than Wood,54a4965a352e8efa8d875e5810ddb610910bc89bf8d26555e82a664c549f06ae,376,11,58,34.18,13.3,1.6,conductivity (6); ambient (4); flooring (4); utensils (3); doorknob (2); colder (2); noticeably (2); sensory (2); sensation (2); consequently (1); substances (1); possesses (1); efficiently (1); touches (1); warmer (1),,long-sentence;dense-syntax,needs-editorial-review
s184,7,Fantasy/stories,Mapmaker's Daughter Who Drew What Wasn't There Yet,96f983f485812742d18f338d92cb1c52c1e3648aa99d84563664a93328e8191a,340,10,52,34,11.47,4.12,isadora (7); mapmaking (2); unconsciously (2); cartography (1); mapmaker (1); reliability (1); differed (1); observational (1); sketching (1); documenting (1); deliberate (1); careless (1); corrected (1); fishermen (1); constructing (1),,long-sentence;dense-syntax;very-low-frequency,needs-editorial-review
s191,7,Nature and animals,The Bird That Builds a Bower to Attract Mates,aec3cca10e3d47951bec8aca1dc6e2d007fe1d8280188d39c8b8048e78f146ff,345,9,70,38.33,17.97,4.06,courtship (5); bowers (5); bowerbird (3); bower (3); male's (2); arranging (2); colorful (2); bower's (2); decorative (2); behaviors (1); construct (1); intricate (1); elaborately (1); decorated (1); colorfully (1),,long-sentence;dense-syntax;low-frequency;very-low-frequency,needs-editorial-review
s192,7,Nature and animals,The Shrimp That Sees Colors Humans Cannot,05e6421293b3dc0b9c99ec41473bee8be5940742ef4c0bf091b40d65b79bc332,323,9,65,35.89,17.65,1.86,mantis (8); shrimp (7); receptor (4); receptors (3); perceive (2); translate (2); analytically (2); polarized (2); kingdom's (1); colorful (1); crustacean (1); wavelengths (1); sixteen (1); interestingly (1); behavioral (1),,long-sentence;dense-syntax;low-frequency,needs-editorial-review
s198,7,World affairs,The Country That Requires Every Law to Expire,9cbafbe4c62a1187b3bcc62366ad89998717044c0735ee30c6df53d6a1e74b36,429,13,65,33,16.08,2.1,legislators (5); nation's (4); outdated (3); periodic (3); renewal (3); substantive (3); expire (2); renew (2); clause (2); expiring (2); accumulation (2); evident (2); routinely (2); reconsideration (2); fictional (1),,long-sentence;dense-syntax,needs-editorial-review
s199,7,World affairs,Village That Votes by Placing Stones in Jars,96cec6866b805a547a56738633d75b90006353b13b4e406a37d4ea90e2808212,408,9,72,45.33,13.97,0.25,stone-jar (4); ballots (3); literacy (3); community's (3); jar (2); preserving (2); adopting (2); standardized (2); fictional (1); impractical (1); elders (1); persisted (1); jars (1); labeled (1); simpler (1),,long-sentence;dense-syntax,needs-editorial-review
s207,7,Everyday life,The Garden Plot Shared by Strangers,f0a1b43fcaa1eba55650df8eb1559344f14c382a340fbd4ccb96e4866b2c6bbf,320,9,47,35.56,16.25,2.5,gardening (6); ferdinand (6); rosalind (5); gardeners (4); plots (3); vegetable (2); noticeably (2); individually (2); exchanging (1); pleasantries (1); neighboring (1); tending (1); gardener (1); garden's (1); program's (1),,long-sentence;dense-syntax,needs-editorial-review
s208,7,Everyday life,Voicemail Never Deleted,681150e870f8caa1207c05a053b5baec4ff36da8eeda672ed969339e15fecc66,328,7,52,46.86,14.02,3.96,recordings (6); cornelius (5); unremarkable (5); voicemail (4); mundane (3); irreplaceable (2); treasured (2); voicemails (2); unpredictably (2); confirming (1); forgetfulness (1); sentimental (1); replaying (1); scheduling (1); voicemail's (1),,long-sentence;dense-syntax;very-low-frequency,needs-editorial-review
s216,7,History,The Harbor Built by Mistake,f874c814914f2821522ff50845689d3b7afa5925a1bede4d62a5519fe8c7fdeb,383,11,52,34.82,12.27,3.13,kingdom's (4); fortress (3); coastline (3); economically (2); originated (2); miscalculation (2); unplanned (2); harbor's (2); deliberate (2); fictional (1); unspecified (1); redirect (1); moat (1); straightforward (1); redirection (1),,long-sentence;dense-syntax,needs-editorial-review
s239,7,Nature and animals,Ant That Farms Its Own Food,30d9d9658f311dc124baf58befc1b5c3d68184401dcb0c1574d38fdd9cce961a,323,9,59,35.89,17.03,1.55,ants (7); fungal (5); fungus (4); cultivated (4); ant (3); leafcutter (3); cultivate (2); harmful (2); scavenging (1); scraps (1); cultivating (1); rivals (1); famously (1); nests (1); fragments (1),,long-sentence;dense-syntax;low-frequency,needs-editorial-review
s240,7,World affairs,The Town That Shares One Ambulance With Three Villages,a0cce42fc74f271989e4aabaec68d6b13d90fe428a9f14e30864ce9b3c9608db,402,9,72,44.67,7.71,0.75,cooperative (2); coordination (2); individually (2); fictional (1); mountainous (1); terrain (1); negotiated (1); jointly (1); centrally (1); positioned (1); service's (1); proportional (1); protocols (1); determining (1); prioritize (1),,long-sentence;dense-syntax,needs-editorial-review
s253,7,Fantasy/stories,Weaver Who Stitched Together Torn Fates,1f4a9fdbb4ee99429d05a6d63c96d2d2814e1d63bb16a02687f20a5f12bbd1c7,361,11,56,32.82,15.24,3.88,ottavia (5); weaving (3); estranged (3); estrangement (3); tapestries (2); reconciliation (2); inheritance (2); resentment (2); tapestry (2); rendered (2); practiced (1); peculiar (1); specialty (1); weavers (1); mend (1),,long-sentence;dense-syntax;very-low-frequency,needs-editorial-review
s267,7,Nature and animals,The Bird That Remembers Thousands of Hiding Spots,7e3c8a42dc73942ac4248de24fe53a5312ee8e3a0db3b04455727287471c2df4,348,8,67,43.5,13.79,4.31,spatial (5); cache's (3); clark's (2); nutcracker (2); cache (2); relocate (2); caches (2); landmark-based (2); geographic (2); landmarks (2); food-caching (2); neurological (2); corvid (1); relocating (1); nutcrackers (1),,long-sentence;dense-syntax;very-low-frequency,needs-editorial-review
s277,7,World affairs,Nation That Trains Farmers to Become Diplomats,662a16a60f3b903f7f02641ceb20cb0f25c92d4dc247ebc4e397f95c615e524a,377,9,61,41.89,12.2,0.8,diplomats (4); farmer-diplomats (4); negotiation (2); preserving (2); negotiating (2); fictional (1); recognizing (1); pathways (1); lacked (1); recruited (1); protocols (1); briefings (1); explicitly (1); valuing (1); correction (1),,long-sentence;dense-syntax,needs-editorial-review
s299,7,History,Scholar Who Hid a Library in Plain Sight,72a2a7a46e10a8e0fa50c974a6054e82e26e21d11d6aa6b6cc21178d75ebc5f5,393,11,60,35.73,16.79,5.09,forbidden (6); aurelius (5); aurelius's (5); persecution (4); preserving (3); disguising (2); manuscripts (2); coding (2); unremarkable (2); fictional (1); unspecified (1); heretical (1); scholar (1); defying (1); government's (1),,long-sentence;dense-syntax;very-low-frequency,needs-editorial-review
s300,7,History,The Messenger Who Delivered News a Century Late,7455d0d25b9736a3ceaad2f7660506c3339cb5e8ba6048f9635cfcb2f49e0765,441,9,75,49,13.61,2.72,historians (5); recipient (4); uncertain (2); unfolded (2); speculation (2); messenger's (2); fictional (1); unspecified (1); archival (1); kingdom's (1); correspondence (1); puzzling (1); undelivered (1); messenger (1); intending (1),,long-sentence;dense-syntax,needs-editorial-review
s301,7,History,Farmer Who Fed Both Sides of a War,0604da08b7bfc4b78bbc04572d630f62634ce6786a8efe5f6160db546e442a0b,408,9,59,45.33,14.95,3.68,bertholt (5); contested (3); warring (3); conflict's (3); pragmatic (3); bertholt's (3); prolonged (2); factions (2); faction (2); farm's (2); allegiance (2); occupying (2); intact (2); wartime (2); fictional (1),,long-sentence;dense-syntax;very-low-frequency,needs-editorial-review
s306,7,World affairs,The District That Elects Representatives by Random Selection,0ba6950f2a42723db15c8ef5b489083fc96d29ab6e46e8a98a16eb4c8d0701ef,395,9,57,43.89,9.37,1.01,randomly (7); conventionally (4); perspectives (2); implementing (2); fictional (1); persistent (1); frustration (1); disconnect (1); supplementing (1); juries (1); proponents (1); reflecting (1); population's (1); disproportionately (1); narrower (1),,long-sentence;dense-syntax,needs-editorial-review
s421,7,Fantasy/stories,Violinist Who Played for Trees,21c991f0b4493a292f2870a9530b856f3f4c0588ef8a32acb6b0efc33a63eeca,124,4,36,31,15.32,4.84,casimir (4); grove (2); violinist (1); melodies (1); solitary (1); villagers (1); harmless (1); flourish (1); vibrantly (1); petitioned (1); passionately (1); insisting (1); reroute (1); nightly (1); companionship (1),,dense-syntax;very-low-frequency,needs-editorial-review
s431,7,Nature and animals,Fish That Changes Color at Night,7a624ba2eec914e299ff57651e63d67cc8e1434ecff8426172d2e3573aad485e,105,4,32,26.25,20.95,1.9,reef (2); coloration (2); nighttime (2); daylight (2); dramatically (1); daytime (1); attracting (1); mates (1); muted (1); blotchy (1); camouflage (1); predators (1); brightly (1); resting (1); coral (1),,dense-syntax;low-frequency,needs-editorial-review
s441,7,World affairs,The Town With Free Bicycles,b21592a869be8a93b9fb669ccfef8f0c16ec6eec6a76341cb20cf3ccc97a40bb,130,5,35,26,10.77,0.77,bicycles (3); congestion (2); bicycle (2); fictional (1); brightly (1); errand (1); unfounded (1); noticeably (1); crediting (1); healthier (1),,dense-syntax,needs-editorial-review
s451,7,Everyday life,Empty Chair at Dinner,418bef4f1c78c7b3867d8f75c11e58c29ca5f9b14651d422ee094a501b45fb18,134,4,39,33.5,8.21,1.49,rosalind (2); adjustment (2); son's (1); substantially (1); shifted (1); stacking (1); jarring (1); restoring (1); rightful (1),,dense-syntax,needs-editorial-review
s461,7,History,Scholar's Hidden Notes,eb6d95fdd6ed8373e71d96dd0874f08333d7a5bc536d736505e63355963a77ee,151,5,37,30.2,14.57,1.32,prudence (3); archaeological (2); notebooks (2); scholarly (2); fictional (1); unspecified (1); scholar (1); researching (1); persistent (1); caution (1); insightful (1); discoveries (1); posthumously (1); insights (1); modestly (1),,dense-syntax,needs-editorial-review
s471,7,Science,The Chemistry of Rust,1eed785d1f746aab31f445cb245f6397f25a25ea563dfefe81850a9d0263dd78,132,4,36,33,20.45,1.52,rust (3); molecules (2); moisture (1); reddish-brown (1); coating (1); oxidation (1); atoms (1); readily (1); chemically (1); facilitate (1); accelerate (1); weakens (1); metal's (1); brittle (1); structurally (1),,dense-syntax;low-frequency,needs-editorial-review
s491,7,Fantasy/stories,Cartographer Who Drew Feelings Instead of Land,3bfdb917533bc943ec73de45085df2b5ab55f37784e196444c37e0b8914261d5,165,4,43,41.25,16.97,5.45,rosalind (3); cartography (1); unconventional (1); peculiar (1); specialty (1); mapping (1); geography (1); depicting (1); grieving (1); commissioned (1); husband's (1); disbelief (1); eventual (1); disorienting (1); rendering (1),,long-sentence;dense-syntax;very-low-frequency,needs-editorial-review
s511,7,World affairs,Region That Built Affordable Housing Together,3f772ff966993b8eeb8c24eb6008b77bdabcab3c5683997ced26b0b1389a832f,202,6,44,33.67,13.37,0.5,cooperative (3); municipality (3); individually (2); fictional (1); persistent (1); shortage (1); lacked (1); municipalities (1); pooling (1); construct (1); economies (1); unavailable (1); negotiating (1); securing (1); determining (1),,long-sentence;dense-syntax,needs-editorial-review
s521,7,Everyday life,Apartment Building's Unofficial Historian,c2dc9d03ee19438acb86abcea0e50ddba982da9d4ce5f2548d16a17f9a995789,195,5,46,39,15.9,1.54,henrietta (3); building's (3); fascinated (2); accumulated (2); henrietta's (2); designation (1); unofficial (1); historian (1); possessing (1); apartment's (1); occupants (1); discovering (1); relying (1); wishing (1); inevitably (1),,long-sentence;dense-syntax,needs-editorial-review
s541,7,Science,Physics of Why We Feel Weightless in Free Fall,c4635ecc5afc39d21498189eb97d277bea4ba9bfd412e7c420e83632f134fb65,236,7,47,33.71,14.41,1.69,orbital (4); astronauts (3); earth's (3); sensation (3); weightlessness (2); continuously (2); mistakenly (1); attribute (1); station's (1); altitude (1); occupants (1); weaker (1); gravity's (1); gravitational (1); velocity (1),,long-sentence;dense-syntax,needs-editorial-review
s567,7,Fantasy/stories,The Apothecary Who Bottled Courage,f58ed538bcfc51ee8a1c40fba0ceb92e72c1e759012c509f8f41df7b4f0810e5,199,6,49,33.17,11.56,3.02,zosia (3); medicinal (2); apothecary (1); evident (1); remedies (1); bottled (1); mentioning (1); confront (1); batch (1); bottle's (1); confess (1); nervousness (1); zosia's (1); supernatural (1); confessed (1),,long-sentence;dense-syntax,needs-editorial-review
s568,7,Fantasy/stories,Chandler Who Sold Borrowed Light,581049d787b025afe28d652e76739e2203d41be24c5dcf2bc6cd15c975d854a9,179,5,49,35.8,24.58,2.23,candles (5); fitzgerald (2); sailors (2); voyages (2); crafted (2); daylight (2); frightening (2); mentioning (2); fitzgerald's (2); candle (1); specialty (1); candle-making (1); borrowed (1); darkest (1); afternoons (1),,long-sentence;dense-syntax;low-frequency,needs-editorial-review
s587,7,Nature and animals,Remarkable Regenerative Abilities of Starfish,53fbd0a40d35edee9375c2186a800b3dc435e4cbd6c04401331ce9ef2613a758,212,5,48,42.4,14.62,1.89,regenerative (5); starfish (4); regeneration (4); starfish's (3); regenerate (2); regrow (1); limbs (1); retains (1); stems (1); transforming (1); skeleton (1); limb (1); curiosity (1); cellular (1); enabling (1),,long-sentence;dense-syntax,needs-editorial-review
s588,7,Nature and animals,The Unusual Hunting Technique of Archer Fish,10ea9e6b917d3664948e4403e59d9f6b40fa9d42d0a35d468851650b617ac8c0,209,7,49,29.86,14.83,2.87,archer (4); prey (2); spit (1); resting (1); overhanging (1); vegetation (1); knocking (1); consume (1); coordination (1); refraction (1); upward (1); water's (1); distortion (1); miscalculate (1); target's (1),,long-sentence;dense-syntax,needs-editorial-review
s608,7,World affairs,Multi-Municipal Emergency Medical Service,d409919c4e3beaaf5e8e991b05f785c1067779adadb5c9f281413d32fadaccd9,220,6,52,36.67,15.0,1.82,individually (5); consolidation (3); municipalities (2); consolidated (2); underfunded (2); fictional (1); persistent (1); jointly (1); ambulances (1); negotiation (1); equitable (1); varying (1); geographic (1); distances (1); centrally (1),,long-sentence;dense-syntax,needs-editorial-review
s627,7,Everyday life,The Caregiver's Difficult Balance,af911ce52d08e0e874f21f565adb68ca2bf667ec9e2b49633c3976467192a7cf,199,5,46,39.8,13.07,3.02,beatrice (4); caregiving (4); declining (1); navigating (1); dependency (1); exhaustion (1); mounting (1); stretched (1); adequately (1); recognizing (1); unsustainable (1); caregiver (1); discovering (1); pressures (1); caregivers (1),,long-sentence;dense-syntax,needs-editorial-review
s647,7,History,Regent Who Governed by Committee,deac34b79da99ebc7ce636885125953afcc0f9132906b0858c0cea43c0871f3a,270,7,73,38.57,14.07,0.74,regency (4); regent (3); negotiation (3); historians (2); fictional (1); unspecified (1); monarch's (1); infant (1); heir (1); appointing (1); govern (1); dictated (1); kingdom's (1); comprising (1); accumulating (1),,long-sentence;dense-syntax,needs-editorial-review
s668,7,Science,Physiology of Altitude Sickness,d3e32f64085794303a1163131549a25101dc1253d3fdbcf43497c43bf81596d3,197,6,44,32.83,16.75,1.52,elevations (4); altitude (4); sickness (3); physiological (2); body's (2); adapting (1); atmospheric (1); altitudes (1); decreases (1); molecules (1); cellular (1); headaches (1); nausea (1); fatigue (1); compensate (1),,long-sentence;dense-syntax,needs-editorial-review
s013,7,Fantasy/stories,Clockmaker's Apprentice,e43da1b6c3439a03f9343a3b371027c2b7d6a67adf183fec0a58b3c436ec1abb,272,21,24,12.95,7.72,3.68,teodor (6); orin (3); astronomer (2); cathedral (1); clockmaker (1); repaired (1); clocks (1); apprentice (1); gears (1); observatory (1); reopened (1); engraved (1); smiled (1),,very-low-frequency,needs-editorial-review
s078,7,Famous books,Pip Visits Miss Havisham,9f9bcd08e102e43ca30d24376c2a3618a1f26a71a2228ae056f4858667ddfbdc,191,16,20,11.94,10.99,4.19,pip (5); havisham (4); estella (3); decaying (1); feast (1); decay (1); mocked (1); pip's (1); manners (1); admiration (1); unfinished (1); dissatisfied (1),,very-low-frequency,needs-editorial-review
s083,7,Fantasy/stories,Apprentice Who Inherited a Debt of Silence,60293006199eabe39d3b341067faf2329a631b03207a864cc368645efb1cbca8,216,18,20,12,11.57,4.63,yevgeni (4); casimir (4); remedies (3); unexplained (2); apprentice (1); inherited (1); apothecary (1); shelves (1); inherit (1); master's (1); initials (1); owed (1); yevgeni's (1); lifelong (1); gratitude (1),,very-low-frequency,needs-editorial-review
s175,7,Famous books,The Bishop and the Candlesticks,0854b4839a4709c4d72fc4cedf786c9cfed9537697593c0b7a4214a479035351,205,18,20,11.39,7.8,4.39,valjean (6); bishop's (2); candlesticks (2); welcomed (1); shaken (1); hostility (1); erase (1); valjean's (1); cruelty (1),,very-low-frequency,needs-editorial-review
s231,7,Famous books,Fantine and Jean Valjean,aa9bf1b91ff117d8646fed770ba21fffdcaeae11c9568cff98d355daab138887,194,18,21,10.78,11.34,8.76,fantine (6); cosette (4); valjean (4); innkeeper's (1); businessman (1); possessions (1); reunion (1); indifference (1); fantine's (1); punishes (1); vulnerability (1),,very-low-frequency,needs-editorial-review
s232,7,Famous books,The Barricade in Paris,dec1ebfdf23ca1ac7a73ae4646487c7efc6bb86c2e9ca94e03beba98c68edb3c,198,18,21,11,14.14,4.55,valjean (5); marius (4); barricade (3); cosette (3); unrest (1); spreads (1); idealists (1); builds (1); despair (1); chooses (1); unconscious (1); sewers (1); exhausting (1); obstacles (1); accepts (1),,very-low-frequency,needs-editorial-review
s325,7,Famous books,Ishmael Meets Queequeg,09b1a48337a2860cd6f3b772495a687a99dd777b5b4bbeb651602a292943ce5e,191,16,22,11.94,15.71,7.33,ishmael (7); queequeg (4); crowded (1); seaport (1); discovers (1); alarmed (1); unfamiliar (1); frightening (1); notices (1); behaves (1); generosity (1); ishmael's (1); whaling (1); hierarchy (1); ambition (1),,very-low-frequency,needs-editorial-review
s327,7,Famous books,Captain Ahab and the White Whale,bbf5734318f0d5d653aa0eee0fa4d50b01251956e36c081bf4396d860b0d91e2,198,18,17,11,12.12,4.55,ahab (5); whale (4); moby (3); ahab's (2); pequod (1); gathers (1); sailor (1); starbuck (1); disturbed (1); whales (1); voyage (1); obsession (1); narrows (1); invites (1),,very-low-frequency,needs-editorial-review
s481,7,Famous books,The Final Chase,b0d00119dbd0119b2544f35f33f407c0aaa401c73d5efbf1cc89a9453d47cbcc,200,22,27,9.09,18.0,6.5,ahab (4); pequod (3); whale (3); moby (2); ishmael (2); survives (2); ahab's (2); lowered (1); pursues (1); warnings (1); accumulate (1); starbuck (1); abandoning (1); defining (1); confrontation (1),,low-frequency;very-low-frequency,needs-editorial-review
s792,7,Famous books,Quasimodo and the Bells of Notre-Dame,4a4f2c74f483fb2d54f9fedb55ae905b3fa59b6e1458ed9b940425b6a8b8ddef,183,15,18,12.2,15.85,6.01,quasimodo (5); cathedral (3); bells (3); notre-dame (2); esmeralda (2); deaf (1); cruelly (1); fills (1); companions (1); claude (1); frollo (1); frollo’s (1); threaten (1); obedience (1); compassion (1),,very-low-frequency,needs-editorial-review
s1422,7,People and biography,Yara Nasser: Learning to Listen,f4aaa482f5ec53bc00512389d5644e185926b0fd05dd41bb1b9490cdf719d73d,237,16,20,14.81,15.19,5.49,yara (11); nasser (9); technician (2); nasser's (2); imported (1); failures (1); depended (1); brilliance (1); documenting (1); simplified (1); contributors (1); credited (1); willingness (1); revise (1); hottest (1),,very-low-frequency,needs-editorial-review
s1423,7,People and biography,Finn Osei: Learning to Listen,f1ee16e0e889b1c3fcb8af7fa2c26005285dc4331480fa27926aa4188886dab1,227,15,20,15.13,16.74,3.52,finn (8); osei (7); hearings (4); understandable (4); translator (2); arrivals (2); dependable (1); osei's (1); openness (1); relying (1); failures (1); depended (1); brilliance (1); documenting (1); explanations (1),,very-low-frequency,needs-editorial-review
s1425,7,People and biography,Ravi Mehta: Learning to Listen,1e31e00e4e277892e2e1ad048ffe3fe98553f34c7a2f7e4c0460e852af948128,228,15,19,15.2,14.47,4.39,ravi (10); mehta (7); mehta's (3); planner (1); uncertain (1); irregular (1); credited (1); willingness (1); revise (1); adapting (1); copying (1); fuller (1); dependable (1); openness (1); rode (1),,very-low-frequency,needs-editorial-review
s1426,7,People and biography,Sofia Almeida: Learning to Listen,89d5de6f8509785952d3a55cb5841c41d82cab2577aa3bda87f099354d1b382a,230,15,20,15.33,14.78,3.91,sofia (9); almeida (6); almeida's (3); wetland (2); persistent (1); constraint (1); unsafe (1); failures (1); depended (1); brilliance (1); documenting (1); simplified (1); contributors (1); credited (1); willingness (1),,very-low-frequency,needs-editorial-review
s1430,7,People and biography,Anika Bose: Learning to Listen,6c6d02cb9eef3dd1ce706bdb42aabefcc1a01af53c309c7105ee1512de5d889f,236,15,19,15.73,13.98,5.08,anika (9); bose (7); tenants (3); bose's (2); uncertain (1); simplified (1); contributors (1); credited (1); willingness (1); revise (1); adapting (1); copying (1); fuller (1); dependable (1); rewrote (1),,very-low-frequency,needs-editorial-review
s1432,7,People and biography,Mina Rahman: Learning to Listen,91f5d4ae80e4a7cab7a546f6cd80da411c93b1d7ca900681f77c46ef65be82e4,227,16,19,14.19,17.18,0.44,mina (10); rahman (9); redirect (3); organizer (2); relying (1); failures (1); depended (1); brilliance (1); documenting (1); rahman's (1); simplified (1); contributors (1); credited (1); shelters (1); lowering (1),,low-frequency,needs-editorial-review
s1486,7,Famous books,Antigone and the Unwritten Law,6d94d030445c498159de04d8d412bc751cc442cd9d25e95543f2cda9671326b2,123,8,23,15.38,10.4,4.8,antigone (3); forbidden (2); burial (2); ruler's (2); legitimacy (2); thebes (1); obstacle (1),,very-low-frequency,needs-editorial-review
s1777,7,Famous books,Jane Eyre Refuses an Unequal Choice,13b1e5814ad39a896d701206759c8d6d9b8ce7453622b77cc2f8478711a4b547,113,7,25,16.14,16.81,3.54,rochester (4); thornfield (2); bertha (2); orphaned (1); eyre (1); cruelty (1); teaches (1); lowood (1); governess (1); learns (1); violates (1); conscience (1); hardship (1); reunion (1),,very-low-frequency,needs-editorial-review
s1877,7,Famous books,Hester Refuses to Disappear,9097ff28a898af38ced271367674402bfbec235cbe0f76be8e80cbf047c92375,99,8,20,12.38,13.13,7.07,hester (4); dimmesdale (3); hester's (2); prynne (1); puritan (1); hides (1); chillingworth (1),,very-low-frequency,needs-editorial-review
s1972,7,Travel and culture,Following the Wells of Aras,557fc3f3f082c81cb53040cd938a0ce4dc4c287ef3f508f70e0210468fe27654,112,7,21,16,13.39,4.46,samira (2); aras (1); imaginary (1); wilderness (1); herding (1); crews (1); seasonal (1); travelers (1); fills (1); discard (1); muddy (1); caretakers (1); teaches (1); landscapes (1),,very-low-frequency,needs-editorial-review
s2372,7,Fantasy/stories,The Ghost's Forwarding Address,671fc0db9c3aeee176c8041393b330cf47b008b7431f67eb061a6d1aae1f411d,59,5,17,11.8,13.56,5.08,haunting (1); fond (1); noisy (1); breakfasts (1); forwarding (1); floorboard (1); develops (1); creak (1),,very-low-frequency,needs-editorial-review
s2374,7,Fantasy/stories,The Umbrella That Collected Skies,a686a57b486655873f3b9bb4dc3990ea085c45d774984f96a852d17447be0acb,58,6,14,9.67,22.41,1.72,umbrella (1); remembers (1); sheltered (1); indoors (1); overhead (1); invites (1); homesick (1); rainy (1); hometown (1); imaginary (1); closes (1); unfamiliar (1); welcoming (1),,low-frequency,needs-editorial-review
s2393,7,History,The Clockmaker's Borrowed Part,01d36a86b8d5a20d5fcb232685eb94cf0910cdefc423a198ed4c08110d50c646,61,5,18,12.2,9.84,4.92,fictional (1); clockmaker's (1); clockmaker (1); borrowed (1); receipt (1); craftsman's (1),,very-low-frequency,needs-editorial-review
s2394,7,History,The Theater's Handwritten Change,d0d4d81e0c8e4aaf1ecdbbe3021da0178c96e78b3d2d35fc69da3d1d2ce0dbd2,58,6,18,9.67,17.24,1.72,fictional (1); handwritten (1); corrections (1); corrected (1); survives (1); untidy (1); untouched (1); preserves (1); alteration (1); revealing (1),,low-frequency,needs-editorial-review
s2404,7,Famous books,The Traveler and the Already-Ready Dog,4ed7a62dc95fe18b0342617181a499d270e06134f74c34f58186ee7729d60f9d,59,5,16,11.8,20.34,3.39,traveler (2); scolds (1); delaying (1); accusation (1); fable (1); impatience (1); rests (1); unchecked (1); examining (1); preparations (1); criticizing (1),,low-frequency,needs-editorial-review
s2417,7,People and biography,The Musician's Quiet Audience,546fb42c602ab8f62907a7dc710724859d1d95582b0d58a2aa9136ac32eb4c1d,58,5,14,11.6,17.24,1.72,tomas (2); fictional (1); performs (1); applauds (1); assumes (1); afterward (1); listeners (1); applause (1); emptied (1),,low-frequency,needs-editorial-review
s024,8,Science,The Memory That Isn't Where You Think It Is,ea197a37d95becd5b62494e31e77ccad8fa730068c9828fce737f55134c9d885,389,12,48,32.42,16.71,3.08,recordings (3); discrete (2); neuroscience (2); subtly (2); reconsolidation (2); continuously (2); approximations (2); computer's (1); identifiable (1); theoretically (1); retrieved (1); locate (1); archive (1); intuitive (1); misleading (1),,long-sentence;dense-syntax,needs-editorial-review
s039,8,Nature and animals,The Fungus That Controls an Ant's Mind,bc1bceb476ff2638f36299ef2144a46b0edf4b3d148b6fb5fb94d9791aef2ca3,326,7,54,46.57,26.07,3.99,ant (9); fungus (5); fungal (4); spores (3); ant's (3); foraging (3); behavioral (3); manipulation (3); parasitic (2); manipulating (2); host's (2); ants (2); evolutionary (2); unsettling (1); phenomena (1),,long-sentence;dense-syntax;low-frequency,needs-editorial-review
s043,8,World affairs,Island Nation Selling Its Weather,734aa4266a445dd82763cf01eb7fe61f7ad6c3da4581cf9041693a5675312f6e,267,9,49,29.67,12.36,1.12,skies (2); island's (2); steadily (2); recognizing (2); fictional (1); exceptionally (1); astronomers (1); stargazing (1); enthusiasts (1); viable (1); astronomical (1); pursuing (1); attracting (1); limiting (1); fixtures (1),,long-sentence;dense-syntax,needs-editorial-review
s044,8,World affairs,City That Rented Out Its Rooftops,8d412a5dd5c1369ab806b21a944ef76b8eb5653301a7aa251c3b16771608d077,282,9,41,31.33,11.7,0.0,rooftop (6); renewable (3); unused (3); densely (2); fictional (1); persistent (1); shortage (1); populated (1); unconventional (1); uncertain (1); complications (1); standardized (1); specifying (1); incentives (1); financially (1),,dense-syntax,needs-editorial-review
s045,8,World affairs,The Border That Moves Every Spring,93bb4454c2ec4bb2837124c8c27d3c05dc8bef726a632292ac2a75e774aaaa85,334,9,50,37.11,18.26,2.69,river's (5); territorial (3); functioned (2); seasonal (2); flooding (2); shifting (2); surveyors (2); disputes (2); fictional (1); separating (1); erosion (1); periodically (1); renegotiating (1); impractically (1); adjusting (1),,long-sentence;dense-syntax,needs-editorial-review
s047,8,World affairs,Treaty No One Remembers Signing,d0a9c22eef25e3bc2d7162514a298ab0cbab19a730129214277d41bbf240a558,344,9,49,38.22,14.83,1.74,clause (4); treaty's (2); successive (2); unchanged (2); negotiating (2); fictional (1); historians (1); researching (1); puzzling (1); anomaly (1); locate (1); clauses (1); ratified (1); mundane (1); amended (1),,long-sentence;dense-syntax,needs-editorial-review
s048,8,World affairs,The River Two Countries Refuse to Stop Sharing,f9e000f2c6b2ef3d294313faf0ae294edafc313c203bb476e186a188ed85d904,328,9,49,36.44,13.41,1.22,disputes (2); persistently (2); strained (2); hostility (2); durability (2); commission's (2); fictional (1); generating (1); scarcity (1); intensify (1); diminish (1); steadily (1); antagonistic (1); contentious (1); durable (1),,long-sentence;dense-syntax,needs-editorial-review
s055,8,Everyday life,Inheritance of an Empty House,a00c53923098b025239faea3a410f19658750a99ed115c5292db32d64ef7d38c,373,9,57,41.44,12.87,4.56,wilhelmina (5); aunt's (3); unremarkable (3); correspondence (3); inherited (2); straightforward (2); sorting (2); admittedly (2); preserving (2); settling (1); accumulated (1); extraordinarily (1); logistically (1); tucked (1); revealing (1),,long-sentence;dense-syntax;very-low-frequency,needs-editorial-review
s056,8,Everyday life,Ritual of the Late Train,1ef08f51e6416e7ed011450642fb86139ebf050ae5168b51f44d5caafae290b6,398,10,59,39.8,9.3,1.01,bartholomew (4); scheduling (2); weeknight (1); unusually (1); necessity (1); commuters (1); distinctly (1); crowded (1); scattered (1); uninterrupted (1); solidified (1); comfortably (1); predictable (1); restructured (1); permitting (1),,long-sentence;dense-syntax,needs-editorial-review
s058,8,History,Map Made of Sticks,c19365bf84893167c7f45d5b3639a8dd290278920ae872839e2dad2d52446a2d,259,10,45,25.9,11.2,1.93,sailors (3); navigators (3); shells (2); fictional (1); unspecified (1); fibers (1); stretches (1); currents (1); navigate (1); curved (1); swells (1); memorized (1); voyage (1); voyages (1); extensively (1),,dense-syntax,needs-editorial-review
s059,8,History,Winter the River Became a Road,afd2d6a6a396712fd6f4c0d002f450c8b63e478b0df1cd4ade751e3bb85d695c,310,8,49,38.75,11.94,0.97,overland (4); merchants (3); wagons (2); sufficiently (2); seasonal (2); fictional (1); unspecified (1); unusually (1); inland (1); froze (1); occurrence (1); warmer (1); enterprising (1); smoother (1); region's (1),,long-sentence;dense-syntax,needs-editorial-review
s060,8,History,The Queen Who Never Left Her Room,43394ab9101a4e5d7b048d267655de99d25c2e6a0420ea887ec376ddc0e93249,308,8,55,38.5,7.79,0.0,historians (3); queen's (3); diplomats (2); deliberate (2); confinement (2); fictional (1); unspecified (1); thirties (1); speculation (1); diminished (1); exclusivity (1); arguably (1); sharply (1); insufficient (1); definitively (1),,long-sentence;dense-syntax,needs-editorial-review
s062,8,History,Expedition That Got the Math Wrong,bdbd683a76cfa066674b804ceccdddcf52de2aab1ff3d03c4e591f6da283dda3,364,10,49,36.4,17.31,2.2,surveying (5); expedition (3); geographic (3); expedition's (3); surveyor (3); sequential (3); accumulated (3); calculation (2); undetected (2); progressively (2); fictional (1); unspecified (1); nineteenth-century (1); dispatched (1); landmarks (1),,long-sentence;dense-syntax,needs-editorial-review
s063,8,History,The Diplomat Who Negotiated in Silence,6a59dbe437f8defca8a6697a0a75ab0e25b7ecc72f2f9f1731367d459a224183,386,8,59,48.25,18.91,2.59,negotiating (5); historians (3); negotiation (3); verbal (3); substantive (3); correspondence (2); delegates (2); favorable (2); concessions (2); debated (2); deliberate (2); fictional (1); unspecified (1); protracted (1); territorial (1),,long-sentence;dense-syntax,needs-editorial-review
s064,8,History,Census That Counted the Wrong Century,33f641e1b3b2fb8afdb9a656ceec753137cb435719092ab1c99b97d40b5d5382,356,8,53,44.5,16.01,2.81,demographic (5); archival (3); discrepancy (3); province's (3); censuses (2); inconsistent (2); cross-referencing (2); fictional (1); unspecified (1); reviewing (1); puzzling (1); incompetence (1); sophistication (1); governmental (1); standardized (1),,long-sentence;dense-syntax,needs-editorial-review
s065,8,Science,Why Onions Make You Cry,51ce0991da47d0a8500dfbea7520fa2712441a11f04ff845fc1d24b46b396a90,249,9,45,27.67,11.24,0.4,onion (6); onions (3); irritating (2); sting (1); touches (1); harmless (1); uncut (1); floats (1); invisibly (1); reacts (1); unpleasant (1); responds (1); interestingly (1); evolve (1); discourage (1),,dense-syntax,needs-editorial-review
s066,8,Science,How Spiders Build Without a Plan,1bf85ed9152ce571c9f74d36881d1d056d6f879c74fe867dcad56d2b7b830a4d,262,7,51,37.43,9.54,0.76,spiders (5); webs (3); outward (2); remembering (1); instincts (1); encoded (1); strand (1); catches (1); web's (1); builds (1); spiral (1); threads (1); steadily (1); instinctual (1); inherited (1),,long-sentence;dense-syntax,needs-editorial-review
s071,8,Science,Particle That Barely Exists,b862e85a0d477f5c343549ea2765c6d11f363b04123b9a9bb13f4ee4a933f4ac,382,8,69,47.75,19.11,5.5,neutrinos (8); neutrino (7); physicists (4); particle (3); extraordinarily (3); whatsoever (2); interacting (2); dense (2); occurring (2); fundamentally (2); inaccessible (2); cosmic (2); conceptually (1); entities (1); subatomic (1),,long-sentence;dense-syntax;very-low-frequency,needs-editorial-review
s072,8,Science,The Clock That Runs Faster on a Mountain,cac13fe55219ddb3650b76fe533446c702be398d723d094100f35751cc6bebc1,395,8,63,49.38,23.54,5.06,gravitational (9); clocks (5); positioned (4); dilation (4); altitude (4); positioning (4); einstein's (3); earth's (3); measurably (3); relativistic (3); relativity (2); tick (2); extraordinarily (2); physicists (2); counterintuitive (1),,long-sentence;dense-syntax;low-frequency;very-low-frequency,needs-editorial-review
s084,8,Fantasy/stories,The Bridge That Charges a Different Toll to Everyone,2b87b35f088bacffce4ae49c4fac481daaee35cfb4db0d985f73261c7486ef75,344,9,55,38.22,15.41,1.74,travelers (6); traveler (2); whatsoever (2); interpreted (2); skeptical (2); scholar (2); aldenmoor (1); rushvale (1); calibrated (1); merchants (1); parting (1); sums (1); negligible (1); poorer (1); tolls (1),,long-sentence;dense-syntax,needs-editorial-review
s087,8,Nature and animals,The Bat That Navigates by Borrowed Echoes,1bcc99e6a4fde0734b522285fbb05c80cfc6414138ff6c3da47d6609f0c5c31f,299,8,50,37.38,19.06,6.02,bats (8); echolocation (7); eavesdropping (3); acoustic (3); prey (2); bat's (2); navigational (2); navigate (1); interpreting (1); echoes (1); construct (1); surroundings (1); obstacles (1); colonies (1); eavesdrop (1),,long-sentence;dense-syntax;very-low-frequency,needs-editorial-review
s092,8,World affairs,Two Cities Sharing One Airport,c5ca3935796b91e58fac95bd005c0360f4ad2bd98cf8ee7f71626d32d3e7986c,360,10,59,36,9.17,1.39,fictional (1); bisect (1); strategically (1); geographically (1); constrained (1); jointly (1); runways (1); terminals (1); straddled (1); unprecedented (1); bureaucratic (1); coordination (1); protocols (1); disorienting (1); unambiguous (1),,long-sentence;dense-syntax,needs-editorial-review
s096,8,Everyday life,The Father's Silence and the Son's Questions,d06544ce2896a8c096849c10def6b1236dfeab4617da10ba3b27e9cf598cb575,327,8,56,40.88,14.37,4.59,anselm (5); anselm's (2); unexplained (2); vague (2); reluctance (2); upbringing (1); deflecting (1); discouraged (1); explicitly (1); forbidding (1); adolescence (1); evident (1); persistent (1); hurtful (1); curiosity (1),,long-sentence;dense-syntax;very-low-frequency,needs-editorial-review
s100,8,History,Governor Who Ruled by Letter Only,47867ea865eca5ce4f606384aae10c594f1bcabceb8902ac33b12f36f6950380,381,9,56,42.33,16.01,2.36,consultative (5); historians (4); unilateral (3); inherent (2); administrators (2); superiors (2); slower (2); governor's (2); fictional (1); unspecified (1); govern (1); unavoidable (1); constraints (1); territorial (1); dispatching (1),,long-sentence;dense-syntax,needs-editorial-review
s104,8,Science,Star That Refuses to Die Quietly,cf6e06b1e27e0eca2c71eda64c7754f06f48ba1e0c99bab6484992da86e8cc71,350,9,51,38.89,16.0,1.43,stellar (7); supernova (6); astronomers (2); undergo (2); astronomical (2); brightening (2); masses (1); exhaust (1); predictable (1); evolutionary (1); dwarf (1); catastrophically (1); collapsing (1); star's (1); persistently (1),,long-sentence;dense-syntax,needs-editorial-review
s140,8,Fantasy/stories,Shepherd Who Herded Forgotten Wishes,7a85223fe49cf2aa4722e3c24914a5a4bb4e46f41714dfafa104306a426ccd6f,442,13,62,34,16.74,3.17,ambrose (6); pastures (5); drifting (4); flock (3); ambrose's (3); wisher (3); travelers (2); ventured (2); shepherd (2); tended (2); luminous (2); villagers (2); hillsides (2); dusk (2); heartfelt (2),,long-sentence;dense-syntax,needs-editorial-review
s150,8,World affairs,The Country That Sends Its Trash to Make Electricity,8867e06620df6a9986b7e45bb1fe2247ab608a9ec0f3a27e40b873b474a7d985,358,10,58,35.8,10.06,1.4,incineration (3); persistent (2); densely (2); populated (2); generating (2); nation's (2); landfill (2); renewable (2); constraints (2); fictional (1); converting (1); landfills (1); impractical (1); transported (1); electricity-generating (1),,long-sentence;dense-syntax,needs-editorial-review
s152,8,World affairs,Nation That Rents Its Army to the United Nations,bcd615d26f604c7828cecea43d0feff2e3600e316ee5335161ef27a1bffd665c,448,9,72,49.78,16.96,1.34,peacekeeping (16); nation's (6); deployment (4); considerations (4); humanitarian (4); professionally (2); constitutes (2); troop (2); explicit (2); arrangement's (2); mission's (2); ethically (2); fictional (1); persistent (1); underutilized (1),,long-sentence;dense-syntax,needs-editorial-review
s158,8,Everyday life,Promise Kept Long After It Was Forgotten,32198450ecd5d737e782c3352e3e99620dc3701ac52874e4b23a4103f6b1d4c1,425,11,58,38.64,13.41,1.41,reginald (9); thirtieth (2); researched (2); extensively (2); premature (2); discovering (2); offhand (1); amid (1); reginald's (1); unexpectedly (1); nineteen (1); absorbed (1); afterward (1); resurfaced (1); handwritten (1),,long-sentence;dense-syntax,needs-editorial-review
s162,8,History,The Merchant Who Paid His Taxes in Salt,206dd152af86b123b32150e38999322feda299e7ad659f75fde27943608a03ca,380,10,52,38,14.21,4.21,kingdom's (4); unreliable (3); taxation (3); commodity (3); instability (3); merchants (3); debasement (2); aldous (2); collectors (2); salt's (2); informal (2); commodity-based (2); fictional (1); unspecified (1); confidently (1),,long-sentence;dense-syntax,needs-editorial-review
s164,8,History,Treaty Signed by Two Men Who Never Met,f2cf48481da4442428fe53b8fd2d86ab0a081ea9a0d4dd2e48a4cc4640c4e0b2,411,11,57,37.36,18.49,1.7,negotiation (9); correspondence (4); historians (3); kingdoms (3); negotiators (3); territorial (2); negotiator (2); mutually (2); misunderstandings (2); diplomats (2); fictional (1); unspecified (1); prolonged (1); geographically (1); circumstance (1),,long-sentence;dense-syntax,needs-editorial-review
s170,8,Science,Gas That Makes Deep Divers Talk Strangely,6f228254d715779967080613f7941bdf6e999460ab44319cabe4e4347fb614e7,403,10,66,40.3,21.34,1.99,divers (10); nitrogen (7); depths (5); mixtures (4); narcosis (4); narcotic (3); helium (3); clearer (3); peculiar (2); intoxication (2); noticeably (2); helium-based (2); helium's (2); compressed (1); physiological (1),,long-sentence;dense-syntax;low-frequency,needs-editorial-review
s185,8,Fantasy/stories,Potter Who Shaped Silence Into Bowls,99aaf027fd8eb67fb370c6fe521e15befe77b0d4a152cded27e42e630d34ae13,395,10,57,39.5,9.62,3.04,aurelio (6); bowls (3); accumulated (2); articulate (2); literal (2); practiced (1); pottery (1); specialty (1); craftspeople (1); ceramic (1); calming (1); inherited (1); refined (1); unbroken (1); stillness (1),,long-sentence;dense-syntax,needs-editorial-review
s186,8,Fantasy/stories,The Watchmaker Who Sold Borrowed Mornings,6bdd771b55b71354f817480e054f3162f5a781aa9db3723d6b304f2970f75c95,433,11,62,39.36,10.85,2.08,relive (3); ephraim (3); ephraim's (2); joyful (2); possessed (2); reliving (2); processed (2); commissions (2); mornings (2); watchmaking (1); timekeeping (1); unfolded (1); cautioned (1); prospective (1); borrowing (1),,long-sentence;dense-syntax,needs-editorial-review
s193,8,Nature and animals,Tardigrade That Survives the Vacuum of Space,22fcd64c4fd93df0bbeef323629ee709f66c075c28d66fb8dd644c7198fa5ca4,365,9,61,40.56,12.6,4.66,tardigrades (5); tardigrade (3); extremes (2); hospitable (2); cryptobiosis (2); cellular (2); dehydration (2); resilience (2); resilient (1); organisms (1); microscopic (1); invertebrates (1); orbital (1); fluctuations (1); revived (1),,long-sentence;dense-syntax;very-low-frequency,needs-editorial-review
s194,8,Nature and animals,A Giant Fungus Beneath the Forest,c4f9ef385199a361f500d3a7ee3048a76c0690f3c6d8d7d4feea65a143474d69,395,10,61,39.5,15.7,2.78,organism (6); fungus (6); fungal (5); ecosystem (2); growths (2); genetically (2); organism's (2); constitutes (2); ecological (2); mycologists (1); scattered (1); kilometers (1); scientifically (1); spreads (1); rhizomorphs (1),,long-sentence;dense-syntax,needs-editorial-review
s200,8,World affairs,Nation That Shares Its Border Guards With a Neighbor,cc390260ebccabadc4243168cc47d8c4023038bb9f36780ae385da0a5838fb6a,441,12,60,36.75,7.94,0.45,tense (2); neighboring (2); nation's (2); deteriorate (2); fictional (1); mixed-nationality (1); staffed (1); negotiation (1); proceeding (1); unprecedented (1); functioned (1); smoothly (1); region's (1); geography (1); smuggling (1),,long-sentence;dense-syntax,needs-editorial-review
s201,8,World affairs,The City-State That Outsources Its Own Foreign Policy,d205100d93315077df9167ea2f5d5bdc8bf8a3b381120e03dfa3954a3fae6325,506,13,64,38.92,9.29,0.79,nation's (7); sovereignty (5); constraints (2); inherent (2); contracted (2); adequately (2); fictional (1); contracting (1); forums (1); lacked (1); preserving (1); diplomats (1); advocated (1); formulated (1); communicated (1),,long-sentence;dense-syntax,needs-editorial-review
s202,8,World affairs,Country Whose Constitution Fits on a Single Page,32c525590db7ea9570c05ca38e7e054450477ab1457d0e04322430dd80662a60,472,13,71,36.31,15.25,2.75,governmental (9); nation's (6); constitutions (3); drafters (3); brevity (3); precedent (3); minimalist (2); interpretive (2); fictional (1); foundational (1); maintains (1); shortest (1); philosophical (1); document's (1); overly (1),,long-sentence;dense-syntax,needs-editorial-review
s209,8,Everyday life,Chair at the Table No One Sits In,a3ba170e14e194912a87b23499ae6ae9140fa06593dc74fb215fd4271272c41d,376,10,51,37.6,13.3,2.39,henrietta (5); husband's (4); chair's (3); grieving (3); henrietta's (2); unhealthy (2); customary (1); rearranging (1); accustomed (1); now-solitary (1); gatherings (1); exchanging (1); glances (1); interpreted (1); inability (1),,long-sentence;dense-syntax,needs-editorial-review
s210,8,Everyday life,The Photographs Nobody Could Agree to Divide,570f59c7bc8cb4900d338ba4eceacab1b798254b87fbcfc3709be89630d68fc3,413,10,64,41.3,7.99,1.45,bartholomew (4); cordelia (3); dividing (3); sibling (2); inheritance (2); photographic (2); spanning (1); facilitated (1); chronological (1); thematic (1); sorting (1); pausing (1); transforming (1); contentious (1); irreplaceable (1),,long-sentence;dense-syntax,needs-editorial-review
s217,8,History,Minister Who Governed From Exile,e56bcdddd3e31a2e84cc3fe22bf20e7b437e5cee990389ed3f2e052cf0af6426,416,11,71,37.82,15.38,1.44,governmental (7); exile (6); exiled (6); kingdom's (3); historians (3); minister's (3); correspondence (2); implementing (2); eventual (2); definitive (2); displacement (2); fictional (1); unspecified (1); hasty (1); sympathetic (1),,long-sentence;dense-syntax,needs-editorial-review
s218,8,History,Law That Was Never Actually Repealed,6e423a5371089c95713952019f186e308812f3578cf9e037e6f4c6fd778db39f,470,11,81,42.73,14.89,1.91,repeal (7); historians (6); law's (5); kingdom's (4); archival (4); documentation (3); universally (2); repealed (2); evidently (2); scholarly (2); narratives (2); inherited (2); fictional (1); unspecified (1); researching (1),,long-sentence;dense-syntax,needs-editorial-review
s225,8,Science,The Chemistry Behind Why Chili Peppers Burn,3cddec91b0aad16117508f1892c7b82c0207adda60d1c78d0aa0610a4314d663,393,10,59,39.3,19.59,3.56,spicy (7); receptors (7); peppers (6); capsaicin (6); sensation (4); chili (4); trpv (2); activating (2); activate (2); spiciness (2); sensitivity (2); activates (1); stimulation (1); mucous (1); membranes (1),,long-sentence;dense-syntax,needs-editorial-review
s226,8,Science,Physics of Why Rainbows Are Always Curved,a40ed29bef756f8cac08522fdf4865fabec8460740ecdec82d35dd8ce0540774,383,10,73,38.3,18.28,2.87,rainbows (7); curved (7); sunlight (6); geometric (5); droplets (5); observers (3); observer's (3); droplet (3); observer (3); droplet's (2); mathematically (2); arcs (1); stretching (1); characteristic (1); straightforward (1),,long-sentence;dense-syntax,needs-editorial-review
s242,8,Science,Reason Your Voice Sounds Different on Recordings,a7bfc55460187ad17804210a3b66466bebd3925fd42da9a0514ac0049e9613c7,374,10,53,37.4,13.1,1.34,pathway (7); airborne (6); pathways (3); bone-conduction (3); frequencies (3); noticeably (2); higher-pitched (2); perceive (2); embarrassment (1); sounding (1); outward (1); eardrums (1); captures (1); unavailable (1); listeners (1),,long-sentence;dense-syntax,needs-editorial-review
s256,8,Fantasy/stories,Silversmith Who Melted Down Old Grudges,ac943820841df93fea8b4f1ba989d84b79f3b29c90b86e2f8d15fc87b8d1e272,404,11,59,36.73,16.34,4.46,evangelina (5); resentment (3); grievance (3); betrayal (3); silversmithing (2); specialty (2); commissioned (2); resentments (2); melt (2); gradual (2); melting (2); reshaping (2); aloud (2); eventual (2); resilience (2),,long-sentence;dense-syntax,needs-editorial-review
s257,8,Fantasy/stories,Midwife Who Delivered More Than Babies,bc1c00952e843853ebe2dc0426dcde802dc7b1aee3de2f9b5ec0e51680108f3d,398,10,65,39.8,17.84,4.52,perpetua (7); perpetua's (3); reassurance (3); midwife (2); evident (2); possessed (2); temperament (2); newborn's (2); accumulated (2); compassionate (2); community's (1); longtime (1); perceive (1); newborn (1); infant's (1),,long-sentence;dense-syntax;very-low-frequency,needs-editorial-review
s258,8,Fantasy/stories,The Ropemaker Who Braided Fortune and Misfortune Together,b8371cc7b3a51e8550a0e9c62d5f7235a6999bca66862a9ceab0fa37634996ee,382,10,61,38.2,16.23,5.5,thaddeus (5); thaddeus's (5); sailors (4); ropes (3); braiding (3); voyage's (3); voyage (3); deliberate (3); maritime (2); voyages (2); dangers (2); testimonials (2); ship's (2); fishermen (1); specialty (1),,long-sentence;dense-syntax;very-low-frequency,needs-editorial-review
s268,8,Nature and animals,Deep-Sea Creature That Makes Its Own Light,31a95dc8044e5bd62299b0e502cb8f91a2f09da611182949ffe6ab64b28f0ec7,360,9,61,40,18.06,4.72,bioluminescence (5); prey (3); ocean's (2); sunlight (2); organisms (2); attracting (2); communicating (2); mates (2); anglerfish (2); bioluminescent (2); lure (2); deepest (1); penetrates (1); lightless (1); possessing (1),,long-sentence;dense-syntax;very-low-frequency,needs-editorial-review
s269,8,Nature and animals,Insect That Mimics a Leaf to Survive,7ff5aeaa1bcfbd7e50deb30c624a7dfc9165e670cb75cdb04721544087f77a4c,360,7,64,51.43,25.28,2.5,camouflage (7); coloration (4); predators (4); convincing (3); insect (3); resembling (3); convincingly (3); evolutionary (3); visually (2); mimicry (2); displaying (2); behavioral (2); adaptations (2); masquerade (2); organism (2),,long-sentence;dense-syntax;low-frequency,needs-editorial-review
s270,8,Nature and animals,How Newborn Mice Can Repair Heart Tissue,3a34072350a23ea8f8af742b6b1ff44cecb693cc569d8e77db2aa5f0ddc38cd6,413,10,60,41.3,10.9,0.97,regeneration (5); regenerative (4); regenerate (2); mammal (2); cardiac (2); restoring (2); developmental (2); mammals (2); exceeding (1); neonatal (1); portions (1); experimentally (1); progressively (1); retaining (1); multiply (1),,long-sentence;dense-syntax,needs-editorial-review
s278,8,World affairs,Region That Shares a Single Power Grid Across Three Countries,9425af60bf3490102fd7195bb01372d31968504b8a1b63ce7ed8fa8d0b95e355,416,10,63,41.6,7.69,0.72,shortage (4); seasonal (2); surplus (2); protocols (2); whichever (2); reliability (2); fictional (1); mountainous (1); hydroelectric (1); surpluses (1); shortages (1); integrating (1); grids (1); exporting (1); coordination (1),,long-sentence;dense-syntax,needs-editorial-review
s279,8,World affairs,The Nation That Negotiates Its Fishing Rights Every Season,d11d083f09213267a76713dcf0cd39e005b53c70820901983a7a94b053fb8030,412,12,58,34.33,15.05,2.43,maritime (4); quotas (4); renegotiation (3); sustainability (3); neighboring (2); predictable (2); certainty (2); assessments (2); overfishing (2); exceeded (2); ecological (2); jointly (2); relying (2); fixed-quota (2); fictional (1),,long-sentence;dense-syntax,needs-editorial-review
s280,8,World affairs,Union of Towns That Shares One Fire Department,cf7cc0a314ae42aee9061c6873339a61383794fa0eaf268ccdb4af973585c03c,382,10,55,38.2,11.52,0.79,consolidation (5); individually (3); department's (3); constraints (2); jointly (2); underfunded (2); fictional (1); persistent (1); adequately (1); staffed (1); impractical (1); negotiated (1); governed (1); understaffed (1); negotiation (1),,long-sentence;dense-syntax,needs-editorial-review
s281,8,World affairs,Nation That Publishes Its Government Budget as a Children's Book,e56db49ef0d8a0f3e6111035a34aef8bdc89dae6eae51f6d9cb5f9fb5ec1079b,401,10,63,40.1,9.48,0.5,simplified (4); budgetary (4); transparency (3); colorful (2); illustrations (2); fictional (1); nation's (1); taxation (1); analogies (1); functioned (1); financially (1); lacked (1); incorporating (1); curricula (1); governmental (1),,long-sentence;dense-syntax,needs-editorial-review
s290,8,Everyday life,Handwriting That Outlived the Letter Writer,3914bd1b9a8766b2c9ae88795794965f2c6d73acc66b6a7be094537a67123ee0,414,10,62,41.4,13.77,3.38,grandmother's (9); wilhelmina (9); handwriting (6); tangible (3); inherited (1); wilhelmina's (1); documentation (1); powerfully (1); reviewing (1); recognizable (1); oddly (1); underlining (1); emphasized (1); handwriting's (1); steadiness (1),,long-sentence;dense-syntax,needs-editorial-review
s291,8,Everyday life,The Garden Left Exactly as the Owner Had Planted It,1873c0f290f62721c6453ed4eab6dd8a7e79baa238ea598779cf38162756e6b1,406,10,55,40.6,12.07,1.48,bartholomew (6); gardening (5); owner's (3); inherited (2); preferences (2); landscaping (2); garden's (2); positioned (2); preserving (2); thoughtful (2); cultivating (1); refining (1); lacked (1); evidently (1); necessity (1),,long-sentence;dense-syntax,needs-editorial-review
s292,8,Everyday life,Silence Between Two Old Friends Who Never Apologized,5ae08160bc8da9df789b2d26eaeac055d92210dd5c51bcbbf4a0434d4b5315ec,410,10,64,41,12.93,1.46,cornelius (6); reconciliation (6); disagreement (5); bartholomew (4); uncertain (3); estrangement (2); polite (1); acquaintance (1); unavoidably (1); articulate (1); intervening (1); vague (1); persistent (1); accumulated (1); cornelius's (1),,long-sentence;dense-syntax,needs-editorial-review
s302,8,History,Ambassador Who Negotiated Peace With No Authority to Do So,2fe0cb6b8c204b50cd2a35c3d046c476c0b793dc00117429e2caf93e573589b9,461,12,61,38.42,17.57,5.42,kingdom's (8); cassius (7); negotiated (3); cassius's (3); escalating (2); authorization (2); uncertain (2); negotiation (2); unauthorized (2); fortunately (2); precedent (2); fictional (1); unspecified (1); neighboring (1); kingdoms (1),,long-sentence;dense-syntax;very-low-frequency,needs-editorial-review
s303,8,History,The Cartographer Who Mapped a Border That Kept Moving,6450319eb88f46ade8e566d155683ff6382d37113e4f1a05e5f389aa6e538b1c,448,11,75,40.73,18.53,4.46,territorial (8); historians (6); theodosia's (5); outdated (3); invaluable (3); continuously (2); documenting (2); shifted (2); documentation (2); border's (2); cartographic (2); obsolete (2); superseded (2); disputes (2); broadly (2),,long-sentence;dense-syntax,needs-editorial-review
s304,8,History,Scribe Who Recorded a History No One Wanted Told,cab967ba7981a0fc2822a67f6faf37ff004fa26b0e2c2e76f62223e79049f786,425,11,63,38.64,13.65,1.88,leopold (5); leopold's (4); historians (3); kingdom's (2); dynasty (2); troubling (2); complying (2); documenting (2); defying (2); fictional (1); unspecified (1); scribe (1); reflecting (1); posterity (1); unjustified (1),,long-sentence;dense-syntax,needs-editorial-review
s317,8,Science,Physics Behind Why Mirrors Reverse Left and Right But Not Up and Down,a1f3a3956efa2c180cb26edbf0f3ec092cf40c99961646979c1325ddf38886ed,420,11,65,38.18,12.86,2.14,mirrors (7); mirror's (4); reversed (4); intuitive (3); inconsistency (2); upright (2); reversal (2); unreversed (2); interpret (2); puzzling (1); puzzled (1); observers (1); misunderstanding (1); reverses (1); perpendicular (1),,long-sentence;dense-syntax,needs-editorial-review
s422,8,Fantasy/stories,Cartographer's Missing Street,07cd51cfcaa433124120407503c9db2a808386b2323568f9a473e4ca21157221,125,4,35,31.25,16.0,6.4,mapmaker (2); perpetua (2); cartography (1); meticulous (1); geography (1); cartographic (1); mistakenly (1); cartographers (1); copying (1); verifying (1); perpetua's (1); puzzling (1); nonexistent (1); preserving (1); phantom (1),,dense-syntax;very-low-frequency,needs-editorial-review
s432,8,Nature and animals,The Insect That Looks Like a Twig,7c6f7eed6cf7ad139612f76610a2bfcdfe73cd12fdd209c892ac3aa496dc3b9e,105,4,32,26.25,23.81,2.86,convincing (2); camouflage (2); twigs (2); predators (2); nature's (1); shapes (1); observers (1); distinguish (1); extends (1); swaying (1); mimicking (1); disturbed (1); disguise (1); mimicry (1); favoring (1),,dense-syntax;low-frequency,needs-editorial-review
s442,8,World affairs,Region That Shares a Language School,9d2c418d485d5659b255798cb79a766b99c6a1b1943a15d226d1d2a60ac1abb7,127,5,34,25.4,13.39,0.79,budgets (2); fictional (1); recognizing (1); individually (1); impractical (1); municipalities (1); jointly (1); consolidated (1); employ (1); instructors (1); offerings (1); municipality (1); coordination (1); school's (1); complications (1),,dense-syntax,needs-editorial-review
s452,8,Everyday life,Recipe Written in the Margins,e33ad2c490beeb14d6287ef0e20bc835f4328e3902ff6dfc468574e1fc458bc1,156,4,45,39,12.82,2.56,consuela (2); adjustments (2); marginal (2); inherit (2); deceased (1); handwritten (1); scribbled (1); margins (1); corrections (1); evolving (1); impatience (1); additions (1); preferences (1); adequately (1); conveyed (1),,dense-syntax,needs-editorial-review
s462,8,History,The Treaty Signed in the Rain,657e9091806296511ea5f87c032d1ae12e8019dc528fe5ff6b5f6f5e836fbd6d,166,5,40,33.2,15.66,1.2,historians (2); delegations (2); discomfort (2); fictional (1); unspecified (1); downpour (1); dignitaries (1); warring (1); soaked (1); postponing (1); appropriately (1); symbolic (1); endured (1); prolonged (1); costly (1),,dense-syntax,needs-editorial-review
s472,8,Science,Why Some Stars Twinkle,961085cb4b8ee378965bed9d8f62df7b88fcf2ca6d32421a48eb60a330cc191a,144,4,46,36,20.83,4.17,atmospheric (3); earth's (2); twinkling (2); observing (1); twinkle (1); flicker (1); unwavering (1); celestial (1); object's (1); positioned (1); distances (1); infinitely (1); susceptible (1); disruption (1); shifting (1),,dense-syntax;low-frequency,needs-editorial-review
s492,8,Fantasy/stories,The Glassblower's Frozen Moments,73f4fec48e6d28cf9247ca8cb0bb88a937f9d72465c31203f1934f22de69a187,225,6,53,37.5,15.11,2.67,sebastian (4); sphere (2); practiced (1); glassblowing (1); specialty (1); distinguishing (1); glassblower (1); spheres (1); fleeting (1); unchanging (1); clarity (1); exhaustive (1); molten (1); incorporating (1); corresponded (1),,long-sentence;dense-syntax,needs-editorial-review
s502,8,Nature and animals,Cuttlefish's Remarkable Camouflage,72fee9166b45b7c6101ab5b9c0463007020146f081b2ac381240748765d417aa,200,5,41,40,21.0,8.5,cuttlefish (5); camouflage (5); textural (3); surroundings (2); ocean's (1); visually (1); skin's (1); fractions (1); stems (1); chromatophores (1); pigment (1); sacs (1); neural (1); instantaneous (1); camouflaging (1),,dense-syntax;low-frequency;very-low-frequency,needs-editorial-review
s512,8,World affairs,Nation That Requires Environmental Impact Voting,ed0cefa60d9327d470e39531f0c9811fd5f4109206c681749b357e7a4293a0f8,231,6,54,38.5,10.82,1.73,sustainability (2); proceeding (2); tradeoffs (2); fictional (1); recognizing (1); prioritized (1); considerations (1); exceeding (1); project's (1); merits (1); assessments (1); dense (1); misunderstanding (1); inherent (1); proponents (1),,long-sentence;dense-syntax,needs-editorial-review
s522,8,Everyday life,The Widower's New Sunday Ritual,2f4b6676db58feb2fa41f4af87d0bba55a0c094b67644e6d180bb9c8e3fc2613,226,6,49,37.67,13.27,0.44,cornelius (5); mornings (3); wife's (2); modification (2); abandonment (2); sundays (1); leisurely (1); unbearable (1); skipping (1); cherished (1); navigate (1); proposing (1); afterward (1); abandoning (1); painfully (1),,long-sentence;dense-syntax,needs-editorial-review
s531,8,History,The Merchant Fleet That Sailed Without Maps,751aeb91d6533cdc5b569d648250c21b45e039397fec19c9672cb14b8a951f5e,274,6,61,45.67,16.79,4.74,navigational (8); sailors (4); preceding (2); navigators (2); historians (2); fictional (1); unspecified (1); expedition (1); navigated (1); unmapped (1); relying (1); memorized (1); apprentice (1); memorize (1); extraordinarily (1),,long-sentence;dense-syntax;very-low-frequency,needs-editorial-review
s532,8,History,Court Painter Who Recorded Dissent,cf85117e18aedb57e7f5ec5e24ea2e0796a08134459ce3e7f51a91dd1ac25060,314,7,68,44.86,16.56,2.87,historians (4); flattering (3); perpetua (2); commissioned (2); portraits (2); depicted (2); representations (2); sketchbooks (2); evidently (2); sketches (2); fictional (1); unspecified (1); painter (1); idealized (1); patrons (1),,long-sentence;dense-syntax,needs-editorial-review
s542,8,Science,Chemistry Behind Why Certain Foods Taste Better Together,fd34887e6cd4d11175d106fe106c113bc1474e7f23ed43d6ed4b1e4d8d53ac5a,241,5,54,48.2,16.18,0.41,combinations (6); culinary (5); pairing (2); appealing (2); aromatic (2); compounds (2); similarities (2); overlapping (1); interpret (1); harmonious (1); satisfying (1); consumed (1); cooks (1); chefs (1); analyzing (1),,long-sentence;dense-syntax,needs-editorial-review
s569,8,Fantasy/stories,Instrument Maker Who Tuned Grief,c1dc26b42eeda6987614443d6487030786a0a5bdbce8fe2daa48828b0058b9d0,219,7,65,31.29,11.42,3.2,casimir (5); grieving (3); commissioned (2); silenced (2); crafted (1); stringed (1); peculiar (1); specialty (1); modification (1); experimentation (1); tonal (1); relationship's (1); daughter's (1); girl's (1); capturing (1),,long-sentence;dense-syntax,needs-editorial-review
s570,8,Fantasy/stories,The Mapmaker Who Charted Regret,ba19b39e972e7bba36c68eabfb571fbe77477fd796b19e14034dfe1200238386,226,6,45,37.67,10.62,2.65,perpetua (3); cartography (1); unconventional (1); specialty (1); depicting (1); geography (1); charting (1); terrain (1); documentation (1); commissioned (1); patient's (1); rendering (1); intricate (1); bottomless (1); canyon (1),,dense-syntax,needs-editorial-review
s589,8,Nature and animals,Extraordinary Migration of Arctic Terns,e779a4f56f377cf6b6f0440ad386cdeccc575a4c07378b614471f7b9a3e51c5a,227,6,47,37.83,15.86,2.64,terns (4); antarctic (2); daylight (2); navigational (2); undertake (1); exceeding (1); astonishing (1); seventy (1); kilometers (1); perpetual (1); characteristic (1); polar (1); summers (1); portions (1); lightweight (1),,long-sentence;dense-syntax,needs-editorial-review
s590,8,Nature and animals,Complex Social Structure of Orca Pods,2fb3bf5475db6befb9f4ff8f13693ebb232f993433fe9da8c9be2798ec66df07,209,5,48,41.8,16.27,3.35,orcas (4); pod (3); pods (2); orca (2); instinctive (2); whales (1); dolphin (1); tightly (1); bonded (1); exhibiting (1); behaviors (1); primate (1); dialects (1); genetically (1); prey (1),,long-sentence;dense-syntax,needs-editorial-review
s604,8,World affairs,Municipal Composting Program,31578edeb1195c1e82823b2b03860de12cf85f6abbba396eb102dc191d6f5713,216,6,45,36,10.19,3.24,composting (4); compostable (2); compost (2); program's (2); fictional (1); consisted (1); unnecessarily (1); landfill (1); bins (1); recycling (1); uncertain (1); appropriately (1); outreach (1); diverted (1); landfills (1),,dense-syntax,needs-editorial-review
s605,8,World affairs,Cross-Border Water Management Agreement,0e9516a3b580d8038daf7c36d45b999e1e0104794d0c3723ab421eb70482d712,239,6,50,39.83,13.81,0.42,allocation (5); equitable (2); jointly (2); commission's (2); fictional (1); escalating (1); negotiated (1); staffed (1); tasked (1); determining (1); seasonal (1); relying (1); rigid (1); outdated (1); formulas (1),,long-sentence;dense-syntax,needs-editorial-review
s607,8,World affairs,National Apprenticeship Modernization Program,fa5e22b717dcc672df37656ccda5d04019471fc3016782a6f212858775159f10,216,6,45,36,15.74,1.85,apprenticeship (6); apprentices (4); persistent (3); modernization (3); pathways (2); shortages (2); fictional (1); recognizing (1); tradespeople (1); revitalize (1); combining (1); jointly (1); curricula (1); trainees (1); subsidies (1),,dense-syntax,needs-editorial-review
s609,8,World affairs,The National Community Land Trust Initiative,4dabd5447a9322b4a13383142dcaa7b256944819e6d610641caac5086c807520,265,8,47,33.13,9.43,0.75,trusts (3); affordability (3); separating (2); lenders (2); fictional (1); recognizing (1); nonprofit (1); structuring (1); unfamiliar (1); consequently (1); reluctant (1); guarantees (1); homeownership (1); implementing (1); resale (1),,long-sentence;dense-syntax,needs-editorial-review
s610,8,World affairs,Regional Circular Economy Partnership,6c33463ac5ba382e0a1c8b1f27267fc16b31ad5249627ad25bdfccc663c57584,233,7,53,33.29,9.44,0.86,circular (2); discarded (2); exchanges (2); fictional (1); recognizing (1); utilize (1); inputs (1); complementary (1); cataloging (1); outputs (1); implementing (1); transporting (1); manufacturer's (1); another's (1); byproduct (1),,long-sentence;dense-syntax,needs-editorial-review
s629,8,Everyday life,Reconciliation After Decades of Silence,b718707e9ac3211740adbf7ba6b09896e08b980ebcf6d4b3416b2e66491de62d,234,6,52,39,13.68,2.99,estrangement (3); wilhelmina (2); frederick (2); accumulated (2); reconciliation (2); devastating (1); disagreement (1); unexpectedly (1); reunited (1); coordinate (1); longstanding (1); tense (1); resentment (1); processed (1); avoidance (1),,long-sentence;dense-syntax,needs-editorial-review
s630,8,Everyday life,The Late-Life Career Reinvention,6586533046bd8d0f1a0b2f8e58b93a9c0da29168dfc34a983eac90f062a96834,239,6,51,39.83,12.13,0.84,deborah (5); navigating (2); midlife (2); restructuring (1); longtime (1); daunting (1); admittedly (1); outdated (1); enrolling (1); counselor (1); transitions (1); humility (1); beginner (1); unfamiliar (1); classmates (1),,long-sentence;dense-syntax,needs-editorial-review
s644,8,History,Astronomer Who Corrected an Ancient Error,7be28783467ec3ff0bec731719c8c6c45a106a7b3966a257a248ae14a805edba,247,6,57,41.17,17.81,2.83,astronomical (5); theodosius (4); calculations (4); astronomers (3); prestigious (2); theodosius's (2); fictional (1); unspecified (1); observatory (1); astronomer (1); planetary (1); noticing (1); persistent (1); discrepancy (1); mistaken (1),,long-sentence;dense-syntax,needs-editorial-review
s645,8,History,The Diplomat's Unconventional Peace Proposal,e8a0bf520c8e00116513ebf334e767467c177ee281e45a6e2a1177cde85359d2,257,7,72,36.71,15.56,2.33,kingdoms (4); unconventional (3); territorial (2); negotiation (2); wilhelmina (2); diplomats (2); wilhelmina's (2); fictional (1); unspecified (1); intractable (1); resisted (1); diplomat (1); determining (1); disputed (1); jointly (1),,long-sentence;dense-syntax,needs-editorial-review
s649,8,History,Translator Who Preserved a Dying Language,0f6a59f33fd58feada564b8f0a2e24ea70b09f60e71c52ef1b3e00c8385f4b02,255,7,48,36.43,17.25,4.71,documentation (4); fluent (3); amara's (3); revitalization (3); amara (2); vocabulary (2); fictional (1); unspecified (1); imminent (1); extinction (1); linguist (1); translator (1); meticulously (1); documenting (1); language's (1),,long-sentence;dense-syntax;very-low-frequency,needs-editorial-review
s650,8,History,Engineer Who Refused to Certify an Unsafe Bridge,31b378b1c5e30263b351d8795f833c2e23918c4dc1369754e79483ccf9a42b24,272,8,50,34,13.6,2.57,henrietta (3); bridge's (3); certify (2); henrietta's (2); modifications (2); compromised (2); fictional (1); unspecified (1); project's (1); prevailing (1); prejudice (1); structurally (1); showcase (1); calculations (1); accelerate (1),,long-sentence;dense-syntax,needs-editorial-review
s669,8,Science,The Genetics of Why Identical Twins Aren't Perfectly Identical,23357bf4a14f687fb7b2f9c61fff095c593e3f937177f042cd4f71d637003625,227,6,56,37.83,11.01,1.76,accumulate (3); modifications (2); fertilized (1); embryos (1); measurable (1); arise (1); epigenetics (1); altering (1); individually (1); embryonic (1); mutations (1); cellular (1); copying (1); genetically (1); accumulated (1),,long-sentence;dense-syntax,needs-editorial-review
s670,8,Science,Physics of Why GPS Requires Correcting for Relativity,5512fc2ffc8e266cdea590305f3b1234c01d67d9ee2eb1325d2791833729121f,257,7,49,36.71,18.68,2.72,corrections (3); velocity (3); clocks (3); relativistic (3); positioning (2); einstein's (2); relativity (2); gravitational (2); satellites (2); altitude (2); earth's (2); orbital (2); tick (2); measurably (1); object's (1),,long-sentence;dense-syntax,needs-editorial-review
s233,8,Famous books,Gulliver in Lilliput,4716f35eeb26eeba48a92ae3cfa5e14df7c1387b21cf751d4d7bd352135d6447,191,17,21,11.24,10.99,4.71,gulliver (3); lilliput (2); shipwreck (1); lemuel (1); wakes (1); discovers (1); cooperate (1); lilliputians (1); amusing (1); neighboring (1); absurd (1); visually (1); satire (1); imaginary (1); invites (1),,very-low-frequency,needs-editorial-review
s241,8,Famous books,Gulliver and the Houyhnhnms,6fdb934ae881cf90b1f4faf9c16ca32141afd78c761f07c7f6eaa45155bbaa3c,184,16,18,11.5,16.76,7.03,yahoos (4); gulliver (3); houyhnhnms (2); resembles (2); voyage (1); humanlike (1); greedy (1); appetite (1); horrified (1); realizes (1); theirs (1); houyhnhnm (1); admires (1); rationality (1); satire (1),,very-low-frequency,needs-editorial-review
s328,8,Famous books,Dimmesdale Keeps His Secret,8195957d185995d5172b256175080f67bd29df2959d990e2aede66e225b35b5b,187,19,17,9.84,15.51,5.35,dimmesdale (4); hester (3); hester's (2); admired (1); congregation (1); sensitivity (1); purity (1); prynne's (1); dimmesdale's (1); preaches (1); troubles (1); declines (1); chillingworth (1); suspects (1); discovering (1),,very-low-frequency,needs-editorial-review
s482,8,Famous books,The Count Begins His Revenge,4a6099df3ae0a88ad8fa199bb486fe80fe4015a50bf9a457a3c2d9ea0437ec88,194,18,23,10.78,13.27,4.59,dant (2); s's (2); monte (1); cristo (1); weaknesses (1); learns (1); danglars (1); discovers (1); fernand's (1); concealed (1); villefort (1); prosecutor (1); introduces (1); waits (1); correcting (1),,very-low-frequency,needs-editorial-review
s805,8,Famous books,Wuthering Heights: Catherine and Heathcliff,58dec7aa231d4331d4ef26db9591573b40243701d2267179f05ce9f1978598d7,199,15,28,13.27,11.56,4.52,heathcliff (4); edgar (2); earnshaw (1); wuthering (1); cruelty (1); orphan (1); linton (1); ambition (1); hears (1); catherine’s (1); identifies (1); resentment (1); repairing (1); punish (1); humiliation (1),,very-low-frequency,needs-editorial-review
s1437,8,People and biography,Amina Okafor: What Remained,d308cbb25366244890e7092465169fd9200d1e25870af2a66a173d8d07c2ca98,255,17,20,15,12.55,7.84,amina (10); okafor (8); okafor's (2); varieties (1); openness (1); relying (1); failures (1); depended (1); brilliance (1); documenting (1); simplified (1); contributors (1); credited (1); growers (1); preserving (1),,very-low-frequency,needs-editorial-review
s1445,8,People and biography,Inez Silva: What Remained,eba4ee9d912b8369ca0bbf0f769ddfdf54b95455f782306c381cd9a752a4e0d1,249,16,20,15.56,16.87,5.22,inez (11); silva (9); rebuild (3); silva's (2); ceramic (1); uncertain (1); failures (1); depended (1); brilliance (1); documenting (1); simplified (1); contributors (1); credited (1); willingness (1); revise (1),,very-low-frequency,needs-editorial-review
s2466,8,People and biography,The Curator's Missing Attribution,cd0a8699e10bd70220b5c94a008f64dde6ae22c2c584af3b363add35f2fa65ad,62,4,24,15.5,16.13,6.45,salma (2); fictional (1); curator (1); reviewing (1); donor (1); prominently (1); maker's (1); rewrites (1); dominate (1),,very-low-frequency,needs-editorial-review
s109,9,Fantasy/stories,Cartomancer's Final Reading,6466253dc35d2824f2e75911a5a03fc0778a94fec8bad88cefdd81e921e70a92,476,11,65,43.27,14.71,4.62,osvaldina (5); prediction (2); uncertain (2); readings (2); troubling (2); unremarkable (2); practiced (1); cartomancy (1); clientele (1); nobility (1); merchants (1); monarch (1); incognito (1); difficult-to-articulate (1); glimpsed (1),,long-sentence;dense-syntax,needs-editorial-review
s110,9,Fantasy/stories,Puppeteer Who Lost the Strings,7774001ccf10908acf6b9ebc4de51b174bbfa7dcdfbf2d9beca55dd14ad51bed,452,10,59,45.2,22.57,5.97,puppets (10); anatol (7); marionettes (5); anatol's (3); cruelty (3); puppet (2); lifelike (2); stiff (2); commissioned (2); portray (2); betrayal (2); embody (2); adjusting (2); resting (1); mastery (1),,long-sentence;dense-syntax;low-frequency;very-low-frequency,needs-editorial-review
s117,9,World affairs,The Currency Backed by Trust Alone,021616d05e81b724ca29f7c87a0f2085cdfe88e65577f5042fac1acabf4bc5f1,469,12,59,39.08,13.86,0.64,system's (4); informal (3); improvised (3); relying (2); crises (2); fairness (2); economists (2); fictional (1); catastrophic (1); rendered (1); worthless (1); confronting (1); reliably (1); severity (1); collaboratively (1),,long-sentence;dense-syntax,needs-editorial-review
s118,9,World affairs,Parliament That Meets Underwater,dd307aa1add459a4bc13ece1eb18a5e9223217305dbae1eb5f6fea0446c8b873,507,12,63,42.25,13.81,1.38,symbolic (7); existential (5); unprecedented (4); underwater (4); sovereignty (4); nation's (3); posed (2); uninhabitable (2); frameworks (2); scenarios (2); render (1); portions (1); convened (1); scuba (1); submerged (1),,long-sentence;dense-syntax,needs-editorial-review
s121,9,Everyday life,Grief That Arrived Years Late,31eab5909881dd0f4f19def686f252811d6c0837f559d66beb569b8b31f15c94,507,12,62,42.25,11.24,3.16,rosalind (5); processed (3); brother's (3); bereavement (3); composure (2); aftermath (2); appropriately (2); disorienting (2); rosalind's (2); grief's (2); resuming (1); psychologically (1); paced (1); timeframe (1); functioned (1),,long-sentence;dense-syntax,needs-editorial-review
s122,9,Everyday life,Language Two Siblings Invented,6f97208bba185a1de838a4e6a71c9857160f554d5973d3d91b2c28069fe3513e,451,10,62,45.1,15.3,3.33,unsupervised (4); vocabulary (3); linguistic (3); schedules (2); anneke (2); bertrand (2); incorporating (2); phrases (2); companionship (2); examining (2); overlapping (1); deliberate (1); gestural (1); observer (1); readily (1),,long-sentence;dense-syntax,needs-editorial-review
s125,9,History,Cartographer Who Erased a Kingdom,79b457e2e3eac4f1256d77f3b6666c0de581c35592551bea0a92eb124a7f1e32,554,13,79,42.62,18.41,4.87,territorial (8); documentation (6); aldwin (5); patron's (5); cartographic (5); commissioned (4); historians (4); depicting (3); disputed (3); aldwin's (3); patron (2); factual (2); straightforward (2); fictional (1); unspecified (1),,long-sentence;dense-syntax,needs-editorial-review
s126,9,History,The Famine That Rewrote a Legal Code,8dca3516566f696fc53cab349674004a1bd97014ae0ead5425457dec98b785bf,554,13,64,42.62,16.43,3.07,inheritance (9); famine (6); famine's (5); succession (4); rigid (3); historians (3); absent (3); disruption (2); mortality (2); patrilineal (2); unworked (2); substantially (2); crisis's (2); undeniable (2); inadequacies (2),,long-sentence;dense-syntax,needs-editorial-review
s130,9,Science,Memory That Exists Outside the Brain,0f5d8107a050474ad2d998da4f9c5528bd71d64e56a0f1eeae69ae3ec8fb93b7,473,12,63,39.42,19.66,3.17,neural (7); organism (6); centralized (6); behavioral (5); possessing (4); slime (4); organisms (4); organism's (3); neuroscience (3); mold (3); neuroscientists (2); extensively (2); whatsoever (2); puzzling (2); single-celled (2),,long-sentence;dense-syntax,needs-editorial-review
s141,9,Fantasy/stories,The Glassblower Who Trapped a Single Regret,d4e836de4a96e55da02ad052b0a0af51dc9e7c95cb1940b6fa465c28369dfc78,429,10,64,42.9,17.72,3.73,amara (6); sphere (4); appropriately (3); glassblowing (2); specialty (2); commissioned (2); acknowledgment (2); fisherman (2); dignified (2); practiced (1); overlooking (1); peculiar (1); craftspeople (1); intricately (1); spheres (1),,long-sentence;dense-syntax,needs-editorial-review
s147,9,Nature and animals,The Fish That Changes Sex to Save the Group,3b267ea9e6d31bda562e8214b75bff13fdfb29e3e51c749bcc4b4bfb21c5d140,406,9,61,45.11,14.29,1.72,reproductive (10); reef (2); undergoing (2); characteristic (2); behavioral (2); transforming (2); neurological (2); ecological (2); biologists (1); sequential (1); hermaphroditism (1); randomly (1); demographic (1); hierarchical (1); persists (1),,long-sentence;dense-syntax,needs-editorial-review
s153,9,World affairs,The Region That Prints Its Own Local Currency Alongside the National One,12eebcc606e85852e96026f7c0947ff17ca24d1a14d312a15878eab1faca22cd,449,12,84,37.42,8.69,0.45,economically (3); measurable (3); explicitly (2); periodic (2); fictional (1); persistent (1); grassroots (1); sanctioned (1); circulating (1); neighboring (1); exchangeable (1); usable (1); retailers (1); benefited (1); organizers (1),,long-sentence;dense-syntax,needs-editorial-review
s159,9,Everyday life,The Silence That Followed a Retirement,b887954bb3da0302b463d3041e771cfe2a70e840719167271b56632112a87405,473,11,69,43,9.51,2.54,consolata (6); disorienting (3); structured (2); consciously (2); satisfying (2); freed (1); accompanying (1); commitments (1); adequately (1); colleague (1); recognizing (1); persistent (1); auditory (1); backdrop (1); appealing (1),,long-sentence;dense-syntax,needs-editorial-review
s165,9,History,The Regent Who Ruled for a Single Afternoon,836411fc7649b0f7fcb8892c614fdba659af22d703cdfa0899d0831b93d99ebf,444,11,58,40.36,17.57,2.7,succession (10); kingdom's (5); regency (4); regent (3); improvised (3); monarch (2); protocols (2); aldric (2); unprecedented (2); adequately (2); historians (2); fictional (1); unspecified (1); reconstruction (1); shortest (1),,long-sentence;dense-syntax,needs-editorial-review
s243,9,Fantasy/stories,The Cartographer Who Mapped Only What He'd Lost,4582da8466ba9b50335b33a773d0103d6027e302dbf8bce9a049ca80b901099e,395,9,64,43.89,12.41,1.77,bartholomew (4); rendered (4); depicting (3); geography (2); commissioned (2); literal (2); bartholomew's (2); estranged (2); unresolved (2); cartography (1); unplanned (1); mapping (1); specialty (1); consumed (1); render (1),,long-sentence;dense-syntax,needs-editorial-review
s244,9,History,Envoy Who Negotiated With an Empire That No Longer Existed,71f104e28b6fd41e62685f91d76346be0f34ffe1e98a9cd67e79a537b4b219ff,468,11,73,42.55,13.46,1.71,envoy (6); successor (5); negotiate (3); negotiating (3); historians (2); overland (2); empire's (2); unified (2); unprecedented (2); fictional (1); unspecified (1); miscommunication (1); neighboring (1); collapsed (1); dispatched (1),,long-sentence;dense-syntax,needs-editorial-review
s423,9,Fantasy/stories,The Alchemist's Borrowed Shadow,d08577cc83e51e446900ec5d56c51d83ad819a74f758317e6e84f5b94dd8e72e,126,4,34,31.5,15.87,4.76,theodoric (4); moderately (1); alchemist (1); behaving (1); fractionally (1); sync (1); alarming (1); aloud (1); alchemical (1); breakthrough (1); instinctively (1); thanking (1); informing (1); verbal (1); shifted (1),,dense-syntax,needs-editorial-review
s433,9,Nature and animals,Coral That Builds an Entire Reef,f970f6498620adaae87e6e856fa6ef9bc408efdee85778ef2e657a693e1a7dfb,119,4,38,29.75,23.53,3.36,reefs (4); coral (3); polyps (2); soft-bodied (1); organisms (1); insignificant (1); collectively (1); construct (1); earth's (1); kilometers (1); polyp (1); secretes (1); calcium (1); carbonate (1); skeleton (1),,dense-syntax;low-frequency,needs-editorial-review
s443,9,World affairs,Nation That Funds Small Inventions,764f0bfdcb939da1af57b405c9dbe197442cfba2486b4e0fe0a169508a097b2d,136,5,35,27.2,9.56,0.74,innovations (2); inventions (2); fictional (1); recognizing (1); originated (1); solving (1); nation's (1); credentials (1); tradespeople (1); filtration (1); unlock (1),,dense-syntax,needs-editorial-review
s453,9,Everyday life,The Silence After the Kids Left Home,aa0d41adb0096745ff5aff98bede335be8a2e8b9b1ec112fc0a07f6d29c87d23,152,4,41,38,15.13,3.29,routines (2); parenting (2); bartholomew (1); confronting (1); unexpectedly (1); profound (1); bustling (1); eventual (1); preceding (1); schedules (1); purposeless (1); unstructured (1); disorienting (1); relaxing (1); adjusting (1),,dense-syntax,needs-editorial-review
s463,9,History,General Who Refused to Fight,4a9067988b82b9abd243ca2cb03f6a200b298cf62e086c17e50c6c424f13b904,178,5,42,35.6,14.61,2.81,aurelius (2); needlessly (2); fictional (1); unspecified (1); professionally (1); risky (1); hopeless (1); costly (1); emphasized (1); unfavorable (1); preserving (1); winnable (1); engagements (1); wiser (1); sacrificing (1),,dense-syntax,needs-editorial-review
s473,9,Science,Physics of a Soap Bubble's Colors,c52beb7f94903a7826bc93e0999ba45b9f2d3ffd64fbf3aa6924f9f342929d78,151,4,40,37.75,15.89,4.64,bubble's (5); shifting (2); sunlight (1); curved (1); interacting (1); physicists (1); interference (1); reflecting (1); film's (1); recombine (1); observer's (1); reinforcing (1); canceling (1); thickness (1); varies (1),,dense-syntax,needs-editorial-review
s493,9,Fantasy/stories,Bookbinder Who Sewed Together Broken Time,1f54bc9b31cfded949279c15da0cf533186692fa5196baa503c66abfd5595f01,219,5,55,43.8,19.63,3.65,ottilie (4); scattered (4); fragmented (3); bind (2); fragments (2); chaotic (2); practiced (1); bookbinding (1); tucked (1); peculiar (1); evident (1); conclude (1); handwritten (1); coherent (1); impose (1),,long-sentence;dense-syntax,needs-editorial-review
s503,9,Nature and animals,Naked Mole Rat's Unusual Biology,6fa0d4f79dec3ce8dd6a85458384cdb6eba3a0f5792b287166998c4d42e6bae4,215,5,47,43,18.6,1.4,mole (5); mammals (2); lifespan (2); rodents (2); cellular (2); colonies (2); extraordinarily (1); rodent (1); captivity (1); correlates (1); unusually (1); distinguishing (1); mammalian (1); remarkably (1); resistant (1),,dense-syntax,needs-editorial-review
s513,9,World affairs,The Federation That Shares Disaster Response Equipment,a9b5944131c4a9e7a1dc456fe9b9bf74faacad664907e7879b39310df980549e,238,6,65,39.67,13.45,0.84,disasters (4); inherently (2); unpredictable (2); fictional (1); recognizing (1); individually (1); impractical (1); infrequent (1); neighboring (1); jointly (1); exceeding (1); coordination (1); protocols (1); determining (1); allocated (1),,long-sentence;dense-syntax,needs-editorial-review
s523,9,Everyday life,House That Held Three Generations of Arguments,f47cadcd73a70b1d03f408db9658683661b637bb69f2974df954cb22d35839a9,240,6,51,40,12.08,2.92,wilhelmina (3); wilhelmina's (2); grandmother's (2); grandparents (2); seventy (1); reflecting (1); extensively (1); witnessing (1); grandfather's (1); disagreement (1); declining (1); disagreements (1); echoing (1); discomfort (1); accumulated (1),,long-sentence;dense-syntax,needs-editorial-review
s533,9,History,Cartographer Who Refused to Finish His Final Map,16c4991b24d0b6f020d38c3ecb62b5160f601125625af162750bc482af06f72b,298,7,71,42.57,14.09,2.35,bartholomew's (3); puzzling (2); bartholomew (2); cartographic (2); historians (2); geographic (2); fictional (1); unspecified (1); cartographer (1); definitive (1); eventual (1); deficiency (1); persistent (1); refusal (1); prompting (1),,long-sentence;dense-syntax,needs-editorial-review
s543,9,Science,The Neuroscience of Why Music Gives Us Chills,d4f37d3ecb099ecb4369cb75b10c3a28623af517a6fbd5aa5e8cacceab2d4de2,232,6,52,38.67,14.22,1.72,neural (4); chills (3); pleasurable (2); neuroscientists (1); passages (1); goosebumps (1); listeners (1); brain's (1); pathways (1); enjoyable (1); intimacy (1); imaging (1); harmonic (1); measurable (1); dopamine (1),,long-sentence;dense-syntax,needs-editorial-review
s571,9,Fantasy/stories,Glazier Who Trapped Sunsets,6af9f04dbab1a67c35a21f7a828cda3e2e9b3b006fd6e176f552c3097929df90,245,6,57,40.83,11.84,4.49,theodora (4); practiced (1); glasswork (1); specialty (1); glazier (1); stained (1); exhaustive (1); corresponded (1); sunset's (1); fisherman (1); lifelong (1); commissioned (1); hues (1); silhouette (1); profound (1),,long-sentence;dense-syntax,needs-editorial-review
s572,9,Fantasy/stories,Silversmith Who Forged Second Voices,f1df0aa8037413d0eed1ee7cb9b48a024838792ce59e3b4e7292edc403893c7e,223,5,58,44.6,15.7,4.04,aurelio (3); whistle (3); grieving (2); crafted (2); practiced (1); silversmithing (1); specialty (1); distinguishing (1); silversmith (1); crafting (1); whistles (1); humanly (1); deceased (1); phrases (1); exhaustive (1),,long-sentence;dense-syntax,needs-editorial-review
s591,9,Nature and animals,The Fungal Networks That Connect Forest Ecosystems,a965104df5ec4dbb133d26e822678debcfac8a84d16ebfbf8973b4c872447189,204,5,44,40.8,14.22,2.45,fungal (5); tree's (2); nutrients (2); threads (1); mycelium (1); intricate (1); informally (1); termed (1); symbiotic (1); photosynthesis (1); efficiently (1); seedlings (1); remarkably (1); transmit (1); insect (1),,dense-syntax,needs-editorial-review
s592,9,Nature and animals,Sophisticated Tool Use of New Caledonian Crows,d6e04c8730a70f910c0688e151ffe2d5754510b27ae15b6ab34bdfc2b747dbf1,220,5,47,44,18.18,0.91,crows (4); demonstrating (3); problem-solving (3); primates (2); twigs (2); caledonian (1); respects (1); exceeding (1); primate (1); possessing (1); occurring (1); bark (1); shaping (1); shapes (1); optimized (1),,dense-syntax,needs-editorial-review
s611,9,World affairs,International Knowledge-Sharing Network for Sustainable Agriculture,d4eb677e073c20cbb993f9e4d8513e5c79c88d5aa30d2d63d7068a41fdce2e65,266,6,59,44.33,13.16,0.75,innovations (4); recognizing (2); broadly (2); contexts (2); fictional (1); systematic (1); disseminate (1); geographic (1); climatic (1); documenting (1); accumulated (1); translating (1); informally (1); formats (1); adapt (1),,long-sentence;dense-syntax,needs-editorial-review
s612,9,World affairs,The Federated Approach to Regional Refugee Resettlement,35c234bc53ab26be71bdfb124383232dfb676a2f4556846991bf8b8ce3970a76,249,7,52,35.57,19.28,3.61,resettlement (10); federated (6); coordination (6); refugee (5); municipalities (4); coordinating (2); fictional (1); logistical (1); neighboring (1); jointly (1); community's (1); coordinated (1); tailor (1); implementing (1); equitably (1),,long-sentence;dense-syntax,needs-editorial-review
s631,9,Everyday life,Multigenerational Household Experiment,6b3429ec0b4c445999895925ca009e96ee49b37cdefc5d4159b84ab90d21aa98,266,6,57,44.33,10.53,4.14,consuela's (6); multigenerational (2); grandparents (2); resisted (1); renovated (1); adjustments (1); renovating (1); adjustment (1); navigated (1); caregiving (1); respecting (1); autonomy (1); proximity (1); childcare (1); accumulated (1),,long-sentence;dense-syntax,needs-editorial-review
s632,9,Everyday life,Friendship Tested by Financial Success,f19b503fc1d06ba69a9f956e24e07042f5fca6df67c6976e03eea9553ae28fbc,249,6,52,41.5,11.65,2.41,devon (4); recognizing (2); trajectories (1); diverging (1); startup (1); effortless (1); deliberate (1); navigate (1); disparity (1); marcus's (1); friend's (1); comparative (1); inadequacy (1); uncertain (1); patronizing (1),,long-sentence;dense-syntax,needs-editorial-review
s651,9,History,The Archivist Who Smuggled a Nation's Memory,dc3ef9dd7bf9a4bf84e4bc9646467e6268d47c6fd5e4a8c958a9e1510a9dca3f,307,8,63,38.38,14.66,2.93,nation's (4); invading (2); bartholomew (2); occupying (2); preserving (2); fictional (1); unspecified (1); devastating (1); archivist (1); agonizing (1); governmental (1); seize (1); covert (1); irreplaceable (1); undertaking (1),,long-sentence;dense-syntax,needs-editorial-review
s652,9,History,Economist Whose Warnings Went Unheeded,948e41ee95bb19d34f4aa265c2b71028a06a41c277491c9c4761d9b9f19c7a99,299,7,69,42.71,16.05,3.01,prosperity (3); cordelia's (3); cordelia (2); economists (2); optimistic (2); fictional (1); unspecified (1); robust (1); confidently (1); indefinitely (1); obscure (1); economist (1); indicators (1); unnecessarily (1); pessimistic (1),,long-sentence;dense-syntax,needs-editorial-review
s671,9,Science,Microbiome's Influence on Human Health and Behavior,4088ddd2e5edeabfcb1a308177fa945347f4e751a6fcb859e7889bb88d69ca5a,264,6,55,44,15.53,3.79,digestive (5); microbiome (5); microorganisms (2); termed (2); microbial (2); pathways (2); trillions (1); inhabiting (1); collectively (1); ecosystem (1); imbalances (1); correlating (1); susceptibility (1); autoimmune (1); inflammatory (1),,long-sentence;dense-syntax,needs-editorial-review
s672,9,Science,The Astrophysics of Gravitational Waves,795324fc6fea37286d051d802da34588ca5e95d2c3eab99839c16ccae472be33,276,6,56,46,18.18,3.64,gravitational (5); cosmic (4); detecting (3); extraordinarily (3); phenomena (3); astrophysical (2); milestone (1); ripples (1); einstein's (1); relativity (1); colliding (1); merging (1); observable (1); weakened (1); distances (1),,long-sentence;dense-syntax,needs-editorial-review
s819,9,Famous books,Middlemarch: Dorothea's Idealism,0e3b0bef6df7d04956b767e32961df01ed6da566411d2026f798e7de9b2bc8fa,209,16,25,13.06,14.83,5.26,dorothea (5); middlemarch (2); idealism (2); casaubon (2); brooke (1); meaningfully (1); distrusts (1); scholar (1); imagines (1); profound (1); assisting (1); aspiration (1); distort (1); insecure (1); admitting (1),,very-low-frequency,needs-editorial-review
s941,9,Famous books,Ahab's Narrow Horizon,b83f0b20bfa7ed8ceb821f197d7d555cd58e2bae2ca9bfdc57b291fa644db8b0,262,19,21,13.79,18.7,5.73,ahab (3); whale (3); ahab's (3); possesses (1); endurance (1); unite (1); strengths (1); moby (1); converts (1); crew's (1); religions (1); motives (1); pequod (1); bends (1); grievance (1),,very-low-frequency,needs-editorial-review
s944,9,Famous books,Ishmael Watches the Pequod,410367bdce57e016c8f54af4b0e155ebcfd1f122ba34c319f18e9bfd665d545a,251,19,23,13.21,19.05,5.16,ishmael (4); ahab (2); voyage (2); ahab's (2); obsession (2); pequod (1); restless (1); observes (1); compares (1); admits (1); openness (1); shapes (1); queequeg (1); prejudice (1); tattooed (1),,very-low-frequency,needs-editorial-review
s1451,9,People and biography,Priya Das: What Remained,461e1b957245f5bc7d2a745476f39cd815f94f441a4557b209035c7354fd2dc2,277,19,19,14.58,16.61,5.42,priya (12); das (9); tasted (4); das's (3); drainage (2); conflicting (1); failures (1); depended (1); brilliance (1); documenting (1); simplified (1); contributors (1); credited (1); willingness (1); revise (1),,very-low-frequency,needs-editorial-review
s1697,9,Famous books,Ahab and the Meaning of the White Whale,2b0cf229ba5b8b65e7d19af6d5243016d4818877a835b25c0ca183b6679502cc,204,12,25,17,21.08,5.88,ishmael (2); voyage (2); ahab (2); whale (2); whaling (1); pequod (1); intends (1); moby (1); converts (1); ship's (1); charisma (1); bind (1); injures (1); sailors (1); omen (1),,very-low-frequency,needs-editorial-review
s1897,9,Famous books,Dorothea Revises Her Idea of a Great Life,4f19f67ec4b35a4e9260ee0687a979ca09819e16ea21b7dab849276bcfd59ac8,113,7,25,16.14,22.12,8.85,dorothea (2); brooke (1); scholar (1); casaubon (1); discovers (1); sterile (1); restrictive (1); ladislaw (1); deepens (1); casaubon's (1); ambitious (1); tertius (1); lydgate (1); ideals (1); compromised (1),,low-frequency;very-low-frequency,needs-editorial-review
s1988,9,Famous books,Jane Eyre Chooses Equality,8ffa1ff4f3211c79c844657e2aa99e21ab75ad9a8a5973dc7ab987787781eaf7,120,7,22,17.14,21.49,7.44,thornfield (2); rochester (2); bertha (2); eyre (1); unwanted (1); aunt's (1); endures (1); deprivation (1); lowood (1); governess (1); develops (1); learns (1); confined (1); violate (1); conscience (1),,very-low-frequency,needs-editorial-review
s1990,9,Travel and culture,The Pilgrim Road without a Finish Line,4be62c187af71dc908e4599f5d6471d48bfa8489156c629a002bd193eef71c10,119,8,19,14.88,21.01,5.04,leen (2); namar (1); imaginary (1); pilgrimage (1); linking (1); shrines (1); guesthouses (1); plateau (1); travelers (1); curiosity (1); expects (1); learns (1); recognizes (1); endpoint (1); selecting (1),,very-low-frequency,needs-editorial-review
s111,10,Fantasy/stories,The Alchemist's Unfinished Equation,1db07bf6e0b0910eb589d5e3da83fe968d57e96dd7426b29fa46d3133d2cb580,538,10,83,53.8,21.56,6.51,theodoric (4); theodoric's (4); eventual (4); master's (4); unfalsifiable (3); alchemical (2); refined (2); persistent (2); pseudo-science (2); experimentation (2); refinement (2); dedication (2); skeptical (2); elaboration (2); perpetua (2),,long-sentence;dense-syntax;very-low-frequency,needs-editorial-review
s112,10,Fantasy/stories,Keeper of Names No One Speaks,5ebe2b50edd2df93a0633b29327cba5fbecda9af42c66b3b8589230508fc45cc,530,10,64,53,18.49,4.15,theological (6); erased (5); erasure (4); monastery's (4); community's (3); preserving (3); cassian (3); monks (2); archive (2); offenses (2); originating (2); spiritually (2); punitive (2); monastic (2); cosmic (2),,long-sentence;dense-syntax,needs-editorial-review
s115,10,Nature and animals,Ecosystem Hidden Beneath the Ice,dba1022ca1924a1d4f35915e879ab53f4ebd27118d783045ffcbcd30e205175b,483,9,66,53.67,18.01,3.93,subglacial (5); antarctic (4); ecosystem (3); microbial (3); geological (2); extraordinarily (2); incompatible (2); sustaining (2); lake's (2); broadly (2); evolutionary (2); antarctica's (2); freshwater (1); kilometers (1); earth's (1),,long-sentence;dense-syntax,needs-editorial-review
s119,10,World affairs,Diplomatic Immunity That Outlived Its Purpose,3788656f862a38c5f9d6c41e9ecadf3bc62f45c34add2d2b710cb5338b4303b5,528,10,70,52.8,14.02,1.52,immunity (7); diplomats (4); cooperative (4); bilateral (4); accountability (3); unrelated (3); immunity's (3); protections (3); offenses (2); unstable (2); frameworks (2); diplomat's (2); accredited (1); arbitrary (1); detention (1),,long-sentence;dense-syntax,needs-editorial-review
s120,10,World affairs,The Federation That Never Formally Existed,b61c6048be84992e0f1c5a0c7012fb80956a3a58f32cc54944c67bc069ffe885,476,12,77,39.67,14.5,1.26,informal (10); governmental (3); cooperative (3); coordination (3); legitimacy (3); historians (2); neighboring (2); ratification (2); sovereignty (2); calculation (2); accountability (2); fictional (1); unusually (1); coordinated (1); confederational (1),,long-sentence;dense-syntax,needs-editorial-review
s123,10,Everyday life,The Inheritance of an Unfinished Argument,ffb6c1de98604211f3d1c0263c7eb58dab60a6e513cbdae9828fd8a09a4dbcd8,559,12,71,46.58,14.49,1.61,cornelius (10); disagreement (4); cornelius's (3); unresolved (3); evolving (3); unsent (3); reconciliation (3); prompted (2); extensively (2); unshared (2); protracted (1); preceding (1); explicitly (1); forgiven (1); noticeably (1),,long-sentence;dense-syntax,needs-editorial-review
s124,10,Everyday life,Correspondence That Outlasted the Marriage,ab34ee247fece48dc74ced15679fa05eed91f82f198e034bbf582227397f7262,553,11,71,50.27,15.55,3.98,wilhelmina (6); correspondence (5); marriage's (5); accumulated (4); dissolution (4); eventual (3); retrospective (3); diminished (3); attentiveness (3); rereading (2); attentive (2); uncertain (2); sustain (2); sorting (1); exchanged (1),,long-sentence;dense-syntax,needs-editorial-review
s127,10,History,Empire That Governed by Rumor,78062ac483260280f5986f96c082311f6dd1ca90e3a5bc6dcffbc16612cb4252,582,12,72,48.5,18.21,3.44,empire's (10); historians (4); cultivated (4); territorial (2); rumor (2); deliberate (2); relying (2); strategically (2); recognizing (2); realistically (2); exaggerating (2); administrators (2); narratives (2); nominal (2); fearsome (2),,long-sentence;dense-syntax,needs-editorial-review
s128,10,History,Scribe Who Forged His Own Death,c518b7d6100c262ae8544aef108f4d11f5ca475769d16d99014cdd27eb11448c,600,13,69,46.15,12.17,3.0,aurelian (8); documentation (5); historians (5); deception (4); implicated (3); scribe (2); orchestrated (2); convincing (2); damaging (2); vindication (2); fictional (1); unspecified (1); implicating (1); reigning (1); monarch (1),,long-sentence;dense-syntax,needs-editorial-review
s131,10,Science,Symmetry That Physics Cannot Explain,3a7fedc522a508e84ebc1feb06005d9fa0c593bf59670494e2b8e9e25cf0c3d1,589,11,81,53.55,17.66,4.92,asymmetry (9); physicists (5); particle (5); observable (5); antimatter (5); universe's (4); quantities (4); puzzle (4); frameworks (4); symmetry (4); matter-antimatter (4); cp (3); experimentally (3); resolving (3); unresolved (3),,long-sentence;dense-syntax,needs-editorial-review
s132,10,Science,The Jellyfish That Can Reverse Its Life Cycle,03387ceb998fa0e5d5a8328af74ba10b709fd8c8e91ce1f1957a6cf2dde8f27b,525,12,81,43.75,15.24,2.86,jellyfish (7); developmental (5); cellular (5); mortality (3); immortality (3); theoretically (2); indefinitely (2); organism's (2); transdifferentiation (2); eventual (2); reversion (2); organisms (2); biologists (1); fundamentally (1); inherent (1),,long-sentence;dense-syntax,needs-editorial-review
s142,10,Fantasy/stories,Astronomer Who Charted a Sky That Wasn't There,406c7018356ca665c2c8988733da88ce39c1bb018a372ec7e4b460c6f27172a1,439,9,66,48.78,26.2,5.69,observational (7); theodora's (6); astronomical (5); theodora (3); meticulous (3); meticulously (2); documenting (2); scholarly (2); persistent (2); celestial (2); ceased (2); phenomena (2); explanatory (2); frameworks (2); eventual (2),,long-sentence;dense-syntax;low-frequency,needs-editorial-review
s148,10,Nature and animals,Genome That Contains an Ancient Virus's Instructions,9e64e3ae418709937c692400bc3a1803f899b0c95a3168ce4b181a5c7bc24e10,472,9,77,52.44,19.92,2.75,evolutionary (9); genome (6); infections (4); ancestors (4); mammalian (4); genomic (3); sequences (3); retroviruses (2); originated (2); reproductive (2); offspring (2); viral-derived (2); co-opted (2); placental (2); distinguishing (2),,long-sentence;dense-syntax,needs-editorial-review
s154,10,World affairs,Court That Has No Country to Enforce Its Rulings,06de26b3ef8c2937e198859581e8dcb40974b7b07b90077b1d13fb8f899a63b8,512,10,81,51.2,10.16,0.59,rulings (5); persistent (4); credibility (3); disputes (2); limitation (2); reputational (2); absent (2); arbitration (1); broadly (1); tribunals (1); procedurally (1); compel (1); chooses (1); court's (1); unfavorable (1),,long-sentence;dense-syntax,needs-editorial-review
s160,10,Everyday life,House That Two Siblings Could Not Agree to Sell,33e2c195032bf8931297736ff1a68461f66479fadd15cf18928c353fdd49424e,454,9,74,50.44,13.88,3.3,disagreement (5); theodric (4); prolonged (4); wilhelmina (3); sibling (3); occupy (2); wilhelmina's (2); reluctance (2); eventual (2); inherited (1); persisted (1); remarkably (1); considerations (1); necessity (1); centered (1),,long-sentence;dense-syntax,needs-editorial-review
s166,10,History,Archive That Survived by Being Ignored,7a387eb5b282e8ee6ba125b5a156a260bf45ad1b39c736b6489a3f830de7097f,517,11,77,47,11.61,1.55,historians (8); deliberate (5); mundane (3); archive's (2); archive (2); revision (2); dramatically (2); unimportant (2); fictional (1); unspecified (1); counterintuitive (1); periodic (1); upheaval (1); judgments (1); correspondence (1),,long-sentence;dense-syntax,needs-editorial-review
s172,10,Science,Vacuum That Isn't Actually Empty,18fd71f86aef2e8ba4efa0dbb6c173f2cf7f2d87b6edfeb95eb23b1731cafa83,456,9,70,50.67,15.57,4.17,physicists (4); particle (3); fluctuations (3); occurring (2); measurably (2); compelling (2); counterintuitive (2); casimir (2); experimentally (2); fundamentally (1); devoid (1); whatsoever (1); revealing (1); evacuated (1); adequately (1),,long-sentence;dense-syntax,needs-editorial-review
s246,10,Everyday life,The Diary Two Strangers Kept Without Knowing Each Other,60374f0386b04704fc3aa6d635916d3eb368048565168c600cd2a31fbab97714,429,8,71,53.63,11.19,2.1,prudence (8); journal's (6); reflections (4); secondhand (3); owner's (2); intending (1); abandoning (1); partway (1); captivated (1); stranger's (1); frustrations (1); philosophical (1); unexpectedly (1); resonant (1); admittedly (1),,long-sentence;dense-syntax,needs-editorial-review
s424,10,Fantasy/stories,Loom That Wove Forgotten Names,250919acd67150316806ad8175940fdb94f6942e727c3ed7f36cd6e3e901fd19,137,4,47,34.25,18.98,3.65,weaving (3); nuns (2); forgetting (2); convent (1); loom (1); reputed (1); threads (1); woven (1); abbess (1); order's (1); theological (1); constituted (1); symbolic (1); remembrance (1); historians (1),,dense-syntax,needs-editorial-review
s434,10,Nature and animals,Microbe That Lives in Boiling Water,cfe85dcb9f36cc766b3eac71805f416e2255ecb6a85995aa5e2ce319b52b6d0b,124,4,35,31,15.32,1.61,thermophiles (2); geothermal (1); exceeds (1); boiling (1); microorganisms (1); thrive (1); organisms (1); cellular (1); membranes (1); structurally (1); reinforced (1); molecules (1); heat-resistant (1); enzyme (1); fundamentally (1),,dense-syntax,needs-editorial-review
s454,10,Everyday life,Letter Kept in a Drawer for Years,a5509016da4c1c4aa103ecb0bc9fa7adaa502f0481f5c7920c53ab14d7ffc655,154,4,46,38.5,11.04,2.6,wilhelmina (2); unopened (1); tucked (1); drawer (1); summon (1); readiness (1); overwhelmed (1); curiosity (1); reopen (1); intervening (1); daughter's (1); recognizing (1); impending (1); grandmotherhood (1); shifted (1),,dense-syntax,needs-editorial-review
s464,10,History,City Buried Under Sand,f2316f4ed4a0d7e893a5f1dde863dd04ef4f3143fafd77adbfd795667447f021,184,5,48,36.8,15.76,2.72,shifting (2); excavation (2); scholarly (2); fictional (1); unspecified (1); archaeologists (1); excavating (1); uncovered (1); dunes (1); imaging (1); geometric (1); desert's (1); marketplace (1); unconnected (1); civilizations (1),,dense-syntax,needs-editorial-review
s474,10,Science,The Biology of Why Wounds Heal,7f9e37e3c8ad3d1330c001b3b2f2857f0efc2ce6888907390407c3a476ae11b0,173,5,44,34.6,12.72,2.89,sustains (1); initiates (1); coordinated (1); sequential (1); coordination (1); constrict (1); platelets (1); clot (1); harmful (1); penetrate (1); collagen (1); fibers (1); rebuilding (1); wound's (1); migrate (1),,dense-syntax,needs-editorial-review
s494,10,Fantasy/stories,Cartomancer Who Read the Future in Reverse,316cb249dcc813bb3fc1815dd693084720a227c5c2947ac11fd0034f64656c74,253,5,61,50.6,15.02,3.56,reversed (5); zosia (3); readings (3); cartomancy (2); countless (2); client's (2); zosia's (2); disconnected (1); teller (1); practiced (1); lineage (1); verify (1); unfolded (1); pursuing (1); unchosen (1),,long-sentence;dense-syntax,needs-editorial-review
s504,10,Nature and animals,The Deep-Sea Anglerfish's Unusual Reproduction,e2ed87b9cb519f856873d5b5954d402e570a8a53d07f593936ab7a83d9244f33,212,5,44,42.4,20.28,4.72,reproductive (5); anglerfish (3); depths (2); locating (2); extraordinarily (2); circulatory (2); ocean's (1); darkest (1); counterparts (1); sensors (1); attaches (1); fusing (1); hers (1); interconnected (1); termed (1),,dense-syntax,needs-editorial-review
s514,10,World affairs,Confederation That Rotates Its Capital City,67a46488b6910460148edaa90290f3797e639e2abf40665b71223b1e37a624d9,260,6,54,43.33,14.62,1.54,governmental (5); rotating (3); confederation (2); confederation's (2); persistent (2); centralized (2); fictional (1); semi-autonomous (1); maintains (1); predetermined (1); historians (1); comparative (1); possessing (1); selecting (1); resentment (1),,dense-syntax,needs-editorial-review
s524,10,Everyday life,Correspondence That Spanned a War and Outlasted It,2e36570a9880f859074cc49f279960ac7d3df4bb8232ff75562be825984841de,289,6,70,48.17,12.11,3.81,cordelia (5); correspondence (4); aunt's (3); eventual (3); wartime (3); evidently (2); exchanged (1); spanning (1); affection (1); diverged (1); explicitly (1); piecing (1); poignant (1); incomplete (1); longing (1),,long-sentence;dense-syntax,needs-editorial-review
s534,10,History,The Diplomat Whose Silence Ended a War,3d23a35410e59798cf2abe59f7097ea7cb330ffe79980e9b2aff68e1eb0482b2,313,7,69,44.71,20.77,2.88,negotiating (8); historians (3); delegates (3); cassandra (2); verbal (2); unsuccessful (2); negotiation (2); negotiation's (2); substantive (2); unsettled (2); cassandra's (2); strategy's (2); fictional (1); unspecified (1); prolonged (1),,long-sentence;dense-syntax,needs-editorial-review
s544,10,Science,Quantum Mechanics of Why Certain Materials Become Superconductors,2f8d16931ac0f86ed925d72d783cfa2714426f98bedf043e9a1d8943067ab7e0,274,6,58,45.67,21.53,5.84,superconductivity (4); electrons (4); physicists (3); material's (3); superconductors (3); measurable (2); cooled (2); adequately (2); atomic (2); consequently (2); bcs (2); theoretically (2); frameworks (1); counterintuitive (1); conductors (1),,long-sentence;dense-syntax,needs-editorial-review
s573,10,Fantasy/stories,The Bell Founder Who Cast Forgiveness,a4f630b621ad6e45a54d3599d7fb4d70a530cdcd2e4ff269d8f06787f89103af,272,6,57,45.33,16.91,2.21,bells (3); monastery (2); reconciliation (2); commissioned (2); interpersonal (2); monastery's (2); symbolic (2); estranged (2); disconnected (1); monks (1); reputed (1); rung (1); facilitate (1); irresolvable (1); presiding (1),,long-sentence;dense-syntax,needs-editorial-review
s574,10,Fantasy/stories,Archivist Who Catalogued Unspoken Apologies,fc7c861d09c2d9f6d8f82568aa8b790314523ad549a5243f5e6542cadcacfc2e,255,5,62,51,16.86,5.1,prudence (4); apologies (2); estrangement (2); unsent (2); archive's (2); obscure (1); archive (1); archivist (1); preserving (1); recipients (1); accumulated (1); cowardice (1); eventual (1); order's (1); founding (1),,long-sentence;dense-syntax,needs-editorial-review
s593,10,Nature and animals,Extremophile Organisms Redefining the Boundaries of Life,2017d82d261c0ca07c5581ae11767b6c70f6567a603ae66fd93bd0877381e574,269,5,65,53.8,17.1,2.23,organisms (5); extremophile (3); thriving (2); cellular (2); incompatible (1); progressively (1); microorganisms (1); acidic (1); ph (1); dissolve (1); extraordinarily (1); lethal (1); formations (1); kilometers (1); earth's (1),,long-sentence;dense-syntax,needs-editorial-review
s594,10,Nature and animals,The Epigenetic Inheritance of Environmental Memory,a168896a175473879b8efc868b955d5b83a3db768ac3a4d9a6032d9bb1e69a32,278,6,60,46.33,17.27,2.88,inheritance (6); offspring (4); measurable (2); epigenetic (2); modifications (2); epigenetics (1); heritable (1); alteration (1); organism's (1); transmitting (1); examining (1); physiological (1); behavioral (1); adaptations (1); stresses (1),,long-sentence;dense-syntax,needs-editorial-review
s613,10,World affairs,Polycentric Governance Model for Transboundary Environmental Management,1e7f742aa0f67517b770f935c351cf3a5e80d39952a8a47986d3a8e5122c43f5,328,6,90,54.67,16.77,4.88,transboundary (7); polycentric (4); centralized (4); sovereign (3); spanning (2); resilient (2); adaptable (2); nation's (2); overarching (2); resilience (2); unusually (1); ecosystem (1); instructive (1); wherein (1); overlapping (1),,long-sentence;dense-syntax,needs-editorial-review
s614,10,World affairs,Deliberative Mini-Public Model for Contested Infrastructure Decisions,e00f375d39f50007c5091da53be47e92031ffa7412ab0b56d06e47d618f05042,299,6,76,49.83,13.04,6.02,deliberative (5); mini-publics (3); randomly (3); contested (3); adversarial (3); contentious (2); experimentation (1); convened (1); deliberate (1); extensively (1); formulating (1); opinionated (1); unrepresentative (1); assemble (1); demographically (1),,long-sentence;dense-syntax;very-low-frequency,needs-editorial-review
s633,10,Everyday life,The Inheritance That Revealed a Hidden Family History,566234d483210a8e1dbdbb174e76bdf71ecba85f6ed692a96010495d9c171aba,300,6,78,50,10.33,1.67,penelope (4); penelope's (3); grandmother's (2); inherited (1); deceased (1); tucked (1); unremarkable (1); revealing (1); explicitly (1); evidently (1); prompted (1); reckoning (1); uncertain (1); possessed (1); remarried (1),,long-sentence;dense-syntax,needs-editorial-review
s634,10,Everyday life,Decades-Long Correspondence With a Childhood Pen Pal,2ba5a506f40ec91ae8c698533bb9fdc5656c18568a312e013c3f3fbd1e5a1188,280,6,56,46.67,12.14,1.07,correspondence (5); pal (3); genevieve (2); spanning (1); marriages (1); upbringing (1); exchanged (1); ten-year-olds (1); girl's (1); progressed (1); adolescence (1); parenthood (1); evolving (1); perspectives (1); correspondent (1),,long-sentence;dense-syntax,needs-editorial-review
s653,10,History,Historian Who Documented Her Own Erasure,558d092dca911784bd73ac3140003da8a53026a2b9b4d1588bbf1f06b7dee931,372,8,72,46.5,18.01,2.69,historians (5); scholarly (3); archival (3); archive (2); routinely (2); prudence (2); systematic (2); obstacles (2); prudence's (2); journals (2); documentation (2); fictional (1); unspecified (1); prestigious (1); excluded (1),,long-sentence;dense-syntax,needs-editorial-review
s673,10,Science,Theoretical Physics of Quantum Entanglement and Its Implications,4c539e0e4a9daa0161fd52efb390465e612d3a47a6608dab50613fd8a2d1ecaf,309,6,65,51.5,14.89,4.85,correlation (5); entanglement (4); instantaneously (3); entangled (3); particle's (2); counterintuitive (1); correlated (1); determines (1); separating (1); theoretically (1); philosophically (1); phenomena (1); einstein (1); famously (1); skeptically (1),,long-sentence;dense-syntax,needs-editorial-review
s674,10,Science,Molecular Biology of CRISPR Gene Editing Technology,db0bc43678010054c992efc1e778368303c678dc60bfeb1cf1fa14e9f80246df,323,6,80,53.83,12.38,2.17,bacterial (3); modification (3); occurring (2); sequences (2); transformative (2); crispr (1); infections (1); unprecedented (1); modify (1); organisms (1); biology's (1); breakthroughs (1); exploits (1); identifies (1); reprogrammed (1),,long-sentence;dense-syntax,needs-editorial-review
s976,10,Famous books,Middlemarch and the Web of Consequence,a2e5dff3d31a94488c976af793f11aa11485380abc15d1c73f110c06255a051b,269,21,22,12.81,18.96,7.06,middlemarch (2); alters (2); eliot's (2); structured (1); destinies (1); inheritance (1); dorothea (1); brooke (1); longs (1); casaubon's (1); scholarly (1); tertius (1); lydgate (1); ambition (1); underestimating (1),,very-low-frequency,needs-editorial-review
s1807,10,Famous books,The Karamazov Brothers and the Burden of Choice,f173d46b103168ff8516bd46d949173faa48b013c8b1981d2036e6ffde05a987,164,10,25,16.4,24.39,8.54,dmitri (3); ivan (3); fyodor (2); smerdyakov (2); pavlovich (1); karamazov (1); negligent (1); embody (1); conflicting (1); temperaments (1); indebted (1); intellectually (1); tormented (1); alyosha (1); compassionate (1),,very-low-frequency,needs-editorial-review
s1907,10,Famous books,The Karamazov Brothers Face a Father's Death,b1d863ca710d8a5fd7195ef8610fbbeae9ae3ceac580a4bc09d7dcf67383b824,116,6,28,19.33,28.45,12.93,ivan (3); fyodor (2); dmitri (2); smerdyakov (2); pavlovich (1); karamazov (1); neglectful (1); embody (1); conflicting (1); temperaments (1); quarrels (1); morality (1); relentless (1); alyosha (1); compassionate (1),,low-frequency;very-low-frequency,needs-editorial-review
s2566,10,People and biography,The Statistician's Refusal to Rank,53b286398c02228da48093d573e9796f549d0fd74e2f337842a71ca3a60fb136,63,4,19,15.75,17.46,6.35,fictional (1); amara (1); statistician (1); incompatible (1); definitions (1); narrower (1); requester's (1); polished (1); conceal (1); amara's (1); calculate (1),,very-low-frequency,needs-editorial-review
