# level|topic index|title|text|sourceWork (classics only)
1|0|A Cloud in the Kitchen|A cloud comes into May's kitchen. It is small and wet. May puts a cup under it. One drop falls into the cup. Then another drop falls. May takes the cloud outside. Her flowers need water. The cloud has a new job.
1|0|The Door Under the Rug|Ben moves a rug. There is a small door under it. He opens the door. A tiny man looks up. He has a tiny rug. Ben laughs. The man laughs too. Ben closes the door with care. Now he walks around that part of the room.
1|0|The Moon's Lost Shoe|The moon has one shoe. Where is the other shoe? A girl finds it in her garden. It is big and white. She puts it on the roof. That night, the shoe is gone. There is a little star in its place. The girl smiles.
1|0|The Paper Horse|A paper horse stands on Dan's desk. At night, it moves. It runs over a book. It jumps over a pen. Dan makes a paper field for it. In the morning, the horse is in the field. Its small paper head is down. It is eating paper grass.
1|0|A Song for the Stone|A stone asks for a song. Kim sings to it every day. The stone does not move or change. One day, Kim is sad. She sits by the stone. A small song comes from inside it. It is her song. Kim sits and listens.
1|1|The Quiet Gate|Amy sees a bird by the garden gate. She wants to look at it. She does not run. She sits on a chair and waits. The bird moves into the grass. Amy can see its feet now. She draws the bird. Then she goes inside.
1|1|One Red Leaf|Tom picks up a red leaf. There are yellow leaves too. He puts three leaves on white paper. They are not the same size. He draws around each leaf. Then he takes the leaves outside again. His picture stays on the table.
1|1|The Cat's New Place|Our cat sits in an empty box. We put a soft bed near the box. The cat looks at the bed. Then she goes back into the box. We leave both things there. At night, she sleeps in the bed. In the morning, she is in the box again.
1|1|Rain on the Path|It rains in our garden. I look through the window. There is a worm on the path. I do not go out. I draw a line on my paper. It looks like the worm. The rain stops. I look again. The worm is not there now.
1|1|A View of the Tree|Lee looks at a tree from his room. He can see two birds. His sister looks from the kitchen. She can see three birds. They go outside together. There are four birds in the tree. One bird is behind a big leaf. They both laugh.
1|2|A Seat for the Bags|In this made-up town, people wait for a bus. Their bags are on a bench. An old man comes. There is no place to sit. A woman puts her bag on her knees. Two people move their bags too. Now the man can sit down.
1|2|The Late Meeting|In this story, a town has a meeting at six. Sam works until seven. He cannot go. He writes his idea on a card. His friend takes the card to the meeting. The people read it. Next time, they have a meeting on Sunday too.
1|2|Two Ways to Read|In this made-up town, a sign has very small words. Ada cannot read them. She asks for help. A worker makes a new sign with big words. He keeps the old sign too. Ada can read the new one. She finds the right room.
1|2|The Open Field|In this story, two groups want to use a field. One group wants to play ball. The other wants to dance. They talk together. The ball game is in the morning. The dancing is in the afternoon. At lunch, both groups sit in the grass.
1|2|The Water Table|In this made-up town, a shop has a water table outside. The cups are too high for a child. A worker moves some cups to a low table. The child takes one. Later, a man in a low chair takes one too. Both tables are useful.
1|3|Breakfast on the Step|I make two pieces of bread. My friend comes to the door. She has two apples. We sit on the step outside. I give her some bread. She gives me an apple. We have no table, but we have a good breakfast. We watch people walk to work.
1|3|The Blue Sock Game|Dad has a blue sock. He needs the other one. We look under the bed. We look behind a chair. My little brother has it on his hand. It is a blue snake now. Dad asks the snake to go home. My brother puts it by the first sock.
1|3|A Cup with a Line|My cup has a blue line inside. I put water in it. I stop at the line. My brother wants more water. He uses a bigger cup. We put our cups on the table. His cup is big, but my cup is just right for me.
1|3|The Last Clean Shirt|Jo has one clean shirt. She puts it on for work. Her dog wants to play outside. The ground is wet. Jo takes off the clean shirt. She puts on an old one. They play for five minutes. Then Jo changes again and goes to work.
1|3|A Small Place to Write|Our table is full of things. I want to write a letter. I move a bowl and two books. Now I have a small clear place. I write to my sister. Then I put the books back. The letter stays by the door. I will post it tomorrow.
1|4|The Old Shop Bell|This story is set long ago. A girl helps in a shop. A bell rings when the door opens. One day, the bell is quiet. A string is broken. The girl finds new string. The next person opens the door. The bell rings again. The girl looks up and smiles.
1|4|A Letter by the Fire|This story is set long ago. A man gets a letter. He cannot see the words well. He sits near the fire. His son brings a lamp. They read the letter together. It is from the man's sister. She is coming to visit. They make a place for her.
1|4|The Baker's Wooden Mark|This story is set long ago. A baker has a wooden mark. She puts it on each piece of bread before cooking. Her daughter helps today. One loaf has two marks. They keep that loaf for lunch. The daughter cuts it. The two marks are on her piece.
1|4|A Coat for Market Day|This story is set long ago. Will needs a coat for market day. His old coat has a hole. His mother finds some blue cloth. Will helps her fix the hole. The coat is brown with a blue square. At the market, his friend sees him at once.
1|4|The Cart at the Well|This story is set long ago. A cart stops near a well. It is in the way. A woman wants to get water. The driver is in a shop. A boy finds him. The driver moves the cart. The woman fills her bowl. The boy holds the shop door open.
1|5|The Rolling Test|In this made-up test, Eve has two toy cars. She puts them on a board. She lifts one end. Both cars move. The red car goes farther. Eve tries again. This time, the blue car hits a book. She moves the book before the next test.
1|5|Two Paper Bridges|In this made-up test, Ned puts paper between two cups. He puts a coin on the paper. The paper falls. He folds a new piece of paper. He tries again. This paper holds the coin. Ned draws both bridges. He wants to try a second coin tomorrow.
1|5|A Shadow on the Wall|In this made-up test, Mia has a lamp and a toy. She puts the toy near the wall. Its shadow is small. She moves the toy toward the lamp. The shadow gets bigger. Mia puts marks on the table. Now she can try the same places again.
1|5|The Full Spoon|In this made-up test, Al fills a cup with water. He uses a spoon. He counts each spoon of water. His friend uses a bigger spoon. She fills her cup with fewer spoons. They look at the cups. The cups are the same size. The spoons are not.
1|5|The Warm Window Test|In this made-up test, two ice pieces sit in bowls. One bowl is by a sunny window. The other is under a table. Pia looks at both bowls. She writes down what she sees. One piece gets small first. Pia wants to try again on another day.
1|6|The Mouse Opens the Net|A lion catches a little mouse. The mouse asks to go free. The lion lets it go. Later, the lion is in a net. He cannot get out. The mouse bites the net. The lion is free now. A little friend can give big help.|Aesop: The Lion and the Mouse
1|6|Grapes Above the Fox|A fox sees some grapes. They are high above him. He jumps, but he cannot get them. He jumps again. Still, he cannot reach them. He walks away. He says the grapes are bad. But he has not tasted one. He only knows they are too high.|Aesop: The Fox and the Grapes
1|6|Stones in the Water Jar|A bird finds a jar. There is water at the bottom. The bird cannot reach it. It drops a small stone into the jar. Then it drops more stones. The water rises. At last, the bird can drink. The bird does not need to break the jar.|Aesop: The Crow and the Pitcher
1|6|The Coat Stays On|The wind and the sun see a man in a coat. The wind blows hard. The man holds his coat close. Then the sun shines. The man feels warm. He takes off his coat. The wind stops blowing. The sun has done what the wind could not do.|Aesop: The North Wind and the Sun
1|6|One Stick at a Time|A father gives his sons a group of sticks. The sons cannot break the sticks together. The father gives each son one stick. Now the sticks break easily. The sons look at the broken sticks. Their father asks them to stay together and help each other.|Aesop: The Father and His Sons
1|7|The Wet Circle|There is a wet circle on Sue's desk. No window is open. No water is on the floor. Sue looks at her brother. He points to a cold glass in his hand. He put it on her desk. Sue gets a cloth. The small mystery is over.
1|7|The Moving Red Dot|Pat sees a red dot on the floor. It moves toward the door. Pat follows it. His sister is outside with a red toy on a string. The dot is the end of the toy. Pat opens the door. Now he can see the whole thing.
1|7|Who Took the Spoon|A spoon is missing from our table. We look in the kitchen. We look in the sink. Then we hear a little bell. My brother is in his room. He is hitting a cup with the spoon. He wants us to come to his toy cafe.
1|7|The Light Under the Bed|A small light is under my bed. I call my dad. We look together. My watch is there. Its face shines in the dark. I put it on my arm. Dad turns off the big light. Now the little light is easy to find.
1|7|Three Green Steps|Three green marks go across the kitchen floor. I follow them to a chair. My sister is sitting there. There is green paint on one foot. She is painting a tree. We clean her foot and the floor. Then she puts on her shoes.
1|8|A Map on the Table|I visit a new town. A woman gives me a map. I put it on a cafe table. The park is near the cafe. I ask the woman to show me the door on the map. Now I know which way to go. I finish my drink and walk outside.
1|8|The Room with Two Beds|We arrive at a small hotel. Our room has two beds. One is near the window. One is near the door. I like the window. My brother likes the door. We put our bags down. Then we go out together to find some dinner.
1|8|The New Dance Step|At a small party, I see a new dance. I do not know the steps. A woman stands beside me. She moves slowly. I watch her feet. We take one step left and one step right. Soon I can join the dance. I thank her after the song.
1|8|An Empty Postcard|I buy a postcard in a new town. It has a picture of a bridge. I sit by the real bridge to write. A bus crosses it. I draw a little bus beside my name. Now my postcard shows something from my own day too.
1|8|A Ticket in My Hat|I take a boat on a lake. I put my ticket in my hat. The wind starts to blow. I hold my hat with both hands. A worker asks for my ticket. I take it out with care. He smiles. Next time, I will use my bag.
1|9|Rosa's First Loaf|Rosa is a made-up person. She wants to bake bread. Her first loaf is very small. She takes it to her friend. They cut it in half. Her friend asks for another loaf next week. Rosa writes the day on her calendar. She wants to try again.
1|9|The Man Who Draws Doors|This is a made-up life story. Ed draws one door every day. Some doors are big. Some are small. He puts the pictures in a book. His daughter looks at it. She finds their own door on the last page. Ed draws her standing beside it.
1|9|A New Job for Lin|Lin is a made-up person. She starts work in a flower shop. She knows the colors, but not all the names. Her boss puts a name beside each flower. Lin reads them each morning. After a week, she can help a customer find a white flower.
1|9|Omar Learns to Float|Omar is a made-up person. He goes to a swimming class. At first, he holds the side of the pool. His teacher stays close. Omar takes small steps. One day, he floats with help. He tells his brother that evening. Next week, he will go again.
1|9|The Singer at the Window|This is a made-up life story. Bea sings while she cleans. Her neighbor hears her through a window. He asks her to sing at his party. Bea is shy, but she goes. She sings one song. At the end, she asks to sing another.
2|0|The Sleepy Streetlamp|A streetlamp in a magic town keeps falling asleep. People tap its post, but its light stays dark. A child brings it a little blanket. The lamp wakes up in surprise. It has never had a present before. That night it shines warmly, with the blanket tied around its post.
2|0|The Spoon That Loved Soup|In a magic kitchen, a spoon wants to taste every soup. It jumps from bowl to bowl. The cook asks it to wait. Each person needs a clean spoon. The little spoon feels sorry. It helps the cook stir one big pot instead. Now it can stay in the soup all afternoon.
2|0|The Rain Seller's Day Off|A woman sells rain in little bottles. One morning, she wants a day off. She leaves a sign on her door. A cloud reads it and waits outside. All day, it gives free rain to the gardens. The woman comes home with dry shoes. She thanks the cloud with a very large cup of tea.
2|0|A Tail for the Kite|A kite loses its tail in a magic forest. A fox offers its own tail for one afternoon. The kite flies high, with a bright red tail behind it. The fox watches from below. Before sunset, the kite comes back. It gives the tail back and brings the fox a feather from a cloud.
2|0|The Tiny Winter|A tiny winter lives inside a blue box. Nora opens it on a hot day. Snow falls on her desk. She makes a snowball with one finger. Then her homework gets wet. Nora closes the box quickly. She takes it outside next time. The tiny winter needs a bigger place to play.
2|1|The Bird behind the Curtain|A bird lands outside our window. My son runs over, and it flies away. Next morning, we stand behind the curtain. We leave a small space to look through. The bird comes back. We watch without moving. My son draws its long tail later. He remembers more than I do.
2|1|The Garden after Dark|We visit our garden with a small light. The flowers look different at night. We hear a sound near a pot, but we cannot see an animal. My daughter wants to move the pot. We leave it alone. Tomorrow, we will look for marks in the soft ground around it.
2|1|Leaves in the Notebook|Jill finds three leaves during a walk. She draws each one in her notebook. She also draws the tree beside it. At home, she notices that two leaves look almost the same. She checks the tree pictures. Next time, she will look more closely before deciding they are from different trees.
2|1|The Dog Chooses Shade|Our dog lies beside the garden chair. When the sun reaches him, he gets up. He walks to a shady place under the table. I move my chair there too. It feels cooler. We spend the rest of the afternoon together. Neither of us wants to sit in the bright sun today.
2|1|A Slow Look at the Pond|Max wants to see something exciting at the pond. At first, he sees only water. His aunt asks him to wait. A small head appears beside a leaf. Then something moves under the water. Max sits down. He stops looking for one big event and begins to notice several small ones.
2|2|The Second Meeting Box|In this made-up town, people put ideas in a box at the town hall. Some people cannot get there easily. A worker puts a second box in a busy shop. More ideas arrive. Several are about the long walk to the town hall. The worker sees why one box was not enough.
2|2|A Bus Stop with a Roof|In this fictional town, people wait for buses in the rain. They ask for a roof over the stop. The town has money for only one roof this year. Residents count the people at three stops. They also ask who has the longest wait. Both answers help them choose a place.
2|2|A Quieter Hour|In this made-up example, a busy market tries a quiet hour. Sellers turn off their music for the first hour of the day. Some customers enjoy it. Others arrive later for the lively sounds. The sellers ask both groups what they think. They want the market to welcome different people.
2|2|The Shared Ball|In this fictional street, children share one football. The older children often keep it. A parent asks everyone to talk. They choose short turns and use a kitchen timer. The game stops when the timer rings. At first, people complain. Later, more children stay to play because they know their turn will come.
2|2|The Sign beside the Steps|In this made-up town, a library has steps at the front. There is another entrance at the side. Few visitors know about it. A reader asks for a clear sign. The library puts one by the front door. Now visitors can find the entrance that works for them without asking a stranger.
2|3|The Lunch with No Fork|I open my lunch at work. I have rice and vegetables, but no fork. My friend has a spare spoon. I wash it and use it. That evening, I put a spoon in my work bag. I also return my friend's spoon. A small kindness changes what I pack every morning.
2|3|A Shelf for Small Things|Our keys are always missing. My partner puts a little shelf beside the door. We agree to leave our keys there. For two days, I forget. Then I put a note on the door. A week later, I do not need the note. Finding my keys is finally an easy part of the morning.
2|3|The Wrong Shopping Bag|I get home with my friend's shopping bag. It has cat food and oranges. My bag has bread and milk. I call her. She is already laughing because she does not have a cat. We meet halfway between our homes. We check the bags carefully before saying goodbye this time.
2|3|One More Place at Dinner|My brother brings a friend to dinner. There are only four chairs and five people. I bring a strong chair from my desk. We move the table a little. My brother's friend helps carry the plates. The room feels full, but everyone has a place. We eat the soup before it gets cold.
2|3|The Alarm on Sunday|My alarm rings early on Sunday. I reach for my work clothes. Then I remember the day. I turn off the alarm and open the window. The street is quiet. I make breakfast slowly. Before bed that night, I check the alarm again. Monday will need a different kind of morning.
2|4|The Spare Candle|This fictional story is set long ago. A family saves one candle for guests. One evening, a neighbor arrives with a broken lamp. The mother lights the candle. They sit together while the father fixes the lamp. The guest candle is shorter now, but the family is glad they used it.
2|4|The Printer's Dirty Thumb|This fictional story is set long ago. A young printer leaves a dirty thumb mark on a page. He wants to hide it. His teacher asks him to put it aside and print another. Later, they use the marked page to wrap tools. The mistake is useful, but it does not become someone's book.
2|4|The Basket by the Ferry|This fictional story is set long ago. A woman waits for a ferry with a heavy basket. She puts it beside another basket. When the boat arrives, she almost takes the wrong one. The other basket has a blue handle. Next week, she ties a red piece of cloth to her own.
2|4|The School Slate|This fictional story is set long ago. A child writes sums on a small slate. His younger sister wants to try. He cleans one corner for her. She makes a crooked number. He does not wipe it away. He works around it until she has time to show their mother.
2|4|A Package without a Name|This fictional story is set long ago. A shopkeeper receives a package with no name. Inside are buttons. Three people ordered buttons that week. He asks each person about the color and size. One woman describes them exactly. He gives her the package and writes her name in his order book.
2|5|A Longer Paper Strip|In this imagined experiment, Fay makes two paper rings. One uses a short strip. The other uses a long strip. She rolls them across a table. The large ring falls first. Fay notices that its join is loose. She fixes the join before testing again. Size may not be the only difference.
2|5|Counting the Bounces|In this imagined experiment, two friends drop a ball. They count its bounces on the floor. Their answers are different. One friend misses a very small bounce at the end. They agree to count only bounces above a mark. Then they try again using the same rule.
2|5|The Cup with a Lid|In this imagined experiment, Eli leaves water in two cups. He puts a lid on one cup. He marks the water level on both. After several days, he checks the marks. The open cup has less water. Eli writes down the result. He does not know exactly how much water is missing.
2|5|A Magnet and a Box|In this imagined experiment, Ava tests a magnet with things from a box. A paper clip moves toward it. A wooden button does not. She makes two groups. Then she finds a metal object that does not move. Ava changes her note. The magnet does not pull every metal object she has.
2|5|The Bent Paper Plane|In this imagined experiment, a paper plane keeps turning left. Sam notices that one wing is bent. He makes the wings more alike. The next flight is straighter. Sam tries three more times. He wants to know if the change helped or if one good flight was just lucky.
2|6|Meat beneath the Tree|A crow holds some meat in a tree. A fox praises the crow's feathers. Then he asks to hear its beautiful voice. The crow opens its mouth to sing. The meat falls, and the fox takes it. The crow has learned something about praise, but has lost its lunch.|Aesop: The Fox and the Crow
2|6|The Race past the Sleeping Hare|A hare laughs at a slow tortoise. They agree to race. The hare runs far ahead and stops to sleep. The tortoise keeps walking. When the hare wakes, it is almost too late. He runs quickly, but the tortoise reaches the end first. The race needed more than speed.|Aesop: The Hare and the Tortoise
2|6|The Dog's Second Dinner|A dog carries meat across a bridge. He sees his own shape in the water. He thinks another dog has more meat. He opens his mouth to take it. His own meat falls into the stream. The shape disappears in the moving water. The dog leaves the bridge with nothing.|Aesop: The Dog and the Shadow
2|6|The Bell No Mouse Can Carry|Some mice want to hear the cat coming. One mouse suggests putting a bell around its neck. Everyone likes the idea. Then an older mouse asks who will put the bell on the cat. The room becomes quiet. Having a good plan and being able to do it are different things.|Aesop: The Mice in Council
2|6|The Leaf That Carried an Ant|An ant falls into water. A dove drops a leaf nearby. The ant climbs onto it and reaches land. Later, a man tries to catch the dove. The ant bites his foot. He moves, and the dove flies away. The ant has found a way to return the bird's help.|Aesop: The Ant and the Dove
2|7|The Sound in the Empty Room|We hear music in an empty room. The radio is off. The window is closed. My cousin follows the sound to a drawer. An old birthday card is inside. Something is holding it open. He closes the card, and the music stops. We put it on a shelf where it can stay closed.
2|7|The Missing Cake Corner|A corner of our cake is missing. My little sister says she did not eat it. I notice cake on a small plate in the kitchen. Dad cut a piece to check the middle. He has not tasted it yet. We share that piece while the rest of the cake cools.
2|7|Footprints toward the Shed|There are muddy footprints by the shed. They are much bigger than my brother's feet. I think someone visited during the night. Then my brother comes outside in Dad's boots. He used them to get his ball. He points to the ball by the door. The strange visitor lives with us.
2|7|A Page That Whistles|My book makes a soft sound when I turn one page. I look between the pages. A thin strip of grass is inside. My friend put it there as a marker after our picnic. Air moves past it when I turn the page quickly. I replace it with a paper marker.
2|7|The Warm Bench Mystery|One bench in the park feels warm. The bench next to it feels cool. Both are empty. I look up. The first bench is in the sun. The second is under a tree. My friend arrives and chooses the cooler bench. I tell her about my very short investigation.
2|8|The Platform on the Other Side|I wait for a train in a new town. A worker checks my ticket. My train leaves from the other platform. He shows me the footbridge. I still have ten minutes. I walk over and find the right sign. This time, I read the destination before sitting down.
2|8|A Word on the Menu|A cafe menu has a word I do not know. I point to it and ask the server. She describes the dish with simple words. It has beans and tomatoes. I order it and enjoy it. I write the new word on my map so I can ask for the dish again.
2|8|The Museum's Small Door|At a museum, I see a small door beside a large one. I think it is part of the display. A worker opens it to take out a chair. We both laugh. He tells me which doors belong to the exhibition. I look more carefully before taking another photograph.
2|8|A Song from the Square|Music comes from a square near my hotel. I follow it and find a group playing outside. I stand at the back. Someone moves aside so I can see. I listen to three songs. I do not know their names, but I remember the tune on my walk home.
2|8|The Market Bag I Can Carry|At a market during a trip, I want to buy a large bowl. Then I remember the long walk to the station. I choose a small cup instead. The seller wraps it carefully. At home, I use the cup every morning. It brings back the market without filling my whole kitchen.
2|9|Nell's First Repair|Nell is a fictional character. She learns to repair clothes from her uncle. Her first pocket is crooked. Her uncle can still put his hand inside it. Nell tries another pocket on an old coat. This one is straighter. She keeps the first coat to remember where she began.
2|9|The Driver Who Learned Names|This is a fictional life story. Paul starts driving a village bus. At first, he knows the stops but not the passengers. One woman tells him her name. Other passengers do the same. After a month, the route feels different. The stops are now places where familiar people get on.
2|9|Iris and the Empty Stage|Iris is a fictional character. She cleans a small theater after work. One evening, she tries saying a line on the empty stage. The manager hears her. He invites her to a reading group. Iris goes every week. She still cleans the theater, but now she knows how it feels to stand in the light.
2|9|A Gardener's First Winter|This is a fictional life story. Leo gets a job in a garden in summer. Winter surprises him. There are fewer flowers, but there is still work. He cleans tools and learns the paths. In spring, he can find every bed. The quiet months helped him learn the place.
2|9|The Girl Who Kept Receipts|This is a fictional life story. Mina helps at her family's shop. She likes putting receipts in date order. Years later, she manages the shop's records. A customer asks about an old order. Mina finds it quickly. The small task she enjoyed as a child has become a useful skill.
3|0|The Shop for Lost Echoes|In a hidden street, a woman sells lost echoes. Most customers want an old laugh or a favorite song. One day, a boy asks for silence. The woman opens an empty box and listens with him. Neither speaks. Before he leaves, the boy says it was exactly what he needed. She gives him the box without charging him.
3|0|The Dragon's Small Apron|A young dragon wants to help in a bakery. His fire is too strong for bread, and his wings knock over bowls. The baker gives him a different job. He carries warm rolls to the tables in a basket. His new apron is too small, but he wears it proudly. No one needs him to bake everything himself.
3|0|A Staircase for the Stars|Lena paints a staircase on her bedroom wall. That night, little stars climb down it. They look around her room and ask for directions to the garden. Lena opens the window. Before dawn, the stars come back with flowers in their hands. She paints a small gate beside the staircase so they can find the garden next time.
3|0|The River's Forgotten Name|A magic river forgets its own name. People on one bank use one name, while people on the other use another. A traveler writes both names on a stone. The river reads them and feels better. It does not have to choose. It carries water past the stone, answering to either name when someone calls.
3|0|The Clock That Waited|A magic clock stops whenever its owner is afraid. This makes her late for every new activity. Before her first music lesson, she asks the clock to keep going. Its hands shake, but they move. She arrives on time and plays one wrong note. The clock keeps ticking. So does the lesson.
3|1|The Nest beyond the Glass|A family watches birds build a nest outside a window. They keep the window closed and watch from inside. The youngest child wants a closer picture. Her father helps her draw what she can already see instead. The drawing is not perfect, but it shows the nest's shape. They leave space on the page for changes they notice later.
3|1|The Fallen Branch Survey|After a windy night, two neighbors walk through a garden. They find a branch across a path. Before moving it, they notice small holes in the wood. They photograph the holes and record where the branch fell. They cannot identify what made them. Their notebook ends with a question, leaving room for an answer another day.
3|1|The Patient Animal Sketch|A student tries to draw a dog in the park. Every time she starts, the dog moves. She stops trying to finish one perfect picture. Instead, she draws several quick shapes on the page. At home, the shapes remind her how the dog moved. An unfinished drawing can still record something useful.
3|1|Seeds in Separate Envelopes|After a garden walk, Lucy puts some fallen seeds in separate envelopes. She writes where she found each group. A week later, she cannot remember which tree stood beside the gate. Her notes are not detailed enough. Next time, she adds a simple map. Collecting things is easier than remembering their exact place.
3|1|The Change in the Bird Count|On Monday, Amir counts six birds near his window. On Tuesday, he counts only two. He thinks the others have left. Then he notices that he watched much earlier on Tuesday. He decides to watch at the same time tomorrow. Two counts can be different for more than one reason.
3|2|The Library Cart Trial|In this fictional town, some residents live far from the library. A librarian takes a small book cart to their street once a week. At first, she brings only novels. Residents also ask for picture books and gardening books. She changes the cart's contents. The service becomes more useful when people help decide what it carries.
3|2|A Playground with a Quiet Corner|In this fictional example, a neighborhood plans a playground. Several children ask for a place away from the noise. Adults add a quiet corner with seats and shade. It does not replace the climbing area. Children can choose where to spend their time. The planners learn that one space does not have to offer everyone the same activity.
3|2|The Evening Repair Table|In this fictional community, volunteers repair small household objects on Saturdays. People who work that day cannot attend. The volunteers try one evening session. Fewer people come, but several are new visitors. The group considers keeping it. A smaller event may still reach people whom the larger event misses.
3|2|The Market Map Vote|In this fictional market, sellers disagree about a new map. Food stalls want to be at the top. Craft stalls want the same thing. A customer suggests arranging the map by location instead. Visitors test a draft by finding three stalls. The sellers use those results to improve it, rather than voting on who deserves the best position.
3|2|A Crossing near the Hall|In this made-up example, residents want a safer route to a community hall. One person suggests a new crossing. Another asks about the broken light beside the current crossing. The group records both concerns and sends them to the town office. They do not assume that one change will solve every problem on the route.
3|3|The Recipe on a Sticky Note|I find a recipe on a sticky note inside a cookbook. It says to add two cups, but it does not name the ingredient. I call my aunt, who wrote it. She laughs and says flour. I rewrite the whole recipe before cooking. A note that is clear to one person can be a puzzle for another.
3|3|The Neighbor's Spare Key|My neighbor gives me a spare key before her holiday. I put it in a small envelope with her name. When she calls about a plant she forgot to water, I know where to find it. After she returns, I give the key back. I keep the empty envelope for the next time she travels.
3|3|The Chair That Scraped|My chair makes a loud noise whenever I move it. I hardly notice until my downstairs neighbor mentions it. I put soft pads under its legs. The next morning, the chair moves quietly. I ask my neighbor if it helped. She smiles and says breakfast sounds much more peaceful now.
3|3|A Different Route to Work|Road work closes my usual route to the office. I leave early and follow a side street. There is a small bakery I have never noticed. I buy a roll and still arrive on time. When the road opens again, I sometimes take the longer route. A temporary problem has added something pleasant to my morning.
3|3|The Photo We Almost Deleted|My cousin takes a family photograph, but everyone looks in a different direction. We plan to delete it after taking a better one. Then my grandmother starts laughing at our expressions. We keep both photographs. The neat picture shows our faces clearly. The other one reminds us what that afternoon actually felt like.
3|4|The Watchmaker's Waiting Chair|This fictional story is set in an old workshop. A watchmaker repairs clocks while customers stand near his table. Their shadows block his light. His apprentice moves a chair beside the window. Customers sit there and tell their stories. The watchmaker can see his work again, and the waiting room becomes more comfortable.
3|4|The Seam in the Sail|This fictional story is set long ago. A sailmaker teaches her son to check every seam before delivery. He wants to finish quickly, but a loose thread catches his finger. They open that section and sew it again. The customer never sees the mistake. The son understands why careful checking happens before a finished sail leaves the shop.
3|4|The Innkeeper's Pebble Count|This fictional story is set long ago. An innkeeper uses pebbles to count empty beds. A pebble moves into a bowl whenever a guest arrives. One evening, a helper moves two pebbles for one family sharing a bed. They check the rooms and correct the count. Afterward, they agree to count beds rather than guests.
3|4|The Letter Carrier's Shortcut|This fictional story is set long ago. A letter carrier takes a narrow path to save time. After rain, the path becomes muddy. He arrives later than usual with dirty boots. The next day, he uses the longer stone road. He learns that the shortest line on his map is not always the quickest way to travel.
3|4|The Weaver's Color Note|This fictional story is set in an old weaving room. A customer orders cloth with a blue border. The weaver's helper remembers green. Neither wants to trust memory alone. They find a small sample attached to the order. It is blue. The helper begins keeping samples with every order he writes.
3|5|The Stopwatch Argument|In this imagined experiment, friends time a toy car on a slope. One starts the watch when a hand moves. Another starts when the car moves. Their results differ. They agree on the exact start and finish points, then repeat the test. Comparing measurements is easier when everyone measures the same event.
3|5|The Wet Cloth Comparison|In this imagined experiment, Juno hangs two wet cloths in different places. One dries sooner. She first thinks the location caused the difference. Then she notices that one cloth was much wetter at the start. She plans another test with matching cloths and equal amounts of water. Her first result gives her a better question.
3|5|The Quiet Phone Box|In this imagined test, a ringing phone sits inside a cardboard box. Students add cloth around it and listen again. The sound seems softer, but they are standing farther away. They mark one listening place on the floor. Repeating the test from that spot makes their comparison more useful.
3|5|A Plant Label Mix-Up|In this imagined experiment, two plants receive different amounts of water. A student accidentally switches their labels. She cannot tell which plant received more. Instead of guessing, she marks the results as uncertain. She starts a new record with labels attached to the pots. Losing an answer teaches her to protect the information behind it.
3|5|The Long Straw Bridge|In this imagined experiment, a class builds bridges from drinking straws. One bridge holds many coins, but uses twice as many straws as the others. The class decides to compare bridges with the same number of straws next. The first bridge is strong. That alone does not show which design uses its materials best.
3|6|The Country Mouse Goes Home|A country mouse visits a town mouse. The food is rich and plentiful. Just as they begin to eat, a noise sends them running. They return, but another interruption frightens them. The country mouse decides to leave. Simple food at home seems better than a feast that must be eaten in fear.|Aesop: The Town Mouse and the Country Mouse
3|6|The Jar with the Narrow Neck|A fox serves food to a crane on a flat plate. The crane's long bill makes eating difficult. Later, the crane serves food in a narrow jar. Now the fox cannot reach it. The fox experiences the kind of welcome he offered. A meal is not generous if a guest cannot eat it.|Aesop: The Fox and the Crane
3|6|The Crowded Hand|A boy puts his hand into a jar of nuts. He takes a large handful, then finds that his fist will not fit through the opening. He refuses to let any nuts go. Someone suggests taking fewer. When he opens his hand a little, he can pull it out. He gains something by giving up part of it.|Aesop: The Boy and the Filberts
3|6|The Star Watcher's Step|A man walks at night while looking closely at the stars. He is so busy watching the sky that he falls into a hole. Someone hears him and comes to help. The helper asks why he studies distant things but ignores the ground beside him. Looking far ahead does not remove the need to notice the next step.|Aesop: The Astronomer
3|6|The Crab's Walking Lesson|A mother crab tells her young crab to walk straight instead of sideways. The young crab asks her to demonstrate. She tries, but she also moves sideways. Her lesson fails because she cannot do what she demands. Before teaching the young crab another rule, she has something to learn about herself.|Aesop: The Crab and Its Mother
3|7|The Key in the Freezer|Our spare key disappears after a shopping trip. We search the bags and the car. My father remembers carrying the key with a packet of frozen peas. We open the freezer. The key is beside the peas. Following the order of his actions works better than looking in random places.
3|7|The Repeated Doorbell|Our doorbell rings, but nobody is outside. A minute later, it rings again. My sister watches from the window while I wait by the door. She notices a delivery bag pressing against the button whenever the wind moves it. We shift the bag. The mysterious visitor does not return.
3|7|The Light in the Empty Tent|During a garden camping party, an empty tent begins to glow. We think someone has left a torch inside. When we open it, we find a small reading lamp under a pillow. Its timer has switched it on. The tent has no secret guest, just a lamp that remembered bedtime.
3|7|The Mark on Every Envelope|Our letters arrive with the same small blue mark. I wonder if it is a new postal sign. Then I see blue ink on the edge of our letter box. Someone painted it recently. I place a blank piece of paper inside and pull it out. It has the mark too.
3|7|The Path That Ends at a Fence|We follow a hand-drawn map during a treasure game. The path seems to end at a fence. We reread the clue and notice the words 'turn before the large tree.' We turned after it. We go back and find a second path. The map was right; our memory of the clue was not.
3|8|The Guide's Blank Minute|Our walking guide stops talking for a full minute in a busy square. At first, I think she has forgotten her story. Then she asks what we heard. People mention bells, wheels and several languages. Her next explanation makes more sense because we have listened to the place ourselves.
3|8|A Seat Facing Backward|On a train trip, my seat faces backward. I ask the passenger opposite if he wants to swap. He prefers his own seat, so I stay where I am. After a while, I enjoy watching towns disappear behind us. A preference can change without anyone else having to change their plans.
3|8|The Guesthouse Shoe Shelf|At a guesthouse, I notice shoes on a shelf beside the entrance. I ask the host what guests should do. She explains her house rules and shows me some slippers. I am glad I asked. One building's rules are easier to learn from its owner than from guesses about a whole country.
3|8|A Photograph before Breakfast|I go out early to photograph a bridge during a trip. A shopkeeper is opening nearby and asks what I am doing. She points out a path with a better view. I take my picture and buy breakfast at her shop. The best part of the morning is not something my guidebook listed.
3|8|The Festival Schedule in Pencil|A small festival changes its outdoor program because of rain. My printed schedule is no longer correct. A volunteer writes the new times on it in pencil. I miss one performance but find another indoors. Before leaving, I check the noticeboard again. A plan helps most when I can update it.
3|9|The Baker Who Started Late|This is a fictional life story. Marta works in an office for many years before taking a baking class. She enjoys making bread, but does not leave her job immediately. She practices on weekends and sells a few loaves at a local event. Her new interest grows through small, regular steps.
3|9|Evan's Useful Questions|Evan is a fictional character. As a new museum volunteer, he worries about asking basic questions. Then another volunteer thanks him for asking where a storage room is. She did not know either. Evan starts keeping a simple guide for newcomers. The questions he wanted to hide become the guide's most useful pages.
3|9|The Runner at the Back|This fictional profile follows Sana, who joins a running group after years without exercise. She stays near the back and often walks. One evening, a newer member asks to walk with her. Sana realizes she can welcome someone even while learning herself. She returns the following week with less embarrassment.
3|9|The Carpenter's Small Box|This is a fictional life story. Theo wants to build furniture, but his teacher starts him with a small box. The lid does not close. Theo measures it again and fixes one edge. Years later, he keeps tools in that box. It reminds him that large projects depend on attention to small parts.
3|9|The Translator's First Audience|Nadia is a fictional character who enjoys languages. She writes a short translation for her grandmother, then reads it aloud. Several sentences sound stiff. Nadia rewrites them using words her grandmother would use. That first listener teaches her to care about how a sentence reaches a person, not only how it matches another sentence.
4|0|The Library of Unfinished Dreams|A magical library lends unfinished dreams. Visitors return them after adding one scene. Elsie borrows a dream about a locked garden, expecting to find a key. Instead, she adds a bench outside the wall. When the next reader returns it, the bench has become a meeting place. The garden remains locked, but the dream is no longer about getting inside.
4|0|The Giant's Teacup Garden|A giant breaks his favorite teacup. A small gardener asks to use the pieces. She fills the largest piece with soil and plants flowers in it. The giant visits every week, careful not to crush the path. He still misses drinking from the cup. Yet its new purpose lets him enjoy it in a way he had never imagined.
4|0|A Letter from Next Tuesday|Ruth receives a letter from next Tuesday. It says she will lose something important. She spends the week protecting her bag and keys. On Tuesday, she loses her fear of singing in public. The letter did not say every loss was bad. Ruth keeps it, but decides to wait before worrying about any future messages.
4|0|The Shadow with a Hobby|A man's shadow begins making shapes of its own. Whenever he stops, it looks like a tree or a bird. The man is annoyed until children gather to watch. He gives the shadow ten minutes each afternoon beside a white wall. The shadow follows him properly afterward. It only needed some time for its own work.
4|0|The Wizard's Ordinary Broom|A wizard owns several flying brooms, but one will not leave the ground. He tries spells and songs without success. Then a visitor spills flour on the kitchen floor. The ordinary broom clears it beautifully. The wizard keeps it beside the stove. He no longer calls it broken just because it does not do what the others do.
4|1|The Unnamed Garden Visitor|For several evenings, a small animal visits Eva's garden. She cannot identify it from the quick shapes she sees. She records the time, size and direction of movement without adding a name. A neighbor later suggests two possibilities. Eva keeps both in her notebook. Careful observation has given her clues, even though it has not yet given her certainty.
4|1|The Same Tree in Four Drawings|A drawing group returns to one tree during different seasons. They stand in roughly the same place each time. In winter, branches hidden by summer leaves become visible. The artists notice that their first drawing included guesses about those branches. They keep all four pictures together. Each shows something real, but none shows everything about the tree.
4|1|The Dog Walk Diary|A fictional dog walker records where her dog stops during a week of walks. She expects him to prefer the park, but he often stops beside a quiet wall. She does not know what interests him there. Instead of pulling him away immediately, she allows a little time. The diary changes her attention before it provides an explanation.
4|1|The Feather That Stayed Outside|A child finds a feather on a path and wants to identify its owner. His aunt photographs it beside a ruler without taking it home. They compare the image with a guide, but several birds seem possible. They write 'unknown' beneath the photograph. The child learns that a collection of observations can include honest unanswered questions.
4|1|The Pond through Two Lenses|Two friends photograph a pond. One chooses a wide view with trees and clouds. The other focuses on a single leaf floating near the edge. At home, their pictures seem to show different places. They put them side by side. One records the setting; the other preserves a detail that would disappear in the wider view.
4|2|The Empty Suggestion Form|In this fictional community, an online suggestion form receives few replies. Organizers assume residents have no concerns. At a street event, they offer paper forms and hear many ideas. Some people did not know about the website; others disliked using it. The organizers stop treating silence in one channel as proof that everyone is satisfied.
4|2|A Bench in the Right Place|In this imagined town, a new bench sits in an attractive square. Few people use it. A resident points out that the bus stop around the corner has nowhere to sit. Workers move the bench there for a trial. It becomes busy. Choosing useful public furniture involves asking where a pause is needed, not only where a bench looks nice.
4|2|The Tool Library's Waiting List|In this fictional example, neighbors share tools through a small library. A popular drill is often unavailable. Instead of immediately buying another, volunteers examine the waiting list. Several borrowers kept it for days after finishing. A reminder system shortens the wait. They still consider a second drill, but now they understand the problem more clearly.
4|2|The Community Kitchen Labels|In this fictional project, residents share a kitchen for events. Unlabeled food causes confusion. Volunteers agree to write ingredients, preparation dates and owners' names on containers. They also ask users about needs that the labels may not cover. The system does not answer every question, but it makes conversations about the food easier to start.
4|2|A Budget for Both Teams|In this fictional neighborhood, a sports team and an art group request the same room. The committee first considers giving it to the larger group. Then members notice that both groups meet at different times. A shared schedule serves them both. The decision changes when the committee examines actual use instead of comparing membership numbers alone.
4|3|The List on the Fridge Door|My partner and I keep separate shopping lists, so we often buy the same things. We try one paper list on the fridge. Whoever finishes something writes it down. Before shopping, we photograph the list. It is a simple system, but it works because both of us use it. The best-looking app would not help if we forgot to open it.
4|3|The Jacket with the Loose Button|I put off fixing a loose button because I cannot find matching thread. Eventually, a friend offers dark blue thread for my gray jacket. The repair is slightly visible, but the button is secure. I wear the jacket again that evening. Waiting for a perfect match kept a useful thing in the cupboard longer than necessary.
4|3|The Sunday Phone Call|My mother and I plan a regular Sunday call. One week, neither of us has much news. We talk about dinner and the weather outside our windows. The conversation is short, but pleasant. I stop feeling that every call needs an important story. Sometimes keeping in touch simply means making space for an ordinary day.
4|3|The Spare Room Table|I move my work table into the spare room, expecting to become more focused. Instead, I keep walking out to find things. I bring in a charger, a notebook and a glass of water. The room finally begins to help. Changing where I work matters less than arranging it around what I actually need.
4|3|The Birthday Cake Detour|The bakery loses my cake order on the morning of a birthday. I am disappointed, but there is no time for another large cake. I buy several small ones and arrange them on a plate. Everyone chooses a different flavor. The mistake remains inconvenient, yet the celebration does not depend on the exact cake I imagined.
4|4|The Mapmaker's Erased Road|This fictional story is set in an old mapmaker's workshop. A traveler reports that a bridge has disappeared. The mapmaker's apprentice wants to erase the road immediately. His teacher asks him to mark the report and its date first. They seek another account before printing new maps. A confident line should rest on more than a single conversation.
4|4|The Potter's Customer Sample|This fictional story is set long ago. A customer requests twelve bowls 'like the old one.' The potter asks to see it before starting. Its unusual depth matters more to the customer than its color. Without the sample, the potter would have copied the wrong feature. She keeps a drawing with the order until every bowl is finished.
4|4|The Lantern at the Stable|This fictional story is set long ago. A stable worker checks each stall before closing. One evening, his lantern burns low, so he borrows a light instead of rushing. He discovers an open gate at the end of the row. Nothing has escaped. He closes it, grateful that a familiar task still received a careful look.
4|4|The Bookbinder's Extra Page|This fictional story is set in an old bookbinding shop. An apprentice finds an extra blank sheet among printed pages. He wants to remove it. The binder explains that the customer requested space for notes. The apprentice checks the order before changing anything. What looks unnecessary from one viewpoint may be exactly what another person needs.
4|4|The Tailor's Chalk Line|This fictional story is set long ago. A tailor draws a chalk line on cloth while her customer stands still. When the customer sits, the coat pulls tightly. The tailor measures again with movement in mind. She changes the design before cutting. Clothes must fit a person's day, not just a person standing in a workshop.
4|5|A Scale That Needs Checking|In this imagined experiment, students weigh the same object on two scales. The numbers differ. Before deciding which is right, they check whether both scales start at zero. One does not. After adjusting it, they measure again. The difference becomes smaller. A measurement tool needs attention as well as the object being measured.
4|5|The Bridge and the Uneven Table|In this imagined experiment, a paper bridge collapses sooner than expected. Its builder notices that one supporting cup stands on a notebook. The supports were at different heights. She repeats the test on a clear table. She keeps both results, explaining the setup of each. An awkward result can reveal a problem in the method.
4|5|The Mystery of the Heavy Sponge|In this imagined experiment, a student weighs a dry sponge and then a wet one. The wet sponge is heavier. A classmate asks whether all the extra water is inside it. Some is dripping onto the scale. They use a tray and describe their method carefully. The question changes how they define what they are weighing.
4|5|The Timer and the Open Door|In this imagined test, a group measures how long ice takes to melt in a room. People keep opening the outside door. The group notes this instead of hiding it. Their classroom is not a perfectly controlled space. They can still learn from the test, provided they explain the conditions under which the result occurred.
4|5|A Graph with a Missing Day|In this imagined experiment, a student measures a plant daily. She forgets Wednesday's measurement. Her graph has a gap. Rather than inventing a point that looks reasonable, she leaves the gap and adds a note. The other measurements remain useful. A complete-looking graph is less valuable than an honest record of what was actually observed.
4|6|The Tree That Would Not Bend|A strong oak stands beside flexible reeds. The oak seems far more powerful. During a storm, the reeds bend with the wind while the tree resists it. The oak falls, but the reeds remain. Their weakness was not what it appeared to be. In this fable, surviving depends on responding to pressure rather than always standing rigidly against it.|Aesop: The Oak and the Reeds
4|6|Footprints Facing Only Inward|An old lion invites animals into his cave by saying he is ill. A fox approaches but stays outside. The lion asks why he will not enter. The fox points to the ground: many footprints lead into the cave, but none lead out. He leaves without accepting the invitation. The evidence at the entrance matters more than the lion's welcome.|Aesop: The Sick Lion
4|6|The Boy's Unanswered Shout|A shepherd boy repeatedly pretends that a wolf is attacking his sheep. People hurry to help and discover the joke. Later, a real wolf appears. The boy shouts again, but the people no longer believe him. His earlier lies change how his true warning is received. Trust lost during a joke is not easily recovered during an emergency.|Aesop: The Shepherd's Boy and the Wolf
4|6|A Meal for Winter|During winter, a hungry grasshopper asks ants for food. The ants have stored grain through the warmer months. The grasshopper spent that time singing and has nothing saved. The fable contrasts their choices about preparation. Its simple lesson concerns planning ahead, though real lives are more complicated than the neat division between its two kinds of character.|Aesop: The Ants and the Grasshopper
4|6|The Dish No One Could Reach|A dog rests in a container of hay and growls whenever cattle approach. The dog cannot eat the hay, yet refuses to let the cattle eat it. The situation makes the unfairness clear: the dog gains nothing by blocking them. The fable gives a memorable picture of keeping something from others even when it is useless to oneself.|Aesop: The Dog in the Manger
4|7|The Photograph with the Wrong Time|A photograph seems to prove that a friend arrived late. The clock visible behind her shows nine. She insists she arrived at eight. We revisit the cafe and find that its clock has stopped. The picture accurately recorded what was there, but we misunderstood what it could tell us. We apologize before discussing the meeting again.
4|7|The Parcel That Came Back|A parcel returns to my door although the address looks correct. I compare the label with the message from my friend. Two digits are reversed. I had checked the street name several times but ignored the number. After replacing the label, I read it backward digit by digit. The second delivery reaches the right building.
4|7|The Rattle in the Bicycle Basket|My bicycle makes a worrying rattle on every bump. I check the wheels and ask a friend to listen. She removes my basket and rides a short distance. The sound disappears. A loose coin was jumping inside a metal box in the basket. We had been looking at the bicycle while carrying the answer with us.
4|7|The Light That Moved Upstairs|Across the street, a light appears to move between two upstairs windows. I imagine someone carrying a lamp. Then a car passes and the light moves again. I change where I am standing. The bright shape disappears. What looked like movement inside the house was a reflection that depended on my viewing position.
4|7|The Unopened Birthday Letter|A birthday letter is on my desk, although I am sure I posted it. I check the envelope. There is no stamp, and the address is unfinished. I had imagined completing the task so clearly that I remembered it as done. I finish the address and walk to the postbox. This time, I watch it fall inside.
4|8|The Walking Tour I Left Early|I join a walking tour on holiday, but halfway through I feel tired. I tell the guide and ask for directions back to the square. She marks a simple route on my map. I miss the final stop, yet enjoy the evening after resting. A successful trip does not require finishing every activity I begin.
4|8|The Host's Favorite Breakfast|At a guesthouse, I ask the host what she enjoys for breakfast. Her answer is different from the dishes described in my travel book. She laughs and says families have their own habits. I try her suggestion the next morning. Meeting one person gives me a specific story, not a rule about everyone who lives there.
4|8|An Audio Guide at My Own Speed|At a gallery, I rent an audio guide. I pause it whenever I want to keep looking at a painting. Near the end, I skip a room rather than hurry through everything. I leave with clear memories of a few works. Using the guide at my own pace makes the visit feel less like completing a list.
4|8|The Window Seat Negotiation|My friend and I both want the window seat on a long train ride. We agree to swap after lunch. At first, I watch fields pass by. Later, my friend photographs hills while I read. Sharing the view turns out to be easier than proving who wanted it more. We make the same agreement on the return journey.
4|8|A Souvenir with a Story Attached|I buy a small wooden bird from a maker at a market. She explains how she chose the shape, then writes her workshop's name on the wrapping. At home, the bird sits beside my books. I remember the conversation whenever I see it. Its value comes partly from knowing the person who placed it in my hand.
4|9|The Mechanic's Listening Habit|This fictional profile follows June, a bicycle mechanic. She asks customers to describe when a noise occurs before touching their bicycles. Early in her training, she replaced a part without understanding the complaint. The noise remained. Now her work begins with listening. A careful question often saves more time than a quick adjustment.
4|9|The Librarian's First Display|Owen is a fictional new librarian. His first display contains books he admires, but few visitors borrow them. He asks readers what they are looking for and changes the selection. Borrowing increases in this story, though he cannot know which change mattered most. He learns to treat a display as a conversation with readers rather than a personal showcase.
4|9|The Swimmer's Small Notebook|This fictional profile follows Farah, who learns to swim as an adult. She records one thing that becomes easier after each lesson. Some weeks, it is only entering the water calmly. Months later, she reads her early notes and notices progress she had forgotten. Her record gives shape to changes that felt too small to celebrate each day.
4|9|The Cook Who Asked for Silence|Daniel is a fictional cook learning to manage a busy kitchen. He first tries to answer everyone at once. Orders become confused. He introduces a short moment when each order is repeated clearly. The room remains lively, but the team can hear what matters. Leadership becomes less about speaking constantly and more about making understanding possible.
4|9|The Photographer's Rejected Picture|This fictional profile follows Emi, a photographer. A customer rejects a technically sharp portrait because the expression feels unfamiliar. Emi asks what the customer hoped to see. During a second session, they talk more and pose less. The chosen picture is quieter. Emi learns that a good portrait must satisfy someone beyond the person holding the camera.
5|0|The Town That Borrowed Dawn|A magical town borrows an extra hour of dawn for its annual fair. Bakers finish early, and musicians rehearse in the soft light. Yet the neighboring valley wakes in darkness. When a visitor explains the problem, the town returns the hour. The fair starts later than planned. Its first announcement thanks the valley for lending something the town should have asked for.
5|0|The Mirror's New Question|A talking mirror is tired of telling people whether they look beautiful. It begins asking what they hope to do that day. Some visitors complain, but others stay to think. A nervous musician answers that she wants to finish one song. When she returns that evening, the mirror asks how it went. For once, she forgets to inspect her appearance.
5|0|A Dragon at the Lost Property Desk|A dragon volunteers at a station's lost property desk. He can smell who owns an object, but travelers cannot understand his roars. A clerk helps him make picture cards. Soon, a glove finds its gardener and a scarf finds its dancer. The dragon's special ability matters, yet it becomes useful only after someone helps him share what he knows.
5|0|The Spell with a Spare Word|A young witch discovers an extra word at the end of a cleaning spell. Whenever she says it, dust forms a tiny mountain instead of disappearing. Her teacher calls it an error. The witch collects the dust mountains in jars and uses them to model a landscape. She still learns the correct spell, but keeps the unusual version in a separate notebook.
5|0|The Island That Needed Company|A floating island drifts away whenever its visitors argue. At first, people stay silent to keep it nearby. Their quiet visits become uncomfortable. A child asks the island whether disagreement always frightens it. The island says shouting does. The visitors try speaking calmly about different wishes. This time, the island stays long enough for everyone to finish the conversation.
5|1|The Garden Camera's Empty Hours|A fictional garden observer sets a camera beside a path. It records several animals at night, but none during one afternoon. She nearly labels the afternoon 'no visitors.' Then she discovers a flat battery. The empty recording says nothing about animal activity. She changes her note and checks the equipment before making the next comparison.
5|1|The Wildflower Drawing Circle|An art group draws flowers beside a public path without picking them. One member wants to remove nearby leaves for a cleaner view. Another suggests changing position instead. The resulting drawings are less tidy but show how the flowers grow among other plants. The group leaves with full sketchbooks and a scene that the next visitors can still enjoy.
5|1|The Bird with the Unclear Mark|A birdwatcher sees a pale mark on a distant bird and records it as a clue. Later, a photograph suggests the mark may have been sunlight. She keeps the original note beside the image, explaining the uncertainty. Correcting a record does not make the outing a failure. It makes the record a better account of what she actually knows.
5|1|A Path around the Fallen Tree|In a fictional garden, a fallen tree blocks a walking path. Volunteers discuss removing the entire trunk. They notice that a small change in the route would leave it undisturbed. Before deciding, they ask the garden manager about safety and access. Their interest in wildlife becomes one part of a decision that must also work for visitors.
5|1|The Walk without a Species List|A nature guide asks a group to spend ten minutes noticing shapes, sounds and movement without naming anything. At first, experienced visitors feel restricted. Then they begin describing details they normally overlook. The guide offers names afterward. Knowledge remains useful, but delaying the labels gives everyone, including beginners, a way to pay close attention.
5|2|The Survey at the Wrong Hour|In this fictional town, a survey about a park is conducted only on weekday mornings. Most respondents request quiet seating. Before removing the games area, planners ask evening and weekend users too. Different preferences emerge. The first survey was not dishonest, but its timing limited whom it heard. The final proposal explains that limitation instead of hiding it.
5|2|The Shared Freezer Schedule|In a fictional community kitchen, groups compete for freezer space before weekend events. Volunteers introduce labeled shelves and a booking calendar. The system helps until someone needs space unexpectedly. Rather than banning exceptions, the groups reserve one small shelf for urgent needs. A useful rule can provide structure while leaving room for situations its designers did not predict.
5|2|The Street Name Debate|In this fictional neighborhood, residents discuss renaming a street. Some value its familiar name; others associate it with an uncomfortable local story. The council gathers documented history and personal accounts before deciding. It also considers the practical work of changing addresses. The meeting does not produce instant agreement, but it clarifies which questions concern evidence, identity and everyday inconvenience.
5|2|A Grant for Maintenance|In this imagined community, a small grant is available for a new project. Volunteers propose a garden, a mural and a reading corner. Someone asks who will maintain each one after the opening day. The group adds upkeep to its plan and budget. The successful proposal becomes less impressive on paper but more realistic about the months after the celebration.
5|2|The Public Notice Test|In this fictional town, officials rewrite a long public notice in shorter sentences. They ask several residents to find the date, location and required action. Some still struggle because these details are scattered. The officials rearrange the notice and test it again. Clear communication depends on where information appears as well as which words express it.
5|3|The Drawer I Did Not Empty|I begin clearing a drawer with the aim of throwing away half its contents. Then I find letters I want to keep. I change the goal: the drawer should make useful things easy to find. I move the letters into a box and return the tools neatly. The drawer is still fairly full, but it now serves its purpose.
5|3|An Invitation with an Easy No|I invite a friend to dinner and mention that another evening is fine if she is busy. She declines, then suggests the following week. I realize how often I have made invitations sound urgent without meaning to. Giving her room to choose does not weaken the friendship. It makes the eventual yes feel comfortable for both of us.
5|3|The Shared Calendar Surprise|My partner and I start using a shared calendar. At first, I add only major appointments. He adds quiet evenings he wants to keep free. I almost delete them because they do not look like events. Then we talk. Time reserved for rest deserves as much visibility as time promised to other people.
5|3|The Repair That Changed the Sound|A technician repairs my old radio. It works again, but a familiar crackle has disappeared. I am oddly disappointed until I hear a song more clearly than before. The crackle belonged to my memories, not to the music. I keep the radio in its usual place and allow its improved sound to become familiar.
5|3|The Meal We Ate in Courses|I misjudge dinner timing, and the vegetables are ready long before the main dish. Instead of keeping everything warm until it goes soft, we eat the vegetables first. Conversation fills the gap. The main dish arrives later. I still want to plan better next time, but a delayed dinner does not have to become an unpleasant evening.
5|4|The Shop Ledger's Quiet Margin|This fictional story is set in an old shop. A clerk notices small notes in the margin of a ledger: 'paid next week' and 'returned damaged.' The totals alone do not explain every transaction. When he copies the ledger, he preserves the notes. A clean version that removes all complications would also remove part of the shop's history.
5|4|The Apprentice's Practice Window|This fictional story is set long ago. A glass worker gives an apprentice a small frame for practice. The apprentice wants to work on the grand window immediately. After struggling with the small frame, she understands the value of it. Mistakes can be examined closely without risking the larger piece. Her patience grows alongside her skill.
5|4|The Traveler's Two Accounts|This fictional story is set long ago. An innkeeper hears two travelers describe the same road. One calls it easy; the other calls it exhausting. The first traveled with a light bag in dry weather. The second pulled a cart through rain. The innkeeper records those details. The disagreement makes more sense when the conditions become visible.
5|4|The Bell Ringer's Replacement|This fictional story is set in an old village. A bell ringer becomes ill before a festival. His replacement knows the tune but not the usual pauses. An older resident writes a simple sequence of marks to help. The festival sounds slightly different, yet it begins on time. A tradition continues because someone makes its practical details easier to share.
5|4|The Cloth Seller's Unequal Samples|This fictional story is set long ago. A cloth seller displays large samples of expensive cloth and tiny samples of cheaper cloth. A customer asks to compare equal pieces in the same light. The seller agrees and notices how different the display now looks. The cloth has not changed. The way it is presented has changed the comparison.
5|5|The Experiment with Two Changes|In this imagined experiment, a team makes a paper plane with wider wings and a heavier nose. It flies farther than the first version. The team cannot tell which change helped. They build two more planes, changing one feature at a time. The extra work makes the next comparison clearer, even if it does not produce another distance record.
5|5|The Average That Hid a Delay|In this imagined study, students time three toy deliveries. Two are quick; one is very slow. An average gives a convenient summary but hides the long wait. The students display every result beside it. Their report now shows both the overall pattern and the unusual case. A single number can be useful without being a complete description.
5|5|The Thermometer's Different Places|In this imagined experiment, two students report different temperatures in one room. Their thermometers are beside a sunny window and near a shaded door. They swap the instruments and repeat the readings. This helps them investigate whether location or equipment explains the difference. They write down both positions, since 'room temperature' was not precise enough for their comparison.
5|5|The Filter That Looked Clean|In this imagined classroom demonstration, muddy water passes through a simple filter and looks clearer. The teacher explains that appearance alone cannot establish whether water is safe to drink. Nobody tastes it. The students record only the visible change their demonstration supports. A useful observation becomes misleading if its conclusion reaches beyond what was actually tested.
5|5|The Search for a Fair Test Surface|In this imagined experiment, students roll marbles over different surfaces. One surface is tilted slightly, giving its marble an advantage. They level the board and measure from the same starting line. Their ranking changes. The result reminds them that a competition between materials can accidentally become a competition between setups unless the conditions are checked.
5|6|The Treasure beneath the Field|A farmer tells his sons that treasure is hidden in his land. After his death, they dig carefully but find no gold. Their work loosens the soil, and the field later produces a good crop. The treasure turns out to be connected with labor rather than a buried box. The story invites readers to reconsider what the father's promise meant.|Aesop: The Farmer and His Sons
5|6|The Two Pots in the River|A metal pot and an earthen pot float down a river together. The earthen pot asks the metal pot to keep some distance. Even an accidental touch could break it. Being close together does not remove the difference between their strengths. The fragile pot understands a risk its companion overlooks because the same contact would not harm them equally.|Aesop: The Two Pots
5|6|The Tail-Less Fashion Advice|A fox loses his tail in a trap. Embarrassed, he tells other foxes that tails are useless and should be removed. Another fox asks whether he would give the same advice if he still had his own. His private motive becomes visible. The proposal may sound practical, but its usefulness cannot be separated from the reason he promotes it.|Aesop: The Fox Who Had Lost His Tail
5|6|The Cup of Milk and the Future|A milk seller imagines what she will buy with the money from her milk. Each imagined purchase leads to a larger success. Lost in these plans, she moves her head and drops the container. The milk spills, taking the imagined profits with it. Planning can be useful, but this fable warns against treating hoped-for results as possessions already secured.|Aesop: The Milk-Woman and Her Pail
5|6|The Wall Built from One Trade|A town asks three tradesmen how to strengthen its defenses. Each recommends the material associated with his own work. Their advice reveals their experience, but also its limits. A person may sincerely believe a familiar solution is best because alternatives are less visible to them. The listeners must compare the proposals instead of mistaking confidence for a complete view.|Aesop: The Three Tradesmen
5|7|The Message Sent Tomorrow|A message on my phone seems to have been sent tomorrow. I suspect an elaborate joke until I check the sender's location. My friend is traveling across time zones, and the displayed date follows a different clock setting. We compare the actual sequence of messages. The mystery disappears when we separate the event from the way its time is shown.
5|7|The Painting That Changed Color|A painting looks blue in a morning photograph and green when I visit in the evening. I wonder whether it has been replaced. A guide shows me photographs taken under different lighting. The frame and small marks match. I cannot judge the exact cause from one image, but I no longer need a replacement story to explain the difference.
5|7|The Silent Alarm Clock|My alarm clock shows the correct time but fails to wake me. I replace its batteries without success. Then my sister notices a small symbol beside the alarm time. It is set for evening. The clock has been doing exactly what I told it to do. Fixing the setting works better than replacing another part.
5|7|The Library Book's Hidden Journey|A library book contains a receipt from a distant town. I imagine a dramatic journey before noticing that the shop also sells online. The receipt cannot tell me whether the book traveled there. I leave the question open and return the paper to the librarian. An interesting clue can support several ordinary explanations as well as an exciting one.
5|7|The Room Number on the Key|At a guesthouse, my key carries a number that does not match my room. I suspect a booking error. The host explains that the number identifies the key, while a separate tag names the room. The correct key opens the door. I had assumed that every number attached to an object described the same thing.
5|8|The Museum Bench Visit|I return to a museum with only an hour available. Rather than racing through the collection, I sit opposite one painting. Details emerge slowly: a hand, a window, a patch of reflected light. I leave without seeing the newest exhibition. The visit feels complete because I gave one work enough time to become more than a picture I passed.
5|8|The Festival Volunteer Who Did Not Know|At a festival, I ask a volunteer about a performance's origin. She says she does not know and points me toward the performers' information table. I appreciate the direct answer. A confident guess would have been harder to correct later. The conversation I eventually have is richer because the volunteer recognized the edge of her knowledge.
5|8|The Phrasebook's Too-Formal Greeting|I practice a greeting from a phrasebook before visiting a small shop abroad. The owner smiles and teaches me a shorter everyday version. My first attempt was understandable, just unusually formal. I write both expressions down with notes about the situation. Learning a phrase includes learning when people naturally choose to use it.
5|8|A View Reserved for Rain|My travel plan includes a famous viewpoint, but clouds cover it. A local cafe owner recommends a sheltered riverside walk instead. I see reflections, wet stone and people carrying bright umbrellas. These were not the images I expected to bring home. The day becomes memorable once I stop measuring it against a photograph taken in different weather.
5|8|The Shared Table Conversation|At a crowded cafe during a trip, I share a table with a stranger. We talk about the neighborhood, but I do not assume she speaks for everyone who lives there. She describes her own favorite places and her own complaints. Her account is valuable precisely because it is personal. I leave with suggestions rather than a final judgment about the town.
5|9|The Designer's Uncomfortable Chair|This fictional profile follows Luis, a furniture designer. His first chair photographs beautifully but becomes uncomfortable after ten minutes. He invites people to sit longer during later trials. Their shifting positions reveal problems compliments had hidden. The revised chair looks less dramatic. Luis prefers it because it supports the activity it was supposed to make pleasant.
5|9|The Editor Who Read Aloud|Hannah is a fictional editor who begins reading difficult paragraphs aloud. At first, she feels foolish working this way in an empty office. Soon, she notices missing connections and repeated words that silent reading concealed. She does not rewrite every sentence to sound conversational. She uses her voice as another way to hear where a reader may lose the thread.
5|9|The Teacher's Unfinished Example|This fictional profile follows Ken, a new art teacher. He usually shows polished examples, and his students become afraid of mistakes. One afternoon, he brings an unfinished sketch with visible corrections. Questions replace embarrassed silence. Ken continues showing finished work, but adds the uncertain stages that explain how a picture reaches that point.
5|9|The Shopkeeper's Shorter Opening Hours|This fictional profile follows Rose, who runs a small shop. She once stayed open every evening, even when few customers came. After reviewing her notes, she closes earlier on two quiet days and explains the change clearly. Some customers adjust their visits. The shop's story is not a rule for every business, but a record of one owner's decision.
5|9|The Pianist's Listening Week|Arun is a fictional pianist preparing for a small concert. A strained schedule leaves him repeating difficult passages without noticing improvement. His teacher asks him to spend part of each practice listening carefully to short recordings of himself. He begins hearing where his timing rushes. Practice becomes more specific, and the concert feels less like a test of how many hours he endured.
6|0|The Weather in the Wardrobe|A magical wardrobe offers clothes for weather that has not arrived. Its owner begins dressing for tomorrow and spending today uncomfortable. Eventually, she keeps the predictions in a notebook but chooses clothes after opening her window. The wardrobe still provides useful warnings. She simply stops allowing a possible future to replace the conditions outside her door.
6|0|The Mountain's Quiet Request|A mountain sends a dream to the village below, asking for a quiet festival. The villagers remove the drums, but their shouted instructions become louder than the music. A child suggests fewer instructions instead. People share food and listen to the stream. The mountain sends another dream that night: it had wanted room for its own sounds, not the disappearance of every human voice.
6|0|The Map That Followed Wishes|A magical map redraws itself according to its owner's wishes. When Tomas longs for the sea, every road bends toward the coast. He enjoys this until he needs to find a doctor. His sister suggests saying the destination aloud before opening the map. Wishes can guide a pleasant journey, but urgent journeys require him to distinguish what he desires from what he needs.
6|0|The Borrowed Voice Returns|A shy wizard borrows a powerful voice for a public speech. Everyone listens, but nobody recognizes him afterward. At the next meeting, he uses his own quiet voice and asks people to move closer. The speech is less impressive, yet the conversation continues after it ends. Returning the borrowed voice leaves him with something more useful than its volume.
6|0|The Last Page of the Spellbook|A spellbook's final page is blank until its owner makes a mistake. Then it records what happened. A young witch tries to keep the page empty, avoiding every difficult spell. Her teacher shows her a book with dozens of final pages. Experience, she explains, can make a book longer. The witch attempts a small new spell and prepares to take notes.
6|1|The Camera beyond the Usual Path|A fictional wildlife group moves a camera from a busy path to a quieter corner. Different animals appear in the recordings. The volunteers resist claiming that the garden's population has suddenly changed. Their observation point changed first. They keep records from both positions, recognizing that equipment placement influences which parts of a living place become visible to them.
6|1|The Garden's Untidy Border|A fictional garden club disagrees about an untidy border. Some members want a clean edge; others value the varied plants growing there. They mark a small trial area and photograph it through the season. They also record maintenance and visitor comments. The trial does not settle every preference, but it gives the discussion something more concrete than competing descriptions of 'good gardening.'
6|1|The Sound No One Could Name|During a dawn walk, a group hears an unfamiliar call. Several confident guesses follow, but no one sees the source. The guide records the sound and its location. Later, the group compares it with reference recordings without reaching agreement. Their outing still produces a useful observation. A question preserved accurately is better than a doubtful answer recorded as fact.
6|1|The Familiar Tree from Below|A photographer has taken the same tree from a hill for years. One afternoon, she stands beneath it instead. Branches overlap in unexpected ways, and the trunk hides much of the sky. Nothing about the tree has changed during her walk. Changing position has revealed the limits of a view that had begun to feel complete through repetition.
6|1|The Beach Collection Left Behind|A family photographs shells on a beach rather than taking them home. Their youngest child worries that photographs will be less exciting than a box of objects. Back home, she arranges the images by shape and adds notes about where each shell lay. The collection becomes a record of a particular walk, while the shells remain where the family found them.
6|2|The Free Service with a Long Queue|In this fictional city, a free repair service attracts more visitors than its volunteers can help. Organizers celebrate the attendance, but people leaving before their turn reveal another side of the event. The next session uses short appointments and a waiting list. Demand remains strong. Success now includes whether visitors actually receive help, not merely whether they arrive.
6|2|The Park Rule with an Exception|In this fictional park, a rule keeps all vehicles off a central path. A resident points out that it also appears to exclude a mobility aid. Managers revise the wording after consulting users. The aim was to reduce danger, not prevent access. Writing the purpose beside the rule helps future staff apply it without repeating the original misunderstanding.
6|2|The Translation at the Meeting|In a fictional community meeting, organizers provide written translations of a proposal. During discussion, new questions appear that the documents do not cover. Participants ask for more time and language support before voting. The organizers postpone the decision. Providing the same starting information was helpful, but meaningful participation also required a way to follow the conversation as it changed.
6|2|A Pilot Project without a Promise|In this fictional town, a weekend street closure is announced as a trial. Supporters nevertheless describe it as permanent, while opponents call it a final decision. Officials publish the trial dates, evaluation questions and decision process again. They cannot remove disagreement, but they can clarify what has and has not been decided. A test needs boundaries people can recognize.
6|2|The Community Room's Invisible Work|In this fictional neighborhood, a shared room appears inexpensive because volunteers clean it without pay. When those volunteers become unavailable, the budget no longer works. The committee begins recording donated time alongside financial costs. The room was never maintained by money alone. Making that work visible helps residents discuss what they can realistically sustain.
6|3|The Helpful Reminder That Was Not Helpful|My partner reminds me about a task several times, believing the reminders reduce my burden. I experience them as interruptions. We finally agree on one shared note and a clear deadline. The task itself has not changed, but the surrounding friction decreases. Helping someone requires finding out what support feels like from their side of the conversation.
6|3|The Old Table's New Marks|After refinishing an old table, I become anxious about every cup placed on it. Meals feel less relaxed than before. I buy a few coasters, then accept that the surface will gradually show use. The repair was meant to return the table to daily life. Protecting it so carefully that nobody enjoys it would defeat that purpose.
6|3|A Weekend with One Fixed Plan|I schedule only one activity for a weekend visit from a friend. At first, the empty spaces make me nervous. Yet they allow us to follow an unexpected conversation, take a longer walk and rest when needed. The fixed plan gives the visit shape without filling it. We leave several possibilities unused and do not feel we have missed them.
6|3|The Email I Read in a Hurry|A short email from a colleague sounds unfriendly when I read it between tasks. I draft an equally sharp reply, then pause. Reading the message again after lunch, I notice a practical question rather than an insult. I answer that question. Nothing proves my first interpretation was wrong, but it was certainly not the only possible one.
6|3|The Suitcase I Packed Twice|I pack for a short trip, then remove everything and ask when I will use each item. Several objects were included for unlikely situations without a clear reason. I leave them behind and keep a little space. The second packing takes time, but carrying the bag becomes easier. Preparation can involve subtraction as well as adding protection against every possibility.
6|4|The Archivist's Uncertain Date|This fictional story is set in an archive long ago. A clerk receives a letter with a damaged date. Another clerk suggests filling the missing number from memory. Instead, she records the visible digits and marks the gap. Future readers may find another document that resolves it. Her incomplete description preserves a possibility that a confident guess would close.
6|4|The Mill's Written Routine|This fictional story is set in an old mill. An experienced worker knows every sound of the machinery, but his replacement cannot interpret his brief instructions. They spend a day writing a fuller routine together. Questions reveal steps the older worker performs without thinking. Recording the work makes its hidden knowledge available without pretending that a page can replace all experience.
6|4|The Portrait's Unusual Background|This fictional story is set in a painter's workshop long ago. A customer asks for a portrait beside books he has never read. The painter hesitates, then asks what the books should represent. The customer wants to appear thoughtful. Their conversation leads to a simpler setting with an object he actually uses. The finished portrait makes a different kind of claim.
6|4|The Merchant's Delayed News|This fictional story is set before rapid communication. A merchant receives a letter describing strong demand in a distant town. By the time he arrives, conditions have changed. He keeps the letter as a reminder to ask when information was true, not only whether its writer was honest. Accurate news can still become a poor guide when it travels slowly.
6|4|The Workshop's Shared Measure|This fictional story is set in an old workshop. Two workers use different measuring sticks and produce parts that do not fit together. Neither understands the problem until they compare the sticks directly. They agree to use one reference for the project. Skilled hands cannot produce compatible parts if the meaning of a measurement changes between benches.
6|5|The Result That Would Not Repeat|In this imagined experiment, one paper design flies much farther than the others. Its creators celebrate, but repeated flights are ordinary. They report the exceptional flight alongside the full set of results. They cannot yet explain it. Repetition prevents one exciting event from carrying more weight than the evidence around it can support.
6|5|The Sensor beside the Heater|In this imagined project, students install a temperature sensor near a heater. Its readings are accurate for that location but poor descriptions of the whole room. Moving it produces a different pattern. The students document both positions rather than calling the first readings false. A correct measurement can answer the wrong question when its location is overlooked.
6|5|The Hidden Empty Container|In this imagined experiment, a group weighs different materials in containers. One container is heavier, so its contents appear heavier too. The group begins subtracting each empty container's weight. Their comparison changes. The original numbers were not invented; they simply included something the intended question did not ask them to compare.
6|5|A Model with an Open Edge|In this imagined classroom activity, students build a model river from sand and pour water into it. Some water escapes over the tray's edge. They adjust the model and explain that its boundaries differ from a real landscape. The demonstration remains useful for exploring movement, provided they avoid treating every feature of the model as a prediction about an actual river.
6|5|The Software Counter's Extra Click|In this imagined project, a student writes a program to count button presses. One physical press sometimes produces two recorded events. She tests the program with slow, deliberate presses and examines the event log. The displayed total was precise but not reliable. Checking how observations become data is part of the investigation, not merely a task after collection.
6|6|The Gold That Was Never Used|A miser hides gold and repeatedly visits its hiding place. When it is stolen, he grieves. A neighbor observes that a stone could serve the same purpose if the gold was never used. The remark does not excuse the theft. It questions what practical value the miser received from possession alone, separating having wealth from enjoying any benefit it could provide.|Aesop: The Miser
6|6|The Goat's Missing Exit|A fox trapped in a well praises its excellent water to a passing goat. The goat jumps in. The fox climbs out using the goat's back and leaves it behind. The goat considered the invitation without considering the exit. The fable's warning concerns both dishonest persuasion and the danger of evaluating only the attractive first stage of a decision.|Aesop: The Fox and the Goat
6|6|The Cat with One Escape|A fox boasts to a cat about many tricks for escaping danger. The cat knows only one: climbing a tree. When hunters approach, the cat immediately climbs to safety. The fox hesitates over its options. The story contrasts a practiced response with a collection of untested possibilities. Having more choices is not automatically helpful when action must be quick.|Aesop: The Fox and the Cat
6|6|The Sculpture's Other Maker|A man and a lion argue about which species is stronger. The man points to a sculpture showing a human defeating a lion. The lion replies that lions would make different sculptures if they could carve. The object records the perspective of its maker. It cannot settle the argument simply by presenting that perspective in stone.|Aesop: The Man and the Lion
6|6|The Medicine and the Missing Furniture|An older woman hires a physician to treat her eyes. During visits, he steals her possessions. When he later demands payment, she says her sight must be worse because she can no longer see the furniture that used to fill her home. Her reply exposes the theft through the physician's own claim to have improved her vision.|Aesop: The Old Woman and the Physician
6|7|The Meeting Room Booked Twice|Two teams arrive with confirmations for the same meeting room. Each assumes the other made a mistake. Comparing the messages reveals that one booking belongs to a different building with an identical room name. The time and number match, but the address does not. They find an alternative room and add building names to future calendar entries.
6|7|The Vanishing Spreadsheet Row|A row disappears from a shared spreadsheet just before a review. Nobody admits deleting it. One colleague checks the active filters and finds that the row is hidden because its status changed. The information was present throughout the search. Before looking for a person responsible for a loss, the team needed to verify that a loss had occurred.
6|7|The Two Receipts for One Lunch|I find two receipts for lunch and suspect I paid twice. One shows an order summary; the other confirms payment. Their similar layouts caused the confusion. I compare the transaction details before contacting the cafe. The documents describe different stages of one purchase. Similar-looking records do not necessarily represent separate events.
6|7|The Note behind the Calendar|A mysterious reminder appears on my desk after weeks of absence. I think someone moved it there intentionally. Then I notice an empty space behind the calendar, which I adjusted that morning. The note had been trapped underneath. Its sudden appearance needed a change in the objects around it, not a new message from another person.
6|7|The Song Heard through the Wall|A neighbor's music seems to begin whenever I start reading. I keep a short record before complaining. The times are less regular than I remembered, and several quiet reading sessions had escaped my attention. There is still occasional noise to discuss. The record helps me describe that actual problem without adding a pattern created by my frustration.
6|8|The Guidebook's Closed Cafe|A guidebook recommends a cafe that has closed by the time I visit. I feel cheated until I check the publication date. The description may have been accurate when written. I ask a nearby shopkeeper for a current suggestion and make a note in the margin. A useful guide still needs to be read as a document from a particular moment.
6|8|A Local Invitation with Conditions|During a trip, a host invites me to a small community event and explains that photography is not welcome. I leave my camera in its bag. Without thinking about pictures, I listen more closely to the conversations around me. The invitation gives me access to an experience, not ownership of everything I might want to record there.
6|8|The Route Chosen for Rest Stops|My traveling companion and I choose a longer walking route because it has regular places to sit. On a map, the direct route seems more efficient. In practice, the longer one suits our energy and lets us enjoy the afternoon. Distance alone would have described the journey poorly. Planning improves when we include how we actually move through a place.
6|8|The Craft Demonstration's Failed Piece|At a craft demonstration, a maker's piece collapses before it is finished. She explains what she thinks went wrong and begins again. The audience watches more carefully than before. Seeing the failed piece makes the later success easier to understand. The demonstration becomes an account of skilled judgment rather than an illusion that experienced hands never encounter difficulty.
6|8|A Conversation beyond the Landmark|After visiting a famous landmark, I spend an hour in a small neighborhood bookshop. The owner recommends a novel set nearby and explains which streets it mentions. The landmark gave me a recognizable photograph. The conversation gives me reasons to notice ordinary corners on my walk back. Both belong to the trip, though only one appeared on my original list.
6|9|The Engineer's Paper Prototype|This fictional profile follows Mara, an engineer who presents a rough paper model before building a device. Colleagues immediately point out an awkward opening. Because little has been built, changing it is easy. Mara learns to value early criticism. An unfinished object can invite a more useful conversation than a polished one that makes every suggestion feel expensive.
6|9|The Nurse in the Theater Group|This fictional profile follows Joel, who joins an amateur theater group after work. He initially wants a large role but struggles to attend every rehearsal. He accepts a smaller part and helps organize costumes. The production becomes a place he can participate reliably. His contribution grows by matching his commitments to his available time rather than his first ambition.
6|9|The Translator's Uncertain Word|This fictional profile follows Amina, who encounters an ambiguous word while translating a family letter. Instead of choosing silently, she offers two possible readings with a brief explanation. A relative recognizes which one fits the writer's circumstances. Amina's uncertainty creates room for knowledge held by someone else. Concealing it would have made the translation sound smoother but less trustworthy.
6|9|The Baker's Smaller Menu|This fictional profile follows Stefan, a baker who offers more products than he can prepare consistently. He reduces the menu and explains the change to regular customers. Some miss their favorites, while others appreciate knowing what will be available. The decision is imperfect. Stefan learns that a manageable promise can serve people better than an impressive list he frequently fails to deliver.
6|9|The Researcher's Corrected Talk|This fictional profile follows Lin, a researcher preparing a public talk. A colleague notices that one slide makes a small result sound universal. Lin changes the wording and adds the study's limits. The revised talk is less dramatic but easier to defend. She comes to see qualification as part of explaining a result clearly, not as an apology for having one.
7|0|The Opera for Sleeping Houses|Every house in a magical city snores in a different key. A composer spends a month listening from the streets, then writes an opera for them. Opening night is a disaster: the audience keeps the houses awake. The second performance takes place at dawn with no human spectators. From a distant hill, the composer hears the windows gently joining in.
7|0|The Ghost's Forwarding Address|A ghost is disappointed when the family haunting her house decides to move. She has grown fond of their noisy breakfasts. The youngest child leaves a forwarding address beneath a loose floorboard. Weeks later, the new house develops a familiar midnight creak. The family never sees their old ghost, but they leave the smallest bedroom empty, just in case.
7|0|The Forest's Spare Tuesday|An enchanted forest contains a Tuesday that never reached the calendar. A tired traveler spends it reading beneath a tree, relieved that nobody expects him anywhere. When he returns, no time has passed outside. He could visit again, but first he cancels an unnecessary appointment. A spare day was pleasant; learning to leave space in ordinary days might last longer.
7|0|The Umbrella That Collected Skies|A magical umbrella remembers every sky it has sheltered beneath. When opened indoors, it displays one overhead. Its owner invites a homesick friend to choose a rainy afternoon from her hometown. They sit beneath it, listening to imaginary drops. The friend eventually closes it herself. The remembered sky has made the unfamiliar room feel a little more welcoming.
7|0|The Dragon's Retirement Party|A retired dragon receives fifty fireproof gifts at his farewell party. He thanks everyone, although his new hobby is watercolor painting. The last guest brings a fragile glass vase. The dragon handles it with extraordinary care and places flowers beside his paints. For once, someone has chosen a present for what he wants to do next rather than what he used to be.
7|1|The Garden Gate's Small Audience|A fictional gardener repairs a gate while a robin watches from a nearby post. Each time she stops, the bird moves closer to the disturbed soil. She is tempted to describe it as interested in carpentry. Instead, her diary records the movements without assigning a motive. The charming story remains a possibility, while the observations remain useful independently of it.
7|1|The Winter Walk's Unexpected Colors|A walking group expects a winter garden to be colorless. Their guide gives each person a card with a different muted shade. Soon they are examining bark, dried stems and wet stones. The exercise does not make the garden more colorful; it changes what receives attention. By the gate, several visitors are still searching for a particular gray that now seems surprisingly distinctive.
7|1|The Damaged Leaf Gallery|A photographer makes a series of close images of damaged leaves. A curved bite, a torn edge and a pale patch become the subjects. She labels locations and dates but avoids diagnosing every mark. Viewers keep asking what caused them. The exhibition leaves those questions open, inviting people to notice evidence before satisfying the urge to explain it.
7|1|The Animal Track That Was a Tool|A volunteer discovers a repeating pattern in soft garden soil and photographs it as a possible animal track. The groundskeeper recognizes marks made by a wheeled tool. The volunteer adds the correction to the same page rather than deleting the image. Later trainees find it useful. Learning what a track is not can sharpen the next observation.
7|1|The Tree Kept in the Drawing|An artist sketches a landscape that includes a bare, uneven tree. A passerby suggests leaving it out to improve the view. The artist keeps it, partly because it helps identify the place. When a longtime resident sees the drawing, that tree is the first thing she recognizes. Visual awkwardness can carry a kind of local accuracy that a prettier scene would lose.
7|2|The Volunteer Role Nobody Advertised|In this fictional community, an event has plenty of performers but nobody assigned to pack chairs afterward. Organizers had advertised the visible roles and assumed the rest would happen. For the next event, cleanup appears in the schedule with names and realistic time. The celebration remains lively. Its ending becomes fairer because the work is no longer left to whoever feels unable to leave.
7|2|The Consultation after the Design|In this fictional town, residents are invited to comment on a nearly finished square redesign. Meaningful changes would now be costly. Officials realize that the invitation promised more influence than the schedule allowed. They identify which decisions remain open and explain the constraints. Future projects begin consultation earlier, when public participation can alter the design rather than merely decorate its conclusion.
7|2|The Market's Uncounted Visitors|In this fictional market, organizers judge success by sales alone. A survey reveals that some visitors come for conversation or a place to sit. Sellers still need income, so the organizers do not abandon financial measures. They add other indicators and discuss the trade-offs openly. The market has several purposes, and no single total can represent all of them.
7|2|The Digital Noticeboard's Paper Twin|In a fictional housing cooperative, notices move to an app. Several residents miss an important maintenance announcement. Rather than assuming everyone should adapt immediately, the committee keeps a paper noticeboard and offers help using the app. Maintaining two channels takes effort. The committee accepts that cost because convenience for the organizers is not the same as reliable communication for everyone.
7|2|The Playground Opening without a Photo|In this fictional neighborhood, a playground opens quietly after its equipment and access routes are checked. A ceremonial event is postponed because volunteers need rest. Children use the space anyway. The committee discovers how easily a public photograph can become confused with the completion of a project. The playground's purpose begins when people can use it, not when its organizers pose beside it.
7|3|The Recipe I Stopped Defending|I serve a dish exactly as my grandmother wrote it, then insist that everyone appreciate its authenticity. My brother gently asks whether I enjoy the result myself. Not particularly. We adjust the seasoning next time and write the change beneath her instructions. Keeping her recipe alive turns out to involve cooking from it, not protecting every line from our own tastes.
7|3|A Desk Facing the Wrong View|I arrange my desk to face a beautiful window, convinced that the view will improve my working day. Instead, the afternoon glare makes reading difficult. Turning the desk sideways feels like surrender until I sit down comfortably. The window remains visible whenever I look up. A room can be designed around how it feels to use rather than how it looks in a photograph.
7|3|The Apology without an Explanation First|After forgetting a friend's appointment, I begin composing a long account of my busy week. I delete the opening and apologize plainly before explaining. She is still disappointed, but the conversation becomes easier. My circumstances matter; they simply do not need to occupy the place where acknowledgment belongs. We choose another date, and I enter it in my calendar immediately.
7|3|The Last Box after the Move|One box remains unopened months after I move. Its label says 'important,' but I cannot remember the contents. Inside are spare cables, old instructions and a chipped ornament. Only the ornament feels important now. I give it a place on a shelf and sort the rest. The label belonged to the urgency of moving day, not to a permanent ranking of my possessions.
7|3|The Dinner Where We Put the Phones Away|Friends agree to put phones aside during dinner. Halfway through, one person needs to check a message from home. Nobody objects. The agreement was meant to protect attention, not create a test of loyalty. After replying, she returns to the conversation. The evening works because the rule serves the people at the table rather than demanding that they serve it.
7|4|The Map's Decorative Empty Space|This fictional story is set in a map workshop long ago. An apprentice fills an uncertain region with elaborate decoration. The master asks whether readers will recognize that the land is poorly known. They add a clear note beside the ornament. Beauty need not disappear from the map, but it should not disguise the difference between measured ground and unanswered questions.
7|4|The Household Book's Other Writer|This fictional story is set in an old household. A book of expenses is usually attributed to its owner, whose name appears on the cover. A visitor notices two distinct hands inside. The household assistant explains that she recorded most daily purchases. The visitor adds her name to a description of the book. Ownership and authorship were not quite the same story.
7|4|The Clockmaker's Borrowed Part|This fictional story is set in an old clockmaker's shop. A customer requests a repair before an important journey. The clockmaker can make the clock run using a borrowed part, but it will need replacing later. He writes that condition on the receipt. The temporary solution is useful because its limits travel with it, rather than remaining inside the craftsman's memory.
7|4|The Theater's Handwritten Change|This fictional story is set in an old theater. A printed program names an actor who has become ill. Staff add handwritten corrections to every copy. Years later, one corrected program survives. Its untidy note records what actually happened that evening, while an untouched copy preserves only the original plan. The smallest alteration becomes the most revealing detail.
7|4|The Cargo List and the Empty Crate|This fictional story is set at an old harbor. A clerk checks arriving crates against a list and counts the expected number. A dock worker notices that one crate is unusually light. Opening it reveals missing goods. The count was correct but insufficient. The clerk adds condition checks to future records, learning that a complete set of containers need not contain a complete shipment.
7|5|The Chart with a Narrow Scale|In this imagined lesson, two charts display identical measurements. One uses a narrow vertical scale, making small changes look dramatic. The other includes a wider range. Students compare the labels before discussing the pattern. Neither picture changes the numbers, but each directs attention differently. Reading a chart requires examining the frame around the data as well as the line within it.
7|5|The Missing Unsuccessful Trials|In this imagined project, a student presents three successful attempts at building a paper tower. Her notebook contains seven unsuccessful attempts too. Adding them changes the account from an apparently reliable method to a promising but inconsistent one. The project is still interesting. Its usefulness improves when the report includes the effort and failure required to obtain the successes.
7|5|A Prediction Written Before the Test|In this imagined experiment, students write predictions before testing their bridge designs. After seeing the results, several realize that their expectations had shifted in memory. The written notes make that change visible. Being wrong becomes part of the discussion rather than something to conceal. A prediction is useful not because it must succeed, but because it makes learning easier to trace.
7|5|The App That Measured a Proxy|In this imagined design exercise, an app counts completed reading sessions and labels the total 'understanding.' A reviewer objects: finishing a session is observable, but understanding has not been measured. The designers rename the display and explain what it records. The number remains useful once it stops claiming to represent a more complicated experience than the system can observe.
7|5|The Repaired Sensor's New Baseline|In this imagined project, a sensor produces a sudden change after repair. The team initially interprets it as a change in the room. Comparing maintenance notes with measurements suggests that the instrument may account for part of the shift. They mark the repair date on the graph. Information about equipment becomes necessary for interpreting information gathered by it.
7|6|The Freedom beneath the Collar|A hungry wolf meets a well-fed dog and considers joining its comfortable life. Then he notices the heavy wooden collar the dog must carry. The dog explains that his master requires it. The wolf chooses to leave. The fable does not pretend the wolf's hunger has vanished; it shows him judging comfort differently once he understands the condition attached to it.|Aesop: The Wolf and the Housedog
7|6|The Boast That Needed No Witness|A traveler boasts about an extraordinary jump he made in another place, saying witnesses could confirm it. A listener asks him to demonstrate the jump where they stand. The distant audience is no longer necessary. The fable separates an impressive account from a present ability to support it. Its challenge is simple: replace the story's convenient distance with something that can be observed.|Aesop: The Boasting Traveler
7|6|The Brass Bell's Real Meaning|A troublesome dog receives a bell to warn people of his approach. He treats it as a mark of honor and proudly displays it. Another dog explains that the bell identifies a problem rather than celebrating an achievement. The same visible object can carry opposite meanings for wearer and audience. Admiration cannot safely be inferred from attention alone.|Aesop: The Mischievous Dog
7|6|The Traveler and the Already-Ready Dog|A traveler scolds his dog for apparently delaying their departure. The dog has actually been ready and is waiting for him. The accusation returns to its speaker. In this brief fable, impatience rests on an unchecked assumption about who is holding things up. The traveler would understand the delay better by examining his own preparations before criticizing his companion.|Aesop: The Traveler and His Dog
7|6|The Peacock's Answer in the Sky|A peacock displays its splendid feathers and mocks a crane's plain appearance. The crane answers by rising into the air, where the peacock cannot follow in the same way. The argument shifts from decoration to ability. Each bird's qualities are real, but the peacock's chosen comparison was not the only meaningful one. Beauty does not settle every question of value.|Aesop: The Peacock and the Crane
7|7|The Disappearing Signature|A signature appears to vanish when a scanned document is printed. The original file still shows it. A colleague discovers that a pale ink color is poorly reproduced by the office printer. They request a clearer scan rather than accusing anyone of removing the signature. The mystery lies in the transformation between versions, a stage they had initially treated as invisible.
7|7|The Door Locked from Both Sides|A storage room seems impossible to enter: both teams believe the other has the key. Reviewing a handover note reveals a third location, a numbered cabinet at reception. The note had been read only for the room's name. The key is exactly where it was recorded. Their shared certainty grew from repeating the same incomplete reading to each other.
7|7|The Duplicate Photograph|Two photographs in a family album appear identical except for one person's expression. Someone suggests that one was altered. Looking more closely, we notice a hand has moved and a curtain has shifted. They were taken moments apart. The small differences that first encouraged suspicion eventually explain the pair, once we inspect more than the face that drew our attention.
7|7|The Complaint from an Empty Apartment|A building manager receives noise complaints apparently sent from an empty apartment. The address belongs to a previous resident whose contact details were never updated. The complaint concerns the resident's new building. The manager forwards the information with permission and corrects the record. A convincing location can be misleading when it describes where someone used to live.
7|7|The Trail Marker Facing Backward|On a marked walk, an arrow appears to direct us back along the route. Before turning, we inspect the post and find another symbol for walkers traveling in the opposite direction. We had read the correct marker for a different journey. Once we identify our route's symbol, the signs become consistent. Instructions depend on the audience they are intended to guide.
7|8|The Tour That Asked Us to Draw|A guide gives visitors paper instead of a list of facts and asks them to draw one doorway. My drawing is poor, but the task makes me notice worn stone and an uneven handle. When the guide explains the building afterward, those details give the story places to attach. I remember the doorway more clearly than several grander sights photographed without pausing.
7|8|The Dish with Several Home Versions|During a cooking workshop on holiday, participants disagree about the 'correct' version of a familiar dish. The instructor describes how her own family makes it and acknowledges other versions. The lesson becomes more interesting once a single recipe stops carrying the burden of representing everyone. I leave able to cook one version and curious about the conversations around the others.
7|8|The Photograph I Asked Not to Take|A craftsperson allows visitors into her workshop but asks us not to photograph an unfinished design. I put my phone away and sketch a permitted tool instead. The visit remains generous without granting unrestricted access to every object. Respecting the boundary makes the conversation easier, and she spends extra time explaining the tool I chose to draw.
7|8|The Wrong Season's Walking Advice|An old travel note recommends an exposed afternoon walk for its warm light. I arrive during a much hotter period and choose an early start instead. The route is familiar from photographs, but the conditions are not. Advice becomes useful after it is adjusted to the day on which it will be followed, rather than admired as a fixed instruction.
7|8|The Return Visit without a Checklist|On my second visit to a city, I skip its best-known attractions and revisit an ordinary street where I once got lost. I recognize a bakery and discover that a bookshop has moved. The trip feels less impressive to describe, yet more personal to experience. Familiarity gives me permission to notice change instead of proving that I have seen the expected sights.
7|9|The Architect's Unsuccessful Shortcut|This fictional profile follows Eva, an architect who places a path where it looks balanced on a drawing. Visitors repeatedly take a shorter line across the grass. Rather than treating them as careless, she studies their destinations. A revised path follows their actual movement. The first design becomes useful evidence once she is willing to learn from its failure.
7|9|The Musician's Quiet Audience|This fictional profile follows Tomas, who performs at a small community center. The audience barely applauds, and he assumes the performance failed. Afterward, several listeners describe moments they enjoyed in detail. Tomas still values applause, but stops treating volume as a complete account of attention. Some experiences are expressed more clearly in conversation after the room has emptied.
7|9|The Manager Who Changed Her Question|This fictional profile follows Hana, a manager who asks whether anyone has questions at the end of meetings. Silence usually follows. She begins asking which part of a plan seems hardest to carry out. Specific concerns emerge. The team had not lacked thoughts; the broad invitation had made it difficult to decide where to begin.
7|9|The Conservator's Visible Repair|This fictional profile follows Leo, who repairs a damaged display object. He is asked to make the repair completely invisible, but discusses how future viewers will distinguish old material from new. The agreed solution is discreet yet documented. His work protects both the object's appearance and the information needed to understand what has been altered.
7|9|The Poet's Unpublished Folder|This fictional profile follows Noor, who keeps poems she does not intend to publish. Some contain a useful phrase; others preserve a failed experiment. A friend calls the folder wasted effort. Noor opens it while revising a new poem and finds the rhythm she needs. Work can contribute to a finished piece without appearing in it under its own name.
8|0|The Bureau of Misplaced Endings|In a magical city, a clerk sorts endings that have become detached from stories. Most find their way home, but one cheerful ending fits nowhere. She eventually discovers that it belongs to a sad tale whose characters have not finished grieving. Rather than forcing it into place, she files it under 'not yet.' For the first time, the bureau makes room for an ending that must wait.
8|0|The Witch's Unreliable Reputation|A village witch is famous for terrible curses, although she has spent years making excellent soup. Whenever she invites someone to dinner, they suspect a trap. She finally opens her kitchen window and serves small bowls to passersby without promises. Her reputation changes slowly, one ordinary meal at a time. Magic would have been quicker, but she wants guests who come because they choose to.
8|0|The Clockwork Whale's Shore Leave|A clockwork whale asks its maker for a holiday on land. The maker builds wheels beneath its belly and a shaded place in the square. Children climb through its empty mouth while adults argue about whether it is still a whale. The whale enjoys the afternoon without resolving the question. At sunset, it asks for its wheels to be removed and returns happily to the harbor.
8|0|The Library Card for a Cloud|A cloud applies for a library card, but the form requires a fixed address. The librarian considers refusing until rain begins falling onto the application. She writes 'usually above the western hill' and offers waterproof books. The cloud becomes a careful borrower. Once a month, it returns a travel book with a note correcting a landscape description it has observed from a rather unusual angle.
8|0|The King Who Rented His Crown|A fairy-tale king rents out his crown for an afternoon, hoping someone else will handle the difficult decisions. The baker who borrows it merely poses for a portrait and returns it on time. The king discovers that authority did not travel with the jewelry. Next week, he invites the baker to a meeting instead. She arrives without the crown and asks remarkably useful questions.
8|1|The Field Notebook's Second Reader|A fictional naturalist lends her notebook to a colleague, who cannot interpret several marks that seemed obvious when written. Together, they add a key and clearer descriptions. The observations do not change, but their usefulness expands beyond the person who made them. A field record becomes something different when it must carry its meaning into another reader's hands.
8|1|The Garden's Unphotographed Corner|A community garden appears in photographs as a sequence of abundant beds. A volunteer begins documenting the storage corner, empty plots and damaged tools as well. The wider record is less suitable for a cheerful poster, but more helpful during planning. Beauty remains part of the garden's story. It simply stops standing in for all the work and uncertainty around it.
8|1|The Bird Count and the Birthday Party|In a fictional observation project, a garden's bird count falls on the day of a noisy party. The observer suspects a connection but has only one occasion to examine. She notes the disturbance without declaring a cause. Future observations may strengthen or weaken the idea. For now, the party is relevant context rather than a conclusion disguised as an explanation.
8|1|The Landscape Remembered Too Green|Returning to a childhood walking route, a painter is surprised by how little it resembles her memory. She looks at old family photographs and finds that some remembered features were never there. Others have genuinely changed. Her new painting includes a separate sketch of the imagined landscape. The contrast becomes an account of both a place and the mind that has carried it.
8|1|The Quiet Position beside the Hide|A wildlife photography group competes for the central window of a viewing shelter. One member chooses a narrow side opening and notices activity near the edge of the pond. Her pictures are different rather than automatically better. The group begins rotating positions. A favored viewpoint can become a habit that concentrates attention while leaving other parts of a scene repeatedly unseen.
8|2|The Indicator That Became the Goal|In a fictional city, a service center is rewarded for resolving requests quickly. Staff begin closing complicated cases before residents feel helped. Managers revise the measure after reviewing those cases. Speed remains useful, but it is considered alongside whether problems stay resolved. A target intended to improve service had begun changing behavior in ways the original designers did not anticipate.
8|2|The Meeting Minutes without the Disagreement|In this fictional cooperative, meeting minutes record a final decision but omit the concerns raised before it. Months later, those concerns become relevant, and nobody remembers the reasoning clearly. The group adds brief explanations and unresolved questions to future minutes. A record of agreement can be accurate yet insufficient if it removes the alternatives that made the decision difficult.
8|2|The Accessible Entrance Used by Everyone|In a fictional community center, a redesigned entrance is initially discussed as a facility for a small group of users. After opening, it also helps people with luggage, deliveries and temporary injuries. The organizers document these uses without claiming that every access need has been solved. A broader benefit strengthens the project while leaving specific remaining barriers visible.
8|2|The Petition with Two Different Requests|In this fictional town, a petition asks both for a quieter street and for all evening events to end. Some signers support only the first aim. Before treating the signature count as agreement with both, organizers clarify the questions. The revised consultation produces a less dramatic total but a more useful picture of what residents actually want changed.
8|2|The Grant Report after the Celebration|In this fictional neighborhood, a grant report initially focuses on an opening event's attendance and photographs. A volunteer adds information about regular use three months later, including a period when the space was unavailable. The report becomes less celebratory but more informative. Funders can now distinguish a successful launch from the separate challenge of keeping the project useful over time.
8|3|The Gift That Needed Instructions|A friend gives me a complicated coffee maker, convinced I will love its precision. I appreciate the thought but rarely use it. Eventually, I explain that my quiet morning routine matters more to me than controlling every variable. We make coffee together using my old pot. Gratitude becomes easier when I stop pretending that affection requires a permanent change in habits.
8|3|The Favor with an Unspoken Deadline|I agree to review a friend's document, imagining a task for the weekend. She expects comments that evening. Neither of us stated a deadline, yet both feel the other has changed the arrangement. Once we identify the missing assumption, we can negotiate honestly. The favor was not unusually demanding; it was poorly defined at the moment we both thought we had agreed.
8|3|The Photo Album's Ordinary Pages|While arranging a photo album, I initially choose only holidays and celebrations. The result looks attractive but strangely unlike the year I remember. I add a rainy window, an unfinished meal and our dog asleep beside the laundry. These images restore the texture between occasions. A life recorded only at its most presentable moments can become difficult for its owner to recognize.
8|3|The Productivity List with Rest on It|I begin listing rest beside household tasks, hoping to make it feel legitimate. Soon, I am judging whether I rested efficiently enough. I close the list for an afternoon and sit outside without recording anything. The list is still useful for remembering errands. It does not need jurisdiction over every kind of time I spend.
8|3|The Neighbor I Knew through Parcels|For months, I know my neighbor mainly by the parcels I accept when she is out. Our conversations are brief and practical. During a power cut, we sit on the stairs and talk for an hour. Nothing dramatic happens, yet the hallway feels different afterward. Familiarity had accumulated through small exchanges before either of us recognized the beginning of a friendship.
8|4|The Inventory That Counted Chairs but Not Work|This fictional story is set in an old household. An inventory lists furniture in careful detail but says little about the people who maintained it. A later reader finds repair notes tucked among the pages. Those scraps reveal washing, polishing and mending absent from the formal record. The household becomes more understandable when its possessions are placed beside the labor that kept them usable.
8|4|The Harbor Sketch's Changed Shoreline|This fictional story is set long ago. An artist draws a harbor from memory and places a landing where it used to stand. A boatman points out the change. The artist keeps the first sketch as a record of memory and makes a second from observation. Neither is discarded, but they are labeled differently so a later viewer will not confuse their purposes.
8|4|The School Register's Missing Winter|This fictional story is set in an old village school. A register has no entries for several winter weeks. A reader assumes the school closed, until a separate note mentions a lost book. The absence of names cannot establish the absence of pupils. The reader records both possibilities, resisting the temptation to turn a gap in documentation into a definite event.
8|4|The Craft Mark Shared by Several Hands|This fictional story is set in an old workshop. Objects carry the master's mark, though apprentices complete much of the work. A customer asks who made a particular bowl. The master names the workers and describes their tasks. The familiar mark guarantees the workshop's responsibility, but it does not mean that one pair of hands shaped every surface.
8|4|The Feast Described by a Guest|This fictional story is set long ago. A guest writes an admiring account of a feast, praising its apparent ease. A kitchen worker's letter describes the same evening through delays, heat and exhaustion. Read together, the accounts do not simply cancel each other. They reveal how one event can produce sharply different, equally situated experiences depending on where a person stood.
8|5|The Training Examples That Looked Too Similar|In this imagined computing lesson, a system recognizes pictures accurately during practice but struggles with new photographs. Students discover that the practice and evaluation sets contain nearly identical images. They separate the sets more carefully and test again. The lower score is less flattering but more informative. Evaluation matters only if it asks something the training process has not effectively already answered.
8|5|The Percentage without Its Starting Number|In this imagined report, a student announces that successful trials have doubled. The underlying count rose from one to two. Both the percentage and the counts are correct, but they create different impressions when shown alone. The revised report includes both. A dramatic relative change should not force readers to guess the scale of the events being compared.
8|5|The Estimate with Honest Edges|In this imagined measurement task, students estimate the height of a model using imperfect tools. One reports several decimal places; another gives a range and explains the uncertainty. The class examines which description the method can support. Extra digits make a result look precise without necessarily adding knowledge. Communicating a measurement includes communicating how uncertain it remains.
8|5|The Experiment That Changed Its Question|In this imagined project, students begin comparing paper strength but become interested in how folds affect stiffness. Their final report states the change rather than pretending the new question was planned from the start. The revised direction is legitimate. What matters is allowing readers to distinguish initial expectations, later observations and the decisions made after seeing them.
8|5|The Simulation's Convenient Assumption|In this imagined design exercise, a traffic simulation assumes every traveler follows the suggested route. Its results look excellent until a reviewer asks what happens when some people choose familiar streets. The team tests several alternatives. The model remains useful, but its conclusions are now presented with the behavior they depend on. A hidden assumption has become a visible part of the result.
8|6|The Bellows and the Same Mouth|A traveler warms his hands by blowing on them, then cools his hot food in the same way. His woodland host is disturbed that one mouth produces both warmth and cooling and ends their friendship. The fable turns an ordinary action into a puzzle about apparent inconsistency. Readers can also notice what the host misses: the starting conditions of the hands and food differ.|Aesop: The Man and the Satyr
8|6|The Donkey beneath the Statue|A donkey carries a sacred image through a crowd. Seeing people bow, it assumes the respect is directed toward itself and becomes proud. Its driver corrects the misunderstanding. The animal has confused carrying an honored object with being the source of that honor. The fable makes borrowed status visible by separating the attention received from the reason it was given.|Aesop: The Ass Carrying the Image
8|6|The Fly on the Axle|A fly sits on a cart and threatens to sting the mule unless it moves faster. The mule replies that it responds to the driver, not the fly. The insect has mistaken its position near the action for authority over it. The fable makes the distinction comic: announcing control does not establish control when the work is actually directed by someone else.|Aesop: The Fly and the Draught-Mule
8|6|The Empty Net and the Heavy Catch|Fishermen struggle to pull in a heavy net and celebrate before seeing its contents. They expect an exceptional catch. When they open it, much of the weight comes from stones and other unwanted material. The effort was real, but their interpretation of it was premature. A promising signal becomes useful evidence only after they discover what produced it.|Aesop: The Fishermen
8|6|The Two Daughters' Weather|A father visits one daughter whose household needs rain for growing plants and another whose work needs dry weather. Each asks him to wish for the opposite conditions. He cannot satisfy both with a single prayer. The fable presents conflicting interests without requiring either daughter to be unreasonable. What counts as favorable weather depends on the work waiting beneath the sky.|Aesop: The Father and His Two Daughters
8|7|The Email That Seemed to Predict the Future|An old email appears to describe a decision made only yesterday. Its timestamp suggests impossible foresight. The sender checks the thread and finds that the displayed date belongs to the original conversation, while the relevant text is a later reply. The words are genuine. The mistake arose from attaching one piece of metadata to the wrong part of a growing record.
8|7|The Identical Error in Three Reports|Three reports repeat an unusual number, making it seem well supported. A reviewer traces their references and discovers that all three copied one preliminary document. The agreement represents repetition, not independent confirmation. The team contacts the original author and corrects the figure. Counting sources had felt reassuring until someone examined the relationships between them.
8|7|The Empty Seat in Every Photograph|A family notices that one chair is empty in every photograph from a party. Stories about a missing guest begin to form. The photographer explains that she kept moving that chair to make room for her equipment. What looked like a deliberate absence was a practical feature of taking the pictures. The record carried traces of its own production.
8|7|The Footstep in the Recording|A home recording contains a heavy sound nobody remembers hearing. Listeners imagine someone walking nearby. The person who recorded it notices the sound coincides with touching the microphone stand. The equipment transmitted a small movement as a large noise. The recording did not invent the event, but it transformed its apparent scale in a way their first interpretation ignored.
8|7|The Locked Document's Missing Revision|A team cannot find a correction in its final document, although the editor remembers making it. Version history shows that the change was saved in a copy with a nearly identical name. Both files are valid; only one was distributed. They recover the correction and simplify their naming process. The mystery reveals a workflow problem rather than a failure of memory.
8|8|The Heritage Tour's Acknowledged Gap|A guide describes a historic building, then explains that little is known about the workers who maintained it. The admission interrupts the polished story in a useful way. Visitors begin asking different questions about the surviving records. I leave remembering both the building and the absence. An honest tour can illuminate the limits of its narrative without losing the audience's interest.
8|8|The Festival Seen from the Cleanup Crew|After enjoying a festival, I help a friend collect discarded programs. From that position, the event looks different: blocked bins, tired volunteers and clever arrangements that kept paths clear. The experience does not diminish the performance. It adds the work that allowed it to happen, giving the evening a second story beneath the one presented onstage.
8|8|The Map Drawn for a Particular Walker|A local host draws me a route with gentle slopes and frequent resting places. It differs from the fastest path suggested by my phone. Following it, I realize that the host has answered a more personal question than 'How do I get there?' The map describes a journey for a particular body on a particular afternoon, not merely a line between destinations.
8|8|The Souvenir I Chose Not to Buy|At a market, I admire a large handmade bowl but cannot carry it safely. The maker allows me to photograph it and writes down her name. I leave without purchasing anything, feeling unexpectedly satisfied. Appreciation does not always need to become possession. The conversation and image preserve an encounter that a hurried, impractical purchase might have made stressful.
8|8|The Familiar Word in an Unfamiliar Setting|While traveling, I recognize a word from a textbook but misunderstand its tone in conversation. A friend explains that the expression sounds distant in that setting. The dictionary meaning was not wrong; it was incomplete for the moment. I begin recording who uses a phrase, with whom and for what purpose, alongside its translation.
8|9|The Curator's Missing Attribution|This fictional profile follows Salma, a curator reviewing an exhibition label. A donor is named prominently, while the maker is described only as unknown. Research does not recover the maker's identity, but Salma rewrites the label to explain that gap rather than allowing ownership to dominate the story. The display becomes more precise about what is known and what has been lost.
8|9|The Developer's Unused Button|This fictional profile follows Marco, who adds a powerful feature to an app. Few people use it. Interviews reveal that the button's label does not suggest what it does. He changes the wording before rebuilding the feature. The experience teaches him to investigate the path to a tool, not only the tool itself, when useful functionality remains untouched.
8|9|The Conductor's Rehearsal Recording|This fictional profile follows Yuki, a conductor who hears a rehearsal differently when listening from the back of the hall. Parts that sounded balanced near the musicians are difficult to distinguish there. She moves between positions during later rehearsals. Her expertise grows through changing where she listens, not simply through issuing more detailed instructions from the familiar place at the front.
8|9|The Organizer's Cancelled Event|This fictional profile follows Ben, who cancels a community event when too few volunteers are available. He explains the decision early and returns the unused supplies. He feels embarrassed until participants thank him for avoiding a rushed, poorly supported evening. Reliability, he learns, can include recognizing when a promise can no longer be fulfilled responsibly.
8|9|The Writer's More Specific Sentence|This fictional profile follows Ada, who revises a sentence about 'everyone in the neighborhood.' She had spoken to only three residents. Naming those conversations makes the claim narrower and the article stronger. The scene retains its interest without pretending to be a survey. Her editing principle becomes simple: let the size of the claim match the experience that supports it.
9|0|The Museum of Things That Almost Happened|A magical museum displays events that nearly occurred: an unmissed train, an unwritten letter, a proposal abandoned at the doorway. Its curator enjoys arranging them until she discovers an empty case labeled with her own name. She closes the museum early and visits an old friend. The next morning, the case contains a pleasant evening she almost spent working alone.
9|0|The City with a Detachable Horizon|A city removes its horizon each winter to clean it. During the operation, residents can see possibilities usually hidden beyond the distance. Some begin making impossible travel plans. The cleaner returns the horizon slightly crooked, and everyone complains. One child prefers it that way: the slant leaves a narrow opening through which she can occasionally glimpse a place nobody has named yet.
9|0|The Alchemist's Successful Failure|An alchemist spends years trying to turn iron into gold. Instead, he creates a metal that remembers warmth. Investors lose interest, but a neighbor asks for a small piece to hold on cold mornings. Soon, the workshop fills with practical requests. The alchemist never achieves his original ambition. He becomes successful only after allowing the result to answer a different question.
9|0|The House That Dreamed of Tenants|An empty magical house dreams of ideal tenants who never spill tea or leave doors open. When such tenants finally arrive, their perfect silence makes it lonely. It begins creaking until they move out. The next family is noisy, forgetful and affectionate. The house tolerates muddy boots with unexpected pleasure and reserves its complaints for the genuinely serious matter of a leaking roof.
9|0|The Oracle's Gardening Leave|An exhausted oracle takes a week away from predicting the future and plants beans instead. Visitors keep asking whether the beans will grow. She answers that she has prepared the soil and will attend to them. By the end of the week, she enjoys not knowing everything in advance. Returning to work, she starts distinguishing predictions from the actions people can take regardless of them.
9|1|The Observation Hidden by a Familiar Name|A fictional field group labels a tree 'the old oak' for years. A newcomer asks which features support that identification, and the group realizes the name came from an uncertain first impression. They consult a reliable guide and revise the label. The correction changes neither the tree nor their affection for it. It changes the confidence attached to a habitually repeated description.
9|1|The Photograph beyond the Chosen Frame|A photographer publishes a tranquil garden scene, then shows a wider image containing a busy road. Viewers accuse the first photograph of being false. She argues that it records a real view, while acknowledging that its framing invites an incomplete impression. Displaying both images lets visitors examine the choice. Selection is unavoidable; pretending that selection has no consequences is not.
9|1|The Long Gap in the Garden Diary|A gardener resumes her diary after several months away. The garden has changed, but she cannot reconstruct exactly when each change occurred. She describes the current state and leaves the interval uncertain. Later, dated photographs from a neighbor supply a few missing points. The diary becomes a collaboration between partial records rather than a seamless story manufactured after the fact.
9|1|The Soundscape without the Favorite Bird|A nature group records a familiar walking route, hoping to capture a particular bird call. It never appears in the recording. Listening later, they notice wind, footsteps and water they had ignored while waiting. The missing call remains disappointing, but the recording contains more than a failed search. An expectation can focus attention so tightly that everything else seems absent until replayed.
9|1|The Unpopular Patch of Nettles|In a fictional garden, volunteers debate a patch of nettles beside a path. Arguments about appearance, wildlife and contact with visitors pull in different directions. They consult the manager and consider relocating the path rather than declaring the plants either wholly desirable or wholly useless. The eventual decision belongs to that location and its users, not to a universal verdict on one kind of plant.
9|2|The Metric That Counted Repeat Problems|In this fictional service, a rising number of completed support calls is celebrated as productivity. A closer look reveals that many callers return because their original problems remain unresolved. Management begins tracking repeat contacts alongside volume. The apparent improvement becomes more complicated, but the revised picture is more actionable. An activity total had been mistaken for a measure of the outcome that activity was meant to achieve.
9|2|The Consultation's Absent Participants|In this fictional district, a consultation attracts passionate responses from people with time to attend lengthy evening meetings. Organizers document who was reached and seek additional ways to hear from others. They do not dismiss the original participants. They recognize that enthusiasm among those present cannot automatically establish representation of those absent, whose silence may reflect barriers rather than agreement.
9|2|The Temporary Rule That Never Expired|In a fictional cooperative, a temporary booking restriction remains in place long after the event that prompted it. New members assume it is essential because it appears in the handbook. A review restores its original context and sets a date for reconsideration. The episode leads the group to record reasons and review dates beside future temporary rules, so caution does not become permanent merely through neglect.
9|2|The Partnership with Unequal Visibility|In this fictional project, a large organization receives public credit while a small neighborhood group supplies most daily labor. The partners revise their reporting and decision process after the imbalance is raised. Adding a logo alone would not address it. Recognition matters, but so does who can shape the work, approve changes and explain its effects to the people involved.
9|2|The Public Dashboard's Missing Footnote|In this fictional town, a dashboard compares service use across years. A change in counting method creates an apparent jump. Officials add a prominent explanation and avoid presenting the figures as directly equivalent. The data remains available, but the display no longer invites an unsupported comparison. Transparency requires more than publishing numbers; it also requires making their changing meaning accessible.
9|3|The Family Story with Two Endings|At dinner, my brother tells a childhood story in which I rescue a ruined cake. I remember making the problem worse. We find no photograph that settles it, and our parents recall different details. Rather than choosing an official version, we enjoy the disagreement. The story's place in the family depends partly on affection, though that does not make every remembered detail equally certain.
9|3|The Habit I Mistook for a Preference|I always choose the same seat at a cafe, explaining that it has the best view. One afternoon it is occupied, and another seat turns out to be quieter and more comfortable. I realize my explanation had followed the habit rather than created it. I still sometimes choose the old place, but no longer feel obliged to defend it as an objectively superior decision.
9|3|The Conversation after the Advice|A friend describes a difficult week, and I immediately offer solutions. She becomes quieter with every suggestion. When I finally ask what she needs from the conversation, she says she wanted company while thinking. I stop trying to complete the problem on her behalf. The silence that follows is less efficient than advice and much more welcome.
9|3|The Object I Returned to Use|A beautiful notebook sits untouched because I do not want to spoil it with ordinary writing. Months pass before I use the first page for a shopping list. The imperfect beginning makes the rest available. Soon it contains observations, addresses and drafts. Its value increases through the very marks I had treated as damage when it was still empty.
9|3|The Plan That Survived Being Shortened|I arrange an ambitious weekend of cleaning, visiting and cooking. By Saturday afternoon, the schedule is already impossible. I remove several tasks instead of compressing every remaining hour. The weekend becomes enjoyable again. The plan has not failed entirely; it has supplied a starting point that needed revision once actual energy and time replaced the optimistic estimates made on Thursday.
9|4|The Letter Preserved by Accident|This fictional story is set in an archive. A personal letter survives because someone used it to reinforce a book cover. Its writer could not have intended this future audience. The archivist describes its route into the collection as carefully as its contents. Survival is part of the evidence: what remains available may reflect practical accidents as much as contemporary importance.
9|4|The Public Monument's Private Draft|This fictional story concerns a monument designed long ago. An early drawing shows figures absent from the final work. A later researcher finds correspondence explaining that money, not a single artistic principle, drove the change. The finished object still carries meaning, but its form emerged through negotiation and constraint. The discarded draft complicates a story that once sounded inevitable.
9|4|The Passenger List with an Empty Column|This fictional story is set around an old passenger record. A column intended for occupations is mostly blank. A researcher resists interpreting the blanks as unemployment. The clerk may simply have stopped asking or recording the question. Other documents help clarify a few cases. The page records a process of administration as well as the lives it was meant to describe.
9|4|The Restored Room's New Paint|This fictional story follows the restoration of an old room. Several paint layers are discovered beneath its current surface. The team chooses one period to present and documents the others. Visitors see a coherent interior, while accompanying notes explain the choice. Restoration does not recover every moment simultaneously; it constructs a carefully supported view of one moment among several.
9|4|The Diary Written for a Reader|This fictional story concerns an old diary that initially seems entirely private. References inside suggest the writer expected family members to read it. A researcher becomes more cautious about treating every entry as an unfiltered confession. The diary remains valuable, but its possible audience matters. Even an intimate record may be shaped by the person its author hopes will eventually listen.
9|5|The Correlation in the Classroom Chart|In this imagined exercise, two classroom measures rise together over several weeks. Students immediately propose that one causes the other. Their teacher asks what else changed during the same period. Several possibilities emerge. The pattern remains interesting, but the group distinguishes noticing an association from establishing an explanation. The chart supplies a question before it supplies a causal answer.
9|5|The Evaluation That Used the Answer Key|In this imagined software project, information from the final evaluation set accidentally enters the development process. Performance appears excellent until the mistake is discovered. The team creates a genuinely separate evaluation and reports the lower result. The correction is uncomfortable, but necessary: a test cannot reveal performance on unseen material if that material has already influenced the system being tested.
9|5|The Missing Boundary in the Model|In this imagined study, a model predicts resource use within a building but excludes deliveries and disposal. Its conclusion is later described as the building's total impact. A reviewer restores the boundary in the report's title and explanation. The calculation need not be wrong for its public description to be misleading. Scope is part of a result, not an optional footnote.
9|5|The Null Result Worth Keeping|In this imagined experiment, a proposed change produces no clear improvement. Students are tempted to omit it from their presentation, assuming only successful changes deserve attention. Instead, they explain the method and uncertainty. Others can now avoid treating the untested proposal as a proven solution. A well-described absence of evidence may contribute more than an exciting claim the experiment cannot support.
9|5|The Benchmark with a Familiar Pattern|In this imagined computing exercise, a program performs well on a standard collection of examples but struggles when their format changes slightly. The team investigates whether it learned the intended task or exploited a repeated pattern. Their next evaluation varies the presentation while preserving the underlying question. Robustness becomes visible only when familiar surface cues are no longer guaranteed.
9|6|The Statue Included Free of Charge|Mercury visits a sculptor in disguise to discover how highly people value him. After asking the price of other gods' statues, he expects his own image to command more. The sculptor offers it free with the others. The god's imagined importance meets an inconvenient market judgment. The fable's joke depends on the distance between seeking information and secretly expecting reassurance.|Aesop: Mercury and the Sculptor
9|6|The Lamp after a Gust of Wind|A lamp boasts that its light exceeds the brilliance of the sun. A gust extinguishes it, and its owner relights it with a reminder of its dependence. The reversal does not make the lamp useless. It places a useful, limited capacity back within its conditions. The fable's target is not achievement itself, but the inflated comparison that forgets what keeps an achievement possible.|Aesop: The Lamp
9|6|The Small Passenger on the Horn|A gnat rests on a bull's horn, then asks whether the bull would prefer it to leave. The bull replies that it had not noticed the arrival and will not notice the departure. The gnat has mistaken its own experience of participation for an equivalent impact on its host. The fable makes disproportionate self-importance comic without needing a complicated plot.|Aesop: The Gnat and the Bull
9|6|The Fisherman's Certain Small Catch|A small fish asks a fisherman to release it, promising to become a more valuable catch when larger. The fisherman refuses to exchange what he already has for a future possibility. The fable presents certainty and potential in direct conflict. Its conclusion belongs to the tale's bargaining scene; it should not be mistaken for modern guidance about fishing rules or conservation.|Aesop: The Fisherman and the Little Fish
9|6|The Bird That Waited for the Farmer|A lark listens to a farmer ask neighbors to help harvest his field. She does not immediately move her young. When the farmer finally says he will do the work himself, she prepares to leave. The fable distinguishes requests that depend on others from a decision to act directly. The same announced goal becomes more credible when responsibility changes.|Aesop: The Lark and Her Young Ones
9|7|The Report Dated before the Interview|A profile appears to have been completed before its central interview occurred. A reader suspects invention. The publication explains that the displayed date belongs to the first version, while later revisions added the interview without updating that field. The explanation resolves the chronology but reveals poor presentation. Correct information can still invite a false inference when its revision history is hidden.
9|7|The Map Pin on the Wrong Entrance|Several guests arrive at a locked service gate despite following the same map link. The address is correct, but the pin marks the center of the property rather than its public entrance. The host updates the directions with a specific landmark. The repeated failure was not evidence that each visitor was careless; it was a clue about the shared instruction they all followed.
9|7|The Quote That Crossed a Page Break|An article attributes a surprising statement to a speaker. Checking the original transcript reveals that a page break separated the speaker's name from the next person's answer. A copying error joined them. The statement existed, but the attribution did not survive the transfer. Verifying words alone would not have found the problem; the relationship between words and speaker needed checking too.
9|7|The Certificate with the Unfamiliar Name|A framed certificate seems to belong to someone nobody in the family remembers. Research shows that a relative used a different surname before marriage. The object had not entered the household through a stranger. The mystery grew from assuming that one familiar person had always appeared under the same name in every record of her life.
9|7|The Pattern Created by the Search|A researcher finds many unusual incidents while searching only for unusual incidents. The collection looks like proof that the events are common. A colleague asks how ordinary cases were counted. They were not. The mystery is not in the incidents themselves but in the apparent pattern created by the search rule. The team changes its method before estimating frequency.
9|8|The Translation beside the Original Label|A museum label's translation sounds more certain than its original wording. A bilingual visitor asks about the difference, and staff revise the sentence to preserve its qualification. The object has not changed; the certainty assigned to its interpretation has. The incident reminds me that translation carries degrees of confidence as well as names, dates and descriptive content.
9|8|The Scenic Route as Someone's Commute|I photograph a picturesque alley while a resident waits patiently with shopping bags. Stepping aside, I realize that my destination is part of her ordinary route home. The alley remains beautiful, but my relationship to it changes. Travel becomes more considerate when a place can be both an experience for a visitor and working space for people who cannot simply move on.
9|8|The Performance without a Single Meaning|After a local performance, I ask two participants what one scene means. Their answers emphasize different memories and associations. Neither offers a final interpretation for the whole community. I write both accounts in my notebook, identifying whose words they are. The experience becomes richer once I stop expecting one explanation to close a practice that remains alive through multiple understandings.
9|8|The Return Ticket That Changed the Day|Knowing that I have a fixed train home makes me choose fewer stops during a day trip. At first, the deadline feels restrictive. Later, it allows me to settle comfortably in one neighborhood instead of continually considering another destination. A boundary can reduce possibilities while deepening an experience. I return with fewer photographs and a clearer memory of where I actually spent my time.
9|8|The Workshop Demonstration's Invisible Preparation|A craft demonstration lasts twenty minutes and makes a difficult process look effortless. Afterward, the maker shows us prepared materials, rejected pieces and tools arranged before we arrived. The visible performance was genuine but incomplete as an account of the work. Seeing the preparation changes my admiration from amazement at apparent ease to respect for the decisions that made that ease possible.
9|9|The Analyst's Changed Denominator|This fictional profile follows Priya, an analyst who discovers that two departments calculate a rate using different denominators. Their results had been compared as though the definitions matched. She explains the difference before presenting any ranking. The correction delays a meeting, but prevents a confident decision based on incompatible measures. Her most valuable contribution is clarifying the question before supplying another number.
9|9|The Historian's Unresolved Footnote|This fictional profile follows Elias, a historian who cannot reconcile two accounts of an event. He presents the disagreement and explains the limits of each source. An editor suggests choosing the cleaner story, but Elias retains the uncertainty. The unresolved footnote becomes useful to another researcher, who later finds evidence addressing exactly the gap he refused to conceal.
9|9|The Entrepreneur's Smaller Promise|This fictional profile follows Mei, whose first business proposal promises too many services. A trial reveals which tasks her small team can reliably complete. She narrows the offer and explains the limits to customers. The revised proposal attracts less excitement but fewer misunderstandings. Her progress comes from reducing the distance between what the company says and what it can consistently do.
9|9|The Actor's Unnoticed Preparation|This fictional profile follows Sam, an actor whose performance is praised as completely natural. The description pleases him, though it hides weeks spent testing pauses and gestures. During a workshop, he shows those choices without claiming there is only one correct version. Students discover that apparent spontaneity can emerge from preparation rather than from an absence of technique.
9|9|The Editor's Decision to Leave a Gap|This fictional profile follows Inez, who edits an oral history with an unclear passage in the recording. Context suggests a likely word, but the speaker cannot be consulted. She marks the uncertainty instead of silently completing the sentence. The interruption is small and visible. That visibility protects future readers from treating an editorial inference as something the speaker definitely said.
10|0|The Committee for Impossible Bridges|A magical city commissions a bridge between yesterday and tomorrow. Engineers disagree about where to put the entrance, while historians object to the destination. After years of debate, a child places a wooden plank across a muddy street and invites everyone to cross. The committee dismisses the gesture as irrelevant, then uses the plank on its way home. Only the oldest engineer notices that the child's bridge has already connected an intention with a consequence.
10|0|The Last Dragon's Incorrect Biography|The last dragon discovers that a popular biography credits him with burning villages he never visited. His corrections sell poorly because readers prefer the dramatic version. He begins writing recipes, gardening notes and accounts of uneventful afternoons instead. These attract a small, devoted audience. He never entirely defeats the legend, but creates a shelf on which another account of his life can survive beside it.
10|0|The Planet That Wanted a Nickname|A small planet receives an impressive official designation but envies the affectionate names given to moons. It sends a polite petition through a passing comet. Centuries later, a child on a distant world calls it 'the crooked button' while learning the night sky. The planet accepts immediately. The designation remains useful to astronomers, while the nickname answers a completely different need.
10|0|The Magician's Perfect Duplicate|A magician creates a duplicate to perform his routine while he rests. The duplicate improves several tricks and begins receiving better reviews. Jealousy nearly leads the magician to dissolve it, but they agree to perform together instead. Their best act involves publicly disagreeing about how the trick works. Audiences never learn the method, yet recognize the pleasure of two skilled performers surprising one another.
10|0|The Door That Opened Only Once|An enchanted door promises to open only once in a person's lifetime. Visitors spend years preparing for whatever lies beyond it. When an elderly woman finally enters, she finds an ordinary room with a chair and an open window. She sits for an hour before leaving. Asked whether the promise was disappointing, she says the room was unremarkable; giving herself permission to enter was not.
10|1|The Nature Journal's Editorial Choice|A fictional nature journal receives a striking photograph with an uncertain species identification. The editor could attract attention by choosing the most unusual possibility. Instead, she publishes the image with a description of the visible features and invites informed responses. The resulting discussion is slower and less dramatic than a discovery announcement. It also preserves a distinction that excitement often erases: something can deserve attention before anyone knows exactly what it is.
10|1|The Landscape Survey's Convenient Boundary|In a fictional local survey, observers stop recording at a property boundary although the habitat continues beyond it. Their report clearly describes that limit. When a summary later calls the findings a complete picture of the valley, the team requests a correction. Administrative convenience had defined the study area, not the landscape itself. The observations remain valuable as long as their geography is not quietly enlarged after collection.
10|1|The Familiar Path after an Absence|A walker returns to a familiar path after several years and notices both disappearance and continuity. A fallen tree is gone, while a bend still creates the same sudden view of water. She resists describing the whole place as either unchanged or ruined. Her notebook instead records particular differences. Affection gives her reasons to look closely, but it does not entitle memory to decide what the landscape ought to contain.
10|1|The Unsuccessful Wildlife Photograph|A photographer waits all morning for an animal that never appears. Reviewing the images, he finds only changing light on an empty clearing. He initially deletes them as failures, then preserves a sequence for his own records. They do not prove the animal was absent from the area. They document a period of watching from one position, an experience more limited than his hopes but still honestly his.
10|1|The Garden Designed for More Than a Photograph|In a fictional garden redesign, an attractive plan offers little shade where visitors actually pause. The team walks through the space at different times and asks users where they rest. The revised arrangement looks less symmetrical from above but works better at ground level. Its success cannot be judged entirely from the image that first sold the idea. A garden is entered and occupied, not merely viewed as a composition.
10|2|The Policy Success with Several Explanations|In this fictional city, use of a public service increases after a policy change. Officials want to credit the policy alone, but opening hours and recording methods also changed. The evaluation describes all three factors and avoids assigning an unsupported share of the improvement to any one. The result is less convenient for a slogan. It is more useful for deciding which elements should be tested or maintained next.
10|2|The Emergency Procedure after the Emergency|In a fictional organization, an emergency procedure gradually becomes routine because nobody schedules its review. It solves some immediate problems while imposing costs that were initially accepted as temporary. A later assessment separates those benefits and burdens rather than judging the procedure by its original purpose alone. The organization retains selected elements and retires others. The decision acknowledges that a justified response can outlive the conditions that justified its full extent.
10|2|The Public Argument over Different Questions|In this fictional district, a debate about a new building appears hopelessly divided. Some participants are discussing whether the service is needed; others are discussing the proposed site or financing. A moderator separates those questions before seeking agreement. The disagreement does not vanish, but several apparent contradictions do. People can support the purpose while opposing a particular implementation, a position the original yes-or-no framing had made difficult to express.
10|2|The Shared Resource's Quiet Depletion|In this fictional cooperative, members may borrow supplies freely because each individual request seems small. Over time, replacing the stock becomes difficult. The committee introduces transparent records and discusses contributions without blaming a single borrower. The shortage emerged through accumulation rather than one spectacular misuse. Addressing it requires a shared process that makes the total visible while preserving the cooperative's original spirit of mutual help.
10|2|The Accountability Report with a Real Audience|In this fictional project, an annual report is technically complete but almost unreadable to the residents affected by the work. The team prepares a shorter version with clear decisions, outcomes and unresolved problems, retaining access to the detailed record. The summary is not treated as publicity. Its purpose is to let people ask informed questions, making accountability a relationship with an audience rather than a document produced to satisfy a deadline.
10|3|The Expertise I Could Not Transfer in One Conversation|A friend asks how I organize a task that has become automatic through years of practice. My first explanation is brief and useless. Working through an example together reveals dozens of small decisions I had stopped noticing. I leave the conversation with greater respect for both the skill and the difficulty of teaching it. Familiarity had made the work feel simple by hiding its structure from me.
10|3|The Annual Tradition We Renegotiated|Our family repeats the same holiday schedule until exhaustion becomes part of the ritual. Suggesting a change feels disloyal at first, as though affection were stored in the exact timetable. We keep the meal everyone values and shorten the rest. The day feels recognizably ours without reproducing every inconvenience. Continuity turns out to depend on identifying what matters, not on preserving every circumstance in which it once occurred.
10|3|The Possession with an Expired Purpose|I keep an expensive piece of equipment long after abandoning the hobby it served. Selling it would seem to confirm that the original purchase was a mistake. Eventually, I let it go to someone who will use it. The past expense does not change, but the object stops occupying space in both my room and my plans. Releasing it feels less like erasing an ambition than acknowledging its actual history.
10|3|The Opinion I Had Borrowed Unnoticed|During a conversation, I confidently repeat an opinion about a book I have not read. A friend asks which passage led me to it. I realize the judgment came from several reviews whose distinctions I no longer remember. I acknowledge that and read the book later. My eventual opinion is not necessarily the opposite. It is simply attached to an experience I can describe rather than to a confidence I cannot trace.
10|3|The Week That Looked Empty on Paper|Reviewing my calendar, I see a week with few completed tasks and initially judge it wasted. Then I remember helping a neighbor, resting after a difficult month and talking at length with my brother. None had become a calendar achievement. The record was accurate about what I scheduled, not exhaustive about what mattered. I add a few notes without turning every worthwhile experience into another item to complete.
10|4|The Archive's Order Was Not the Past's Order|This fictional story follows a researcher examining an old collection. Documents are arranged neatly by subject, but that order was imposed much later. Reading them as though they had always belonged together creates misleading connections. The researcher reconstructs what can be known about their earlier locations. The archive remains indispensable, yet its organization becomes another layer to interpret rather than a transparent arrangement of the past itself.
10|4|The Translation That Modernized a Dispute|This fictional story concerns a translator working on an old disagreement between neighbors. A convenient modern term would make the conflict immediately recognizable but introduce assumptions absent from the original wording. She chooses a longer explanation instead. The result is less elegant, yet leaves readers room to encounter an unfamiliar distinction. Clarity sometimes requires explaining difference rather than making the past sound prematurely like the present.
10|4|The Workshop Account's Apparent Efficiency|This fictional story concerns an old workshop ledger that records materials and finished goods with remarkable precision. It contains little about unpaid household labor supporting the workers. A historian combines it with letters rather than treating the ledger's categories as a complete economic world. The numbers remain important. Their precision does not make the unrecorded activity irrelevant or justify concluding that production required only what the accounts happened to measure.
10|4|The Historical Room with Two Valid Dates|This fictional story follows a museum presenting an old room whose furnishings come from different periods of use. A single date would simplify the label while misrepresenting the arrangement. The curator explains how successive occupants changed the space. Visitors encounter a room with a history rather than a frozen instant. The additional complexity is not decorative detail; it is necessary to understand why the objects belong together at all.
10|4|The Famous Speech and the Later Copy|This fictional story concerns a speech known only through a copy made years after its delivery. A researcher distinguishes the event from the surviving wording, explaining what the document can and cannot establish. The speech may still matter historically, but quotation marks would imply a degree of verbal certainty the record cannot supply. The revised account preserves significance without manufacturing exactness.
10|5|The Optimized System and Its Unmeasured Cost|In this imagined engineering exercise, a design reduces one measured resource while increasing another that the scoring system ignores. It wins the comparison under the published rules. A review broadens the evaluation and presents the trade-off explicitly. The original optimization was successful on its own terms; the problem was treating those terms as a complete definition of improvement. Choosing what to measure remains a design decision with consequences.
10|5|The Confidence of a Small Sample|In this imagined study, a small sample produces a striking result. The researchers report it as a reason for further investigation rather than a stable estimate for a broad population. Later observations may alter both its size and interpretation. Their restraint does not require pretending the finding is uninteresting. It requires separating the excitement of encountering a pattern from the confidence justified in generalizing it.
10|5|The Explanation That Arrived after the Outcome|In this imagined project, a team develops an elegant explanation after seeing an unexpected result. They clearly label it as a new hypothesis and design a separate test. Without that distinction, readers might believe the explanation predicted the outcome in advance. The idea's origin does not make it worthless. It determines what kind of evidence the first result can provide and what still needs independent examination.
10|5|The Interface That Hid the Uncertainty|In this imagined software exercise, a system presents every answer in the same confident format despite varying evidence. Designers add ways to distinguish missing information, tentative estimates and verified records. The change does not improve the underlying data by itself. It improves the relationship between that data and the decisions users make from it, preventing a consistent visual style from implying a consistency of knowledge that does not exist.
10|5|The Reproduction with Documented Differences|In this imagined research exercise, a second team cannot reproduce an earlier result exactly. They compare materials, procedures and measurement settings before drawing conclusions. Several differences remain unresolved and are documented. The discrepancy is neither dismissed nor treated immediately as proof of misconduct. Reproduction becomes a structured investigation into the conditions of a result, rather than a simple contest between two groups' credibility.
10|6|The Bags That Face Different Directions|In an Aesop fable, people carry two bags: one in front containing others' faults, and one behind containing their own. The arrangement makes the first collection easy to inspect and the second difficult to see. Its force lies in turning a habit of judgment into a physical inconvenience. The image does not establish that criticism is always mistaken; it asks why self-examination seems so much less readily available.|Aesop: The Two Bags
10|6|The Fox's Shelter and the Woodcutter's Hand|A fleeing fox hides in a woodcutter's hut. When hunters arrive, the woodcutter denies seeing it but gestures toward the hiding place. The hunters miss the gesture, and the fox escapes. Asked for thanks, the fox distinguishes the helpful words from the betraying hand. The fable refuses to judge assistance by speech alone when simultaneous conduct points in the opposite direction.|Aesop: The Fox and the Woodcutter
10|6|The Boar Sharpening Its Tusks|A boar sharpens its tusks while no immediate danger is visible. A fox mocks the unnecessary effort. The boar replies that preparation will be difficult once danger actually arrives. The fable locates useful work before the moment that makes its usefulness obvious. Its compact argument concerns timing: the absence of a present emergency can be the condition that makes preparation possible, rather than evidence that preparation has no purpose.|Aesop: The Wild Boar and the Fox
10|6|The Axe Handle Requested from the Trees|A man asks the trees for wood to make an axe handle. Once they provide it, he uses the completed tool against them. The fable makes the enabling step small and apparently separate from the later harm. Its warning concerns a request evaluated in isolation from the capability it creates. Understanding a contribution may require following what becomes possible after that contribution is supplied.|Aesop: The Trees and the Axe
10|6|The Shadow Included in the Hire|A traveler hires a donkey and seeks shelter in its shadow during intense heat. The owner claims the hire included the animal but not the shade. Their dispute becomes so absorbing that the donkey escapes. The fable's absurdity comes from defending competing interpretations of a benefit while losing the thing that provides it. Neither party's argument becomes useful once the shared practical situation has disappeared.|Aesop: The Ass and His Shadow
10|7|The Evidence File's Invisible Conversion|A team receives a document in which several symbols have changed during format conversion. The resulting sentences appear to make alarming claims. Comparing the file with the original reveals the substitutions. The incident shows why an apparently faithful copy may need verification at the exact points where meaning depends on notation. The mystery was created not by the author or reader alone, but by an intermediate process neither initially examined.
10|7|The Witnesses Who Shared One Story|Several witnesses offer nearly identical accounts of a minor event. The agreement initially seems decisive. Interviews reveal that most discussed the incident together before recording their memories. Their accounts may still be sincere, but their similarity is not independent corroboration. The investigator separates direct recollection from details learned afterward, preserving the witnesses' contributions without granting repetition more evidential weight than it can bear.
10|7|The Anomaly at the Day's Boundary|A daily activity report shows an unexplained spike followed by a drop. The underlying events are ordinary; a changed time-zone setting assigned some of them to different days. Rebuilding the report with a consistent boundary removes the apparent anomaly. The case is a reminder that a date is not merely a label added after counting. It can define which events are counted together in the first place.
10|7|The Missing Page That Was Never Printed|A collector suspects that a page has been removed from an old booklet because its numbering jumps. Examining another copy reveals the same gap and an old printing error. No physical page is missing. The investigation succeeds by comparing objects rather than elaborating a story around one object's apparent defect. A discontinuity in numbering had been mistaken for direct evidence of an act of removal.
10|7|The Search Result That Remembered an Old Claim|An organization corrects a webpage, yet people continue quoting the original statement from a search preview. The current page and the preview reflect different versions. Staff document the correction and wait for the external summary to refresh. The disagreement is not resolved by asking which person looked carefully. Both consulted visible text, but the systems presented records from different moments.
10|8|The Authenticity Asked of One Afternoon|At a workshop abroad, a visitor asks whether the demonstration is 'authentic.' The instructor asks what distinction the visitor has in mind: local materials, family practice, historical methods or freedom from adaptation for guests. The single question divides into several answerable ones. I leave more cautious about using one approving word to compress the complicated relationship between a living practice, its history and the audience currently watching it.
10|8|The City Seen through Its Maintenance|During a return visit to a city, I begin noticing delivery entrances, repaired paving and workers opening public spaces before visitors arrive. These details do not replace the landmarks I came to admire. They change the frame around them. The city becomes less like a collection of finished attractions and more like an environment continually made usable by activities that tourist photographs often leave outside their edges.
10|8|The Guide's Account and the Resident's Memory|A guide gives a concise history of a square. Later, a resident describes it through an entirely different set of events: a market stall, a meeting place and a vanished tree. The accounts operate at different scales rather than necessarily contradicting one another. Keeping both in my notebook lets the square remain publicly significant and personally inhabited, instead of forcing one kind of meaning to stand for the whole place.
10|8|The Return Journey's Unplanned Conversation|A delayed train produces a conversation with another traveler that becomes the most memorable part of my trip. I am reluctant to call the delay fortunate, since it also causes real inconvenience. The day does not need one final verdict. An unwanted disruption and a valued encounter can belong to the same experience without one canceling the other or proving that the disruption was somehow necessary.
10|8|The Photograph Explained by Its Absence|After a visit to a private ceremony where photography was not permitted, friends ask why I have no pictures. I describe the invitation and its boundary rather than treating the missing images as a failure to document the trip. Some experiences are offered on terms that exclude making them portable. Remembering the event includes remembering that the welcome did not grant every form of access I might otherwise have assumed.
10|9|The Statistician's Refusal to Rank|This fictional profile follows Amara, a statistician asked to rank organizations using incompatible records. She explains which definitions differ and offers a narrower comparison that the data can support. The requester's disappointment is real, but a polished ranking would conceal a more serious problem. Amara's expertise appears in the boundary she draws around an answer, not merely in her ability to calculate one.
10|9|The Biographer's Unavailable Interior|This fictional profile follows Julian, who writes about a person whose public actions are well documented but private motives remain obscure. He resists supplying an inner monologue to make the narrative smoother. Instead, he presents plausible interpretations as interpretations. The resulting biography leaves some emotional questions open. Its restraint protects the distinction between reconstructing a life from evidence and inventing the consciousness that would make that life easier to narrate.
10|9|The Designer's Discovery after Delivery|This fictional profile follows Keiko, whose finished product is used in an unexpected way. Her first response is to correct the users. Observing them reveals an unmet need that the design serves accidentally. She investigates whether supporting that use would be practical and safe. The discovery does not prove every misuse is innovation; it gives her a specific question that instructions alone would have prevented her from asking.
10|9|The Director's Credit at the End|This fictional profile follows Rafael, a director praised for a production's visual coherence. In a public discussion, he names the people whose decisions shaped the result and explains where his own role began and ended. Sharing credit does not make his contribution disappear. It replaces the convenient image of solitary authorship with a more accurate account of coordination, expertise and negotiated choices.
10|9|The Scholar's Changed Mind in Print|This fictional profile follows Leila, who publishes a correction to an argument she once defended strongly. New evidence changes her interpretation, though not every part of the earlier work. She identifies the precise revision rather than presenting either total vindication or total collapse. Readers can follow what changed and why. Intellectual continuity, in her account, comes from preserving the reasoning process rather than preserving every conclusion it once produced.
